id	title	description	availability	link	price	sale price	gtin	mpn	brand	additional_image_link	condition	adult	color	size	gender	color	age group	google product category	image link	product type	item group id	identifier exists	sell on google quantity
LED Rechargeable Set	Welch Allyn 3.5 V SureColor LED Fiber Optic Otoscope Full Set 25282-CL Rechargeable	Product Info The OTICA Welch Allyn 3.5V Diagnostic LED Otoscope Full Set (25282-CL) is engineered for reliable, high-precision ear and throat examinations in clinical and hospital settings. Equipped with long-lasting LED SureColor illumination and advanced fiber optic light transmission, it provides a cool, bright, and uniform 360° ring of light with no glare or obstruction, ensuring true tissue color visualization. The wide-angle viewing lens enhances magnification and clarity of the tympanic membrane. The detachable head doubles as a high-intensity throat illuminator and penlight, while the pneumatic otoscopy port supports accurate assessment of eardrum mobility. Supplied with four reusable specula (2.5mm–5mm) and backed by a 1-year warranty, this rechargeable diagnostic otoscope is a dependable choice for ENT specialists and medical professionals. &nbsp; Key Features Professional 3.5V rechargeable diagnostic otoscope for ENT examinations Advanced LED SureColor illumination for bright, true tissue visualization Fiber optic technology delivers 360° cool light without shadows or glare Wide-angle viewing lens improves visibility under magnification Detachable head works as throat illuminator and penlight Includes 4 reusable ear specula: 2.5mm, 3mm, 4mm, and 5mm	in_stock	https://oticamart.com/us/welch-allyn-3-5-v-surecolor-led-fiber-optic-otoscope-full.html	424.76 USD				Welch Allyn	https://oticamart.com/media/catalog/product/a/1/a1-b.jpg, https://oticamart.com/media/catalog/product/a/1/a1-c.jpg, https://oticamart.com/media/catalog/product/a/1/a1-d.jpg, https://oticamart.com/media/catalog/product/a/1/a1-a.jpg, https://oticamart.com/media/catalog/product/a/1/a1-e.jpg	new	no			unisex		adult	Home & Garden > Lighting > Portable Lights	https://oticamart.com/media/catalog/product/a/1/a1_1.jpg	LED Lights > Rechargeable LED Set	LED Rechargeable Set	yes	100
Mouth Gag OHPL	Mouth Gag Stainless Steel Dental & Surgical Instrument Oral Procedures	Product Info The Mouth Gag Is A Professional-Grade Medical Instrument Used To Gently And Securely Keep The Mouth Open During Dental Exams, Oral Surgeries, Ent Procedures, Or Anesthesia Administration. It Is Widely Used In Hospitals, Clinics, And Surgical Settings To Ensure Accessibility And Safety During Treatment. Crafted From High-Quality Stainless Steel, This Reusable Mouth Gag Is Corrosion-Resistant, Autoclavable, And Designed To Last Through Repeated Sterilizations. The Adjustable Arms And Locking Mechanism Provide A Secure Yet Customizable Fit For Different Patient Sizes And Needs. Ideal For Use By Dentists, Oral Surgeons, Ent Specialists, And Anesthesiologists, This Mouth Gag Enhances Procedural Efficiency While Maintaining Patient Comfort And Control. Key Features Medical-Grade Stainless Steel : Rust-Proof And Reusable Adjustable Design : Fits Various Mouth Sizes Securely Locking Mechanism : Ensures Safe And Stable Positioning Autoclavable : Easy To Clean And Sterilize Between Uses Ideal For: Dental Surgery, Ent Procedures, Oral Examinations, And General Anesthesia	in_stock	https://oticamart.com/us/mouth-gag-stainless-steel-dental-surgical-instrument-oral-procedures.html	22.44 USD				OTICA	https://oticamart.com/media/catalog/product/7/1/71ukezb7tbl._sl1500_.jpg, https://oticamart.com/media/catalog/product/8/1/81jitahwc1l._sl1500_.jpg, https://oticamart.com/media/catalog/product/7/1/71jye1lzwtl._sl1500_.jpg, https://oticamart.com/media/catalog/product/7/1/71tkmznmbol._sl1500_.jpg	new	no					adult		https://oticamart.com/media/catalog/product/m/o/mouth-gag.jpg		Mouth Gag OHPL	yes	5
Home Nebulizer ONEB-2	OTICA Nebulizer Machine For Adult And Kids (Best Nebulizer)	Product Info The Home Nebulizer Delivers Efficient And Reliable Respiratory Treatment In The Comfort Of Your Home. Designed With Advanced Compressor Technology, It Converts Liquid Medication Into A Fine Mist, Allowing For Deep Lung Penetration And Faster Symptom Relief. Ideal For Patients With Asthma, Copd, Bronchitis, Or Other Respiratory Issues, The Oneb-2 Features A Compact, Lightweight Design And Operates Quietly—Making It Perfect For Both Adults And Children. The Kit Includes All Necessary Accessories: Adult Mask, Child Mask, Mouthpiece, Air Tube, And Medicine Cup. Built For Convenience And Durability, The Oneb-2 Is Easy To Clean And Operate, With One-Button Control And A Robust Motor For Long-Term Use. Key Features High Nebulization Rate : Ensures Quick And Effective Delivery Of Medication Low Noise Operation : Quiet Function For Stress-Free Therapy, Even For Kids Compact &amp; Portable Design : Space-Saving And Travel-Friendly One-Button Operation : Simple And Safe For All Users Complete Kit Included : Nebulizer, Adult &amp; Child Masks, Air Tube, Air Filters, Medicine Chamber, User Manual	in_stock	https://oticamart.com/us/nebulizer-for-home-compact-compressor-nebulizer-for-respiratory-therapy.html	9.70 USD				OTICA	https://oticamart.com/media/catalog/product/6/1/61cq2qdyg9l._sl1000_.jpg, https://oticamart.com/media/catalog/product/6/1/61iyvfocrdl._sl1000_.jpg, https://oticamart.com/media/catalog/product/6/1/61w5wydjahl._sl1000_.jpg, https://oticamart.com/media/catalog/product/h/o/home_nebulizer_oneb-7-01.png, https://oticamart.com/media/catalog/product/h/o/home_nebulizer_oneb-7-02.png, https://oticamart.com/media/catalog/product/h/o/home_nebulizer_oneb-7-03.png	new	no					adult		https://oticamart.com/media/catalog/product/5/1/51m0bzgv5wl._sl1000_.jpg		Home Nebulizer ONEB-2	yes	99
New Buckle Tourniquet Band - 2 Unit	Medical Tourniquet Band Blood Collection Adjustable Quick Release Buckle - Pack of 2	Product Info The New Buckle Tourniquet Band (2 Units) Is A Professional-Grade Medical Tool Designed For Quick And Effective Restriction Of Blood Flow During Venipuncture, Iv Insertion, And First Aid Situations. Featuring A Buckle-Style Quick-Release Mechanism, It Allows Single-Handed Operation, Making It Ideal For Busy Clinics, Hospitals, Laboratories, Or Mobile Medical Teams. Each Band Is Made From Latex-Free, Skin-Safe Elastic Material That’S Gentle On The Skin But Firm Enough To Maintain Compression. The Reusable Design Makes It An Economical And Eco-Friendly Option For Healthcare Providers. Perfect For Phlebotomists, Nurses, Emts, And Even Home Caregivers, This Pack Of 6 Units Ensures You'Re Always Equipped For Routine Or Emergency Use. Key Features Pack Of 2 Units : Cost-Effective Multipack For Professionals And Facilities Quick-Release Buckle : Allows For Fast, One-Hand Application And Removal Durable &amp; Reusable : Made From High-Quality, Elastic Fabric Latex-Free Material : Safe For Patients With Allergies Or Sensitive Skin Comfortable Fit : Stretchable Band Provides Effective Pressure Without Pinching	in_stock	https://oticamart.com/us/medical-tourniquet-band-blood-collection-adjustable-quick-release-buckle-emergency.html?color=blue	111.07 USD				OTICA	https://oticamart.com/media/catalog/product/8/1/81vlcsqzull._sl1500__1.jpg, https://oticamart.com/media/catalog/product/8/1/8176mpl67gl._sl1500__1.jpg, https://oticamart.com/media/catalog/product/8/1/81h3ilzi-1l._sl1500__1.jpg, https://oticamart.com/media/catalog/product/8/1/81kw6rlpb4l._sl1500__1.jpg, https://oticamart.com/media/catalog/product/h/q/hqdefault_4.jpg	new	no				blue	adult		https://oticamart.com/media/catalog/product/t/o/tourniquet-band-2-unit.jpg		New Buckle Tourniquet Band - 2 Unit	yes	5
IV Stand OHPL	IV Stand 4 Wheels Adjustable Stainless Steel Pole Hospitals Clinics & Home Care	Product Info The Iv Stand With 4 Wheels Is A Medical-Grade Infusion Stand Designed To Provide Reliable And Convenient Support For Iv Drips And Fluid Administration. Constructed With A Heavy-Duty Stainless Steel Pole, It Features Height Adjustability To Accommodate Various Patient Positions—Seated, Standing, Or Lying In Bed. Equipped With Four Smooth-Gliding Swivel Wheels, The Stand Ensures Easy Maneuverability In Tight Spaces Such As Hospital Rooms, Treatment Centers, Or Home Environments. The Sturdy Base With Anti-Tip Design Offers Excellent Stability, Even When Holding Multiple Iv Bags. Ideal For Continuous Care, This Iv Pole Is Perfect For Hospitals, Nursing Homes, Outpatient Clinics, Or At-Home Therapy Settings. Whether Used For Chemotherapy, Hydration, Or Medication Delivery, It Combines Functionality, Safety, And Ease Of Use. Key Features 4-Wheel Base : Smooth 360° Mobility For Effortless Transport Adjustable Height : Easily Raise Or Lower To Desired Drip Level Stainless Steel Construction : Rust-Resistant And Easy To Clean Anti-Tip Base Design : Ensures Safety And Balance During Movement Iv Hook Top : Holds 2 To 4 Iv Fluid Bags Securely Ideal For : Hospitals, Clinics, Home Care, Dialysis Centers, And More	in_stock	https://oticamart.com/us/iv-stand-4-wheels-adjustable-stainless-steel-pole-hospitals-clinics.html	15.16 USD				OTICA	https://oticamart.com/media/catalog/product/i/v/iv-stand-3.jpg, https://oticamart.com/media/catalog/product/i/v/iv-stand-4.jpg, https://oticamart.com/media/catalog/product/i/v/iv-stand-2.jpg, https://oticamart.com/media/catalog/product/i/v/iv-stand-1.jpg, https://oticamart.com/media/catalog/product/i/v/iv-stand-5.png	new	no					adult		https://oticamart.com/media/catalog/product/i/v/iv-stand.jpg		IV Stand OHPL	yes	1000
OHPL Pluto 7 OT Light	LED OT Light Examination High Intensity Standing Spot Type Surgical 7 Spotlight Pluto	Product Info The Pluto Ot Light – 7 Led Spotlight Is A High-Performance Surgical Light Engineered For Optimal Illumination During Minor And Major Procedures. With 7 High-Power Led Bulbs, This Ot (Operating Theatre) Light Provides Shadowless, Bright White Light That Enhances Visibility Of Fine Anatomical Details, Helping Surgeons And Clinicians Perform With Greater Accuracy And Confidence. Its Ergonomic Spotlight Design Ensures Focused, Centralized Lighting With Adjustable Positioning For Any Angle Or Procedure. The Leds Offer Cool Light Output, Preventing Heat Buildup Even During Extended Use. The Pluto Ot Light Is Energy-Efficient, Long-Lasting, And Low-Maintenance—Ideal For Use In Operation Theatres, Icus, Emergency Rooms, And Outpatient Clinics. Key Features 7 Powerful Led Bulbs : Bright, Consistent Light With Long Lifespan Shadowless Illumination : Enhanced Visibility For Surgical Precision Adjustable Spotlight Design : Easy To Position And Focus During Procedures Cool White Light Output : Comfortable For Prolonged Surgical Use Energy Efficient &amp; Low Heat : Ideal For Sensitive Environments Durable &amp; Easy To Clean : Medical-Grade Construction For Sterile Conditions Ideal For : Operating Rooms, Icus, Minor Surgery Units, And Dental Or Gynecology Clinics	in_stock	https://oticamart.com/us/led-ot-light-examination-high-intensity-standing-spot-type-surgical.html	65.52 USD				OTICA	https://oticamart.com/media/catalog/product/m/i/minor--ploto-ot-7-light-2.jpg, https://oticamart.com/media/catalog/product/m/i/minor--ploto-ot-7-light-5.jpg, https://oticamart.com/media/catalog/product/m/i/minor--ploto-ot-7-light-4.jpg, https://oticamart.com/media/catalog/product/m/i/minor--ploto-ot-7-light-3.jpg	new	no					adult		https://oticamart.com/media/catalog/product/p/l/pluto-7-ot-light.jpg		OHPL Pluto 7 OT Light	yes	10
OHPL Star 21 OT Light	Pluto OT Light 21 LED Surgical Spotlight High Intensity Shadowless Operating Theatre Star	Product Info The Pluto Ot Light – 21 Led Spotlight Is A State-Of-The-Art Surgical Light Designed To Meet The Demanding Needs Of Operation Theatres, Icus, And Critical Care Units. Equipped With 21 High-Performance Led Bulbs, This Ot Light Produces Clear, Focused, And Shadowless Light For Enhanced Visibility During Both Minor And Major Surgical Procedures. The Ergonomically Designed Head Allows For Precise Positioning And Consistent Illumination, Minimizing Eye Strain For Surgeons And Assistants. It Provides Cool White Light To Prevent Heat Buildup In Sterile Zones, Ensuring Patient And Staff Comfort Even During Long Operations. Built With Energy-Efficient Led Technology, The Pluto Ot Light Is Cost-Effective, Low-Maintenance, And Long-Lasting—An Ideal Solution For Hospitals, Clinics, Surgical Centers, And Specialty Procedure Rooms. Key Features 21 High-Intensity Led Bulbs : Delivers Bright, Even Illumination Shadowless Lighting : Ensures Clarity And Precision During Surgery Flexible Spotlight Head : Easily Adjustable To Desired Angle And Position Cool Light Output : No Heat Emission, Ideal For Sterile Environments Energy-Efficient Design : Low Power Consumption And Long Led Life Durable &amp; Easy To Sanitize : Made With Medical-Grade Materials Ideal For : Ot Suites, Icu Units, Emergency Rooms, And Clinical Procedure Areas	in_stock	https://oticamart.com/us/pluto-ot-light-21-led-surgical-spotlight-high-intensity-shadowless.html	120.13 USD				OTICA	https://oticamart.com/media/catalog/product/m/i/minor-ot-light-2.jpg, https://oticamart.com/media/catalog/product/m/i/minor-ot-light-4.jpg, https://oticamart.com/media/catalog/product/m/i/minor-ot-light-3.jpg, https://oticamart.com/media/catalog/product/m/i/minor-ot-light-5.jpg	new	no					adult		https://oticamart.com/media/catalog/product/s/t/star-21-ot-light.jpg		OHPL Star 21 OT Light	yes	1000
Yuwell Manual Hand Suction OHPL	Yuwell Manual Hand Suction Pump Portable Emergency Device Airway Clearance	Product Info The Yuwell Manual Hand Suction Pump Is A High-Efficiency, Manual Suction Device Used To Clear The Airway Of Mucus, Saliva, Or Fluids In Emergency And Non-Emergency Situations. Designed For Portable And Power-Free Operation, This Hand Suction Unit Is Essential For Use In Ambulances, Home Care, Emergency Kits, Hospitals, And Disaster Response. Crafted From Durable Medical-Grade Plastic, It Features A Squeeze-Trigger Mechanism That Generates Strong Negative Pressure To Quickly Remove Obstructions From The Mouth Or Airway. The Device Includes A Collection Jar And Interchangeable Suction Catheters, Making It Suitable For Both Adult And Pediatric Use. Whether You Are A First Responder Or Caregiver, The Yuwell Hand Suction Pump Offers Dependable Performance When Power-Operated Machines Are Unavailable. Key Features Manual Operation : No Batteries Or Power Source Required Strong Suction Performance : Quick Removal Of Fluids And Obstructions Lightweight &amp; Portable : Easy To Carry In Emergency Kits Durable Construction : Built With High-Quality, Medical-Grade Plastic Reusable &amp; Easy To Clean : Detachable Components For Hygiene Includes Collection Jar &amp; Suction Tubes : Ready For Immediate Use Ideal For : Ambulances, Home Care, Clinics, Field Emergencies, And Disaster Relief	in_stock	https://oticamart.com/us/yuwell-manual-hand-suction-pump-portable-emergency-device-airway-clearance.html	18.19 USD				OTICA		new	no					adult		https://oticamart.com/media/catalog/product/y/u/yuwell-manual-hand-suction.jpg		Yuwell Manual Hand Suction OHPL	yes	999
Humdfire Botl-1 & Plastic Connct-1 OHPL+	Oxygen Humidifier Bottle with 1 Plastic Connector Compatible Concentrators & Cylinders	Product Info The Humidifier Bottle BOTL-1 with Plastic Connector -1 is an essential accessory for delivering comfortable and effective oxygen therapy. The bottle adds moisture to dry medical oxygen to help prevent nasal dryness, irritation, and throat discomfort during long-term use. Made from durable, medical-grade plastic, the humidifier bottle is transparent, allowing for easy water level monitoring. It includes a screw-on cap with a pressure-relief valve and diffuser stem for consistent mist output. The CONNCT-1 plastic connector securely attaches the humidifier to an oxygen concentrator, cylinder, or flowmeter, ensuring airtight flow and safe performance. This combo is ideal for home oxygen users, hospitals, and healthcare providers seeking a reliable, easy-to-use humidification setup. Key Features Complete Set : Includes BOTL-1 Humidifier Bottle &amp; Connector-1 Reduces Dryness : Adds moisture to oxygen flow for patient comfort Universal Fit : Compatible with most concentrators and oxygen delivery systems Clear, Durable Construction : Easy to clean and monitor water level Leak-Proof Design : Ensures secure, stable oxygen flow Safe &amp; Reusable : High-quality plastic suitable for repeated use Ideal For : Home oxygen therapy, hospitals, elderly care, and respiratory clinics	in_stock	https://oticamart.com/us/oxygen-humidifier-bottle-botl-1-plastic-connector-compatible-concentrators.html	4.84 USD				OTICA		new	no					adult		https://oticamart.com/media/catalog/product/h/u/humdfire-botl-1-plastic-connct-1.jpg		Humdfire Botl-1 & Plastic Connct-1 OHPL+	yes	998
Yuwell 7A-23A 20 LPM ABS Suction OHPL	Yuwell 7A-23D Suction Machine 20 LPM Double Bottle Electric Unit Medical & Surgical Use	Product Info The Yuwell 7A-23D Double Bottle Suction Machine Is A Heavy-Duty, Electrically Operated Medical Suction Unit Designed For Professional Use In Hospitals, Clinics, And Surgical Environments. With A High Suction Flow Rate Of 20 Liters Per Minute, It Efficiently Removes Mucus, Pus, Blood, And Other Bodily Fluids During Procedures Or Post-Operative Care. This Model Comes Equipped With Two 2500Ml Polycarbonate Bottles, Providing Extended Use Without The Need For Frequent Emptying. The Bottles Are Autoclavable, Leak-Resistant, And Securely Mounted To Ensure Safety And Hygiene. The Oil-Free, Maintenance-Free Piston Pump Delivers Reliable Negative Pressure While Keeping Noise Levels Low. It Also Features A Pressure Gauge, Overflow Protection, And Convenient Mobility Wheels For Easy Transport Between Rooms. Key Features High Flow Rate : 20 Lpm Suction Capacity For Fast And Efficient Fluid Removal Double Bottle Design : Two 2500Ml Jars For Longer Continuous Operation Oil-Free Piston Pump : Low Maintenance And Quiet Operation Overflow Protection System : Prevents Fluid Backflow Into The Unit Pressure Regulator &amp; Gauge : Easy Monitoring And Adjustment Mobile &amp; Portable : Smooth Wheels For Movement Across Hospital Areas Ideal For : Minor &amp; Major Surgeries, Icus, Dental Procedures, And Post-Op Drainage	in_stock	https://oticamart.com/us/yuwell-7a-23d-suction-machine-20-lpm-double-bottle-electric.html	163.82 USD				OTICA		new	no					adult		https://oticamart.com/media/catalog/product/y/u/yuwell-7-a-23-a-20-lpm-abs-suction.jpg		Yuwell 7A-23A 20 LPM ABS Suction OHPL	yes	1000
Dabba Filter For DeVilbiss	Air Inlet Filter Oxygen Concentrator Compatible DeVilbiss Dabba	Product Info The Air Inlet Filter For Oxygen Concentrator Is A Vital Replacement Component That Helps Maintain The Purity And Efficiency Of Your Oxygen Therapy. Designed For Compatibility With Devilbiss Oxygen Concentrator Models, This Filter Captures Dust, Dirt, And Airborne Contaminants Before They Enter The Machine—Protecting Both The Patient And The Internal Components. Made From High-Quality Filter Media, It Ensures That Only Clean Air Is Processed Into Therapeutic Oxygen. Regular Filter Replacement Supports Consistent Oxygen Output, Extends The Life Of The Concentrator, And Reduces Maintenance Costs. This Inlet Filter Is Easy To Install And Remove, Requiring No Tools. Whether You’Re A Home User Or A Caregiver, This Is An Essential Accessory For Long-Term Oxygen Concentrator Care. Key Features Compatible With : Devilbiss Oxygen Concentrators High-Efficiency Filtration : Traps Dust, Dirt, And Airborne Particles Enhances Device Performance : Maintains Airflow And Oxygen Purity Easy To Replace : No Tools Required For Installation Durable Construction : Long-Lasting Filter Material For Extended Use Essential Maintenance Item : Helps Prevent Internal Damage And Ensures Patient Safety Ideal For : Home Oxygen Users, Hospitals, Clinics, And Respiratory Care Centers	in_stock	https://oticamart.com/us/air-inlet-filter-oxygen-concentrator-compatible-devilbiss-dabba.html	9.70 USD				OTICA		new	no					adult		https://oticamart.com/media/catalog/product/d/a/dabba-filter-for-de-vilbiss.jpg		Dabba Filter For DeVilbiss	yes	1000
Dabba Filter For Philips	Air Inlet Filter Oxygen Concentrator Compatible Philips EverFlo High Efficiency Dust Dabba	Product Info The Air Inlet Filter For Philips Everflo Oxygen Concentrator Is An Essential Accessory Designed To Maintain The Performance, Safety, And Longevity Of Your Oxygen Concentrator. This High-Efficiency Filter Prevents Dust, Lint, And Airborne Contaminants From Entering The Device—Ensuring Only Clean Air Is Processed Into Therapeutic Oxygen. Tailored Specifically For Philips Everflo Models, This Filter Is Made With Durable Filter Media And Fits Securely Into The Air Intake Compartment. It Supports Consistent Airflow, Helps Maintain Oxygen Purity, And Reduces The Risk Of Machine Wear Or Malfunction. Whether You'Re Using The Concentrator At Home Or In A Clinical Setting, Replacing Your Air Inlet Filter Regularly Is Key To Reliable And Hygienic Oxygen Therapy. Key Features Designed For Philips Everflo : 100% Compatible With Oxygen Concentrators Improves Air Quality : Blocks Dust And Dirt From Entering The Machine Supports Oxygen Purity : Helps Maintain Consistent Oxygen Output Easy To Replace : Quick Installation With No Tools Required Durable &amp; Long-Lasting : Built For Extended Use Essential Maintenance Component : Protects Internal Components From Contamination Ideal For : Home Users, Hospitals, Clinics, And Long-Term Oxygen Therapy Patients	in_stock	https://oticamart.com/us/air-inlet-filter-oxygen-concentrator-compatible-philips-everflo-high-efficiency.html	9.70 USD				OTICA		new	no					adult		https://oticamart.com/media/catalog/product/d/a/dabba-filter-for-philips.jpg		Dabba Filter For Philips	yes	1000
Adult Iyringoscope With 4 Blade-1 Psc	Adult Laryngoscope Set Stainless Steel Handle with 4 Blades for Intubation Airway Management	Product Info The Adult Laryngoscope With 4 Blades Is A High-Quality Medical Instrument Set Used For Airway Examination And Endotracheal Intubation. Designed For Precision And Ease Of Use, This Laryngoscope Kit Includes A Stainless Steel Handle And 4 Interchangeable Blades (Typically Mac Or Miller Styles) To Suit Varying Patient Anatomies And Clinical Needs. Each Blade Is Crafted From Medical-Grade Stainless Steel For Durability, Easy Sterilization, And Resistance To Corrosion. The Handle Features Bright, Focused Illumination (Typically Led Or Halogen, Depending On Model) To Ensure Clear Visibility Of The Vocal Cords And Airway Structures During Procedures. Perfect For Hospitals, Icus, Emergency Departments, And Training Institutions, This Set Offers Versatility And Reliability For Healthcare Professionals Managing Adult Airway Access. Key Features Complete Adult Laryngoscope Kit : Includes Handle + 4 Reusable Blades Interchangeable Blades : Suitable For Different Intubation Scenarios Stainless Steel Construction : Durable, Rust-Resistant, And Autoclavable Bright Illumination : Ensures Clear View Of Laryngeal Anatomy Secure Blade Locking Mechanism : Safe And Stable During Use Ergonomic Handle Design : Comfortable Grip For Better Control Ideal For : Anesthesia, Icu, Emergency Airway Management, And Clinical Training	in_stock	https://oticamart.com/us/adult-laryngoscope-set-stainless-steel-handle-4-interchangeable-blades-intubation.html	21.83 USD				OTICA	https://oticamart.com/media/catalog/product/2/_/2_5_1.jpg, https://oticamart.com/media/catalog/product/3/_/3_6_1.jpg, https://oticamart.com/media/catalog/product/5/_/5_4_1.jpg, https://oticamart.com/media/catalog/product/4/_/4_5.jpg, https://oticamart.com/media/catalog/product/6/_/6_4_3.jpg	new	no					adult		https://oticamart.com/media/catalog/product/a/d/adult-lyringoscope-with-4-blade-1-psc.jpg		Adult Iyringoscope With 4 Blade-1 Psc	yes	1000
Fiber Optic Laryngoscope	Fiber Optic Laryngoscope LED Light Handle Interchangeable Blades Intubation & Airway Management	Product Info The Fiber Optic Laryngoscope Is A Professional-Grade Airway Instrument Used For Endotracheal Intubation And Visualization Of The Larynx. Featuring A Fiber-Optic Light Transmission System, It Delivers Bright, Shadow-Free Illumination Directly To The Distal Tip—Providing Clear Visibility Even In Difficult Airway Conditions. This Laryngoscope Set Includes A Led Or Halogen Light Handle And Is Compatible With Interchangeable Fiber-Optic Blades (Macintosh Or Miller, Depending On Model). The Ergonomic, Non-Slip Handle Ensures A Secure Grip During Emergency Or Surgical Procedures, While The Blades Are Made From Medical-Grade Stainless Steel For Durability And Easy Sterilization. Widely Used In Operation Theatres, Icus, Emergency Rooms, And Anesthesia Departments, The Fiber Optic Laryngoscope Is A Trusted Tool For Both Adult And Pediatric Airway Access. Key Features Fiber-Optic Light Transmission : Bright, Focused Illumination Without Shadows Led Or Halogen Handle : Powerful, Energy-Efficient Lighting Compatible With Mac Or Miller Blades : Supports Various Clinical Needs Durable Stainless Steel Blades : Autoclavable And Corrosion-Resistant Ergonomic Handle Design : Comfortable, Anti-Slip Grip For Precise Control Reusable &amp; Easy To Clean : Built For Long-Term Hospital Use Ideal For : Anesthesiologists, Icu Teams, Emergency Responders, Medical Training Institutions	in_stock	https://oticamart.com/us/fiber-optic-laryngoscope-led-light-handle-interchangeable-blades-intubation.html	70.39 USD				OTICA	https://oticamart.com/media/catalog/product/3/_/3_6_2.jpg, https://oticamart.com/media/catalog/product/4/_/4_5_1.jpg, https://oticamart.com/media/catalog/product/5/_/5_4_2.jpg, https://oticamart.com/media/catalog/product/1/_/1_6_1.jpg	new	no					adult		https://oticamart.com/media/catalog/product/2/_/2_6.jpg		Fiber Optic Laryngoscope	yes	1000
LED Pediatric Laryngoscope	LED Pediatric Miller Type Laryngoscope Fiber Optic Light Handle Small Blades Infant & Child Intubation	Product Info The Led Pediatric Miller Type Laryngoscope Is A Specialized Airway Tool Designed For Neonatal And Pediatric Intubation, Where Precision And Safety Are Critical. Featuring Miller-Style Straight Blades And Advanced Fiber Optic Light Transmission, This Laryngoscope Ensures Optimal Visibility Of The Vocal Cords And Airway Structures. Equipped With A High-Intensity Led Handle, It Delivers Bright, Cool Light That Reduces Shadows And Enhances Tissue Visibility. The Miller Blades, Crafted From Medical-Grade Stainless Steel, Are Fully Autoclavable, Corrosion-Resistant, And Available In Sizes Suitable For Newborns And Young Children. Ideal For Nicu, Picu, Anesthesia, And Emergency Care, This Laryngoscope Offers Clinicians The Reliability And Clarity Needed For Safe And Successful Intubation Procedures In Pediatric Patients. Key Features Type : Miller (Straight Blade) – Ideal For Lifting The Epiglottis Directly Led Fiber Optic Handle : Bright, Shadow-Free, And Long-Lasting Illumination Pediatric-Specific Sizes : Available In Sizes For Neonates And Small Children Medical-Grade Stainless Steel Blades : Durable, Reusable, And Autoclavable Ergonomic Grip Handle : Non-Slip Design For Better Control And Accuracy Cool Light Output : Prevents Tissue Heating During Extended Procedures Ideal For : Nicu, Pediatric Anesthesia, Emergency Rooms, And Operating Theatres	in_stock	https://oticamart.com/us/led-pediatric-miller-type-laryngoscope-fiber-optic-light-handle-small.html	19.41 USD				OTICA	https://oticamart.com/media/catalog/product/3/_/3_8.jpg, https://oticamart.com/media/catalog/product/2/_/2_8.jpg, https://oticamart.com/media/catalog/product/4/_/4_7.jpg, https://oticamart.com/media/catalog/product/5/_/5_5.jpg, https://oticamart.com/media/catalog/product/4/_/4_8.jpg	new	no					adult		https://oticamart.com/media/catalog/product/1/_/1_8.jpg		LED Pediatric Laryngoscope	yes	999
Fiber Optic Pediatric Laryngoscope	Pediatric Miller Type Laryngoscope Set Fiber Optic Sizes 0, 00, 1 Stainless Steel Blades & Light Handle	Product Info The Pediatric Miller Type Laryngoscope Set (Fiber Optic) Is A Precision Medical Device Engineered For Safe And Effective Airway Management In Neonates, Infants, And Young Children. Featuring Blade Sizes 0, 00, And 1, This Set Allows Clinicians To Perform Delicate Intubation Procedures With Accuracy Across Various Pediatric Age Groups. Each Blade Is Crafted From High-Quality Stainless Steel, Offering Durability, Corrosion Resistance, And A Smooth Surface For Patient Safety. The Integrated Fiber Optic Light Channel Delivers Bright, Focused Illumination, Enhancing Visibility Of The Glottis And Surrounding Structures During Procedures. Compatible With Standard Fiber Optic Light Handles, This Set Is Ideal For Use In Nicus, Pediatric Emergency Rooms, Anesthesiology Departments, And During Neonatal Resuscitation. The Set Is Easy To Sterilize And Built For Repeated Clinical Use. Key Features Blade Sizes : 00, 0, And 1 – Suited For Neonates And Infants Fiber Optic Illumination : Provides Bright, Shadow-Free Light For Clear Visualization Material : Medical-Grade Stainless Steel – Autoclavable And Corrosion-Resistant Compatibility : Works With Most Standard Fiber Optic Light Handles Secure Fit : Blades Lock Firmly Into Handle During Use Ideal For : Nicu, Picu, Anesthesia, Pediatric Surgery, And Emergency Care Reusable &amp; Sterilizable : Built For Hospital-Grade Multi-Patient Use	in_stock	https://oticamart.com/us/pediatric-miller-type-laryngoscope-set-fiber-optic-sizes-0-00.html	54.60 USD				OTICA	https://oticamart.com/media/catalog/product/3/_/3_7.jpg, https://oticamart.com/media/catalog/product/2/_/2_7.jpg, https://oticamart.com/media/catalog/product/5/_/5_4_3.jpg, https://oticamart.com/media/catalog/product/4/_/4_6.jpg	new	no					adult		https://oticamart.com/media/catalog/product/1/_/1_7.jpg		Fiber Optic Pediatric Laryngoscope	yes	1000
Premium Headgear OHPL	Premium CPAP Headgear Adjustable & Comfortable Strap Sleep Apnea Masks	Product Info The Premium Cpap Headgear Is A High-Quality Replacement Strap System Compatible With Most Cpap And Bipap Nasal Or Full-Face Masks. Designed For Patients Undergoing Sleep Apnea Therapy, This Headgear Ensures A Snug, Yet Gentle Fit To Maintain Proper Mask Positioning Throughout The Night. Made From Soft, Breathable Fabric, It Reduces Facial Pressure And Skin Irritation While Offering Excellent Elasticity And Durability. The Velcro-Adjustable Straps Allow For A Personalized Fit, Helping To Minimize Leaks And Improve Therapy Effectiveness. Whether You'Re Replacing Worn-Out Headgear Or Upgrading For Better Comfort, This Premium Strap System Is An Excellent Choice For Home Sleep Therapy, Clinics, Or Hospital Use. Key Features Universal Compatibility : Fits Most Cpap/Bipap Nasal And Full-Face Masks Soft &amp; Breathable Fabric : Comfortable For Overnight Use Adjustable Velcro Straps : Customizable Fit For Better Seal And Comfort Secure Fit : Keeps Mask In Place Without Over-Tightening Durable &amp; Reusable : Easy To Wash And Long-Lasting Latex-Free Material : Safe For Sensitive Skin Ideal For : Sleep Apnea Patients, Hospitals, Sleep Labs, And Home Therapy Users	in_stock	https://oticamart.com/us/premium-cpap-headgear-adjustable-comfortable-strap-sleep-apnea-masks.html	6.06 USD				OTICA		new	no					adult		https://oticamart.com/media/catalog/product/p/r/premium-headgear-ohpl.jpg		Premium Headgear OHPL	yes	1000
Sterimed Manual Aspiration Kit	Sterimed Manual Aspiration Kit Portable Suction Device Medical & Emergency Use	Product Info The Sterimed Manual Aspiration Kit Is A Ready-To-Use Medical Suction Device Designed For Manual Aspiration Of Fluids, Such As Mucus, Blood, Or Other Secretions From The Airway, Surgical Site, Or Body Cavities. This Sterile, Single-Use Kit Provides A Hygienic And Portable Solution For Emergency Rooms, Ambulances, Operating Theatres, Minor Procedures, And Home Healthcare. The Kit Typically Includes A Hand-Operated Suction Syringe (Aspirator), Along With Aspiration Tubing And Collection Container, All Pre-Assembled Or Conveniently Packed For Rapid Deployment. It Is Especially Useful In Non-Electric Environments Or As A Backup To Powered Suction Machines. Crafted For Maximum Safety And Ease Of Use, The Sterimed Manual Aspiration Kit Supports Quick Response In Situations Where Maintaining A Clear Airway Or Removing Excess Fluids Is Critical. Key Features Manual Suction System : No Electricity Or Battery Required Pre-Sterilized, Single-Use Kit : Ensures Hygiene And Infection Control Includes Aspirator, Tubing, And Collection Bottle : Complete And Ready To Use Compact &amp; Portable : Ideal For Field Use, Ambulances, Or Bedside Latex-Free &amp; Non-Toxic Materials : Safe For Patients And Caregivers Ideal For : Emergency Medical Services, Hospital Wards, Clinics, Icus, And Home Care Settings	in_stock	https://oticamart.com/us/sterimed-manual-aspiration-kit-portable-suction-device-medical-emergency.html	24.26 USD				OTICA		new	no					adult		https://oticamart.com/media/catalog/product/s/t/sterimed-manual-aspiration-kit.jpg		Sterimed Manual Aspiration Kit	yes	1000
Oxygen Flowmeter Regular	Oxygen Flowmeter Regulator Cylinder Regular Type Medical Grade Humidifier Bottle Compatibility	Product Info The Oxygen Flowmeter Regulator (Regular Type) Is A Reliable And Essential Device For Regulating And Monitoring Oxygen Flow From Medical Oxygen Cylinders. Designed To Deliver Oxygen At Controlled Rates, This Flowmeter Helps Ensure Safe And Accurate Therapy For Patients In Both Clinical And Home Environments. Constructed From Durable Brass And Aluminum Alloy, The Flowmeter Features A Clear, Easy-To-Read Gauge, Adjustable Knob For Flow Control (Typically 0–15 Lpm), And A Secure Inlet/Outlet Connector Compatible With B-Type Or D-Type Cylinders. It Also Includes A Standard Outlet Nozzle That Can Connect To Humidifier Bottles For Moisture-Enhanced Oxygen Delivery. This Unit Is Ideal For Emergency Use, Icus, Ambulances, And Home Oxygen Therapy, Offering Reliability, Simplicity, And Long-Term Performance. Key Features Compatible With Standard Oxygen Cylinders : B-Type, D-Type, Etc. Adjustable Flow Rate : Typically 0–15 Liters Per Minute (Lpm) Precise Pressure Gauge : Easy Monitoring Of Cylinder Pressure Humidifier Bottle Connection : Reduces Dryness During Oxygen Therapy Durable Metal Body : Corrosion-Resistant And Long-Lasting Easy To Use : Simple Installation And Adjustment Ideal For : Hospitals, Home Care, Ambulances, Emergency Rooms, Clinics	in_stock	https://oticamart.com/us/oxygen-flowmeter-regulator-cylinder-regular-type-medical-grade-humidifier-bottle.html	9.70 USD				OTICA		new	no					adult		https://oticamart.com/media/catalog/product/o/x/oxygen-flowmeter-regular.jpg		Oxygen Flowmeter Regular	yes	1000
Oxygen Flowmeter Premium	Oxygen Flowmeter Regulator Cylinder Premium Quality Humidifier Bottle & Pressure Gauge	Product Info The Premium Oxygen Flowmeter Regulator Is A High-Performance Medical Device Used To Regulate And Monitor Oxygen Flow From A Standard Oxygen Cylinder. Ideal For Hospital, Homecare, And Clinical Use, This Flowmeter Ensures Accurate Oxygen Delivery, Improving Patient Safety And Comfort. The Device Features A Clear, Easy-To-Read Pressure Gauge, A Precision Flow Adjustment Knob And A Humidifier Bottle That Adds Moisture To The Oxygen—Reducing Dryness And Irritation In The Patient’S Airway. Manufactured Using High-Quality Brass And Anodized Aluminum, This Regulator Is Corrosion-Resistant, Long-Lasting, And Engineered To Deliver Consistent Performance In Demanding Healthcare Environments. Key Features Adjustable Flow Rate : 0 To 15 Lpm (Liters Per Minute) Premium Material : Heavy-Duty Brass And Aluminum Body Pressure Gauge : Easy-To-Read Dial For Cylinder Pressure Monitoring Humidifier Bottle : Prevents Nasal Dryness During Oxygen Inhalation Universal Compatibility : Fits Standard Medical Oxygen Cylinders Leak-Proof Design : Safe And Secure Oxygen Control Easy To Install &amp; Operate : User-Friendly Knob And Secure Connections Color : Premium Green And Silver Finish (May Vary By Model)	in_stock	https://oticamart.com/us/oxygen-flowmeter-regulator-cylinder-premium-quality-humidifier-bottle-pressure.html	9.70 USD				OTICA		new	no					adult		https://oticamart.com/media/catalog/product/o/x/oxygen-flowmeter-premium.jpg		Oxygen Flowmeter Premium	yes	1000
Rechargeable LED 25282-CL Set OHPL	Welch Allyn 3.5V Professional LED Otoscope Fiber Optic Diagnostic Set Rechargeable Handle	Product Info The Welch Allyn 3.5V Diagnostic Otoscope (Model 25282-CL) is a premium, fiber optic otoscope designed for high-clarity visualization of the ear canal and tympanic membrane. It features advanced LED illumination that delivers consistent, bright, white light for accurate diagnosis without bulb replacement. Built for professional use, this full diagnostic set includes a rechargeable 3.5V power handle, interchangeable specula, and a protective hard case for portability and hygiene. The fiber optic light transmission eliminates shadows, while the wide viewing lens provides a large, clear field of view. Ideal for ENT specialists, general practitioners, pediatricians, and medical students, the 25282-CL is known for its reliability, precision, and long-term performance. Key Features 3.5V LED Illumination : Bright, white, long-lasting light with no bulb replacement Fiber Optic Technology : Delivers clear, shadow-free illumination to the exam site Rechargeable Handle : Includes high-capacity battery and universal charger Wide-Angle Viewing Lens : Allows for simultaneous magnification and instrumentation Durable Construction : Designed for daily clinical use Hard Protective Case : Secure, hygienic storage for mobility Ideal For : ENT clinics, hospitals, GPs, students, and diagnostic centers	in_stock	https://oticamart.com/us/welch-allyn-3-5v-professional-led-otoscope-fiber-optic-diagnostic-set.html	559.81 USD				Welch Allyn		new	no					adult		https://oticamart.com/media/catalog/product/r/e/rechargeable-led-25282-cl-set-ohpl.jpg		Rechargeable LED 25282-CL Set OHPL	yes	5
Non-Rechargeable LED 25282-CL Set OHPL	Welch Allyn 3.5V Diagnostic LED Otoscope Fiber Optic Professional Full Set Non Rechargeable	Product Info The Welch Allyn 3.5V Diagnostic LED Otoscope (Non-Rechargeable Set) is a premium-grade medical diagnostic tool designed for clear, precise ear examinations. Powered by advanced 3.5V LED illumination, this otoscope provides consistent, bright, and white light through its fiber optic system, which ensures unobstructed viewing with no shadows or reflections. Built for clinical precision and durability, the otoscope features a high-quality optical lens with a wide-angle viewing window, allowing enhanced visualization of the tympanic membrane and external auditory canal. The non-rechargeable AA battery handle offers convenience, portability, and long-term usability—perfect for clinics, hospitals, or field work. Each unit is part of a complete professional set, including a hard storage case, interchangeable specula, and a user-friendly handle, making it suitable for ENT specialists, general physicians, pediatricians, and healthcare learners. Key Features Illumination : Bright, long-life 3.5V LED for clear, white light Fiber Optic Technology : Delivers light directly to the examination site without obstruction Non-Rechargeable Handle : Uses standard AA batteries (battery not included) Professional Grade Lens : Wide-view, scratch-resistant optical glass for accurate diagnostics Durable Build : Designed for long-lasting clinical use Portable &amp; Lightweight : Ideal for clinics, home visits, and on-the-go examinations Full Set : Includes otoscope head, non-rechargeable handle, reusable specula &amp; hard case	in_stock	https://oticamart.com/us/welch-allyn-3-5v-diagnostic-led-otoscope-fiber-optic-professional-full.html	559.81 USD				Welch Allyn		new	no					adult		https://oticamart.com/media/catalog/product/n/o/noo-rechargeable-led-25282-cl-set.jpg		Non-Rechargeable LED 25282-CL Set OHPL	yes	5
Spirometer OHPL	3 Ball Spirometer Lung Exerciser Breathing Therapy & Respiratory Fitness	Product Info The 3-Ball Lung Exerciser (Spirometer) is a medically recommended device for improving lung function and respiratory endurance. It is widely used by individuals recovering from surgery, illness, COVID-19, or living with asthma, bronchitis, and COPD. This non-electric, portable breathing exerciser features three transparent chambers with color-coded balls, each representing different airflow levels. By inhaling through the mouthpiece, users can visually monitor their lung performance and build strength in their respiratory muscles over time. Safe and easy to use for people of all ages, the 3-ball spirometer helps expand lung capacity, clear airways, prevent lung infections, and speed up pulmonary recovery. It is commonly used in hospitals, physiotherapy centers, and home care settings. Key Features 3-Stage Design : Color-coded balls to track and improve lung capacity Improves Breathing Strength : Ideal for post-surgery and respiratory recovery Medical-Grade Material : Safe, non-toxic, and reusable Compact &amp; Lightweight : Easy to carry and use at home or on the go Non-Electric &amp; Manual : No batteries or power required Ideal For : Asthma, COPD, post-operative patients, elderly care, and athletes	in_stock	https://oticamart.com/us/3-ball-spirometer-lung-exerciser-breathing-therapy-respiratory-fitness.html	2.42 USD				OTICA		new	no					adult		https://oticamart.com/media/catalog/product/s/p/spirometer.jpg		Spirometer OHPL	yes	999
Otica Nebulizer Mask Set	Nebulizer Mask Set Kid & Adults Flow Adjutsable	Product Info The Nebulizer Mask Set for Kids &amp; Adults is a complete, easy-to-use solution for delivering aerosol medication to patients of all ages. Designed for both home and hospital use, this set includes 2 soft, medical-grade masks (1 pediatric, 1 adult), oxygen tubing, and a medication chamber for efficient drug delivery. The flow-adjustable design allows users or caregivers to control the rate of mist output, ensuring comfort and proper dosage for every age group. The masks are made of non-toxic, latex-free materials, featuring an ergonomic shape that fits comfortably on the face and minimizes medication loss. Compatible with most standard nebulizer machines, this set is essential for managing asthma, bronchitis, COPD, and other respiratory conditions. Key Features Dual Mask Set : Includes 1 adult mask &amp; 1 pediatric mask Flow Adjustable : Easily control medication flow rate based on user need Universal Compatibility : Works with most tabletop and portable nebulizers Complete Set : Includes oxygen tubing and medication cup/chamber Soft, Comfortable Fit : Medical-grade PVC, latex-free and skin-safe Reusable (Non-Autoclavable) : Easy to clean and maintain Ideal For : Home therapy, hospitals, clinics, and respiratory centers	in_stock	https://oticamart.com/us/nebulizer-mask-set-kid-adults-flow-adjutsable.html	2.42 USD				OTICA	https://oticamart.com/media/catalog/product/8/1/81ufk0u8jzl._sl1500_.jpg, https://oticamart.com/media/catalog/product/7/1/71oiavjcvll._sl1500_.jpg, https://oticamart.com/media/catalog/product/7/1/71yijfwgxgl._sl1500_.jpg, https://oticamart.com/media/catalog/product/7/1/715kndpqfml._sl1500_.jpg, https://oticamart.com/media/catalog/product/h/q/hqdefault_5_5.jpg	new	no					adult		https://oticamart.com/media/catalog/product/6/1/61fxu5eghul._sl1500_.jpg		Otica Nebulizer Mask Set	yes	100
First Aid Box	First Aid Box Emergency Medical Kit Multi Compartment Storage & Key Lock Home School Office	Product Info The First Aid Box – Emergency Medical Kit Box Is A Reliable And Secure Storage Solution For Organizing Essential Medical Supplies In Any Setting. Designed With Multiple Compartments And A Sturdy Key Lock, This Box Is Ideal For Quick Access During Emergencies While Keeping Medications Safe From Unauthorized Use, Especially Around Children. Made From High-Quality Metal Material , The Box Features Tiered Compartments And Removable Trays For Easy Sorting Of Medicines, Bandages, Antiseptics, Thermometers, And More. Its Compact Yet Spacious Design Allows It To Fit Neatly In Your Home, Classroom, Office, Clinic, Or Even During Travel. Whether You'Re Preparing For Minor Injuries Or Emergency Situations, This Portable And Lockable First Aid Kit Box Is A Smart Choice For Personal And Professional Health Safety Preparedness. Key Features Multi-Compartment Design : Organized Storage For Medicines &amp; Medical Tools Secure Key Lock : Keeps Medicines Safe And Out Of Reach Of Children Spacious Yet Compact : Holds All Essentials Without Taking Up Too Much Space Durable Build : Made From Strong, Easy-To-Clean Metal Portable Design : Built-In Handle For Mobility In Emergencies Transparent Or Labeled Lid (Optional) : For Quick Content Identification Ideal For : Homes, Schools, Offices, Clinics, Vehicles, And Hostels	in_stock	https://oticamart.com/us/first-aid-box-emergency-medical-kit-multi-compartment-storage.html	9.70 USD				OTICA		new	no					adult		https://oticamart.com/media/catalog/product/f/i/first-aid-boxg.jpg		First Aid Box	yes	1000
NIBP TUBE(2.5Meter) OHPL	NIBP Extension Tube 2.5 Meter Reusable BP Cuffs & Multipara Patient Monitors	Product Info The Reusable Nibp Extension Tube (2.5 Meter) Is A High-Quality, Medical-Grade Tubing Accessory Designed For Use With Non-Invasive Blood Pressure (Nibp) Cuffs In Conjunction With Multipara Patient Monitors. Its Extended Length Provides Greater Flexibility And Convenience In Hospital Beds, Icu Setups, And Emergency Care Where Distance Between The Monitor And Patient May Vary. Manufactured From Durable, Latex-Free Material, This Tube Ensures Reliable And Airtight Performance, Minimizing Signal Interference For Accurate Bp Measurements. This Nibp Tube Is Not Designed For Home Bp Monitors And Is Recommended Strictly For Clinical And Hospital Environments. Key Features Length : 2.5 Meters – Ideal For Hospital Beds And Bedside Flexibility Application : Connects Reusable Nibp Cuffs To Multiparameter Monitors Compatibility : Standard Connectors – Fits Most Clinical Monitor Brands Material : High-Quality, Latex-Free, Kink-Resistant Medical-Grade Tubing Use : For Hospitals, Icus, Ambulances, And Clinics Not For Home Use : Not Compatible With Digital Home Bp Monitors Reusable &amp; Easy To Clean : Long-Lasting And Hygienic Design	in_stock	https://oticamart.com/us/nibp-extension-tube-2-5-meter-reusable-bp-cuffs-multipara.html	6.06 USD				OTICA		new	no					adult		https://oticamart.com/media/catalog/product/t/u/tube-2-5-meter.jpg		NIBP TUBE(2.5Meter) OHPL	yes	1000
Philips NIBP 2.5Meter OHPL	NIBP Extension Hose Connector Tube 2.5 Meter Compatible Philips Contec Mindray Multipara Patient Monitors	Product Info The Nibp Extension Hose Connector Tube (2.5 Meter) Is A Professional-Grade Medical Accessory Designed For Extending The Connection Between Non-Invasive Blood Pressure (Nibp) Cuffs And Multipara Patient Monitors. With Its Extra Length And Universal Compatibility, It Is Ideal For Use In Hospitals, Icus, Emergency Wards, And Diagnostic Centers. This Extension Hose Is Fully Compatible With Monitors From Philips, Contec, And Mindray, And Features Standard Nibp Connectors That Securely Attach To Reusable Cuffs And Devices. The 2.5-Meter Length Provides Flexibility In Monitor Placement, Especially In Critical Care Or Mobile Settings. Made From Latex-Free, Kink-Resistant Medical-Grade Material, The Tubing Ensures Leak-Proof Signal Transmission And Supports Consistent And Accurate Bp Readings. Key Features Length : 2.5 Meters – Extended Reach For Bedside And Icu Setups Compatibility : Works With Philips, Contec, Mindray, And Other Major Patient Monitors Application : Connects Reusable Nibp Cuffs To Multiparameter Monitors Material : Latex-Free, Soft, And Medical-Grade Secure Connection : Leak-Resistant Ends With Standard Fittings Durable &amp; Flexible : Designed For Continuous Clinical Use Ideal For : Hospitals, Icus, Ambulances, Mobile Monitoring, And Diagnostic Labs	in_stock	https://oticamart.com/us/nibp-extension-hose-connector-tube-2-5-meter-compatible-philips-contec.html	12.12 USD				OTICA		new	no					adult		https://oticamart.com/media/catalog/product/n/i/nibp-2-5-meter.jpg		Philips NIBP 2.5Meter OHPL	yes	1000
Multipara Monitor Wall MS Mount Stand	Multipara Patient Monitor Wall Stand Universal Trolley for Contec, BPL, Edan, GE, Nidek & Philips	Product Info The Universal Patient Monitor Stand Is A Robust And Mobile Mounting Solution For Multiparameter Patient Monitors Used In Hospitals, Icus, Emergency Rooms, And Diagnostic Centers. Crafted For Universal Compatibility, This Stand Works Seamlessly With Monitors From Trusted Brands Including Contec, Bpl, Ge, Edan, Mindray, Philips, Nidek, Yonker, And Comen. Built With Heavy-Duty Metal Construction, This Stand Ensures Maximum Stability And Safety For Your Monitor During Continuous Use. Its Adjustable Height And Tilting Tray Platform Offer Ergonomic Viewing Angles For Healthcare Professionals, While The Smooth-Rolling Wheels With Brakes Provide Easy Mobility And Secure Placement. Designed For Convenience, The Stand Features An Integrated Basket For Accessories, Cable Management Hooks, And A Compact Footprint That Fits Easily Into Any Clinical Environment. Key Features Universal Compatibility : Supports Multipara Monitors From Contec, Bpl, Ge, Edan, Mindray, Nidek, Philips, Yonker, Comen &amp; More Strong Metal Frame : Durable And Rust-Resistant For Hospital-Grade Reliability Height Adjustable : Customize To Preferred Working Height Lockable Castor Wheels : Easy Mobility With Safety Locking Brakes Accessory Basket &amp; Hooks : Organize Probes, Cuffs, Power Cords, Etc. Stable &amp; Compact Base : Secure Stand Without Taking Up Excess Floor Space Ideal For : Hospitals, Icus, Emergency Departments, Clinics, And Nursing Homes	in_stock	https://oticamart.com/us/patient-monitor-stand-universal-trolley-compatible-contec-bpl-edan-ge.html	19.30 USD				OTICA		new	no					adult		https://oticamart.com/media/catalog/product/m/u/multipara-monitor-wall-ms-mount-stand.jpg		Multipara Monitor Wall MS Mount Stand	yes	1000
Skin Marker-( Pack Of 3) OHPL	Skin Marker Ruler Surgical Stencil Pen & Tattoo Measuring Tool Set (Pack Of 3)	Product Info The Skin Marker With Ruler Set Is A Professional-Grade Tool Kit Designed For Accurate And Sterile Skin Marking Before Surgical Procedures, Cosmetic Treatments, Or Tattoo Applications. Each Marker Pen Is Equipped With Fine-Point, Non-Toxic Ink That Marks Clearly Without Smudging Or Fading During Prepping Or Cleaning. This Set Includes A Flexible Measuring Ruler For Precise Line And Angle Guidance, Helping Medical Professionals And Artists Maintain Symmetry And Accuracy. Ideal For Surgeons, Dermatologists, Tattoo Artists, And Cosmetic Professionals. Each Pack Includes 3 Skin Marker Pens With Sterile Caps And Disposable Measuring Rulers, Making It A Hygienic And Essential Part Of Any Clinical Or Artistic Toolset. Key Features Pack Of 3 : Includes 3 Surgical Skin Marker Pens + 3 Measuring Rulers Sterile &amp; Safe : Individually Sealed For Hygienic Medical Use Non-Toxic Ink : Safe For Skin Contact, Easy To See, Doesn’T Smear Precise Tip : Fine Tip For Detailed, Controlled Marking Ruler Included : Flexible Ruler Aids In Exact Spacing And Measurements Multi-Purpose Use : Surgical Prep, Cosmetic Procedures, Tattoo Design, Dermatology Disposable After Use : Maintains Hygiene And Reduces Cross-Contamination Risk	in_stock	https://oticamart.com/us/skin-marker-ruler-surgical-stencil-pen-tattoo-measuring-tool.html	22.44 USD				OTICA	https://oticamart.com/media/catalog/product/6/1/61hg549msgl._sl1500__1_1_.jpg, https://oticamart.com/media/catalog/product/6/1/61iqztivgjl._sl1500__1_.jpg, https://oticamart.com/media/catalog/product/6/1/61o3bxg2u-l._sl1500__1_.jpg, https://oticamart.com/media/catalog/product/6/1/61g7m9dekol._sl1500__1_1_.jpg, https://oticamart.com/media/catalog/product/6/1/61nngwdkicl._sl1500__1_.jpg, https://oticamart.com/media/catalog/product/6/1/61yarrajewl._sl1500__1_1_.jpg, https://oticamart.com/media/catalog/product/4/1/41kdudlxbpl._sl1000__1_.jpg	new	no					adult		https://oticamart.com/media/catalog/product/s/k/skin-marker-pack-of-3-ohpl.jpg		Skin Marker-( Pack Of 3) OHPL	yes	5
Metal Back Rest Heavy Duty OHPL	Adjustable Hospital Metal Back Rest Foldable & Portable Support Bedridden Patients 55cm x 70cm Heavy Duty	Product Info The Adjustable Hospital Metal Back Rest (55Cm X 70Cm) Is A Versatile And Ergonomic Support System Designed To Help Bedridden Patients Sit Up Comfortably In Bed. Built With A Sturdy Metal Frame And Breathable Mesh Fabric, It Offers Reliable Posture Support For Patients During Meals, Reading, Watching Tv, Or Medical Care Routines. This Backrest Features A Multi-Position Reclining Mechanism, Allowing Users Or Caregivers To Adjust The Angle According To Comfort Or Medical Need. The Foldable And Portable Design Makes It Easy To Move, Store, Or Travel With—An Ideal Choice For Home Care, Hospitals, And Elder Care Facilities. Its Durable Build Ensures Long-Term Use, While The Lightweight Structure Makes It Easy To Handle. A Must-Have Item For Patients Recovering From Surgery, Seniors, Or Individuals With Limited Mobility. Key Features Size : 55Cm X 70Cm – Suitable For Most Single And Hospital Beds Adjustable Recline Angles : Multi-Level Incline For Personalized Comfort Foldable Design : Easy To Store And Carry When Not In Use Sturdy Metal Frame : Strong, Rust-Resistant Construction Breathable Mesh Fabric : Comfortable Support, Reduces Sweating Easy To Clean : Wipeable Surface For Hygiene Maintenance Ideal For : Bedridden Patients, Elderly Care, Post-Surgery Recovery, Home Use	in_stock	https://oticamart.com/us/adjustable-hospital-metal-back-rest-foldable-portable-support-bedridden.html	29.11 USD				OTICA		new	no					adult		https://oticamart.com/media/catalog/product/m/e/metal-back-rest-heavy-duty-ohpl-waifu2x-photo-noise2-scale.png		Metal Back Rest Heavy Duty OHPL	yes	1000
Yuwell 7E-A Single Bottle Suction OHPL	Yuwell 7E-A Portable Phlegm Suction Unit 16 LPM Maintenance Free Pump 1000 ML Polycarbonate Jar	Product Info The Yuwell 7E-A Suction Machine Is A Compact And Portable Solution For Respiratory Suction Needs, Delivering Consistent Performance With Its 16 Lpm (Liters Per Minute) Flow Capacity. Designed For Use In Home Care, Ambulances, And Medical Institutions, It Helps Effectively Clear Airways By Removing Mucus, Blood, Or Other Secretions. This Model Is Maintenance-Free, Equipped With An Oil-Free Piston Pump For Reliable Operation Without Routine Upkeep. The Included 1000 Ml Polycarbonate Jar Is Durable, Autoclavable, And Designed For Easy Cleaning And Re-Use. With Its Lightweight Body, Ergonomic Handle, And Quiet Operation, The 7E-A Is Perfect For Both Stationary And Mobile Applications. Key Features Suction Capacity : 16 Lpm – Efficient For Clearing Airways Maintenance-Free : Oil-Free Piston Pump Design Collection Jar : 1000 Ml Polycarbonate Jar, Autoclavable &amp; Shatter-Resistant Portable Design : Lightweight With Handle For Easy Transport Power Source : Operates On Standard Electrical Supply (Ac) Quiet Operation : Low Noise Level For Patient Comfort Safe &amp; Hygienic : Overflow Protection And Anti-Backflow Design Applications : Respiratory Care, Post-Surgical Drainage, Emergency Suction	in_stock	https://oticamart.com/us/yuwell-7e-portable-phlegm-suction-unit-16-lpm-capacity-maintenance.html	64.31 USD				OTICA		new	no					adult		https://oticamart.com/media/catalog/product/y/u/yuwell-7-e-a-single-bottle-suction.jpg		Yuwell 7E-A Single Bottle Suction OHPL	yes	1000
Braun Tips 20 Psc OHPL	Thermoscan Ear Thermometer Lens Filters Disposable Covers Hygienic Accurate Readings - Pack of 20	Product Info The Thermoscan Ear Thermometer Lens Filters Offer A Hygienic And Reliable Solution For Maintaining Accuracy During Every Temperature Check. Each Filter Is Made From High-Quality, Bpa-Free, Latex-Free Material And Is Designed To Fit Securely On Most Digital Ear Thermometers, Including Popular Brands Like Braun Thermoscan. These Single-Use Covers Reduce The Risk Of Cross-Contamination, Especially In Multi-Patient Or Family Settings. Easy To Apply And Remove, The Filters Do Not Compromise The Thermometer’S Infrared Sensor Accuracy, Ensuring Precise And Consistent Temperature Readings Every Time. Ideal For Use In Homes, Hospitals, Pediatric Clinics, And Schools, This Pack Of 20 Filters Ensures You’Re Always Prepared For Safe Temperature Monitoring. Key Features Pack Of 20 Filters : Individually Dispensed, Hygienic Lens Covers Universal Fit : Compatible With Braun Thermoscan And Other Ear Thermometers Single-Use Design : Prevents Cross-Infection And Ensures Cleanliness Safe Materials : Bpa-Free And Latex-Free For Sensitive Skin No Impact On Accuracy : Maintains Precise Infrared Sensor Readings Quick &amp; Easy Application : Snap-On Design For Fast Replacement	in_stock	https://oticamart.com/us/thermoscan-ear-thermometer-lens-filters-pack-20-disposable-covers-hygienic.html	3.02 USD				OTICA		new	no					adult		https://oticamart.com/media/catalog/product/b/r/braun-tips-20-psc.jpg		Braun Tips 20 Psc OHPL	yes	999
Metal Back Rest Std OHPL	Adjustable Hospital Metal Back Rest Foldable & Portable Support Bedridden Patients 55cm x 55cm	Product Info The Adjustable Hospital Metal Back Rest (55Cm X 55Cm) Is A Versatile And Ergonomic Support System Designed To Help Bedridden Patients Sit Up Comfortably In Bed. Built With A Sturdy Metal Frame And Breathable Mesh Fabric, It Offers Reliable Posture Support For Patients During Meals, Reading, Watching Tv, Or Medical Care Routines. This Backrest Features A Multi-Position Reclining Mechanism, Allowing Users Or Caregivers To Adjust The Angle According To Comfort Or Medical Need. The Foldable And Portable Design Makes It Easy To Move, Store, Or Travel With—An Ideal Choice For Home Care, Hospitals, And Elder Care Facilities. Its Durable Build Ensures Long-Term Use, While The Lightweight Structure Makes It Easy To Handle. A Must-Have Item For Patients Recovering From Surgery, Seniors, Or Individuals With Limited Mobility. Key Features Size : 55Cm X 55Cm – Suitable For Most Single And Hospital Beds Adjustable Recline Angles : Multi-Level Incline For Personalized Comfort Foldable Design : Easy To Store And Carry When Not In Use Sturdy Metal Frame : Strong, Rust-Resistant Construction Breathable Mesh Fabric : Comfortable Support, Reduces Sweating Easy To Clean : Wipeable Surface For Hygiene Maintenance Ideal For : Bedridden Patients, Elderly Care, Post-Surgery Recovery, Home Use	in_stock	https://oticamart.com/us/adjustable-hospital-metal-back-rest-foldable-portable-support-bedridden-2.html	21.83 USD				OTICA		new	no					adult		https://oticamart.com/media/catalog/product/m/e/metal-back-rest-heavy-duty-ohpl-waifu2x-photo-noise2-scale_1_.png		Metal Back Rest Std OHPL	yes	1000
Farbric Back Rest OHPL	Adjustable Hospital Fabric Back Rest Foldable & Portable Support Bedridden Patients 35cm x 65cm	Product Info The Adjustable Hospital Fabric Back Rest (35Cm X 65Cm)) Is A Compact And Portable Support Solution For Patients Confined To Bed Due To Illness, Surgery, Or Age-Related Mobility Challenges. Designed To Fit Comfortably On Most Single Beds, This Backrest Helps Patients Sit Upright For Meals, Reading, Watching Tv, Or Medical Care. It Features Multiple Incline Settings, Allowing Caregivers Or Users To Adjust The Backrest Angle As Needed For Maximum Comfort. The Sturdy Metal Frame Combined With Strong, Breathable Fabric Support Ensures Durability While Providing A Soft Surface For Extended Use. Its Foldable And Lightweight Design Makes It Easy To Transport, Store, Or Move Between Rooms—Making It A Practical Solution For Home Care, Hospitals, And Elder Care Facilities. Key Features Size : 35Cm X 65Cm – Compact And Space-Saving Adjustable Reclining Angles : Multi-Level Incline For User Comfort Material : Sturdy Metal Frame With Durable, Breathable Fabric Back Foldable &amp; Portable : Lightweight Design For Storage And Mobility Easy To Use : No Tools Required For Setup Or Adjustment Multi-Use : Suitable For Eating, Reading, Resting, And Patient Care Ideal For : Bedridden Patients, Elderly, Post-Surgery Recovery, Home Care	in_stock	https://oticamart.com/us/adjustable-hospital-fabric-back-rest-foldable-portable-support-bedridden.html	12.12 USD				OTICA		new	no					adult		https://oticamart.com/media/catalog/product/f/a/farbric-back-rest-ohpl-waifu2x-photo-noise2-scale.png		Farbric Back Rest OHPL	yes	1000
CMS 5100 Pediatric OHPL+	CMS 5100 Patient Monitor Pediatric Accessories Measures SpO2 Heart Rate BP Temperature Hospital Grade Vital Signs	Product Info The Cms 5100 Patient Monitor Is A Reliable, Hospital-Grade Vital Signs Monitor Engineered To Deliver Real-Time, Accurate Measurements Of Key Physiological Parameters, Including Spo2, Heart Rate (Pulse), Non-Invasive Blood Pressure (Nibp), And Temperature. Specifically Tailored For Pediatric And Neonatal Care, This Model Includes Dedicated Accessories To Ensure Safe And Precise Monitoring For Young Patients. Its Compact And Portable Design Makes It Ideal For Use In Icus, Pediatric Wards, Emergency Rooms, Ambulances, And Home Care Settings. The Bright Led Display Offers Clear Readings, While The Intuitive Interface Allows Quick Adjustments And Monitoring. Whether For Routine Checks Or Continuous Monitoring, The Cms 5100 Delivers Clinical-Grade Performance Trusted By Healthcare Professionals. What'S Included In The Box 1X Cms 5100 Patient Monitor Unit 1X Pediatric Spo2 Probe 1X Neonatal Nibp Cuff 1X Pediatric Nibp Cuff 1X Temperature Probe 1X Nibp Tube 1X Monitor Cable 1X User Manual Key Features Vital Sign Monitoring : Spo2, Pulse Rate, Nibp (Systolic/Diastolic), And Body Temperature Pediatric-Ready : Includes Neonatal And Pediatric Cuffs And Pediatric Spo2 Probe Easy-To-Use Interface : Simple Operation With User-Friendly Controls Compact &amp; Portable : Lightweight Design For Bedside Or Mobile Use Clear Display : High-Contrast Screen For Quick Reading Visibility Reliable &amp; Accurate : Trusted Technology For Continuous And Spot-Check Monitoring Ideal For : Hospitals, Pediatric Clinics, Home Care, Ambulances, And Emergency Rooms	in_stock	https://oticamart.com/us/cms-5100-patient-monitor-pediatric-accessories-measures-spo2-heart-rate.html	163.82 USD				OTICA		new	no					adult		https://oticamart.com/media/catalog/product/c/m/cms-5100-pediatric-ohpl-waifu2x-photo-noise2-scale.png		CMS 5100 Pediatric OHPL+	yes	1000
Compatible 5100 Stand+	Patient Monitor Stand Custom Wall Mount CMS 5100 Vital Compatible Stand	Product Info The Otica Patient Monitor Stand For Cms 5100 Ensures Secure, Space-Saving Placement Of Your Vital Signs Monitor In Hospitals, Icu Rooms, Emergency Bays, And Clinics. Built From Sturdy Mild Steel, This Fixed Wall-Mount Stand Supports The Cms 5100 With Stability And Ease. The 180-Degree Swivel Function Offers Versatile Viewing Angles For Healthcare Professionals During Patient Care. Easy To Install And Designed For Seamless Integration, This Stand Helps Declutter Bedside Spaces While Optimizing Monitor Placement For Smoother Workflow. Key Features Custom Fit : Designed Exclusively For Use With The Cms 5100 Patient Monitor Heavy-Duty Construction : Made Of Durable Mild Steel For Strength And Longevity 180° Swivel Capability : Offers Flexible Horizontal Rotation For Optimal Viewing Space-Efficient Design : Wall-Mount Setup Frees Valuable Floor Space Clinical-Grade Finish : Comes In A Professional, Hygienic Medical-Grade Coating Easy Installation : Designed For Quick Mounting In Hospital Settings	in_stock	https://oticamart.com/us/patient-monitor-stand-custom-wall-mount-cms-5100-vital-compatible.html	9.70 USD				OTICA		new	no					adult		https://oticamart.com/media/catalog/product/c/o/compatible-5100-stand-waifu2x-photo-noise2-scale.png		Compatible 5100 Stand+	yes	1000
CMS 5100 Adult OHPL+	CMS 5100 Patient Monitor Adult Model Vital Signs SpO2‚ NIBP Pulse & Alarm System	Product Info The Cms 5100 Adult Monitor Is A User-Friendly, Multi-Parameter Vital Signs Monitor Ideal For Adult Patient Care In Hospitals, Clinics, Recovery Rooms, And Home Care Settings. Designed To Deliver Quick And Accurate Readings, It Monitors Spo₂ (Oxygen Saturation), Nibp (Non-Invasive Blood Pressure), And Pulse Rate With High Precision. This Adult-Specific Model Features A High-Resolution Led Display That Clearly Shows Real-Time Vital Parameters And Trend Data. The Compact, Lightweight Build Makes It Easy To Use At The Bedside Or In A Mobile Setting. It Includes An Intelligent Alarm System That Alerts Healthcare Providers In Case Of Abnormal Readings, Ensuring Timely Medical Response. The Device Is Powered By A Long-Lasting Rechargeable Battery, Supporting Uninterrupted Use During Transfers Or Power Fluctuations. Key Features Monitors : Spo₂, Nibp, And Pulse Rate (For Adult Patients) Bright Led Display : Real-Time Waveform And Numeric Data View Portable Design : Lightweight And Ideal For Bedside Or Mobile Care Built-In Alarms : Audio And Visual Alerts For Critical Changes Rechargeable Battery : Long-Lasting Use In Any Care Setting One-Touch Operation : Simple And Intuitive For Staff Or Caregivers Ideal For : Hospitals, Icus, Opds, Ambulances, Clinics, And Home Health Monitoring	in_stock	https://oticamart.com/us/cms-5100-patient-monitor-adult-model-vital-signs-spoa-nibp.html	151.69 USD				OTICA		new	no					adult		https://oticamart.com/media/catalog/product/c/m/cms-5100-adult-ohpl-waifu2x-photo-noise2-scale.png		CMS 5100 Adult OHPL+	yes	1000
Suction White Filter OHPL	Hepa Filter Yuwell Phlegm Suction Machine White Medical Grade Bacterial Compatible Replacement	Product Info The Hepa Filter For Yuwell Phlegm Suction Machine Is A High-Efficiency Replacement Filter That Ensures Optimal Hygiene During Suction Procedures. Designed To Fit Yuwell’S Medical Suction Devices, This White Bacterial Filter Uses Hepa-Grade Filtration Technology To Block Fine Particles, Bacteria, And Infectious Aerosols—Making It Ideal For Hospitals, Clinics, And Home Care Environments. This Medical-Grade Filter Helps Protect Both Patients And Caregivers By Preventing Contamination Of The Internal Components Of The Suction Machine. Easy To Install And Replace, It Plays A Critical Role In Maintaining The Machine’S Suction Efficiency And Prolonging Its Lifespan. Key Features Compatible With Yuwell Suction Machines : Perfect Fit For Yuwell Phlegm Suction Models Medical-Grade Hepa Filtration : Effectively Traps Bacteria And Fine Airborne Particles Protects Machine &amp; Patient : Reduces Risk Of Contamination And Cross-Infection Easy To Replace : Plug-And-Use Design, No Tools Needed Color : White Compact &amp; Lightweight : Easy To Store And Carry With Emergency Kits	in_stock	https://oticamart.com/us/hepa-filter-yuwell-phlegm-suction-machine-white-medical-grade-bacterial.html	4.84 USD				OTICA		new	no					adult		https://oticamart.com/media/catalog/product/s/u/suction-white-filter-ohpl-waifu2x-photo-noise2-scale.png		Suction White Filter OHPL	yes	998
Oxygen Hood-1 Pcs	Oxygen Hood Children & Newborns Adjustable Silicone Neck Seal Comfortable Delivery 20 cm x 22 cm x 22 cm	Product Info The Oxygen Hood For Children &amp; Newborns Is A Clinically Designed Oxygen Delivery Enclosure That Ensures Optimal Respiratory Support For Babies And Toddlers During Treatment. Made With Medical-Grade Materials, This Hood Provides A Gentle And Consistent Oxygen Environment While Maintaining Maximum Comfort. The Adjustable Silicone Neck Part Offers A Soft, Secure Fit That Minimizes Leakage And Ensures The Baby Receives The Intended Oxygen Concentration Without Discomfort Or Irritation. The Transparent Dome Allows For Full Visibility Of The Child’S Face, Enabling Continuous Monitoring By Healthcare Providers Or Caregivers. With Its Ergonomic 20 X 22 X 22 Cm Design, This Oxygen Hood Is Lightweight, Easy To Clean, And Compatible With Most Standard Oxygen Supply Systems. Perfect For Neonatal Icus, Pediatric Wards, And Home-Based Oxygen Therapy. Key Features Comfortable Fit : Adjustable Soft Silicone Neck Collar For Gentle Sealing Child-Safe Design : Ideal For Newborns, Infants, And Small Children Clear Visibility : Transparent Dome Allows Continuous Observation Efficient Oxygen Delivery : Reduces Oxygen Loss And Maintains Flow Concentration Dimensions : 20 Cm (H) × 22 Cm (L) × 22 Cm (W) Lightweight &amp; Portable : Easy To Move And Set Up At Bedside Reusable &amp; Easy To Clean : Made From Durable Medical-Grade Plastic	in_stock	https://oticamart.com/us/oxygen-hood-children-newborns-adjustable-silicone-neck-seal-comfortable.html	12.12 USD				OTICA	https://oticamart.com/media/catalog/product/5/1/51-z0l76s5l_1.jpg, https://oticamart.com/media/catalog/product/6/1/61jy_tzp14l_1.jpg, https://oticamart.com/media/catalog/product/5/1/51jkmz4sfkl_1.jpg, https://oticamart.com/media/catalog/product/6/1/61ok6eszk_l_1.jpg	new	no					adult		https://oticamart.com/media/catalog/product/o/x/oxygen-hood-1-pcs-waifu2x-photo-noise2-scale.png		Oxygen Hood-1 Pcs	yes	1000
Cpap Tube OHPL	Reusable BiPAP/CPAP Tube 22mm Universal Hose Compatible All CPAP & BiPAP Machines Masks 1.8m Length	Product Info The Reusable Bipap/Cpap Tube (22Mm, 1.8M) Is A Universal Standard Respiratory Hose Designed To Deliver Consistent And Reliable Airflow From Your Cpap Or Bipap Machine To Your Mask. Whether For Home Use Or Clinical Settings, This Tubing Is Compatible With All Brands. Constructed From High-Quality, Medical-Grade Pvc, The Tube Is Lightweight, Flexible, And Kink-Resistant, Ensuring Continuous Airflow And Minimizing Pressure Loss. The 1.8-Meter (6 Feet) Length Offers Ample Room For Patient Movement During Sleep, Enhancing Overall Comfort And Reducing The Risk Of Disconnection. With 22Mm Standard Connectors On Both Ends, The Tubing Is Easy To Attach To Any Mask Or Machine Port. It Is Washable And Reusable, Making It A Cost-Effective And Eco-Friendly Choice For Long-Term Respiratory Care. Key Features Universal Compatibility : Works With All Cpap &amp; Bipap Brands And Mask Types Standard Size : 22Mm Diameter; 1.8 Meters (6 Feet) Long Durable &amp; Reusable : Medical-Grade Tubing For Long-Term Use Kink-Resistant Design : Maintains Airflow With Flexibility And Durability Soft &amp; Comfortable : Lightweight Material Minimizes Pull Or Strain During Sleep Easy To Clean : Reusable With Gentle Hand Wash Secure Fit : Leak-Free Connection With Tight-Sealing Ends	in_stock	https://oticamart.com/us/reusable-bipap-cpap-tube-22mm-universal-hose-compatible-all-cpap.html	4.84 USD				OTICA		new	no					adult		https://oticamart.com/media/catalog/product/c/p/cpap-tube-ohpl-waifu2x-photo-noise2-scale.png		Cpap Tube OHPL	yes	998
OTICA OBP 108	Fully Automatic Digital Arm Blood Pressure Monitor MDI Technology Multicolour USB Cable Included	Product Info Monitor Your Blood Pressure With Clinical-Grade Accuracy Using The Fully Automatic Digital Arm Blood Pressure Monitor, Powered By Advanced Mdi Technology. Mdi (Measurement During Inflation) Ensures Faster And More Accurate Readings By Analyzing Your Bp While The Cuff Inflates, Minimizing Discomfort And Error. This Monitor Is Ideal For Daily Health Tracking At Home Or In Clinical Settings. It Features A Large Backlit Display, One-Touch Operation, Irregular Heartbeat Detection, And Multi-User Memory Support. The Included Usb Cable Offers Flexible Power Options Via A Usb Port Or Adapter. The Adjustable Cuff Fits Most Adult Arm Sizes, And The Multi-Colour Display Indicators Clearly Show Normal, Elevated, Or High Bp Levels—Helping You Interpret Results Quickly And Easily. Key Features Mdi Technology : Measures Bp During Inflation For Superior Accuracy And Comfort Fully Automatic : One-Touch Operation Makes It User-Friendly For All Ages Usb Charging : Includes Usb Cable For Eco-Friendly, Battery-Free Power Option Large Lcd Display : Easy-To-Read Screen With Backlight Multicolour Indicator : Who Bp Classification Chart For Clear Interpretation Dual User Memory : Stores 99 Readings Per User (198 Total) Irregular Heartbeat Detection : Alerts For Arrhythmia Wide Range Cuff : Fits Most Adult Arms Comfortably Portability : Compact And Lightweight For Home Or Travel Use	in_stock	https://oticamart.com/us/fully-automatic-digital-arm-blood-pressure-monitor-mdi-technology-multicolour.html	9.70 USD				OTICA		new	no					adult		https://oticamart.com/media/catalog/product/o/t/otica-obp-108-waifu2x-photo-noise2-scale.png		OTICA OBP 108	yes	1000
Surgical Stapler Pack Of 1 OHPL	SecureLok Plastic 35W Skin Stapler Disposable Surgical Staple Gun Medical Wound Closure (Pack Of 1)	Product Info The Securelok Plastic 35W Skin Stapler Is A Reliable And Easy-To-Use Surgical Stapler Designed For Quick Skin Closure In Both Elective Surgeries And Trauma Cases. Each Unit Is Preloaded With 35 Wide Surgical-Grade Stainless-Steel Staples, Ensuring Strong Wound Approximation And Minimizing Procedure Time. Constructed From Medical-Grade Plastic, This Ergonomically Designed Skin Stapler Offers Smooth Trigger Control, Allowing Precise Staple Placement With Minimal Patient Discomfort. The Stapler Is Lightweight, Sterile, And Disposable, Reducing The Risk Of Cross-Contamination And Eliminating The Need For Sterilization. This Pack Of 1 Is Cost-Effective And Suitable For High-Volume Facilities Such As Operation Theaters, Emergency Rooms, Outpatient Clinics, And Veterinary Practices. Key Features Type : Disposable Skin Stapler – 35 Wide Staples Per Unit Ergonomic Design : Smooth Grip For Easy And Controlled Operation Fast Wound Closure : Ideal For Surgeries, Trauma, And Emergency Care Surgical-Grade Staples : Stainless-Steel For Strong, Clean Closures Single-Use &amp; Sterile : Reduces Infection Risk, No Need For Sterilization Pack Size : 1 Staplers (Individually Packed And Sterile) Universal Application : Suitable For Human And Veterinary Use	in_stock	https://oticamart.com/us/securelok-plastic-35w-skin-stapler-disposable-surgical-staple-gun-medical.html	7.94 USD				OTICA		new	no					adult		https://oticamart.com/media/catalog/product/s/u/surgical-stapler-pack-of-1-ohpl-waifu2x-photo-noise2-scale.png		Surgical Stapler Pack Of 1 OHPL	yes	1000
OST-11 Stethoscope black	Medical Student Stethoscope All Black Dual Side Aluminium Chestpiece Clear Sound Doctors Nurses & Students	Product Info The OTICA Medical Student Stethoscope (All Black) is designed to deliver reliable acoustic performance with comfort and durability for everyday clinical use. Featuring a dual-sided aluminium chestpiece with a tunable diaphragm, it enables clear detection of both high- and low-frequency heart and lung sounds for adult and pediatric assessments. The powder-coated finish enhances durability, while the latex-free, flexible PVC tubing ensures consistent sound transmission and long-term use. Soft, noise-isolating ear tips and a strong steel spring frame provide a secure, comfortable fit during extended wear. Ideal for doctors, nurses, medical students, clinics, and home care, it includes extra ear tips, a spare diaphragm, and a 1-year warranty for added value and peace of mind. &nbsp; Key Features Clear &amp; Accurate Acoustics – Dual-frequency performance lets you hear both high and low sounds with excellent clarity. Dual-Sided Aluminium Chestpiece – Tunable diaphragm supports adult and pediatric examinations. All-Black Professional Design – Sleek, modern look suitable for clinics, hospitals, and training use. Noise Isolation Technology – Minimizes external noise for accurate diagnosis. Comfort-Focused Ear Tips – Soft, snug ear knobs reduce fatigue during long shifts. Ideal for All Users – Perfect for doctors, nurses, medical students, clinics, and home care.	in_stock	https://oticamart.com/us/medical-student-stethoscope-all-black-dual-side-aluminium-chestpiece-clear.html?color=black	3.02 USD				OTICA	https://oticamart.com/media/catalog/product/a/r/artboard_2_2_1.png, https://oticamart.com/media/catalog/product/a/r/artboard_4_2.png, https://oticamart.com/media/catalog/product/a/r/artboard_3_2_1.png, https://oticamart.com/media/catalog/product/a/r/artboard_12.png, https://oticamart.com/media/catalog/product/a/r/artboard_5_2_1.png, https://oticamart.com/media/catalog/product/a/r/artboard_14.png	new	no				black	adult		https://oticamart.com/media/catalog/product/a/r/artboard_1.jpg		OST-11 Stethoscope black	yes	10
Veinhunter	VeinHunter Adult LED Vein Finder Detector All Age Skin Type Locator Viewer Doctors Hospital	Product Info The OTICA Veinhunter is handheld portable Finding machine Designed with maximum viewing area and optimum achieved contrast to meet maximum success rate in first insertion of the injection. as we know that today's generation has become more dependent on machines work rather than physical work. Physical activities help to make the visible that makes it easier to track our makes it easy for any type of test. But due to fast food and fewer body activities, it has become hard to track the and this is where comes into the picture. This device is a handy device to track the for easy use of injection and fewer chances of misses and completes the task in one go. Due to its illumination and large scale tracking the are visible to the medical personnel easily and don’t require multiple trials. It also helps to decrease the number of errors and clears the work in one go. &nbsp; Key Features Powerful illumination: This Vein finder vein locator vein detector help user to Cleary highlight the vein Rechargeable and Long Battery Life: The VeinHunter Vein finder includes a built-in rechargeable and long battery life up to 3 hours of continuous ON. and around a week time if you use intermediately 9 Adjustable Intensity Modes: Our Vein Finder features 9 customizable brightness levels and lighting combinations. This allows user to adjust the light intensity according to the skin type, lighting conditions, and depth of the veins Portable &amp; User-Friendly Operation: The device's lightweight and portable design allow for convenient use in various location and Simple to operate, with intuitive controls that enable efficient vein location and viewing. Suitable for All Ages &amp; Uses: make sure you dim the room light for better view. After Sale Support: The Otica Vein Hunter comes with a 2-year warranty with ensuring durability, performance, and peace of mind.	in_stock	https://oticamart.com/us/veinhunter-adult-led-vein-finder-detector-all-age-skin-type.html?color=blue	207.54 USD				OTICA	https://oticamart.com/media/catalog/product/7/1/7103yjegpfl._sl1500_.jpg, https://oticamart.com/media/catalog/product/7/1/71s5xukvnwl._sl1500_.jpg, https://oticamart.com/media/catalog/product/6/1/61rueiql46l._sl1500_.jpg, https://oticamart.com/media/catalog/product/7/1/71ku1usce-l._sl1500_.jpg, https://oticamart.com/media/catalog/product/7/1/71epjjwut7l._sl1500_.jpg, https://oticamart.com/media/catalog/product/7/1/71ziaywz9wl._sl1500_.jpg, https://oticamart.com/media/catalog/product/h/q/hqdefault_1.jpg	new	no				blue	adult		https://oticamart.com/media/catalog/product/6/1/61j9318ushl._sl1500_.jpg		Veinhunter	yes	5
ECG CLAMP SET OF 4	ECG EKG Clamp Electrode Premium Quality Universal Limb Electrodes Adults Set 4 Suitable All Types Machines	Product Info The OTICA ECG Clamp Set of 4 is a professional-grade collection of reusable limb electrode clamps intended for diagnostic and monitoring ECG procedures. Each clamp is engineered to provide secure attachment to patient limbs while maintaining consistent conductivity for accurate waveform capture. Built with durable, medical-safe materials, the clamps minimize motion artifacts and environmental noise, helping clinicians obtain clean, high-quality signals. Compatible with standard snap or banana connector ECG lead cables, the set is suitable for hospitals, clinics, veterinary use, and training environments where reusable electrodes are preferred. The clamps are color-coded to match conventional ECG limb lead placement, allowing fast identification and reducing setup errors. The corrosion-resistant conductive plates and optimized spring pressure ensure long service life even under frequent disinfection cycles. &nbsp; Key Features Set includes 4 limb clamps: RA, LA, RL, LL configuration standard Universal compatibility with standard ECG lead cables (snap/banana connectors) Stable conductivity for high-fidelity, low-noise signal capture Spring-loaded design with calibrated pressure to reduce motion artifacts Color-coded (red, yellow, green, black) for accurate limb lead placement Reusable and built from durable, medical-safe, corrosion-resistant materials Easy to clean and disinfect, supporting frequent clinical use Suitable for diagnostic, monitoring, training, and veterinary ECG applications&nbsp;	in_stock	https://oticamart.com/us/ecg-ekg-clamp-electrode-premium-quality-universal-limb-electrodes-adults.html	43.75 USD				OTICA	https://oticamart.com/media/catalog/product/6/1/61ydhxw7xrl._sl1500_.jpg, https://oticamart.com/media/catalog/product/7/1/719iyseikhl._sl1500_.jpg, https://oticamart.com/media/catalog/product/7/1/7163uymg2dl._sl1500_.jpg, https://oticamart.com/media/catalog/product/6/1/61q0gjiv9tl._sl1500_.jpg, https://oticamart.com/media/catalog/product/8/1/81kqmezgqjl._sl1500_.jpg, https://oticamart.com/media/catalog/product/7/1/71qq2hxljzl._sl1500_.jpg, https://oticamart.com/media/catalog/product/h/q/hqdefault_4_1.jpg	new	no					adult		https://oticamart.com/media/catalog/product/6/1/61sou3u1ghl._sl1500__1_.jpg		ECG CLAMP SET OF 4	yes	5
ECG Chest Bulb	ECG Adult Chest Suction Electrode Bulb Machine Multicolor Set 6	Product Info The OTICA ECG Adult Chest Suction Electrode Bulb is designed for use with standard ECG machines, offering a reliable and reusable electrode solution for adult patients. Made with medical-grade materials and precision-engineered conductive surfaces, this electrode ensures stable skin contact and optimizes signal conduction for accurate ECG waveform acquisition. Its suction-type design enhances attachment and reduces motion artifacts, making it suitable for continuous monitoring or diagnostic procedures. The product meets standard medical specifications and is compatible with most ECG lead cable systems used in hospitals and clinics. Ideal for clinicians, diagnostic labs, veterinary use, and ECG training environments — it balances dependable performance with ease of cleaning and reuse &nbsp; Key Features High-quality suction electrode bulb designed for adult ECG use Medical-grade conductive surface ensures stable, low-noise signal capture Suction-based attachment enhances skin contact and reduces motion artifacts Compatible with standard ECG lead cable interfaces Durable construction supports repeated cleaning and reuse Optimized for diagnostic ECG machines in hospitals, clinics, labs, and training centers Consistent performance for monitoring and recording ECG waveforms	in_stock	https://oticamart.com/us/ecg-adult-chest-suction-electrode-bulb-machine-multicolor-set-6.html	4.84 USD				OTICA	https://oticamart.com/media/catalog/product/6/1/610pluwa9fl._sl1500__1.jpg, https://oticamart.com/media/catalog/product/6/1/61gsptjrs-l._sl1000__1.jpg, https://oticamart.com/media/catalog/product/6/1/61ir7gwytnl._sl1000__1.jpg, https://oticamart.com/media/catalog/product/6/1/61diqsisrbl._sl1000__1.jpg, https://oticamart.com/media/catalog/product/6/1/61nnxnjxa9l._sl1500__1.jpg, https://oticamart.com/media/catalog/product/6/1/61dpfgth4kl._sl1500__1.jpg, https://oticamart.com/media/catalog/product/7/1/71-5fpmqa8l._sl1500__1.jpg, https://oticamart.com/media/catalog/product/6/1/61ogpxzydul._sl1000__1.jpg, https://oticamart.com/media/catalog/product/h/q/hqdefault_5.jpg	new	no					adult		https://oticamart.com/media/catalog/product/5/1/51yh4lz9mfl._sl1000__1.jpg		ECG Chest Bulb	yes	100
VeinHunter Pro	Portable Vein Finder Handheld Device for IV Access Phlebotomy, Nurses, Clinics, & Homes	Product Info OTICA Vein Hunter Pro is an advanced LED-based vein locator designed to simplify and improve the success rate of intravenous access and phlebotomy procedures. It utilises powerful LED illumination to make subcutaneous veins visible on the skin surface — thereby reducing the guesswork and discomfort associated with blind needle insertion. Equipped with 30 bright LEDs (22 in orange spectrum and 8 in high-density red), the device offers up to 9 different illumination intensity settings, enabling adaptation to varying skin tones, ages, and vein visibility conditions. Weighing only around 90 grams and designed to be handheld and portable, Vein Hunter Pro is rechargeable and provides a long battery backup — making it suitable for sustained use in busy clinical environments. Whether you are working in paediatrics, oncology, anaesthetics, nephrology, blood banks, ICU/NICU, or general wards, this device supports efficient venous access even for difficult patients: obese, dark-skinned, elderly, paediatric, or those with fragile veins. By clearly highlighting vein paths and bifurcations, it reduces multiple needle-sticks, repeated attempts, and associated discomfort — thereby enhancing patient comfort and clinical workflow. The product is especially useful in settings where quick, accurate IV access or blood draw is critical. With its compact handheld design, adjustable light intensity, portability, and robust performance across all age groups, OTICA Vein Hunter Pro represents a valuable investment for hospitals, clinics, diagnostic labs, and nursing care settings seeking to improve first-attempt success rates and patient experience. &nbsp; Key Features 30 ultra-bright LEDs (22 orange + 8 red) for clear vein visualization under skin 9 adjustable intensity modes to adapt to different skin tones and vein visibility Handheld and ultra-lightweight (~90 g) for portable, easy use Rechargeable battery — long continuous operation suitable for busy clinical use Effective for adults, children, and geriatric patients — all age groups Suitable for all skin types including dark skin, obese patients, or difficult veins Improves first-attempt success for IV insertion / blood draws / cannulation Highlights vein bifurcations and branching for accurate site selection Reduces multiple needle-pricks — improves patient comfort and reduces anxiety Useful across specialties: Anaesthetics, Paediatrics, Oncology, Nephrology, ICU/NICU, Blood-bank, Pathology labs Helps in emergency setups requiring fast IV access Compact, ergonomic design — easy handling with one hand Enables better visualization in dark / low-light environments (wards, ICU) Decreases procedure time for venipuncture / intravenous access Reduces risk of complications (hematoma, extravasation) by enabling accurate vein selection Minimizes needle-related trauma in children, elderly or patients with fragile veins Improves efficiency for nurses, phlebotomists and other healthcare workers Suitable for both routine and difficult-case vascular access scenarios	in_stock	https://oticamart.com/us/vein-hunter-pro-finder-iv-access-phlebotomy-nurse-clinics-homes.html	223.25 USD				OTICA	https://oticamart.com/media/catalog/product/7/1/71tx23dm93l._sl1500_.jpg, https://oticamart.com/media/catalog/product/8/1/810qcpkgkfl._sl1500_.jpg, https://oticamart.com/media/catalog/product/7/1/71zma00ntnl._sl1500__1_.jpg, https://oticamart.com/media/catalog/product/7/1/71ahmux1kbl._sl1500_.jpg, https://oticamart.com/media/catalog/product/7/1/71nwbhxzdql._sl1500_.jpg, https://oticamart.com/media/catalog/product/8/1/81ivohtc5yl._sl1500_.jpg, https://oticamart.com/media/catalog/product/7/1/71zma00ntnl._sl1500_.jpg, https://oticamart.com/media/catalog/product/7/1/71a6erpazyl._sl1500_.jpg, https://oticamart.com/media/catalog/product/h/q/hqdefault_5_4.jpg	new	no					adult		https://oticamart.com/media/catalog/product/7/1/71yiumz66wl._sl1500_.jpg		VeinHunter Pro	yes	5
Hospital Nebulizer ONEB9	Hospital Nebulizer Machine Child Adults Pure Copper Motor-ONEB9	Product Info The OTICA Hospital Nebulizer is engineered for reliable, high-efficiency aerosol therapy suitable for frequent use in both home and clinical environments. Its robust pure-copper piston motor provides stable pressure and continuous airflow to convert medication into fine mist for improved absorption in the lungs. Ideal for treating asthma, COPD, bronchitis, allergies and chronic respiratory issues, this nebulizer ensures fast and comfortable inhalation therapy for adults and children. The complete kit includes adult and pediatric masks, mouthpiece, medication chamber, tubing and filters, making it ready to use immediately. Designed for durability, low noise and consistent performance, it offers hospital-grade precision in a compact, easy-to-maintain form. &nbsp; Key Features Hospital-grade compressor nebulizer for adults and children Pure-copper piston motor for long-lasting performance Produces ultra-fine aerosol particles for deep lung delivery Fast and efficient medication atomization Helps treat asthma, COPD, bronchitis and respiratory congestion Stable airflow and consistent mist output Supports up to 8 ml medication capacity Low-noise operation suitable for home and clinical use Durable body designed for long therapy sessions Includes adult and pediatric masks Comes with mouthpiece, tubing and medication cup Easy to assemble, operate and clean Suitable for daily or frequent use Compact and portable design for storage and travel Ensures better absorption than oral medication routes Ideal for elderly and children who struggle with inhalers Designed for reliable continuous therapy Non-heated aerosol ensures medication integrity All essential accessories included in the kit Suitable for home care, clinic or hospital environments	in_stock	https://oticamart.com/us/hospital-nebulizer-machine-child-adults-pure-copper-motor-oneb9.html?color=white	9.70 USD				OTICA	https://oticamart.com/media/catalog/product/8/1/81dntlkc2al._sl1500_.jpg, https://oticamart.com/media/catalog/product/8/1/81y83e9if9l._sl1500_.jpg, https://oticamart.com/media/catalog/product/8/1/81a5bjt5mfl._sl1500_.jpg, https://oticamart.com/media/catalog/product/8/1/81wlcx-c9fl._sl1500_.jpg, https://oticamart.com/media/catalog/product/8/1/811dkou_t5l._sl1500_.jpg, https://oticamart.com/media/catalog/product/h/q/hqdefault_5_6.jpg	new	no				white	adult		https://oticamart.com/media/catalog/product/7/1/71o8jy8ixwl._sl1500_.jpg		Hospital Nebulizer ONEB9	yes	100
OTICA Home Nebulizer for Child and Adults ONEB-7	Home Nebulizer Child Adults-ONEB 7	Product Info The OTICA NEBULIZER ONEB 7 is a precision-built compressor nebulizer developed to support effective management of asthma, COPD, bronchitis, and other respiratory conditions. Its advanced atomization technology produces ultra-fine aerosol particles that reach the lower respiratory tract, ensuring maximum absorption of inhaled medication. Engineered with a powerful yet quiet motor, the device maintains steady airflow for uninterrupted nebulization. The robust medical-grade construction enhances reliability, while the intuitive one-button operation makes it suitable for home, clinical, and travel use. With fast conversion rate, reduced treatment time, and compatibility with a wide range of liquid medications, OTICA ONEB 7 provides dependable respiratory care for all age groups. . &nbsp; Key Features • High-efficiency compressor for rapid medication delivery• Ultra-fine particle output for deeper lung reach• Stable airflow ensuring consistent nebulization• Low-noise operation ideal for home and night use• Durable medical-grade build for long service life• Suitable for asthma, COPD, and chronic bronchitis• Fast nebulization rate to shorten therapy time• Works with most prescribed and OTC nebulizer medications• User-friendly one-button operation• Compact and lightweight for portability• Overheat protection for enhanced safety	in_stock	https://oticamart.com/us/home-nebulizer-child-adults-oneb-7.html?color=white	9.70 USD				OTICA	https://oticamart.com/media/catalog/product/8/1/81jgt3peo7l._sl1500_.jpg, https://oticamart.com/media/catalog/product/8/1/81v2c7sbowl._sl1500_.jpg, https://oticamart.com/media/catalog/product/8/1/81vwrgvx-fl._sl1500_.jpg, https://oticamart.com/media/catalog/product/8/1/811fcez4qwl._sl1500_.jpg, https://oticamart.com/media/catalog/product/8/1/81qf2nbqnzl._sl1500_.jpg, https://oticamart.com/media/catalog/product/8/1/81rgkfqqf6l._sl1500_.jpg, https://oticamart.com/media/catalog/product/7/1/71ao91ykkql._sl1500_.jpg, https://oticamart.com/media/catalog/product/8/1/81dn5cdys5l._sl1500_.jpg	new	no				white	adult		https://oticamart.com/media/catalog/product/7/1/71r7-r1oi6l._sl1500__1_.jpg		OTICA Home Nebulizer for Child and Adults ONEB-7	yes	100
XRAY VIEW BOX OHPL-1	Fully Automatic LED X Ray View Box 1 Year Warranty Variable Brightness Control Hospital Clinic Extra Bright XRAY Box	Product Info FThe OTICA X-Ray View Box is engineered for precise radiograph examination using advanced high-intensity LED illumination that provides consistent 10,000–12,000 Lux brightness across the entire screen. The uniform light distribution enhances image clarity, enabling doctors to interpret X-rays with greater accuracy. Its ultra-slim, lightweight structure and smooth acrylic viewing surface support easy wall or table installation. Designed with film-grip clamps to hold X-ray sheets securely, the unit operates with minimal heat, low power consumption, and extended LED life. Ideal for hospitals, dental clinics, physiotherapy centers, orthopedic practices, and imaging facilities seeking dependable, professional-grade viewing equipment. &nbsp; Key Features • High-brightness LED illumination for accurate X-ray reading • 10,000–12,000 Lux output for medical-grade clarity • Uniform backlight distribution with zero dark spots • Ultra-slim, modern, lightweight design • Energy-efficient LEDs with long operational life • Low heat emission for safe continuous use • Flicker-free lighting reduces eye strain • High-quality acrylic viewing panel • Film-grip holders to secure X-ray sheets • Durable frame suitable for long-term clinical use • Wall-mount and table-mount compatible • Low power consumption for daily imaging workloads • Quick start illumination with no warm-up time • Vibration-free, silent operation • Stable illumination for precise diagnostics • Suitable for hospitals, clinics, and laboratories • Easy to clean and maintain • Even performance for orthopedic, dental, and radiology use • Designed for consistent brightness over full panel • Professional construction compliant with clinical standards	in_stock	https://oticamart.com/us/fully-automatic-led-ray-view-box-1-year-warranty.html	16.37 USD				OTICA	https://oticamart.com/media/catalog/product/7/1/710au5tfkol._sl1500_.jpg, https://oticamart.com/media/catalog/product/7/1/71iep3ctail._sl1500_.jpg, https://oticamart.com/media/catalog/product/7/1/718mtga9hkl._sl1500_.jpg, https://oticamart.com/media/catalog/product/7/1/71tu3mrufkl._sl1500_.jpg, https://oticamart.com/media/catalog/product/7/1/71fkecsfwxl._sl1500_.jpg	new	no					adult		https://oticamart.com/media/catalog/product/6/1/61cari8mqpl._sl1500_.jpg		XRAY VIEW BOX OHPL-1	yes	99
Enema kit OHPL-1	Enema Kit Adults Kids Flexible Tube Self Use Enima Pot Home 1500ml	Product Info The OTICA Enema Kit offers a complete, reusable enema system for home use — suitable for adults and children alike. The 1500 ml graduated PVC container (with lid) holds sufficient fluid for effective colon cleansing or bowel irrigation. Connected to this is a 2-metre long food-grade soft tube, providing ample reach and flexibility for varied positions or setup methods (sitting, lying, raised bag, etc.). The kit includes multiple detachable colon-tips: a long tip with 9 holes for adults and a shorter tip with 5 holes for children, ensuring gentle and even fluid distribution inside the colon. A flow-adjustment knob and clamp allow users to regulate the water flow rate to their comfort level. All parts are detachable, facilitating easy cleaning and maintenance. The kit’s design — including rounded, non-traumatic tips and flexible tubing — prioritizes user comfort and safety. It comes with a user manual and all necessary accessories: main bowl with lid, 2 large tips, 2 short tips, 2-metre tube, flow controller/clamp, catheter (colon tip), making it a convenient all-in-one solution for bowel cleansing, relief from occasional constipation, or pre-procedure preparation at home. &nbsp; Key Features 1500 ml capacity graduated PVC container with secure lid — enough volume for effective colon cleansing. 2-metre food-grade soft tube: long and flexible for comfortable use in different positions or setups. Multiple detachable colon-tips: long tip (9 holes) for adults, short tip (5 holes) for children. Rounded, non-traumatic tip design for safe and gentle insertion. Flow-control knob + clamp for adjustable fluid flow and better user control. Four flexible colon tubes with multi-hole design ensure even fluid distribution along the colon. Detachable tips and tube enable thorough cleaning and reuse. Suitable for both adults and children — a family-use device. Helps relieve occasional constipation or for pre-procedure bowel cleansing. Can be used for plain water, saline, or medically recommended solutions (as advised by a physician). Reusable — cost-effective alternative to disposable enema systems. Comes with user manual and all necessary accessories in one kit. Non-traumatic design reduces risk of injury when used correctly. Suitable for self-use at home, offering convenience and privacy. Ideal for individuals needing occasional bowel cleansing.	in_stock	https://oticamart.com/us/enema-kit-adults-kids-anima-flexible-tube-self-use-enima.html?color=white	3.02 USD				OTICA	https://oticamart.com/media/catalog/product/6/1/61f0ztbtqrl._sl1500_.jpg, https://oticamart.com/media/catalog/product/7/1/71g4emgoe-l._sl1500_.jpg, https://oticamart.com/media/catalog/product/6/1/61uq6cuxdjl._sl1500_.jpg, https://oticamart.com/media/catalog/product/6/1/61w0t7ke3bl._sl1500_.jpg, https://oticamart.com/media/catalog/product/7/1/71wjpwmxtel._sl1500_.jpg, https://oticamart.com/media/catalog/product/7/1/719odmeoogl._sl1500_.jpg, https://oticamart.com/media/catalog/product/h/q/hqdefault_5_8.jpg	new	no				white	adult		https://oticamart.com/media/catalog/product/6/1/616haw4p08l._sl1500_.jpg		Enema kit OHPL-1	yes	50
Sanitizer Stand	Hand Sanitizer Dispenser Stand Wall Mount Type Stainless Steel	Product Info The OTICA Sanitizer Stand is engineered for professional hygiene control, offering a robust, stable, and maintenance-friendly solution for public and corporate environments. Constructed with premium metal components and a wide anti-tip base, it securely supports automatic or manual sanitizer dispensers. The stand features adjustable height, a universal mounting plate, and a corrosion-resistant finish suitable for continuous use in hospitals, clinics, malls, airports, schools, and workplaces. Designed for ease of assembly and long-term performance, this OTICA stand ensures organized sanitizer placement and helps maintain strict sanitation standards in high-traffic zones. &nbsp; Key Features Heavy-duty metal construction for long service life Universal mounting plate compatible with most dispenser brands Corrosion-resistant coating suitable for frequent sanitization Ideal for hospitals, clinics, and healthcare facilities Quick and tool-friendly installation Designed for continuous, high-traffic usage Smooth finish minimizes dirt buildup	in_stock	https://oticamart.com/us/hand-sanitizer-dispenser-stand-wall-mount-type-stainless-steel-only.html	4.84 USD				OTICA	https://oticamart.com/media/catalog/product/7/1/71y5qqkebgl._sl1500_.jpg, https://oticamart.com/media/catalog/product/7/1/71qnzyqix1l._sl1500_.jpg, https://oticamart.com/media/catalog/product/7/1/71jx5wlfsll._sl1500_.jpg, https://oticamart.com/media/catalog/product/7/1/71h3o7vsgrl._sl1500_.jpg, https://oticamart.com/media/catalog/product/7/1/71_n-fbrgcl._sl1500_.jpg	new	no					adult		https://oticamart.com/media/catalog/product/6/1/61rlawpisdl._sl1500_.jpg		Sanitizer Stand	yes	100
Sanitizer Stand-1	Bed Hanging Stand Hand Sanitizer Bottle Holder	Product Info The Bed Hanging Stand With Hand Sanitizer Bottle Holder&nbsp;Is A Smart, Space-Saving Solution Designed To Promote Hygiene And Safety At The Bedside. Easily Mounted To Most Hospital Or Home Care Beds, This Accessory Holds A Standard-Size Sanitizer Bottle Securely Within Arm’S Reach For Patients, Caregivers, Or Medical Staff. Constructed From Durable, Powder-Coated Metal Or Stainless Steel, It Features A Universal Clamp Mechanism For Easy Installation Without Tools. The Holder Section Is Designed To Accommodate A Variety Of Sanitizer Bottle Sizes, Ensuring Flexibility And Ease Of Replacement. This Accessory Is Ideal For Icus, General Wards, Post-Surgery Rooms, Elderly Care, And Home Setups, Helping Reduce The Spread Of Infections By Making Hand Hygiene Quick And Convenient. . &nbsp; Key Features Bed-Mounted Design :&nbsp;Clips Securely Onto Most Bed Rails Or Frames Built-In Bottle Holder :&nbsp;Fits Standard Hand Sanitizer Bottles (Typically 500Ml) Promotes Bedside Hygiene :&nbsp;Encourages Frequent Hand Cleaning Durable Construction :&nbsp;Rust-Resistant And Easy To Clean Tool-Free Installation :&nbsp;Fast Setup And Removal Ideal For :&nbsp;Hospitals, Nursing Homes, Patient Recovery Rooms, And Home Care	in_stock	https://oticamart.com/us/bed-hanging-stand-hand-sanitizer-bottle-holder-1.html	3.63 USD				OTICA	https://oticamart.com/media/catalog/product/5/1/51hhziqgk_l._sl1000_.jpg, https://oticamart.com/media/catalog/product/5/1/511j_jfk8rl._sl1000_.jpg, https://oticamart.com/media/catalog/product/4/1/41tyrdbezkl._sl1000_.jpg, https://oticamart.com/media/catalog/product/5/1/51f1utddu9l._sl1000_.jpg, https://oticamart.com/media/catalog/product/4/1/41yxnxeigbl._sl1000_.jpg, https://oticamart.com/media/catalog/product/4/1/41v9kdwvunl._sl1000_.jpg	new	no					adult		https://oticamart.com/media/catalog/product/5/1/51bjkwg_jql._sl1000_.jpg		Sanitizer Stand-1	yes	100
25282-C	Welch Allyn Diagnostic 3.5 V Halogen HPX illumination Fiber Optic Otoscope Professional Full Set 25282 C	Product Info The Welch Allyn OTOSCOPE 25282-C is a professional-grade diagnostic otoscope designed for accurate, reliable ear examinations in clinical settings. It combines fibre-optic technology with a Halogen HPX lamp to deliver a 360° “cool light” ring that avoids reflections or obstructions, ensuring a clear, detailed view of ear canal and tympanic membrane. The high-output Halogen HPX lamp delivers 30 % more light for true tissue-color visualization and consistent, long-lasting illumination. &nbsp; Key Features Designed For Pediatrics : Safe And Effective For Infants, Toddlers, And Children Fibre-optic illumination ensuring 360° cool light ring with no reflections or obstructions Halogen HPX™ lamp delivering bright, tissue-true coloration and long lamp life Wide-angle viewing lens for enhanced visibility under magnification Sealed system with port for pneumatic otoscopy	in_stock	https://oticamart.com/us/welch-allyn-diagnostic-3-5-v-halogen-hpx-illumination-fiber-optic.html	546.12 USD				Welch Allyn	https://oticamart.com/media/catalog/product/4/1/41bv-xb23rl._sl1183_.jpg, https://oticamart.com/media/catalog/product/5/1/51fpwd16fml._sl1000_.jpg, https://oticamart.com/media/catalog/product/4/1/41hg-mvtmwl.jpg, https://oticamart.com/media/catalog/product/4/1/41acuyzqtcl.jpg, https://oticamart.com/media/catalog/product/4/1/41lk-dd1qml.jpg, https://oticamart.com/media/catalog/product/5/1/51lhaabgxol._sl1200_.jpg, https://oticamart.com/media/catalog/product/h/q/hqdefault_5_11.jpg	new	no					adult		https://oticamart.com/media/catalog/product/6/1/61n17ow-fjl._sl1500_.jpg		25282-C	yes	5
25282 C LED	Welch Allyn Diagnostic Otoscope 3.5 V LED illumination Fiber Optic Professional Full Set 25282 C LED	Product Info The Welch Allyn 25282-CL LED Otoscope is designed for clinical professionals who require precision, reliability, and versatility in ENT examinations. The fiber-optic illumination system, paired with SureColor™ LED lighting, provides a bright, white, and colour-accurate view of internal ear anatomy — ensuring diagnostically useful images with minimal glare or reflection. The wide-angle viewing lens enhances visibility under magnification, making it easier to inspect the ear canal and tympanic membrane in detail. A built-in throat illuminator / penlight adds extra functionality for throat or oropharyngeal inspection. The device also supports pneumatic otoscopy via a dedicated port, enabling assessment of tympanic membrane mobility — a key diagnostic step in conditions such as otitis media. The set includes multiple reusable ear specula (various sizes), making it suitable for patients of different age groups. As a rechargeable 3.5 V unit, it provides reliable power for repeated examinations without frequent battery changes, reducing long-term operating cost. With its durable construction and ergonomic design, the 25282-CL is suited to busy clinics, ENT practices, hospitals, and general physician offices.. &nbsp; Key Features Model 25282-CL uses fiber-optic illumination with SureColor™ LED for bright, white, true-colour light Wide-angle viewing lens for improved visibility under magnification Rechargeable 3.5 V power handle — suitable for repeated clinical use Reusable specula reduce consumable costs over time	in_stock	https://oticamart.com/us/welch-allyn-diagnostic-otoscope-3-5-v-led-illumination-fiber-optic.html	559.81 USD				Welch Allyn	https://oticamart.com/media/catalog/product/5/1/51fpwd16fml._sl1000__1.jpg, https://oticamart.com/media/catalog/product/6/1/618zdoekuml._sl1500_.jpg, https://oticamart.com/media/catalog/product/4/1/41hg-mvtmwl_1.jpg, https://oticamart.com/media/catalog/product/4/1/41acuyzqtcl_1.jpg, https://oticamart.com/media/catalog/product/4/1/41lk-dd1qml_1.jpg, https://oticamart.com/media/catalog/product/4/1/41bv-xb23rl._sl1183__1.jpg, https://oticamart.com/media/catalog/product/5/1/51lhaabgxol._sl1200__1.jpg	new	no					adult		https://oticamart.com/media/catalog/product/6/1/61n17ow-fjl._sl1500__1.jpg		25282 C LED	yes	5
11772 VCL	Welch allyn Diagonistic Professional Ophthalmoscope 3.5V SureColor LED Coaxial Set 11772VCL	Product Info The Welch Allyn 11720 LED Ophthalmoscope leverages the proprietary Coaxial Vision System and long-lasting SureColor LED illumination to deliver a shadow-free, uniform, bright white light for fundus and anterior segment examinations. With 18 aperture/filter combinations (including micro, slit, cobalt blue and red-free), and a diopter range from –25 to +40 D across 28 focusing lenses, it enables precise visualization of optic disc, vessels, retina and cornea — even through undilated pupils. Compatible with all 3.5 V Welch Allyn handles, this compact head offers enhanced diagnostic versatility and durable sealed optics for long-term use.. &nbsp; Key Features SureColor LED illumination for bright, consistent, true-color light output 18 aperture/filter combinations including micro, small, large spot, slit, fixation target, cobalt blue, red-free Polarizing filter to minimize corneal reflections 28 focusing lenses covering –25 to +40 diopter range for refractive flexibility	in_stock	https://oticamart.com/us/welch-allyn-diagonistic-professional-ophthalmoscope-3-5v-surecolor-led-coaxial-set.html	546.12 USD				Welch Allyn		new	no					adult		https://oticamart.com/media/catalog/product/4/1/41tweng3nal.jpg		11772 VCL	yes	1
18342	Welch Allyn Retinoscope 3.5 V Diagnostic HPX illumination Professional Full Set 18342-C	Product Info Welch Allyn 3.5V Halogen HPX Streak Retinoscope With Ni-Cd Rechargable Handle Set 18342 Enhanced light ouptut makes refractions easier than ever, by producing one of the sharpest, brightest and cleanest streaks available on the market. Discover unparalleled performance in a compact design with convenient, user-friendly features. Features · 2.8X the brightness and superior streak quality versus standard retinoscopes · Superior streak quality enables easier and quicker refractions · Optional crossed-linear polarizing filter removes 99% of glare from trial lenses · External focusing sleeve offers continuous rotation · Sealed optics keep dust out and optics clean for a more effective exam · Fits all Welch Allyn 3.5 V power sources &nbsp; Key Features 18342 VC Streak Retinoscope	in_stock	https://oticamart.com/us/welch-allyn-retinoscope-3-5-v-diagnostic-hpx-illumination-professional-full.html	546.12 USD				Welch Allyn	https://oticamart.com/media/catalog/product/3/1/31yyep00mll.jpg	new	no					adult		https://oticamart.com/media/catalog/product/6/1/61khu5wm6fl._sl1078__1_.jpg		18342	yes	1
72300 Battery	Welch Allyn Battery 72300 Otoscope Ophthalomoscope Retinoscope Model	Product Info The Welch Allyn 72300 Rechargeable Battery is engineered to deliver consistent, dependable power for Welch Allyn 3.5 V/3.6 V diagnostic handles commonly used in medical examinations — including otoscopes and ophthalmoscopes. Using advanced Nickel-Cadmium (NiCd) chemistry, the battery provides a nominal voltage of 3.5–3.6 V and a capacity in the range of 750–800 mAh, sufficient for rigorous clinical use and prolonged operation. Compatible with a broad range of Welch Allyn handles (71000-A, 71000-C, 71020-A/C, 23300, 71050, 71055C), this battery ensures proper functionality and optimal illumination for diagnostic instruments. The rechargeable design supports repeated recharge cycles, reducing the need for frequent replacements — a cost-efficient and environmentally friendly solution for clinics, hospitals, or private practices. As an OEM-spec battery, it meets the manufacturer’s fit, quality, and performance standards, offering reliable operation even under demanding conditions.. &nbsp; Key Features Compatibility with Welch Allyn 3.5 V/3.6 V handles such as 71000-A, 71000-C, 71020-A/C, 23300, 71050, 71055C Battery Chemistry: Nickel-Cadmium (NiCd) Capacity: approx. 750–800 mAh	in_stock	https://oticamart.com/us/welch-allyn-battery-72300-otoscope-ophthalomoscope-retinoscope-model.html	121.35 USD				Welch Allyn	https://oticamart.com/media/catalog/product/7/1/71wtbanw7xl._sl1500_.jpg, https://oticamart.com/media/catalog/product/7/1/71ah1mjiybl._sl1500_.jpg, https://oticamart.com/media/catalog/product/7/1/71dlxonp0cl._sl1500_.jpg, https://oticamart.com/media/catalog/product/7/1/71qwfcvuuwl._sl1500_.jpg	new	no					adult		https://oticamart.com/media/catalog/product/7/1/713jrqfg09l._sl1500_.jpg		72300 Battery	yes	5
Vein Finder	Pediatric LED Wrist Vein Finder, Premium Vein Detector for Neonates and Infants, USFDA Approved	Product Info Finding Veins In Children Can Be Challenging. The Pediatric Vein Finder With Ampule Is Designed Specifically To Help Healthcare Providers And Caregivers Locate Veins Quickly And Accurately In Young Patients. This Device Uses A Soft Amber Or Red Ampule Light To Gently Illuminate Veins Through The Skin, Making Iv Insertions, Blood Draws, And Injections More Precise And Less Stressful. The Child-Friendly Design Helps Ease Anxiety For Both The Child And The Parent, Improving The Overall Care Experience. Compact, Lightweight, And Easy To Use, It’S Perfect For Pediatricians, Hospitals, Emergency Rooms, And Even At-Home Care. &nbsp; Key Features Designed For Pediatrics : Safe And Effective For Infants, Toddlers, And Children Ampule Light Technology : Bright But Gentle Light For Vein Visualization Non-Invasive &amp; Radiation-Free : Uses Led Light, No Lasers Or Heat Reduces Failed Iv Attempts : Helps Locate Veins Quickly And Accurately Portable &amp; Easy To Use : Battery-Operated And Lightweight For Mobile Use Ideal For Clinics, Hospitals &amp; Home Care	in_stock	https://oticamart.com/us/pediatric-led-wrist-vein-finder-premium-detector-neonatal-locator-infant.html?color=blue	54.98 USD				OTICA	https://oticamart.com/media/catalog/product/7/1/71s_nukds1l._sl1500_.jpg, https://oticamart.com/media/catalog/product/6/1/61qswjgu-ll._sl1500_.jpg, https://oticamart.com/media/catalog/product/6/1/6115dsmiknl._sl1500_.jpg, https://oticamart.com/media/catalog/product/8/1/81rmhxjxpgl._sl1500_.jpg, https://oticamart.com/media/catalog/product/6/1/61pcrm7h8vl._sl1500__1_.jpg, https://oticamart.com/media/catalog/product/8/1/81ltfe9d8nl._sl1500_.jpg, https://oticamart.com/media/catalog/product/8/1/81rxxlbbgfl._sl1500_.jpg	new	no				blue	adult		https://oticamart.com/media/catalog/product/8/1/81z2xjjzjrl._sl1500_.jpg		Vein Finder	yes	5
Water Bed	Water Bed Sores Prevention Ridden Patient Long Term Hospitalization	Product Info The Medical Waterbed&nbsp;Is A Specially Designed Therapeutic Mattress That Offers Superior Comfort And Support For Individuals Requiring Extended Bed Rest Or Pressure Sore Prevention. Ideal For Use In Hospitals, Nursing Homes, Or At Home, This Waterbed Helps Distribute Body Weight Evenly, Minimizing Pressure On Sensitive Areas Like The Hips, Back, And Heels. Made From Durable, Medical-Grade Pvc, The Mattress Is Leak-Resistant, Easy To Clean, And Compatible With Most Hospital Or Regular Beds. It Conforms To The User’S Body Shape, Reducing The Risk Of Pressure Ulcers And Improving Blood Circulation. Whether You'Re A Caregiver, Hospital Staff, Or Home User, This Waterbed Is A Reliable Choice For Improving Patient Comfort, Especially In Cases Of Paralysis, Injury Recovery, Or Elderly Care. . &nbsp; Key Features Pressure Relief Support :&nbsp;Helps Prevent Bedsores And Ulcers High-Quality Pvc Material :&nbsp;Leak-Proof, Durable, And Medical-Grade Comfortable &amp; Therapeutic :&nbsp;Evenly Distributes Weight And Reduces Stress On Joints Easy To Fill &amp; Use :&nbsp;Standard Water Fill With Secure Cap System Compatible With Most Beds :&nbsp;Fits Hospital, Adjustable, Or Standard Home Beds Ideal For :&nbsp;Elderly Patients, Post-Surgery Recovery, Paralysis, Long-Term Care	in_stock	https://oticamart.com/us/water-bed-sores-prevention-ridden-patient-long-term-hospitalization.html	157.06 USD				OTICA	https://oticamart.com/media/catalog/product/5/_/5_4_1_1.jpg, https://oticamart.com/media/catalog/product/1/_/1_6_1_1.jpg, https://oticamart.com/media/catalog/product/2/_/2_5_1_1.jpg, https://oticamart.com/media/catalog/product/3/_/3_6_1_1.jpg	new	no					adult		https://oticamart.com/media/catalog/product/w/a/waterbed_1.jpg		Water Bed	yes	5
IV Stand	Hospital Saline IV Stand 4 Wheels Height Adjustable Drip	Product Info The IV Stand With 4 Wheels&nbsp;Is A Medical-Grade Infusion Stand Designed To Provide Reliable And Convenient Support For Iv Drips And Fluid Administration. Constructed With A Heavy-Duty Stainless Steel Pole, It Features Height Adjustability To Accommodate Various Patient Positions—Seated, Standing, Or Lying In Bed. Equipped With Four Smooth-Gliding Swivel Wheels, The Stand Ensures Easy Maneuverability In Tight Spaces Such As Hospital Rooms, Treatment Centers, Or Home Environments. The Sturdy Base With Anti-Tip Design Offers Excellent Stability, Even When Holding Multiple Iv Bags. Ideal For Continuous Care, This Iv Pole Is Perfect For Hospitals, Nursing Homes, Outpatient Clinics, Or At-Home Therapy Settings. Whether Used For Chemotherapy, Hydration, Or Medication Delivery, It Combines Functionality, Safety, And Ease Of Use. &nbsp; Key Features 4-Wheel Base :&nbsp;Smooth 360° Mobility For Effortless Transport Adjustable Height :&nbsp;Easily Raise Or Lower To Desired Drip Level Stainless Steel Construction :&nbsp;Rust-Resistant And Easy To Clean Anti-Tip Base Design :&nbsp;Ensures Safety And Balance During Movement Iv Hook Top :&nbsp;Holds 2 To 4 Iv Fluid Bags Securely Ideal For :&nbsp;Hospitals, Clinics, Home Care, Dialysis Centers, And More	in_stock	https://oticamart.com/us/hospital-saline-iv-stand-4-wheels-height-adjustable-drip.html	16.37 USD				OTICA	https://oticamart.com/media/catalog/product/5/1/51zmfu5nqbl._sl1500_.jpg, https://oticamart.com/media/catalog/product/8/1/81pwilgccfl._sl1500_.jpg, https://oticamart.com/media/catalog/product/8/1/81upzgspcwl._sl1500_.jpg, https://oticamart.com/media/catalog/product/8/1/81sgtoofu2l._sl1500_.jpg, https://oticamart.com/media/catalog/product/8/1/81rbscnufil._sl1500_.jpg, https://oticamart.com/media/catalog/product/8/1/81ypeamfjxl._sl1500_.jpg	new	no					adult		https://oticamart.com/media/catalog/product/7/1/71ugftxg1vl._sl1500__1_.jpg		IV Stand	yes	10
Humidifier Bottle with connector	Humidifier Bottle Tube Connector Oxygen Concentrator Universal Design Compatible all Types Machines	Product Info The OTICA Humidifier Bottle is engineered for oxygen concentrators requiring safe and efficient humidification for patient comfort. Made from premium, heat-resistant medical-grade polycarbonate, it effectively adds moisture to oxygen, reducing dryness and irritation during prolonged oxygen therapy. The precision-threaded inlet and outlet ports ensure stable attachment and leak-proof operation even under continuous high-flow conditions. Its transparent body allows easy water-level monitoring, while the wide-mouth opening supports hassle-free filling and cleaning. Designed for compatibility with most standard oxygen concentrators, this bottle provides reliable, consistent humidification performance for hospitals, clinics, and home-care setups.. &nbsp; Key Features Complete Set :&nbsp;Includes BOTL-1 Humidifier Bottle &amp; Connector-1 Reduces Dryness :&nbsp;Adds moisture to oxygen flow for patient comfort Universal Fit :&nbsp;Compatible with most concentrators and oxygen delivery systems Clear, Durable Construction :&nbsp;Easy to clean and monitor water level Leak-Proof Design :&nbsp;Ensures secure, stable oxygen flow Safe &amp; Reusable :&nbsp;High-quality plastic suitable for repeated use Ideal For : Home oxygen therapy, hospitals, elderly care, and respiratory clinics	in_stock	https://oticamart.com/us/humidifier-bottle-tube-connector-oxygen-concentrator-universal-design-compatible-all.html	3.02 USD				OTICA	https://oticamart.com/media/catalog/product/7/1/71psu9hsmcl._sl1500_.jpg, https://oticamart.com/media/catalog/product/7/1/71ol_jycwcl._sl1324_.jpg, https://oticamart.com/media/catalog/product/7/1/71l7zyuuy-l._sl1500_.jpg, https://oticamart.com/media/catalog/product/8/1/81uchwctool._sl1500_.jpg, https://oticamart.com/media/catalog/product/8/1/81hbhxwjtpl._sl1500_.jpg, https://oticamart.com/media/catalog/product/7/1/71thacnegll._sl1500_.jpg	new	no					adult		https://oticamart.com/media/catalog/product/7/1/71u9943pd4l._sl1500_.jpg		Humidifier Bottle with connector	yes	10
Distilled Water 1L	Distilled Water 1 Litre Ultrapure 0 TDS Water for Battery, Humidifiers, Inverter, Cosmetics & Oxygen Concentrators	Product Info OTICA Distilled Water is a high-purity consumable engineered for medical and laboratory environments requiring mineral-free performance. Manufactured through an advanced purification chain combining reverse osmosis, UV treatment, micron filtration, and steam distillation, it eliminates dissolved salts, heavy metals, and microbial contaminants. This ensures safe and stable operation of autoclaves, CPAP humidifiers, dental units, analyzers, and other precision equipment. Its low conductivity and zero-TDS profile protect internal components from scale, deposits, and corrosion, significantly improving device efficiency and lifespan. Packaged in a clean, tamper-sealed container, OTICA Distilled Water offers dependable consistency for clinical, industrial, and home medical use.. &nbsp; Key Features High-purity distilled water for medical and laboratory useProcessed with multi-stage purification for consistent quality Processed with multi-stage purification for consistent quality Reverse osmosis and steam distillation ensure ultra-low TDS Ideal for autoclaves, CPAP humidifiers, and sterilizers Prevents mineral scaling in sensitive equipment Protects device components from corrosion and deposits	in_stock	https://oticamart.com/us/distilled-water-1l-ultrapure-0-tds-battery-humidifiers-inverter-cosmetics.html	2.42 USD				OTICA	https://oticamart.com/media/catalog/product/9/1/91ifz0djjvl._sl1500__1_.jpg, https://oticamart.com/media/catalog/product/9/1/919rubvksdl._sl1500_.jpg, https://oticamart.com/media/catalog/product/9/1/91wuizcy_ql._sl1500_.jpg, https://oticamart.com/media/catalog/product/8/1/816-2xfbh5l._sl1500_.jpg, https://oticamart.com/media/catalog/product/8/1/81ph5sdydbl._sl1500_.jpg, https://oticamart.com/media/catalog/product/8/1/81nv6x08jcl._sl1500_.jpg, https://oticamart.com/media/catalog/product/8/1/81p0uh8c4fl._sl1500_.jpg, https://oticamart.com/media/catalog/product/8/1/81wqz9td8yl._sl1500_.jpg	new	no					adult		https://oticamart.com/media/catalog/product/7/1/71_yhvvzlyl._sl1500_.jpg		Distilled Water 1L	yes	10
Distilled Water 5L	Distilled Water 5 Litre Ultrapure 0 TDS Water for Battery, Humidifiers, Inverter, Cosmetics & Oxygen Concentrators	Product Info OTICA Distilled Water is a high-purity consumable engineered for medical and laboratory environments requiring mineral-free performance. Manufactured through an advanced purification chain combining reverse osmosis, UV treatment, micron filtration, and steam distillation, it eliminates dissolved salts, heavy metals, and microbial contaminants. This ensures safe and stable operation of autoclaves, CPAP humidifiers, dental units, analyzers, and other precision equipment. Its low conductivity and zero-TDS profile protect internal components from scale, deposits, and corrosion, significantly improving device efficiency and lifespan. Packaged in a clean, tamper-sealed container, OTICA Distilled Water offers dependable consistency for clinical, industrial, and home medical use. &nbsp; Key Features High-purity distilled water for medical and laboratory use Processed with multi-stage purification for consistent quality Reverse osmosis and steam distillation ensure ultra-low TDS Ideal for autoclaves, CPAP humidifiers, and sterilizers Prevents mineral scaling in sensitive equipment Protects device components from corrosion and deposits Ensures stable steam generation in autoclave chambers Suitable for dental units and diagnostic instruments Free from dissolved salts and heavy metal contaminants Low electrical conductivity for high-precision applications UV-treated and micro-filtered for added microbial safety Manufactured under hygienic, controlled processes Safe for long-term CPAP humidifier use	in_stock	https://oticamart.com/us/distilled-water-5l-ultrapure-0-tds-battery-humidifiers-inverter-cosmetics.html	6.06 USD				OTICA	https://oticamart.com/media/catalog/product/8/1/81kepk8ytzl._sl1500__1.jpg, https://oticamart.com/media/catalog/product/8/1/816odih-pil._sl1500__1.jpg, https://oticamart.com/media/catalog/product/8/1/81qp67c_vpl._sl1500__1.jpg, https://oticamart.com/media/catalog/product/8/1/81uq0omq0al._sl1500__1.jpg	new	no					adult		https://oticamart.com/media/catalog/product/5/1/51zwew4mycl._sl1024__1.jpg		Distilled Water 5L	yes	20
Foldable Stretcher-Single Fold-Mild Steel-Black	Foldable Stretcher Patient Shifting Portable Emergency Hospital Ambulance Use Safety Belt Single Fold Mild Steel Black		in_stock	https://oticamart.com/us/foldable-stretcher-patient-shifting-portable-emergency-hospital-ambulance-use-safety-13.html?size=single+fold&color=black&material=mild+steel	30.33 USD				OTICA	https://oticamart.com/media/catalog/product/b/l/black_1_fold-_mild_steel-2.jpg, https://oticamart.com/media/catalog/product/b/l/black_1_fold-_mild_steel-3.jpg, https://oticamart.com/media/catalog/product/b/l/black_1_fold-_mild_steel-4.jpg, https://oticamart.com/media/catalog/product/b/l/black_1_fold-_mild_steel-5.jpg	new	no	mild steel	Single Fold		black	adult		https://oticamart.com/media/catalog/product/b/l/black_1_fold-_mild_steel-1.jpg		Foldable Stretcher	yes	10
Welchallyn Compatible Reusable specula	Reusable Diagnostic Otoscope Ear Specula Set 2.5mm, 3mm,4mm & 5mm Compatible with Welch Allyn Otoscopes	Product Info The OTICA Reusable Diagnostic Otoscope Specula set is designed to support accurate and comfortable ear examinations across different patient age groups. This pack includes four commonly used sizes—2.5mm, 3mm, 4mm, and 5mm—allowing clinicians to choose the correct fit for pediatric and adult patients. Manufactured using medical-grade material, the specula provide smooth edges for patient comfort and clear visibility of the ear canal and tympanic membrane. These reusable ear specula are fully compatible with Welch Allyn otoscopes and can be easily cleaned and disinfected for repeated clinical use. Ideal for ENT doctors, general physicians, nurses, clinics, hospitals, and medical training environments. &nbsp; Key Features Set of 4 reusable otoscope ear specula Includes sizes 2.5mm, 3mm, 4mm, and 5mm Suitable for adult and pediatric ear examinations Compatible with Welch Allyn Otoscopes Medical-grade material for safe clinical use Easy to clean and disinfect	in_stock	https://oticamart.com/us/reusable-diagnostic-otoscope-specula-2-5mm-3mm-4mm-5mm-compatible-wellch.html	7.85 USD				OTICA	https://oticamart.com/media/catalog/product/7/1/716zwbtbxjl._sl1500_.jpg, https://oticamart.com/media/catalog/product/8/1/81m1ohzhqil._sl1500_.jpg, https://oticamart.com/media/catalog/product/7/1/71eomy5lfpl._sl1500_.jpg, https://oticamart.com/media/catalog/product/8/1/81k7nvmzfkl._sl1500_.jpg, https://oticamart.com/media/catalog/product/6/1/61gxxketqal._sl1500_.jpg	new	no					adult		https://oticamart.com/media/catalog/product/8/1/81aoomj5tkl._sl1500_.jpg		Welchallyn Compatible Reusable specula	yes	5
OST12 Stethoscope ALL black	All Black Dual Head Stethoscope for Medical Students and Doctors	Product Info The OTICA OST-12 Medical Student All Black Stethoscope combines durability, comfort, and clear acoustics for everyday clinical use. Built with an aluminium chestpiece and epoxy powder-coated frame, it offers long-lasting performance with a professional finish. The dual-sided chestpiece allows easy switching between diaphragm and bell, supporting accurate heart and lung sound detection for both adult and pediatric patients. Its 5 mm U-shaped black PVC tubing is latex-free, flexible, and resistant to wear, ensuring consistent sound transmission. Soft ear tips and an ergonomic headset reduce external noise and provide comfort during extended use. Ideal for doctors, nurses, medical students, and home healthcare use. &nbsp; Key Features Dual-sided diaphragm and bell chestpiece Aluminium chestpiece for clear acoustics Clear and deep sound transmission 5 mm U-shaped PVC tubing Noise isolation for focused listening Suitable for doctors and nurses	in_stock	https://oticamart.com/us/medical-student-all-black-stethoscope-dual-side-diagram-aluminium-chestpeice.html	3.90 USD				OTICA	https://oticamart.com/media/catalog/product/7/1/71woe3u6jzl._sl1500__1_.jpg, https://oticamart.com/media/catalog/product/7/1/71eudumu3bl._sl1500__1_.jpg, https://oticamart.com/media/catalog/product/7/1/71w1kvxrchl._sl1500_.jpg, https://oticamart.com/media/catalog/product/7/1/717dawuiqll._sl1500_.jpg, https://oticamart.com/media/catalog/product/7/1/718wonal8jl._sl1500__1_.jpg	new	no					adult		https://oticamart.com/media/catalog/product/7/1/71-gll-onbl._sx522_.jpg		OST12 Stethoscope ALL black	yes	937
Jal Neti Pots Salt sachets-50	Jal Neti Salt Sachets 5g x 50 Pure Additive-Free Ayurvedic Nasal Cleansing Salt (Non-Iodized, External Use)	Product Info OTICA Jal Neti Pots Salt is carefully prepared for safe and effective nasal irrigation. Intended strictly for external use, this non-edible saline powder is designed for Jala Neti practices using all standard Neti pots. Each sachet contains 5 g of fine-grain salt that dissolves quickly in lukewarm water, ensuring a smooth and comfortable nasal rinse. The formulation is free from fragrances, anti-caking agents, and preservatives, making it gentle on nasal membranes. Hygienically packed and clearly labeled to prevent misuse, this product supports regular nasal cleansing routines while maintaining safety and clarity of use. Not suitable for cooking or oral consumption. &nbsp; Key Features Specially formulated for nasal irrigation Designed for Jala Neti practice Compatible with all Neti pots Fine-grain texture for quick dissolving Dissolves easily in lukewarm water Hygienic individual sachet packaging	in_stock	https://oticamart.com/us/jal-neti-pots-salt-nasal-cleansing-5g-50-sachet.html	3.99 USD				OTICA	https://oticamart.com/media/catalog/product/5/1/513syp6fwhl.jpg, https://oticamart.com/media/catalog/product/5/1/51ojs3y3uxl.jpg, https://oticamart.com/media/catalog/product/6/1/61xw5icw5al.jpg, https://oticamart.com/media/catalog/product/6/1/61vqulcdoml.jpg, https://oticamart.com/media/catalog/product/5/1/51tawqixf7l.jpg, https://oticamart.com/media/catalog/product/6/1/61st1pefbrl.jpg, https://oticamart.com/media/catalog/product/6/1/610tyykhbhl.jpg, https://oticamart.com/media/catalog/product/5/1/51v7vr1a-pl.jpg	new	no					adult		https://oticamart.com/media/catalog/product/5/1/51z2ldgwfgl.jpg		Jal Neti Pots Salt sachets-50	yes	400
Guidel airway OHPL	Easy Cleaning Guedel Airway Set of 8 Smooth Oropharyngeal Airways for Emergency and Clinical Use	Product Info The OTICA Easy Cleaning Guedel Airway Box is a practical and reliable solution for airway management in clinical and emergency settings. This set includes 8 Guedel airways designed to help maintain a clear airway path during procedures requiring airway support. Each airway features a smooth surface that allows easy insertion, removal, and cleaning, supporting patient comfort and hygiene. Manufactured from durable material, these airways are suitable for repeated use in hospitals, clinics, ambulances, and emergency care environments. The sturdy storage box ensures all sizes remain organized, protected, and immediately ready for use, making it ideal for both routine practice and emergency preparedness. &nbsp; Key Features Includes 8 Guedel airways for versatile airway management needs Designed for easy insertion, removal, and patient comfort Suitable for emergency and routine medical procedures Suitable for emergency and routine medical procedures Keeps airways protected, sorted, and ready to use Ideal for hospitals, clinics, ambulances, and emergency kits	in_stock	https://oticamart.com/us/easy-cleaning-guedel-airway-box-set-8-smooth-path-oropharyngeal.html	5.51 USD				OTICA	https://oticamart.com/media/catalog/product/8/1/81dlzty4mdl._sl1500_.jpg, https://oticamart.com/media/catalog/product/7/1/71zhemasjul._sl1500_.jpg, https://oticamart.com/media/catalog/product/7/1/71rdwosi--l._sl1500_.jpg, https://oticamart.com/media/catalog/product/7/1/71h4xjkf5xl._sl1500_.jpg	new	no					adult		https://oticamart.com/media/catalog/product/n/a/nasal_wash_5_.png		Guidel airway OHPL	yes	100
new Philips Respironic M filter	CPAP Filter Philips Respironics Foam & Ultra Fine Replacement Compatible M Series PR System One SleepEasy	Product Info OTICA CPAP Filters provide reliable air filtration for Philips Respironics M Series, PR System One, and SleepEasy CPAP machines. This complete replacement set includes reusable foam pollen filters and disposable ultra-fine filters that work together to capture dust, pollen, and microscopic airborne particles before they reach your mask. By delivering cleaner air, these filters help support better breathing comfort and uninterrupted sleep therapy. Designed for quick, tool-free installation, they make routine CPAP maintenance simple and hassle-free. Made from premium-quality materials, OTICA filters also help extend the life of your CPAP device by preventing internal dust buildup. Ideal for regular replacement, this value pack ensures consistent performance, improved hygiene, and peace of mind for long-term CPAP users. &nbsp; Key Features Compatible with Philips Respironics M Series, PR System One, and SleepEasy CPAP machines for a perfect fit Dual filtration system with foam pollen and ultra-fine filters for superior air cleanliness Effectively traps dust, pollen, and fine airborne particles before they reach your mask Delivers cleaner airflow to support healthier breathing and better sleep quality Protects internal CPAP components by reducing dust buildup and wear Easy, tool-free installation allows quick and hassle-free filter replacement	in_stock	https://oticamart.com/us/cpap-filters-philips-respironics-foam-ultra-fine-replacement-compatible.html	3.63 USD				OTICA	https://oticamart.com/media/catalog/product/5/1/51naucbeqvl.jpg, https://oticamart.com/media/catalog/product/4/1/41qajlbepql_1_.jpg, https://oticamart.com/media/catalog/product/5/1/51odngbfuwl_1_.jpg, https://oticamart.com/media/catalog/product/5/1/51x9xjh6kql_1_.jpg, https://oticamart.com/media/catalog/product/5/1/51vrllnvmcl.jpg	new	no					adult		https://oticamart.com/media/catalog/product/4/1/41eqbreph_l.jpg		new Philips Respironic M filter	yes	120
new Yuwell 8F-5A Filter	Replacement Filter Yuwell 8F-5A Oxygen Concentrator High Efficiency Durable Medical Grade HEPA	Product Info The OTICA Replacement Filter for Yuwell 8F-5W Oxygen Concentrator is designed to ensure consistent, clean, and safe oxygen delivery. Engineered with high-efficiency medical-grade filtration, it effectively traps dust, bacteria, and airborne impurities before they enter the concentrator, helping protect both the user and the machine. The filter fits perfectly into Yuwell 8F-5W models and can be installed or removed easily without tools. Made from durable, non-toxic materials, it supports light washing to extend usability and reduce frequent replacements. Ideal for home care and clinical environments, this long-lasting filter helps maintain optimal concentrator performance and supports healthier breathing every day. &nbsp; &nbsp; &nbsp; &nbsp; Key Features Compatible specifically with Yuwell 8F-5W oxygen concentrators for a precise, secure fit High-efficiency air intake filtration delivers cleaner, safer oxygen every day Effectively traps dust, bacteria, and airborne particles before they enter the machine Supports healthier breathing for home users and medical environments Reusable and washable design reduces replacement frequency and overall cost Ideal for regular preventive maintenance to maintain optimal oxygen purity	in_stock	https://oticamart.com/us/replacement-filter-yuwell-8f-5a-oxygen-concentrator-high-efficiency-air.html	8.48 USD				OTICA	https://oticamart.com/media/catalog/product/3/1/31-mkpvmxfl.jpg, https://oticamart.com/media/catalog/product/2/1/21g8bupwknl.jpg, https://oticamart.com/media/catalog/product/3/1/31lrh2qk1pl.jpg, https://oticamart.com/media/catalog/product/4/1/41xxkltxa7l.jpg, https://oticamart.com/media/catalog/product/2/1/2163ghgqq6l.jpg	new	no					adult		https://oticamart.com/media/catalog/product/0/1/01aucxqng3l.jpg		new Yuwell 8F-5A Filter	yes	120
new RM S10/S9 filter	CPAP Filter ResMed Premium Disposable Universal Replacement Fits AirSense10 AirCurve10 Airstart10 S9 Series	Product Info The OTICA CPAP Machine Compatible Filter for ResMed is a premium disposable air filter engineered to deliver cleaner, healthier airflow during CPAP therapy. Featuring advanced 4-layer filtration made from ultra-fine fiber cotton, it effectively captures dust, pollen, and airborne debris before they reach your airway. Designed for a perfect fit with ResMed AirSense 10, AirCurve 10, Airstart 10, and S9 series machines, it installs easily in seconds with no tools or cleaning required. Regular replacement helps reduce allergens, improve breathing comfort, and protect the internal motor of your CPAP device. Ideal for home users seeking better sleep quality, improved respiratory health, and extended CPAP machine life. &nbsp; Key Features Perfect OEM-style fit for ResMed AirSense 10, AirCurve 10, Airstart 10 and S9 series CPAP machines Advanced 4-layer filtration blocks dust, pollen, and fine airborne particles Delivers cleaner air for healthier breathing and improved sleep quality Helps reduce sinus irritation, allergies, and nighttime discomfort Protects your CPAP motor from dust buildup and internal damage Ideal for daily CPAP users, allergy sufferers, and sensitive airways	in_stock	https://oticamart.com/us/cpap-machine-compatible-filter-resmed-premium-disposable-air-universal-replacement.html	3.63 USD				OTICA	https://oticamart.com/media/catalog/product/4/1/41m4r0hcfol.jpg, https://oticamart.com/media/catalog/product/5/1/51isr9rmdul.jpg, https://oticamart.com/media/catalog/product/5/1/51_0bee1-gl.jpg, https://oticamart.com/media/catalog/product/5/1/51qx94i2vyl.jpg, https://oticamart.com/media/catalog/product/5/1/51ha2gvkcel.jpg, https://oticamart.com/media/catalog/product/3/1/31hxh6q-jvl.jpg, https://oticamart.com/media/catalog/product/4/1/41mzubapv7l.jpg, https://oticamart.com/media/catalog/product/5/1/51napr1qvhl.jpg	new	no					adult		https://oticamart.com/media/catalog/product/3/1/31rlybm8ktl.jpg		new RM S10/S9 filter	yes	107
new RM S11 filter 1	Disposable AirSense 11 CPAP Filter ResMed Travel Friendly Easy Install Superior Air Filtration	Product Info Ensure cleaner breathing and reliable CPAP performance with OTICA Disposable CPAP Filters for ResMed AirSense 11 machines. Engineered with Perfect OEM Fit Technology, these filters fit securely without gaps, ensuring optimal airflow and filtration efficiency. The advanced 4-layer design made from ultra-fine fiber cotton effectively captures dust, pollen, and airborne debris before they reach your airway. Regular filter replacement helps reduce sinus irritation, allergy symptoms, and nighttime discomfort, supporting deeper, healthier sleep. These disposable filters are easy to install in seconds with no tools or maintenance required. By preventing dust buildup inside the machine, they also help protect the CPAP motor and extend device lifespan. Ideal for both home and travel use, OTICA filters provide dependable protection and consistent therapy performance every night. &nbsp; Key Features Perfect OEM-style fit specifically designed for ResMed AirSense 11 CPAP machines Advanced 4-layer filtration captures dust, pollen, and fine airborne particles Delivers cleaner, purified airflow for healthier breathing every night Helps reduce allergy symptoms, sinus irritation, and airway discomfort Quick and easy installation in seconds without any tools Cost-effective replacement filters for reliable long-term CPAP care	in_stock	https://oticamart.com/us/disposable-airsense-11-cpap-filters-designed-resmed-machines-travel-friendly.html	3.63 USD				OTICA	https://oticamart.com/media/catalog/product/4/1/41tn-cu7fwl.jpg, https://oticamart.com/media/catalog/product/1/1/112uw7hvxcl.jpg, https://oticamart.com/media/catalog/product/5/1/51dj4_wns-l.jpg, https://oticamart.com/media/catalog/product/5/1/51n8lwalusl.jpg, https://oticamart.com/media/catalog/product/5/1/51drlqhw0ll.jpg, https://oticamart.com/media/catalog/product/0/1/01v8px9slql.jpg, https://oticamart.com/media/catalog/product/5/1/51afgb3zycl.jpg, https://oticamart.com/media/catalog/product/5/1/51ecazjxrnl.jpg	new	no					adult		https://oticamart.com/media/catalog/product/4/1/41ojlgs5_zl.jpg		new RM S11 filter 1	yes	159
new DVB IntelliPAP filter 1unit	Foam Filter DeVilbiss IntelliPAP CPAP Reusable Replacement Compatible Standard AutoAdjust BiLevel 1 Unit	Product Info Maintain clean airflow and reliable therapy with OTICA Foam Filters for DeVilbiss IntelliPAP CPAP machines. Precisely engineered for IntelliPAP Standard, AutoAdjust, and BiLevel units, these reusable foam filters ensure a secure fit and consistent filtration. They effectively capture dust, debris, and airborne particles before they enter your CPAP system, helping deliver cleaner air and supporting healthier sleep. The durable foam material is washable and reusable, reducing replacement costs while maintaining performance. Easy to install and remove, these filters make routine CPAP maintenance simple and hassle-free. Regular filter use also protects the internal components of your machine from dust buildup, extending its lifespan. Ideal for home users seeking dependable, economical CPAP care essentials. &nbsp; Key Features Perfect fit for DeVilbiss IntelliPAP Standard, AutoAdjust &amp; BiLevel CPAP machines Traps dust and airborne particles for cleaner, healthier breathing air Helps improve CPAP therapy comfort and overall sleep quality Easy to install and remove with no tools or technical effort Maintains optimal airflow for consistent CPAP therapy results Washable and durable for repeated use without loss of performance	in_stock	https://oticamart.com/us/foam-filters-devilbiss-intellipap-cpap-machines-reusable-replacement-compatible-standard.html	3.56 USD				OTICA		new	no					adult		https://oticamart.com/media/catalog/product/7/1/71htl9fbehl._sl1500_.jpg		new DVB IntelliPAP filter 1unit	yes	141
DreamStation Filter(Reusable blue) Pcs 2	Reusable Filter Respironics DreamStation Blue Pack of 2	Product Info Ensure cleaner air and reliable CPAP performance with OTICA Reusable Filters for Respironics DreamStation machines. Manufactured in the USA, these high-quality foam filters are precision-designed to fit DreamStation CPAP devices securely. They work by capturing dust, lint, and airborne particles before they enter your machine, helping you breathe cleaner air throughout the night. The reusable, washable design allows multiple uses, reducing replacement costs while maintaining effective filtration. Easy to remove, clean, and reinstall, these filters simplify routine CPAP maintenance. Regular use helps protect internal components of your CPAP machine from buildup, supporting consistent airflow, improved therapy comfort, and long-term device durability. &nbsp; Key Features Perfect fit for Respironics DreamStation CPAP machines Washable design for easy cleaning and extended use Traps dust, lint, and airborne particles effectively Improves air quality for more comfortable CPAP therapy Supports consistent airflow and reliable performance Essential maintenance accessory for long-term CPAP care	in_stock	https://oticamart.com/us/reusable-filters-respironics-dream-station-pack-2-dreamstation-filter-blue.html	5.81 USD				OTICA	https://oticamart.com/media/catalog/product/6/1/61kaaqzmlcl._sl1500_.jpg, https://oticamart.com/media/catalog/product/7/1/71o8zkledil._sl1500_.jpg, https://oticamart.com/media/catalog/product/7/1/71jkssec2kl._sl1500_.jpg, https://oticamart.com/media/catalog/product/6/1/61lim0l8fbl._sl1500_.jpg	new	no					adult		https://oticamart.com/media/catalog/product/5/1/51zk7dthhyl._sl1500_.jpg		DreamStation Filter(Reusable blue) Pcs 2	yes	588
new RM AirMini filter	Replacement Filter ResMed AirMini Ultra Fine Disposable CPAP Clean Airflow	Product Info Breathe cleaner and sleep better with OTICA Compatible Replacement Filters for the ResMed AirMini CPAP machine. Engineered for a perfect gap-free fit (1.26" x 1.18"), these filters require no trimming and install in seconds. Crafted from premium ultra-fine spinning fiber cotton, they provide thickened, high-efficiency filtration that captures dust, pollen, bacteria, viruses, and other airborne particles. The disposable design ensures hygienic use, while the lightweight structure maintains smooth airflow without resistance—ideal for both home and travel therapy. By delivering fresher air and preventing debris buildup inside your CPAP, OTICA filters support healthier breathing, improved sleep quality, and extended device life. &nbsp; Key Features Perfect custom fit for ResMed AirMini CPAP with no cutting or trimming needed Ultra-fine BPA-free fiber cotton ensures safe, high-efficiency filtration Blocks dust, pollen, bacteria, and airborne particles for cleaner air Improves breathing comfort and overall sleep quality every night Protects your AirMini CPAP from internal dust buildup and wear Cost-effective replacement filters for consistent, reliable therapy	in_stock	https://oticamart.com/us/compatible-resmed-airmini-device-replacement-filter-cpap-machine-ultra-fine.html	3.63 USD				OTICA	https://oticamart.com/media/catalog/product/5/1/51mq7bm79il.jpg, https://oticamart.com/media/catalog/product/6/1/611reivsasl.jpg, https://oticamart.com/media/catalog/product/6/1/61rdkkz-aml.jpg, https://oticamart.com/media/catalog/product/5/1/51vlhsrvncl.jpg, https://oticamart.com/media/catalog/product/4/1/41flytrfzpl.jpg, https://oticamart.com/media/catalog/product/4/1/417bdboujel.jpg, https://oticamart.com/media/catalog/product/5/1/51clowxi6il.jpg, https://oticamart.com/media/catalog/product/4/1/41d9cxga6ol.jpg	new	no					adult		https://oticamart.com/media/catalog/product/3/1/319ha1driwl.jpg		new RM AirMini filter	yes	192
CMS 5100 Stand small -OHPL	Patient Monitor Stand Specially Design CMS 5100 Small	Product Info The OTICA Patient Monitor Stand for CMS 5100 is engineered to provide secure support and flexible positioning for patient monitoring in clinical environments. Precisely designed for the CMS 5100 model, it ensures perfect compatibility and stability during use. Constructed from high-quality mild steel, the stand offers excellent durability and resistance to daily hospital wear. The adjustable viewing angle and 180-degree horizontal rotation allow healthcare professionals to position the monitor for optimal visibility from different directions. Its compact, space-saving design supports efficient workflow in ICUs, operation theatres, wards, and emergency rooms. A reliable and practical accessory, this stand enhances convenience, safety, and efficiency in continuous patient monitoring. &nbsp; Key Features Specially designed for perfect compatibility with CMS 5100 patient monitors Strong mild steel construction ensures stability and long-term durability 180° horizontal rotation allows flexible monitor positioning Adjustable viewing angle for clear visibility from multiple directions Enhances monitoring efficiency in ICU, OT, wards, and clinics Stable base design prevents wobbling during continuous use	in_stock	https://oticamart.com/us/patient-monitor-stand-specially-design-cms-5100-small-ohpl.html	9.55 USD				OTICA	https://oticamart.com/media/catalog/product/4/1/41btijhlqol.jpg, https://oticamart.com/media/catalog/product/3/1/31c1akj8wel.jpg, https://oticamart.com/media/catalog/product/3/1/3193wv0wapl.jpg, https://oticamart.com/media/catalog/product/3/1/31l5lc9mgol.jpg, https://oticamart.com/media/catalog/product/2/1/21bbaakkovl.jpg	new	no					adult		https://oticamart.com/media/catalog/product/4/1/41b334zgm6l.jpg		CMS 5100 Stand small -OHPL	yes	28
Multipara Monitor Wall Stand OHPL	Patient Multipara Monitor Wall Stand Compatible Contec, BPL, Edan, GE, Nidek, Yonker, Philips, Comen, & Mindray	Product Info The OTICA Universal Patient Monitor Stand is designed to securely support multipara patient monitors across all major brands and models, including Contec, BPL, Edan, GE, Nidek, Yonker, Philips, Comen, and Mindray. Ideal for hospitals, ICUs, clinics, and home care settings, this wall-mount monitor stand helps keep patient monitors positioned at an optimal viewing height for accurate and continuous observation. The adjustable height feature allows caregivers to customize placement for better visibility and ease of use near ICU beds or patient rooms. Built with durable materials for long-lasting performance, the stand ensures stability, space efficiency, and organized monitoring, making it an essential accessory for modern healthcare environments. &nbsp; Key Features Universal compatibility with all multipara patient monitor brands and models Supports Contec, BPL, Edan, GE, Philips, Mindray, Yonker, Comen, and more Wall-mount design keeps monitors secure and space-saving Adjustable height for clear and comfortable screen visibility Helps maintain continuous and accurate patient monitoring Ideal for hospitals, ICUs, clinics, and home care use	in_stock	https://oticamart.com/us/patient-monitor-stand-compatible-all-multipara-contec-bpl-edan-ge.html	19.36 USD				OTICA	https://oticamart.com/media/catalog/product/6/1/61bsondgfwl._sl1500_.jpg, https://oticamart.com/media/catalog/product/6/1/618aw9x9ujl._sl1500_.jpg, https://oticamart.com/media/catalog/product/6/1/61vivio0a9l._sl1500_.jpg, https://oticamart.com/media/catalog/product/6/1/61qb7ujjd1l._sl1500_.jpg, https://oticamart.com/media/catalog/product/4/1/41anbiu25el._sl1000_.jpg, https://oticamart.com/media/catalog/product/4/1/41uot2blcgl._sl1000_.jpg, https://oticamart.com/media/catalog/product/3/1/31dbr75x9cl._sl1000_.jpg	new	no					adult		https://oticamart.com/media/catalog/product/5/1/51hghan_3ll._sl1500_.jpg		Multipara Monitor Wall Stand OHPL	yes	34
C- Shape Retractor Set of 3	Kilner Cheek Retractor C Shape set 3 Hand Held	Product Info The OTICA Kilner Cheek Retractor C-Shape Set of 3 is engineered to deliver reliable and atraumatic cheek retraction for enhanced access and visibility during oral, dental, and minor surgical procedures. Crafted from premium medical-grade stainless steel, each retractor offers excellent durability, corrosion resistance, and ease of sterilization. The smooth, polished C-shaped design allows gentle tissue retraction while minimizing patient discomfort. Lightweight and ergonomically shaped, these hand-held retractors provide precise control for clinicians. Suitable for repeated clinical use, the set is ideal for dentists, surgeons, hospitals, clinics, and medical training institutions seeking dependable and hygienic surgical instruments. &nbsp; Key Features Set of 3 Kilner C-shaped cheek retractors Made from premium medical-grade stainless steel Smooth, atraumatic edges for patient comfort Ideal for dental and oral surgeries Lightweight yet durable construction Suitable for hospitals, clinics, and medical training use	in_stock	https://oticamart.com/us/kilner-cheek-retractor-c-shape-set-3-hand-held.html	8.14 USD				OTICA	https://oticamart.com/media/catalog/product/7/1/71mb3ov8uol._sl1500_.jpg, https://oticamart.com/media/catalog/product/7/1/71na7o0jexl._sl1500_.jpg, https://oticamart.com/media/catalog/product/7/1/7107xa8gvnl._sl1500_.jpg, https://oticamart.com/media/catalog/product/7/1/71dsiekqbrl._sl1500_.jpg	new	no					adult		https://oticamart.com/media/catalog/product/5/1/51mhpqhy66l._sl1500_.jpg		C- Shape Retractor Set of 3	yes	2
Cat Paw Retractor	Kilner Retractor Senn Miller Cat Paw 6.5 Inch Hand Held	Product Info The&nbsp;OTICA Kilner Retractor (Senn Miller / Cat Paw) – 6.5 Inch is a versatile surgical retractor engineered for reliable soft-tissue retraction in a wide range of procedures. Made from premium stainless steel, it offers excellent strength, corrosion resistance, and long service life even with repeated sterilization. The cat paw design allows gentle yet effective tissue holding, enhancing surgical visibility while minimizing trauma. Its ergonomic hand-held structure ensures precise control and comfort for surgeons during extended procedures. Suitable for general surgery, orthopedic, and minor surgical applications, this retractor is an essential addition to any professional surgical instrument set. &nbsp; Key Features 6.5-inch Senn Miller (Cat Paw) surgical retractor Made from premium medical-grade stainless steel Excellent tissue retraction with minimal trauma Corrosion-resistant and long-lasting construction Ideal for general, orthopedic, and minor surgeries Trusted tool for surgeons, hospitals, and clinics	in_stock	https://oticamart.com/us/kilner-retractor-senn-miller-cat-paw-6-5-inch-hand-held.html	5.73 USD				OTICA	https://oticamart.com/media/catalog/product/4/1/419iilzi5vl._sl1500_.jpg, https://oticamart.com/media/catalog/product/7/1/71ib2i8t-ll._sl1500_.jpg, https://oticamart.com/media/catalog/product/7/1/71p2re0mcfl._sl1500__1_.jpg, https://oticamart.com/media/catalog/product/7/1/71am3l3p9bl._sl1500_.jpg, https://oticamart.com/media/catalog/product/4/1/41huc-mk7bl._sl1500_.jpg	new	no					adult		https://oticamart.com/media/catalog/product/6/1/61v8mgizysl._sl1500_.jpg		Cat Paw Retractor	yes	5
Sims Speculum OHPL	Stainless Steel 410 Grade Sims Speculum S, M, L (Set of 3)	Product Info The&nbsp;OTICA Stainless Steel 410 Grade Sims Speculum Set is a professional gynecological instrument kit consisting of three sizes—Small, Medium, and Large—to suit varied patient needs. Designed with a classic double-bladed Sims profile, each speculum is used to retract the anterior or posterior vaginal wall, enabling enhanced visibility of the vagina and cervix during examinations, suturing, or minor procedures. Manufactured from premium 410-grade stainless steel, the speculums offer excellent strength, corrosion resistance, and compatibility with repeated sterilization. Individually sealed and ready for use, this set ensures safety, hygiene, and reliability in hospitals, clinics, and obstetric settings. &nbsp; Key Features Complete set of 3 sizes: Small, Medium, Large Classic Sims double-bladed speculum design Provides wide, clear visualization of cervix &amp; vaginal walls Ideal for exams, suturing, and vaginal wall repair Corrosion-resistant and long-lasting construction Suitable for hospitals, clinics, and gynecology practices	in_stock	https://oticamart.com/us/stainless-steel-410-grade-sims-speculum-s-m-l-set.html	9.82 USD				OTICA	https://oticamart.com/media/catalog/product/3/1/31ssplymq3l._sl1000_.jpg, https://oticamart.com/media/catalog/product/4/1/413fiypanhl_1_.jpg, https://oticamart.com/media/catalog/product/4/1/41kg69eqtcl._sl1024__1_.jpg	new	no					adult		https://oticamart.com/media/catalog/product/6/1/61tkxlyi3cl._sl1500__1_.jpg		Sims Speculum OHPL	yes	2
Stainless Steel Tongue Depressor - 6 inch (Pack of 2)	Stainless Steel Tongue Depressor 6 inch Reusable Medical Blade Oral Dental Tools (Pack of 2)	Product Info The&nbsp;OTICA Stainless Steel Tongue Depressor is a durable and reusable medical instrument designed for accurate oral and throat examinations. Made from premium medical-grade stainless steel, it features a smooth, polished surface with rounded edges to ensure patient comfort and safety. Unlike disposable wooden depressors, this stainless steel blade is fully sterilizable, corrosion-resistant, and built for repeated clinical use. Measuring 6 inches, it provides optimal reach and control for examinations in hospitals, clinics, dental practices, and training institutions. Supplied as a convenient pack of 2, it is a cost-effective and eco-friendly choice for healthcare professionals and personal hygiene needs. &nbsp; Key Features Medical-grade stainless steel for professional use Smooth, rounded edges for patient comfort Ideal length (6 inch) for precise oral examination Easy to clean and disinfect after each use Suitable for doctors, dentists &amp; medical students Multipurpose use: oral exams, dental care &amp; hygiene	in_stock	https://oticamart.com/us/stainless-steel-tongue-depressor-reusable-medical-grade-blade-oral-examination.html	4.77 USD				OTICA	https://oticamart.com/media/catalog/product/5/1/51ex1io-3sl._sl1500__1_.jpg, https://oticamart.com/media/catalog/product/5/1/51r25kdb_el._sl1500_.jpg, https://oticamart.com/media/catalog/product/6/1/619mn9ovr-l._sl1500__1_.jpg, https://oticamart.com/media/catalog/product/7/1/71gqflax7ol._sl1500__1_.jpg	new	no					adult		https://oticamart.com/media/catalog/product/5/1/51iku7ekmyl._sl1500__1_.jpg		Stainless Steel Tongue Depressor - 6 inch (Pack of 2)	yes	20
Goniometer set OHPL	Stainless Steel Goniometer Set of 3 Small Medium Large Physiotherapy Kit with Hammer, Tuning Fork & Tape	Product Info The&nbsp;OTICA Stainless Steel Goniometer Set of 3 Physiotherapy Kit is a professional-grade diagnostic and rehabilitation toolkit designed for precise musculoskeletal and neurological assessments. It includes three goniometers (small, medium, and large) made from high-quality stainless steel for accurate measurement of joint range of motion across different body parts. Complemented by a knee percussion hammer, tuning fork, and measuring tape, this kit supports reflex testing, neurological evaluation, and therapy progress tracking. Ergonomically designed for ease of handling and built for long-term clinical use, the compact and portable kit is ideal for hospitals, physiotherapy centers, medical colleges, and home rehabilitation practice. &nbsp; Key Features Complete physiotherapy &amp; diagnostic kit in one set Includes 3 stainless steel goniometers (S, M, L) Accurate joint angle and range-of-motion measurement Knee hammer for reflex and neurological testing Tuning fork for vibration &amp; sensory assessments Measuring tape for rehab progress tracking	in_stock	https://oticamart.com/us/stainless-steel-goniometer-set-3-physiotherapy-kit-small-medium-large.html	12.73 USD				OTICA	https://oticamart.com/media/catalog/product/5/1/51d6_0qtifl.jpg, https://oticamart.com/media/catalog/product/4/1/416czlmep3l.jpg, https://oticamart.com/media/catalog/product/4/1/411bv1uidtl.jpg, https://oticamart.com/media/catalog/product/4/1/41eqh6eydhl.jpg, https://oticamart.com/media/catalog/product/4/1/41q887lwy0l.jpg, https://oticamart.com/media/catalog/product/3/1/31n2mybcfgl.jpg	new	no					adult		https://oticamart.com/media/catalog/product/5/1/510vglihyol.jpg		Goniometer set OHPL	yes	6
D & C Set	D & C Gynecology Surgical Instruments Silver Stainless Steel 410 Grade Procedures Gyne Set Kit Bag (Set of 15)	Product Info The&nbsp;OTICA D &amp; C Gynecology Surgical Instruments Set is a comprehensive 15-piece collection engineered for precision, safety, and durability in gynecological procedures. Manufactured from high-quality 410-grade silver stainless steel, each instrument offers excellent corrosion resistance, smooth handling, and consistent performance under repeated sterilization cycles. The tools are meticulously designed to support delicate D&amp;C and other gynecological procedures, helping clinicians achieve accurate and controlled outcomes. Supplied with a compact kit bag, the set allows for organized storage and easy transport between operation theaters, clinics, and training facilities. Ideal for hospitals, nursing homes, and medical professionals seeking dependable surgical instruments. &nbsp; Key Features Complete 15-piece D&amp;C gynecology instrument set Made from premium 410-grade stainless steel High corrosion resistance &amp; long service life Precision-crafted for delicate gynecological procedures Reduces need for additional gyne tools Suitable for hospitals, clinics &amp; OT use	in_stock	https://oticamart.com/us/d-c-gynecology-surgical-instruments-silver-stainless-steel-410.html	24.26 USD				OTICA	https://oticamart.com/media/catalog/product/5/1/519qadvdjml.jpg, https://oticamart.com/media/catalog/product/5/1/51sllukuvfl.jpg, https://oticamart.com/media/catalog/product/5/1/51mntdshbql.jpg, https://oticamart.com/media/catalog/product/5/1/51xzw_2isjl.jpg, https://oticamart.com/media/catalog/product/3/1/310luv3mshl.jpg	new	no					adult		https://oticamart.com/media/catalog/product/5/1/5135_arqsdl.jpg		D & C Set	yes	4
Suture Practice Kit	Suture Practice Kit Advanced Model Skin Pad Medical Students Silicone Training Tools	Product Info The&nbsp;OTICA Suture Practice Kit with Advanced Model Skin Pad is specially designed to help medical students and trainees build confidence and precision in suturing techniques. The advanced silicone skin pad closely mimics real human skin layers, offering a lifelike resistance and texture for realistic practice. Made from high-quality, durable silicone, the pad supports repeated use without tearing or deformation, making it a cost-effective training tool. The kit includes essential suture instruments, allowing learners to practice different stitching methods in a controlled environment. Compact and easy to carry, it is perfect for use at home, in classrooms, skills labs, or clinical training centers—bridging the gap between theory and real patient care. &nbsp; Key Features Realistic multi-layer silicone skin pad Simulates real human skin texture &amp; feel Supports repeated suturing practice sessions Ideal for medical students &amp; beginners Includes essential suture training tools Portable &amp; lightweight for practice anywhere	in_stock	https://oticamart.com/us/suture-practice-kit-advanced-model-skin-pad-medical-students-silicone.html	19.11 USD				OTICA	https://oticamart.com/media/catalog/product/5/1/517mz3r_m1l_1_.jpg, https://oticamart.com/media/catalog/product/5/1/5151dmtay7l_1_.jpg, https://oticamart.com/media/catalog/product/4/1/4106sx0op-l_1_.jpg, https://oticamart.com/media/catalog/product/4/1/41gxpc5vtgl.jpg	new	no					adult		https://oticamart.com/media/catalog/product/5/1/51nig1ef_2l.jpg		Suture Practice Kit	yes	10
Wall Mount Box (Grey)	GI Steel Letter Box Wall Mount Box with Lock & Key (Grey)	Product Info Finding The OTICA Multipurpose Use Box is a premium, wall-mounted storage and collection solution crafted from high-quality GI steel for superior strength and durability. Finished with a scratch-resistant, rust-proof grey coating, it is suitable for both indoor and outdoor environments. Its versatile design allows use as a letter box, suggestion box, complaint box, or donation box, making it ideal for homes, offices, hospitals, schools, societies, shops, and clinics. A transparent front window enables quick content checks without unlocking, while the secure lock and key ensure privacy and protection. With a compact yet spacious interior, it neatly stores letters, documents, feedback forms, cheques, or cash, offering a reliable and professional collection solution. &nbsp; Key Features Heavy-duty GI steel body for long-lasting durability Rust-proof, scratch-resistant powder-coated finish Multi-use design: letter, suggestion, complaint &amp; donation box Secure lock &amp; key for privacy and safety Wall-mount design with pre-drilled holes Ideal For Clinics, Hospitals &amp; Home Care	in_stock	https://oticamart.com/us/gi-steel-letter-box-wall-mount-grey.html	7.27 USD				OTICA	https://oticamart.com/media/catalog/product/7/1/71a18slajsl._sl1500__2_.jpg, https://oticamart.com/media/catalog/product/7/1/71hr-m88e7l._sl1500__1_.jpg, https://oticamart.com/media/catalog/product/7/1/71g5jn1z4xl._sl1500__2_.jpg, https://oticamart.com/media/catalog/product/7/1/71bq7utdcrl._sl1500__1_.jpg, https://oticamart.com/media/catalog/product/6/1/61glgpxscxl._sl1500__1_.jpg, https://oticamart.com/media/catalog/product/6/1/61uuz5fst-l._sl1500__1_.jpg, https://oticamart.com/media/catalog/product/5/1/514sry59o-l._sl1500__1_.jpg, https://oticamart.com/media/catalog/product/8/1/81us0rkmrzl._sl1500_.jpg	new	no					adult		https://oticamart.com/media/catalog/product/4/1/41clzsdh2ml_1_.jpg		Wall Mount Box (Grey)	yes	10
Tourniquet Welcro Band (Pack of 2)	Tourniquet Band 20 Inch Reusable Hook Loop Fastener for Blood Collection - Pack Of 2	Product Info The OTICA Quick Release Tourniquet Band is engineered to support healthcare professionals during blood collection, venipuncture, IV cannulation, and emergency first-aid procedures. Designed with a secure hook-and-loop (Velcro-style) fastening system, it enables rapid application and immediate release, helping save time in high-pressure clinical environments. Constructed from durable, stretchable elastic material, the 20-inch band ensures firm yet comfortable compression, enhancing vein visibility while minimizing skin pinching or irritation. Unlike traditional rubber tourniquets, this reusable design offers better control, hygiene, and long-term value. Suitable for hospitals, pathology labs, clinics, blood banks, ambulances, and first-aid kits, the OTICA Tourniquet Band delivers consistent performance, patient comfort, and professional reliability. The pack of two adds convenience for multi-use settings and backup readiness. &nbsp; Key Features Quick-release hook &amp; loop closure for fast application and removal 20-inch standard length fits adults comfortably Soft elastic material reduces skin irritation Strong fastening prevents slipping during procedures Ideal for blood tests, IV insertion, and first aid Suitable for hospitals, labs, clinics, and ambulances	in_stock	https://oticamart.com/us/tourniquet-band-20-inch-reusable-hook-pack-2.html	2.54 USD				OTICA	https://oticamart.com/media/catalog/product/5/1/51c05m0lhql_1_.jpg, https://oticamart.com/media/catalog/product/5/1/51tfhftpwfl_1_.jpg, https://oticamart.com/media/catalog/product/5/1/513y38nylol.jpg, https://oticamart.com/media/catalog/product/4/1/41yqkyythdl.jpg, https://oticamart.com/media/catalog/product/6/1/61blz5zhwdl_1_.jpg	new	no					adult		https://oticamart.com/media/catalog/product/6/1/61mus3unatl_1_.jpg		Tourniquet Welcro Band (Pack of 2)	yes	10
Back Rest Blue	Adjustable Hospital Bed Back Rest Arm with Arm Support - Blue	Product Info The OTICA Adjustable Hospital Fabric Back Rest offers dependable back, neck, and arm support for patients and individuals who need to remain seated comfortably in bed. Designed with six recline positions, it allows effortless adjustment for activities such as reading, eating, working on a laptop, watching TV, or relaxing. The large, breathable fabric panel is stretched over a strong steel frame, providing long-lasting durability and firm yet comfortable support. This back rest includes arm rests for added stability and a detachable headrest cushion to reduce neck strain during extended use. Lightweight and foldable, it can be easily stored or transported, making it ideal for hospitals, home care, elderly assistance, pregnancy support, and post-surgery recovery. OTICA’s back rest improves comfort, posture, and independence for daily bed-based activities. &nbsp; Key Features 6 adjustable recline levels for personalized comfort Strong steel frame ensures stability and safety Large breathable fabric surface for extended use Arm rests provide extra balance and support Detachable headrest for neck and head comfort Lightweight yet durable for daily home or hospital use	in_stock	https://oticamart.com/us/adjustable-hospital-bed-back-rest-arm-blue.html	11.52 USD				OTICA	https://oticamart.com/media/catalog/product/5/1/51wcuvt1zsl.jpg, https://oticamart.com/media/catalog/product/6/1/61pcbzotexl.jpg, https://oticamart.com/media/catalog/product/8/1/81nsqcuzwkl._sl1500_.jpg	new	no					adult		https://oticamart.com/media/catalog/product/4/1/41pq1eqsrwl._sx522_.jpg		Back Rest Blue	yes	9
Bistos Vascular Doppler with 8 MHz Probe	Bistos BT-200V Vascular Doppler 8MHz Probe	Product Info The Bistos BT-200V Vascular Doppler with 8 MHz probe is a trusted medical diagnostic solution for precise evaluation of peripheral vascular conditions. Designed for non-invasive blood flow detection, it enables clinicians to assess arterial and venous circulation efficiently and safely, without radiation exposure. Its high-performance 8 MHz probe offers excellent sensitivity and signal clarity, making it particularly suitable for peripheral vascular examinations, post-operative monitoring, and routine screening. The compact and portable design supports bedside use, outpatient clinics, emergency care, and mobile medical setups. Built for durability and consistent performance, the BT-200V is widely used in vascular surgery, cardiology, diabetic foot screening, and general diagnostics—helping healthcare professionals make confident clinical decisions. &nbsp; Key Features High-sensitivity 8 MHz probe for accurate blood flow detection Clear Doppler sound output for reliable diagnosis Ideal for peripheral arterial and venous examinations Suitable for hospitals, clinics, and diagnostic centers Reliable performance for routine and post-operative monitoring Easy-to-operate design for fast clinical workflows	in_stock	https://oticamart.com/us/bistos-bt-200v-vascular-doppler-8mhz-probe.html	151.58 USD				BISTOS	https://oticamart.com/media/catalog/product/5/1/51oiahd7q2l._sl1024_.jpg, https://oticamart.com/media/catalog/product/4/1/41rhgj9fhxl._sl1080_.jpg, https://oticamart.com/media/catalog/product/5/1/51xrq79rpvl._sl1024_.jpg	new	no					adult		https://oticamart.com/media/catalog/product/4/1/41flbpgrvzl._sl1024_.jpg		Bistos Vascular Doppler with 8 MHz Probe	yes	1
Modular Infantometer	Modular Infantometer Height Measuring Scale	Product Info The OTICA Modular Infantometer Height Measuring Scale is engineered for precise and comfortable infant length assessment in medical and healthcare environments. Designed for newborns and infants up to 100 cm, it features a dual measurement scale in centimeters and inches for fast, direct readings. The smooth, baby-safe surface allows infants to lie comfortably during measurement, ensuring accuracy and ease of use. Its modular, foldable construction supports effortless storage and portability, making it suitable for hospitals, pediatric clinics, vaccination centers, and field health programs. Crafted from durable materials, the infantometer offers long service life, hygienic maintenance, and reliable performance for daily clinical use. &nbsp; Key Features Accurate infant length measurement up to 100 cm Dual scale with clear readings in cm and inches Foldable modular design for easy storage and transport Durable construction ensures long-term reliability Ideal for hospitals, clinics, and immunization programs Smooth, baby-safe surface for comfortable positioning	in_stock	https://oticamart.com/us/modular-infantometer-height-measuring-scale.html	24.26 USD				OTICA	https://oticamart.com/media/catalog/product/5/1/51dgwm-ayil._sl1500_.jpg, https://oticamart.com/media/catalog/product/5/1/514lt67kgyl._sl1500_.jpg, https://oticamart.com/media/catalog/product/6/1/61k0rdd1t5l._sl1500_.jpg, https://oticamart.com/media/catalog/product/5/1/51lmfsfu0cl._sl1500_.jpg	new	no					adult		https://oticamart.com/media/catalog/product/5/1/51p1twp1hbl._sl1280_.jpg		Modular Infantometer	yes	5
OTICA Height Measuring Stadiometer (White)	Height Measuring Scale 210 cm Freestanding Stadiometer for Adults & Children- White	Product Info The OTICA Height Measuring Scale 210 cm is a reliable and professional stadiometer built for accurate height measurement in both adults and children. Designed for standalone use, it provides precise readings without the need for a weighing scale, making it ideal for medical, fitness, and institutional environments. With a measuring range of up to 210 cm, the scale features clear, high-contrast markings that ensure easy readability and consistent results. Its freestanding structure offers excellent stability during use, supporting accurate posture alignment for dependable measurements. Constructed with a durable white body, the stadiometer is built to withstand daily use in hospitals, clinics, schools, gyms, and health screening centers. Simple to use and maintain, it is also suitable for home health monitoring. Trusted by doctors, nurses, and fitness professionals, the OTICA Height Measuring Scale is a practical and efficient solution for routine height assessment. &nbsp; Key Features Measures height accurately up to 210 cm Suitable for both adults and children Clear, easy-to-read height markings Stable design ensures reliable measurements Ideal for hospitals, clinics, schools, and gyms Supports medical, fitness, and health screenings	in_stock	https://oticamart.com/us/height-measuring-scale-210-cm-freestanding-white.html	21.65 USD				OTICA	https://oticamart.com/media/catalog/product/8/1/81ifocfhdcl._sl1500_.jpg, https://oticamart.com/media/catalog/product/8/1/81qnadzfqwl._sl1500_.jpg, https://oticamart.com/media/catalog/product/7/1/71hxjpuuldl._sl1500_.jpg, https://oticamart.com/media/catalog/product/8/1/81wgq4syipl._sl1500_.jpg, https://oticamart.com/media/catalog/product/8/1/81v_mid24gl._sl1500_.jpg, https://oticamart.com/media/catalog/product/8/1/81fau4bybsl._sl1500_.jpg	new	no					adult		https://oticamart.com/media/catalog/product/7/1/71tl0i8ojml._sl1500_.jpg		OTICA Height Measuring Stadiometer (White)	yes	2
Nebulizer Adult+Kid Mask set	Nebulizer Mask Kit with Adjustable Mist	Product Info The OTICA Nebulizer Mask Kit is a complete breathing therapy solution suitable for both adult and pediatric patients. Designed with a soft, skin-friendly transparent mask, it ensures a comfortable and secure fit during nebulization. The adjustable mist medicine cup delivers fine aerosol particles for efficient medication absorption into the lungs. The included air tube offers smooth airflow and universal compatibility with most nebulizer compressors and machines. Durable, washable, and reusable, this kit is ideal for managing respiratory conditions such as asthma, COPD, bronchitis, and other breathing disorders in home or healthcare environments. &nbsp; Key Features Suitable for both adult and pediatric nebulization therapy Adjustable mist medicine cup for efficient medicine delivery Universal fit compatible with most nebulizer machines Reusable and washable for hygienic therapy sessions Secure air tube connection for uninterrupted airflow Ideal for asthma, COPD, and respiratory treatments	in_stock	https://oticamart.com/us/nebulizer-mask-kit-adjustable-mist-medicine.html	3.18 USD				OTICA	https://oticamart.com/media/catalog/product/4/1/41znkwb6mml.jpg, https://oticamart.com/media/catalog/product/5/1/51de4cnwarl.jpg	new	no					adult		https://oticamart.com/media/catalog/product/5/1/51ls9hzj4dl.jpg		Nebulizer Adult+Kid Mask set	yes	5
YF 02 Full Face Mask - M	Full Face CPAP Mask Medium YF02 with Soft Silicone Cushion	Product Info The OTICA Full Face CPAP Mask Medium YF02 offers dependable and comfortable respiratory support for adults undergoing CPAP therapy. Its soft, medical-grade silicone cushion gently conforms to facial contours, creating a secure seal that reduces air leaks and enhances therapy effectiveness. The 360° adjustable elbow allows natural head movement without disrupting airflow, ensuring uninterrupted breathing throughout the night. Equipped with a lightweight, adjustable headgear belt, the mask provides a stable and customized fit for extended use. Designed for easy disassembly and cleaning, the YF02 full face CPAP mask is an ideal choice for consistent, hygienic, and comfortable sleep apnea and breathing therapy. &nbsp; Key Features Full-face CPAP mask designed for effective adult breathing therapy Soft silicone cushion ensures leak-free seal and enhanced comfort 360° adjustable elbow supports free head movement during sleep Stable, lightweight headgear with adjustable straps for long wear Easy to assemble, disassemble, and clean for daily hygiene Reduces pressure marks and discomfort during extended use	in_stock	https://oticamart.com/us/full-face-cpap-mask-medium-yf02-02-w-360-deg.html	20.62 USD				OTICA	https://oticamart.com/media/catalog/product/4/1/41zrhepznxl._sx522_.jpg	new	no					adult		https://oticamart.com/media/catalog/product/5/1/51p3zy5v_ql._sx522_.jpg		YF 02 Full Face Mask - M	yes	2
YN-03-Nasal-Mask-L	Nasal CPAP Mask Large YN03 with Soft Silicone Cushion	Product Info The OTICA Nasal CPAP Mask Medium YN03 offers an ideal combination of comfort, durability, and performance for consistent breathing therapy. Its soft silicone nasal cushion gently conforms to facial contours, creating a secure seal that helps reduce air leaks while enhancing comfort throughout the night. The 360° adjustable elbow allows flexible head movement without disturbing airflow, making it suitable for active sleepers. The lightweight, adjustable headgear belt ensures a stable and customized fit, reducing pressure points during extended use. Designed for convenience, the mask is easy to assemble, disassemble, and clean, helping maintain hygiene with minimal effort. This nasal CPAP mask is a reliable solution for adults seeking quiet, effective, and comfortable respiratory support. &nbsp; Key Features Soft Silicone Nasal Cushion – Gentle on skin while ensuring a secure, leak-resistant seal. Nasal CPAP Design – Ideal for users who prefer lightweight and open-face breathing therapy. 360° Adjustable Elbow – Supports natural head movement without airflow interruption. Minimal Air Leakage – Enhances therapy effectiveness and sleep quality. Lightweight Headgear Belt – Adjustable straps provide stable, personalized comfort. Easy Assembly &amp; Cleaning – Simple structure for quick daily maintenance.	in_stock	https://oticamart.com/us/nasal-cpap-mask-large-yn03-soft-03-w-360-deg.html	18.19 USD				OTICA	https://oticamart.com/media/catalog/product/4/1/417_qbd2rvl.jpg	new	no					adult		https://oticamart.com/media/catalog/product/3/1/31f5vyvpkel.jpg		YN-03-Nasal-Mask-L	yes	1
YN-01-Nasal-Mask-M	Nasal CPAP Mask Medium YN01 with Silicone Cushion	Product Info The OTICA Nasal CPAP Mask Medium YN01 combines comfort, flexibility, and performance for reliable breathing therapy. Crafted with a soft medical-grade silicone nasal cushion, it gently conforms to facial contours to create a secure seal that minimizes air leakage and pressure marks during extended use. The 360° adjustable elbow supports free head movement throughout sleep while ensuring uninterrupted airflow. Its lightweight, adjustable headgear belt provides a stable and personalized fit, reducing facial pressure for all-night comfort. Designed for ease of use, the mask can be quickly assembled, disassembled, and cleaned, supporting hygiene and long-term durability. Ideal for adults seeking quiet, consistent, and comfortable respiratory support at home or in clinical environments. &nbsp; Key Features Soft Silicone Nasal Cushion – Gentle seal for comfort and reduced air leakage. Medium Size Fit – Designed for secure and balanced nasal coverage. 360° Adjustable Elbow – Allows natural head movement during sleep. Lightweight Headgear Belt – Adjustable straps for pressure-free comfort. Reduced Facial Pressure – Suitable for extended overnight use. Quiet &amp; Stable Design – Enhances sleep quality during therapy. Consistent Airflow Performance – Supports effective CPAP therapy.	in_stock	https://oticamart.com/us/nasal-cpap-mask-medium-yn01-silicone-01-w-360-deg.html	18.19 USD				OTICA	https://oticamart.com/media/catalog/product/4/1/41y-sensnkl.jpg, https://oticamart.com/media/catalog/product/4/1/41vkkoc-2ul.jpg, https://oticamart.com/media/catalog/product/4/1/41yqslmkz0l.jpg	new	no					adult		https://oticamart.com/media/catalog/product/4/1/41kgdqssrul.jpg		YN-01-Nasal-Mask-M	yes	1
YN-02-Nasal-Mask-M	Nasal CPAP Mask Medium YN02 with Silicone Cushion	Product Info The OTICA Nasal CPAP Mask Medium YN02 combines ergonomic design with reliable performance to support uninterrupted breathing therapy. Featuring a soft medical-grade silicone nasal cushion, it gently adapts to facial contours, creating a secure seal that reduces air leakage and pressure marks. The 360° adjustable elbow offers flexibility for free head movement during sleep without compromising airflow. Its lightweight, adjustable headgear belt provides a stable and customized fit for long-term comfort. Designed for ease of use, the mask can be quickly assembled, disassembled, and cleaned, supporting hygiene and durability. Ideal for adults seeking quiet, consistent, and comfortable CPAP respiratory support at home or in clinical settings. &nbsp; Key Features Soft Silicone Nasal Cushion – Gentle seal for enhanced comfort and reduced leaks Medium Size Design – Balanced fit for effective nasal coverage 360° Adjustable Elbow – Supports natural head movement during sleep Consistent Airflow Delivery – Ensures effective CPAP therapy performance Reduced Facial Pressure – Comfortable for extended overnight use Lightweight Adjustable Headgear – Pressure-free and secure fit all night	in_stock	https://oticamart.com/us/nasal-cpap-mask-medium-yn02-silicone-02-w-360-deg.html	18.19 USD				OTICA		new	no					adult		https://oticamart.com/media/catalog/product/4/1/41kgdqssrul._sx522_.jpg		YN-02-Nasal-Mask-M	yes	2
Resmed-F20-mask(Medium)	ResMed AirFit F20 Full Face CPAP Mask Medium	Product Info The ResMed AirFit F20 Full Face CPAP Mask Medium offers advanced comfort, flexibility, and performance for consistent respiratory therapy. Designed with InfinitySeal Cushion Technology, its adaptive silicone cushion uses varying thickness levels and infinity loops to provide a secure seal while reducing air leaks, even at higher therapy pressures. The mask covers both the nose and mouth, making it ideal for patients who breathe through the mouth during sleep. Its forehead-free design provides a clear line of sight for reading or watching TV before sleep. The plush headgear with magnetic clips allows easy on/off fitting, while the quick-release elbow and 360° hose connection support uninterrupted therapy and freedom of movement. Built-in air diffusion reduces noise for a quieter, more restful sleep experience. &nbsp; Key Features InfinitySeal Silicone Cushion – Adapts to facial contours for a secure, leak-free fit Full Face Coverage – Supports both nose and mouth breathing 360° Hose Connection – Allows natural movement without airflow disruption Magnetic Headgear Clips – Fast, simple, and secure attachment Plush Padded Headgear – Enhanced comfort for long-hour wear Forehead-Free Design – Clear field of vision for pre-sleep comfort	in_stock	https://oticamart.com/us/resmed-airfit-f20-full-face-cpap-360-deg.html	50.61 USD				OTICA		new	no					adult		https://oticamart.com/media/catalog/product/5/1/51vi4h6x1pl._sl1000_.jpg		Resmed-F20-mask(Medium)	yes	5
ECG-Chest-Bulb-Blue	ECG Chest Electrode Bulb Metal Part - Blue	Product Info The OTICA Medway ECG Chest Electrode Bulb with Metal Part is designed for dependable and accurate electrocardiography applications. Featuring a strong suction bulb and high-grade metal connector, it provides secure chest attachment and excellent electrical conductivity for consistent ECG signal capture. The durable, reusable construction makes it suitable for routine clinical use while maintaining patient comfort. Easy to clean and compatible with standard ECG lead wires, this electrode bulb is widely used in hospitals, cardiac care units, diagnostic centers, and clinics for reliable heart monitoring and diagnostic accuracy. &nbsp; Key Features Reliable ECG chest electrode for accurate cardiac readings High-quality metal connector for stable signal transmission Strong suction bulb ensures secure chest placement Compatible with standard ECG machines and lead wires Easy to clean and maintain for repeated use Ideal for hospitals, clinics, and diagnostic centers	in_stock	https://oticamart.com/us/ecg-chest-electrode-bulb-metal-part-blue.html	4.65 USD				OTICA	https://oticamart.com/media/catalog/product/6/1/61xpqumr8fl._sl1500_.jpg, https://oticamart.com/media/catalog/product/8/1/81y5hpjnrrl._sl1500_.jpg, https://oticamart.com/media/catalog/product/8/1/81p4ybem9xl._sl1500_.jpg, https://oticamart.com/media/catalog/product/8/1/81h2gaxgg7l._sl1500_.jpg, https://oticamart.com/media/catalog/product/8/1/81fncn8wobl._sl1500_.jpg, https://oticamart.com/media/catalog/product/8/1/81y-tqtzexl._sl1500_.jpg, https://oticamart.com/media/catalog/product/8/1/81e8oap0jjl._sl1500_.jpg	new	no					adult		https://oticamart.com/media/catalog/productno_selection		ECG-Chest-Bulb-Blue	yes	5
3-roll-of-210mmX20mtr	12 Channel Thermal ECG Graph Paper Roll 210mm x 20m 1200G Pack of 3	Product Info The OTICA 12 Channel Thermal ECG Graph Paper Roll (210mm x 20m) delivers consistent, high-resolution ECG tracings for professional cardiac diagnostics. Manufactured from premium-grade thermal paper, it ensures sharp waveform clarity, fade resistance, and smudge-free printing for accurate interpretation. The standard 210 mm width and 20-meter length provide a precise fit and smooth feeding in compatible machines. Designed for use with Contec CMS 1200G, Bionet 12 Channel ECG machines, Mortara ELI 230, and other similar 12-channel systems, this value pack of 3 rolls supports continuous operation in hospitals, cardiac centers, and diagnostic labs. Trust OTICA for reliable, durable, and performance-driven medical consumables. &nbsp; Key Features Premium thermal paper for sharp, accurate ECG tracings Standard 210mm x 20m roll size for perfect machine fit Compatible with Contec CMS 1200G, Bionet &amp; Mortara ELI 230 Smooth paper feed for uninterrupted operation Ideal for hospitals, clinics, and diagnostic centers Ensures clear waveform visibility for accurate diagnosis	in_stock	https://oticamart.com/us/12-channel-thermal-ecg-graph-paper-roll-210mm-x-20m-1200g-pack-of-3.html	6.66 USD				OTICA	https://oticamart.com/media/catalog/product/5/1/51ejzpwqvtl.jpg, https://oticamart.com/media/catalog/product/6/1/61emk9k2oml.jpg, https://oticamart.com/media/catalog/product/8/1/816fgupgmwl._sl1500_.jpg, https://oticamart.com/media/catalog/product/5/1/51zfzivjzsl.jpg, https://oticamart.com/media/catalog/product/7/1/710toyroibl.jpg	new	no					adult		https://oticamart.com/media/catalog/product/7/1/71gxxxxas8l._sl1500_.jpg		3-roll-of-210mmX20mtr	yes	5
test otica product test3	test product test3		in_stock	https://oticamart.com/us/test-product-test3.html	0.61 USD				OTICA		new	no					adult		https://oticamart.com/media/catalog/product/l/a/latex-glove_1_1.jpg		test otica product test3	yes	50
Stainless Steel Tongue Depressor -6 inch (2 Unit)	Stainless Steel Tongue Depressor 6 inch Reusable Medical Blade Oral Dental Tools (Pack of 2)	Product Info The&nbsp;OTICA Stainless Steel Tongue Depressor is a durable and reusable medical instrument designed for accurate oral and throat examinations. Made from premium medical-grade stainless steel, it features a smooth, polished surface with rounded edges to ensure patient comfort and safety. Unlike disposable wooden depressors, this stainless steel blade is fully sterilizable, corrosion-resistant, and built for repeated clinical use. Measuring 6 inches, it provides optimal reach and control for examinations in hospitals, clinics, dental practices, and training institutions. Supplied as a convenient pack of 2, it is a cost-effective and eco-friendly choice for healthcare professionals and personal hygiene needs. &nbsp; Key Features Medical-grade stainless steel for professional use Smooth, rounded edges for patient comfort Ideal length (6 inch) for precise oral examination Easy to clean and disinfect after each use Suitable for doctors, dentists &amp; medical students Multipurpose use: oral exams, dental care &amp; hygiene	in_stock	https://oticamart.com/us/stainless-steel-tongue-depressor-reusable-medical-grade-blade-oral-examination.html	4.77 USD				OTICA	https://oticamart.com/media/catalog/product/5/1/51ex1io-3sl._sl1500__1_.jpg, https://oticamart.com/media/catalog/product/5/1/51r25kdb_el._sl1500_.jpg, https://oticamart.com/media/catalog/product/6/1/619mn9ovr-l._sl1500__1_.jpg, https://oticamart.com/media/catalog/product/7/1/71gqflax7ol._sl1500__1_.jpg	new	no					adult		https://oticamart.com/media/catalog/product/5/1/51iku7ekmyl._sl1500__1_.jpg		Stainless Steel Tongue Depressor -6 inch (2 Unit)	yes	20
