id	title	description	availability	link	price	sale price	gtin	mpn	brand	additional_image_link	condition	adult	color	size	gender	color	age group	google product category	image link	product type	item group id	identifier exists	sell on google quantity
Distilled Water-5 Litre	Distilled Water Ultrapure 0 TDS Water for Battery, Humidifiers, Inverter, Cosmetics & Oxygen Concentrators-5 Litre	Product Info OTICA Distilled Water is a high-purity consumable engineered for medical and laboratory environments requiring mineral-free performance. Manufactured through an advanced purification chain combining reverse osmosis, UV treatment, micron filtration, and steam distillation, it eliminates dissolved salts, heavy metals, and microbial contaminants. This ensures safe and stable operation of autoclaves, CPAP humidifiers, dental units, analyzers, and other precision equipment. Its low conductivity and zero-TDS profile protect internal components from scale, deposits, and corrosion, significantly improving device efficiency and lifespan. Packaged in a clean, tamper-sealed container, OTICA Distilled Water offers dependable consistency for clinical, industrial, and home medical use. &nbsp; Key Features High-purity distilled water for medical and laboratory use Processed with multi-stage purification for consistent quality Reverse osmosis and steam distillation ensure ultra-low TDS Ideal for autoclaves, CPAP humidifiers, and sterilizers Prevents mineral scaling in sensitive equipment Protects device components from corrosion and deposits	in_stock	https://oticamart.com/au/distilled-water-ultrapure-0-tds-water-for-battery-humidifiers-inverter-cosmetics-oxygen-concentrators.html?size=5+litre	9.20 AUD				OTICA	https://oticamart.com/media/catalog/product/8/1/81kepk8ytzl._sl1500__1_1_1.jpg, https://oticamart.com/media/catalog/product/8/1/816odih-pil._sl1500__1_1_1.jpg, https://oticamart.com/media/catalog/product/9/1/91mqrt792kl._sl1500__1_1.jpg, https://oticamart.com/media/catalog/product/9/1/91vs7kfnj5l._sl1500__1_1.jpg, https://oticamart.com/media/catalog/product/8/1/81uq0omq0al._sl1500__1_1_1.jpg, https://oticamart.com/media/catalog/product/8/1/81qp67c_vpl._sl1500__1_1_1.jpg, https://oticamart.com/media/catalog/product/8/1/81yrqvibj5l._sl1500__1_1.jpg, https://oticamart.com/media/catalog/product/9/1/91ifz0djjvl._sl1500__1_1.jpg	new	no		5 Litre			adult		https://oticamart.com/media/catalog/product/5/1/51zwew4mycl._sl1024__1_1_1.jpg		Distilled Water	yes	0
Distilled Water-1 Litre	Distilled Water Ultrapure 0 TDS Water for Battery, Humidifiers, Inverter, Cosmetics & Oxygen Concentrators-1 Litre	Product Info OTICA Distilled Water is a high-purity consumable engineered for medical and laboratory environments requiring mineral-free performance. Manufactured through an advanced purification chain combining reverse osmosis, UV treatment, micron filtration, and steam distillation, it eliminates dissolved salts, heavy metals, and microbial contaminants. This ensures safe and stable operation of autoclaves, CPAP humidifiers, dental units, analyzers, and other precision equipment. Its low conductivity and zero-TDS profile protect internal components from scale, deposits, and corrosion, significantly improving device efficiency and lifespan. Packaged in a clean, tamper-sealed container, OTICA Distilled Water offers dependable consistency for clinical, industrial, and home medical use. &nbsp; Key Features High-purity distilled water for medical and laboratory use Processed with multi-stage purification for consistent quality Reverse osmosis and steam distillation ensure ultra-low TDS Ideal for autoclaves, CPAP humidifiers, and sterilizers Prevents mineral scaling in sensitive equipment Protects device components from corrosion and deposits	in_stock	https://oticamart.com/au/distilled-water-ultrapure-0-tds-water-for-battery-humidifiers-inverter-cosmetics-oxygen-concentrators.html?size=1+litre	3.67 AUD				OTICA	https://oticamart.com/media/catalog/product/8/1/81p0uh8c4fl._sl1500__2.jpg, https://oticamart.com/media/catalog/product/8/1/816-2xfbh5l._sl1500__2.jpg, https://oticamart.com/media/catalog/product/9/1/91wuizcy_ql._sl1500__1__2.jpg, https://oticamart.com/media/catalog/product/9/1/919rubvksdl._sl1500__1__2.jpg, https://oticamart.com/media/catalog/product/8/1/81ph5sdydbl._sl1500__1__2.jpg, https://oticamart.com/media/catalog/product/9/1/91ifz0djjvl._sl1500__1__2.jpg, https://oticamart.com/media/catalog/product/8/1/81nv6x08jcl._sl1500__2.jpg, https://oticamart.com/media/catalog/product/8/1/81wqz9td8yl._sl1500__1__2.jpg	new	no		1 Litre			adult		https://oticamart.com/media/catalog/product/7/1/71_yhvvzlyl._sl1500__1__2.jpg		Distilled Water	yes	0
Enema-Kit-Blue	Enema Kit for Adults and Kids with Flexible Tube for Self Use Enima Pot for Home use (1500ml)-Blue	Product Info The OTICA Enema Kit (1500ml Capacity) is a complete and user-friendly solution designed for adults and kids. The graduated PVC enema can with lid allows easy monitoring of liquid levels, while the wall-mount design ensures convenient use. The kit includes a 2-meter flexible PVC hose with a positive-close clamp for smooth one-hand flow control. A non-traumatic, rounded-tip nozzle ensures safe and comfortable insertion, and the multi-hole colon tube allows even liquid distribution. Manufactured from BPA-free, medical-grade material, it is safe, hygienic, and reusable after proper cleaning. Ideal for home care, clinics, and personal hygiene routines, this kit is designed for easy operation, controlled flow, and reliable performance. &nbsp; Key Features Large 1500ml capacity for effective use Suitable for both adults and kids Graduated can for accurate liquid measurement 2-meter flexible tube for easy positioning Multi-hole tube for even liquid distribution Ideal for home and clinical personal care use	in_stock	https://oticamart.com/au/enema-kit-for-adults-and-kids-with-flexible-tube-for-self-use-enima-pot-for-home-use-1500ml.html?color=blue	4.59 AUD				OTICA	https://oticamart.com/media/catalog/product/6/1/61f0ztbtqrl._sl1500__1__1.jpg, https://oticamart.com/media/catalog/product/6/1/61uq6cuxdjl._sl1500__1__1.jpg, https://oticamart.com/media/catalog/product/7/1/71g4emgoe-l._sl1500__1.jpg, https://oticamart.com/media/catalog/product/7/1/71wjpwmxtel._sl1500__1.jpg, https://oticamart.com/media/catalog/product/6/1/61w0t7ke3bl._sl1500__1.jpg, https://oticamart.com/media/catalog/product/7/1/719odmeoogl._sl1500__1__1.jpg	new	no				blue	adult		https://oticamart.com/media/catalog/product/6/1/616haw4p08l._sl1500__1.jpg		Enema-Kit	yes	0
Enema-Kit-White	Enema Kit for Adults and Kids with Flexible Tube for Self Use Enima Pot for Home use (1500ml)-White	Product Info The OTICA Enema Kit (1500ml Capacity) is a complete and user-friendly solution designed for adults and kids. The graduated PVC enema can with lid allows easy monitoring of liquid levels, while the wall-mount design ensures convenient use. The kit includes a 2-meter flexible PVC hose with a positive-close clamp for smooth one-hand flow control. A non-traumatic, rounded-tip nozzle ensures safe and comfortable insertion, and the multi-hole colon tube allows even liquid distribution. Manufactured from BPA-free, medical-grade material, it is safe, hygienic, and reusable after proper cleaning. Ideal for home care, clinics, and personal hygiene routines, this kit is designed for easy operation, controlled flow, and reliable performance. &nbsp; Key Features Large 1500ml capacity for effective use Suitable for both adults and kids Graduated can for accurate liquid measurement 2-meter flexible tube for easy positioning Multi-hole tube for even liquid distribution Ideal for home and clinical personal care use	in_stock	https://oticamart.com/au/enema-kit-for-adults-and-kids-with-flexible-tube-for-self-use-enima-pot-for-home-use-1500ml.html?color=white	4.59 AUD				OTICA	https://oticamart.com/media/catalog/product/5/1/51lxlmh2bql_1__1.jpg, https://oticamart.com/media/catalog/product/5/1/51k5momaxll_1.jpg, https://oticamart.com/media/catalog/product/5/1/51kn-54lcel_1__1.jpg, https://oticamart.com/media/catalog/product/4/1/41zk8viq1ul_1.jpg, https://oticamart.com/media/catalog/product/5/1/51gaurbcxml_1__1.jpg, https://oticamart.com/media/catalog/product/5/1/51nphn1h_kl_1.jpg	new	no				white	adult		https://oticamart.com/media/catalog/product/5/1/51yadojyd6l_1__2.jpg		Enema-Kit	yes	0
Tablet Cutter-Pink	Pill Cutter and Splitter for Daily Use Safely Cut Pills and Vitamins Precise Centering Travel Sized-Pink	Product Info The OTICA Tablet Cutter is a practical medical-accessory designed to simplify and secure the process of splitting or cutting tablets and pills — whether they are small or large. Crafted from tough ABS plastic and featuring a razor-sharp stainless-steel blade, this manual cutter delivers clean, accurate splits with minimal effort. Its compact size makes it suitable for home use, traveling, or carrying in a medicine kit. The cutter’s design ensures pills are held securely in place during cutting, reducing fragmentation or dosage inconsistency. This makes the OTICA cutter particularly suited for patients requiring dose adjustments, people with difficulty swallowing large pills, or households managing multiple medications. The durable construction ensures it withstands repeated daily use, offering long-term reliability at an affordable price point. According to regulatory classifications, such tablet-cutters are considered devices for pill splitting/crushing — intended for medications that are labeled safe for splitting or crushing.. &nbsp; Key Features Sharp stainless-steel blade for consistent, precise cuts. Designed to split tablets into halves, quarters, or eighths. Suitable for a wide range of pill sizes and shapes. Secure pill-holding base prevents pills from slipping during cut. Compact and portable — ideal for home, travel, or daily use. Easy to clean and maintain with simple rinse/wipe. Safe and stable for repeated daily use without blade degradation. Simple operation — suitable for elderly or users with limited hand strength.	in_stock	https://oticamart.com/au/best-pill-cutter-splitter-daily-usage-safely-cut-pills-vitamins-3.html?color=pink	5.26 AUD				OTICA	https://oticamart.com/media/catalog/product/7/1/716-oldzbxl._sl1500__1.jpg, https://oticamart.com/media/catalog/product/7/1/71xlbfuz4nl._sl1500__1.jpg, https://oticamart.com/media/catalog/product/8/1/81jthrkxwxl._sl1500__1.jpg, https://oticamart.com/media/catalog/product/7/1/71kp6ut9w5l._sl1500__1.jpg, https://oticamart.com/media/catalog/product/7/1/71iwu-dbtal._sl1500__1.jpg, https://oticamart.com/media/catalog/product/8/1/81blxqerv4l._sl1500__1.jpg, https://oticamart.com/media/catalog/product/8/1/81icfvyprjl._sl1500__1.jpg, https://oticamart.com/media/catalog/product/8/1/81lmrq1yj2l._sl1500__1.jpg	new	no				pink	adult		https://oticamart.com/media/catalog/product/6/1/61lw440htwl._sl1500__1.jpg		Tablet Cutter OHPL	yes	0
First-Aid-Box-Green	First Aid Box Emergency Medical Kit Multi Compartment Storage & Key Lock Home School Office-Green	Product Info The First Aid Box – Emergency Medical Kit Box Is A Reliable And Secure Storage Solution For Organizing Essential Medical Supplies In Any Setting. Designed With Multiple Compartments And A Sturdy Key Lock, This Box Is Ideal For Quick Access During Emergencies While Keeping Medications Safe From Unauthorized Use, Especially Around Children. Made From High-Quality Metal Material , The Box Features Tiered Compartments And Removable Trays For Easy Sorting Of Medicines, Bandages, Antiseptics, Thermometers, And More. Its Compact Yet Spacious Design Allows It To Fit Neatly In Your Home, Classroom, Office, Clinic, Or Even During Travel. Whether You'Re Preparing For Minor Injuries Or Emergency Situations, This Portable And Lockable First Aid Kit Box Is A Smart Choice For Personal And Professional Health Safety Preparedness. Key Features Multi-Compartment Design : Organized Storage For Medicines &amp; Medical Tools Secure Key Lock : Keeps Medicines Safe And Out Of Reach Of Children Spacious Yet Compact : Holds All Essentials Without Taking Up Too Much Space Durable Build : Made From Strong, Easy-To-Clean Metal Portable Design : Built-In Handle For Mobility In Emergencies Transparent Or Labeled Lid (Optional) : For Quick Content Identification Ideal For : Homes, Schools, Offices, Clinics, Vehicles, And Hostels	in_stock	https://oticamart.com/au/first-aid-box-emergency-medical-kit-multi-compartment-storage.html	15.91 AUD				OTICA	https://oticamart.com/media/catalog/product/4/1/41m337ix2fl_1__1.jpg, https://oticamart.com/media/catalog/product/4/1/41oib0k30ql_1__1.jpg, https://oticamart.com/media/catalog/product/3/1/3104gj6pp4l_1.jpg, https://oticamart.com/media/catalog/product/5/1/51jujuaxfpl_1.jpg, https://oticamart.com/media/catalog/product/5/1/51pyky0m7cl_1__1.jpg, https://oticamart.com/media/catalog/product/6/1/61vkaewq6sl_1.jpg, https://oticamart.com/media/catalog/product/5/1/517wxx921zl_1__1.jpg	new	no					adult		https://oticamart.com/media/catalog/product/4/1/41ywhxv0ycl_1__1.jpg		First Aid Box	yes	0
First-Aid-Box-Full Green	First Aid Box Emergency Medical Kit Multi Compartment Storage & Key Lock Home School Office-Full Green	Product Info The First Aid Box – Emergency Medical Kit Box Is A Reliable And Secure Storage Solution For Organizing Essential Medical Supplies In Any Setting. Designed With Multiple Compartments And A Sturdy Key Lock, This Box Is Ideal For Quick Access During Emergencies While Keeping Medications Safe From Unauthorized Use, Especially Around Children. Made From High-Quality Metal Material , The Box Features Tiered Compartments And Removable Trays For Easy Sorting Of Medicines, Bandages, Antiseptics, Thermometers, And More. Its Compact Yet Spacious Design Allows It To Fit Neatly In Your Home, Classroom, Office, Clinic, Or Even During Travel. Whether You'Re Preparing For Minor Injuries Or Emergency Situations, This Portable And Lockable First Aid Kit Box Is A Smart Choice For Personal And Professional Health Safety Preparedness. Key Features Multi-Compartment Design : Organized Storage For Medicines &amp; Medical Tools Secure Key Lock : Keeps Medicines Safe And Out Of Reach Of Children Spacious Yet Compact : Holds All Essentials Without Taking Up Too Much Space Durable Build : Made From Strong, Easy-To-Clean Metal Portable Design : Built-In Handle For Mobility In Emergencies Transparent Or Labeled Lid (Optional) : For Quick Content Identification Ideal For : Homes, Schools, Offices, Clinics, Vehicles, And Hostels	in_stock	https://oticamart.com/au/first-aid-box-emergency-medical-kit-multi-compartment-storage.html	15.91 AUD				OTICA	https://oticamart.com/media/catalog/product/7/1/71o80f3nksl._sl1500__1.jpg, https://oticamart.com/media/catalog/product/6/1/61bndlhg5dl._sl1500__1.jpg, https://oticamart.com/media/catalog/product/6/1/61yxaxdrk6l._sl1500__1.jpg, https://oticamart.com/media/catalog/product/7/1/716jakr5bhl._sl1500__1.jpg, https://oticamart.com/media/catalog/product/7/1/71orog2g0cl._sl1500__1.jpg, https://oticamart.com/media/catalog/product/8/1/81tcfo-zc6l._sl1500__1.jpg, https://oticamart.com/media/catalog/product/8/1/81h94nsh-5l._sl1500__1.jpg, https://oticamart.com/media/catalog/product/8/1/81-ecq670hl._sl1500__1.jpg	new	no					adult		https://oticamart.com/media/catalog/product/7/1/71pbtdt9orl._sl1500__1.jpg		First Aid Box	yes	0
First-Aid-Box-Red	First Aid Box Emergency Medical Kit Multi Compartment Storage & Key Lock Home School Office-Red	Product Info The First Aid Box – Emergency Medical Kit Box Is A Reliable And Secure Storage Solution For Organizing Essential Medical Supplies In Any Setting. Designed With Multiple Compartments And A Sturdy Key Lock, This Box Is Ideal For Quick Access During Emergencies While Keeping Medications Safe From Unauthorized Use, Especially Around Children. Made From High-Quality Metal Material , The Box Features Tiered Compartments And Removable Trays For Easy Sorting Of Medicines, Bandages, Antiseptics, Thermometers, And More. Its Compact Yet Spacious Design Allows It To Fit Neatly In Your Home, Classroom, Office, Clinic, Or Even During Travel. Whether You'Re Preparing For Minor Injuries Or Emergency Situations, This Portable And Lockable First Aid Kit Box Is A Smart Choice For Personal And Professional Health Safety Preparedness. Key Features Multi-Compartment Design : Organized Storage For Medicines &amp; Medical Tools Secure Key Lock : Keeps Medicines Safe And Out Of Reach Of Children Spacious Yet Compact : Holds All Essentials Without Taking Up Too Much Space Durable Build : Made From Strong, Easy-To-Clean Metal Portable Design : Built-In Handle For Mobility In Emergencies Transparent Or Labeled Lid (Optional) : For Quick Content Identification Ideal For : Homes, Schools, Offices, Clinics, Vehicles, And Hostels	in_stock	https://oticamart.com/au/first-aid-box-emergency-medical-kit-multi-compartment-storage.html	14.11 AUD				OTICA	https://oticamart.com/media/catalog/product/6/1/61lhlcgepul._sl1500__2__1.jpg, https://oticamart.com/media/catalog/product/6/1/61zlhnuushl._sl1500__2__1.jpg, https://oticamart.com/media/catalog/product/6/1/61h21gknaal._sl1500__1__1.jpg, https://oticamart.com/media/catalog/product/7/1/71h69jgp2rl._sl1500__1__1.jpg, https://oticamart.com/media/catalog/product/8/1/81g01shr99l._sl1500__1.jpg	new	no					adult		https://oticamart.com/media/catalog/product/7/1/711pyso4zvl._sl1500__1__1.jpg		First Aid Box	yes	0
Single-Film-XRAY-VIEW-BOX	Fully Automatic LED Single Film X Ray View Box 1 Year Warranty Variable Brightness Control Hospital Clinic Extra Bright XRAY Box	Product Info FThe OTICA X-Ray View Box is engineered for precise radiograph examination using advanced high-intensity LED illumination that provides consistent 10,000–12,000 Lux brightness across the entire screen. The uniform light distribution enhances image clarity, enabling doctors to interpret X-rays with greater accuracy. Its ultra-slim, lightweight structure and smooth acrylic viewing surface support easy wall or table installation. Designed with film-grip clamps to hold X-ray sheets securely, the unit operates with minimal heat, low power consumption, and extended LED life. Ideal for hospitals, dental clinics, physiotherapy centers, orthopedic practices, and imaging facilities seeking dependable, professional-grade viewing equipment. &nbsp; Key Features • High-brightness LED illumination for accurate X-ray reading • 10,000–12,000 Lux output for medical-grade clarity • Uniform backlight distribution with zero dark spots • Ultra-slim, modern, lightweight design • Energy-efficient LEDs with long operational life • Low heat emission for safe continuous use • Flicker-free lighting reduces eye strain • High-quality acrylic viewing panel • Film-grip holders to secure X-ray sheets • Durable frame suitable for long-term clinical use • Wall-mount and table-mount compatible • Low power consumption for daily imaging workloads • Quick start illumination with no warm-up time • Vibration-free, silent operation • Stable illumination for precise diagnostics • Suitable for hospitals, clinics, and laboratories • Easy to clean and maintain • Even performance for orthopedic, dental, and radiology use • Designed for consistent brightness over full panel • Professional construction compliant with clinical standards	in_stock	https://oticamart.com/au/fully-automatic-led-ray-view-box-1-year-warranty.html	24.88 AUD				OTICA	https://oticamart.com/media/catalog/product/7/1/71tu3mrufkl._sl1500__1.jpg, https://oticamart.com/media/catalog/product/7/1/71iep3ctail._sl1500__1.jpg, https://oticamart.com/media/catalog/product/7/1/71fkecsfwxl._sl1500__1.jpg, https://oticamart.com/media/catalog/product/7/1/718mtga9hkl._sl1500__1.jpg, https://oticamart.com/media/catalog/product/7/1/710au5tfkol._sl1500__1.jpg	new	no					adult		https://oticamart.com/media/catalog/product/6/1/61cari8mqpl._sl1500__1.jpg		XRAY VIEW BOX OHPL-1	yes	0
Double-Film-XRAY-VIEW-BOX	Fully Automatic LED Double Film X Ray View Box 1 Year Warranty Variable Brightness Control Hospital Clinic Extra Bright XRAY Box	Product Info FThe OTICA X-Ray View Box is engineered for precise radiograph examination using advanced high-intensity LED illumination that provides consistent 10,000–12,000 Lux brightness across the entire screen. The uniform light distribution enhances image clarity, enabling doctors to interpret X-rays with greater accuracy. Its ultra-slim, lightweight structure and smooth acrylic viewing surface support easy wall or table installation. Designed with film-grip clamps to hold X-ray sheets securely, the unit operates with minimal heat, low power consumption, and extended LED life. Ideal for hospitals, dental clinics, physiotherapy centers, orthopedic practices, and imaging facilities seeking dependable, professional-grade viewing equipment. &nbsp; Key Features • High-brightness LED illumination for accurate X-ray reading • 10,000–12,000 Lux output for medical-grade clarity • Uniform backlight distribution with zero dark spots • Ultra-slim, modern, lightweight design • Energy-efficient LEDs with long operational life • Low heat emission for safe continuous use • Flicker-free lighting reduces eye strain • High-quality acrylic viewing panel • Film-grip holders to secure X-ray sheets • Durable frame suitable for long-term clinical use • Wall-mount and table-mount compatible • Low power consumption for daily imaging workloads • Quick start illumination with no warm-up time • Vibration-free, silent operation • Stable illumination for precise diagnostics • Suitable for hospitals, clinics, and laboratories • Easy to clean and maintain • Even performance for orthopedic, dental, and radiology use • Designed for consistent brightness over full panel • Professional construction compliant with clinical standards	in_stock	https://oticamart.com/au/fully-automatic-led-ray-view-box-1-year-warranty.html	55.14 AUD				OTICA	https://oticamart.com/media/catalog/product/7/1/71hzgscpzwl._sl1500__1.jpg, https://oticamart.com/media/catalog/product/7/1/71uxcns1d1l._sl1500__1.jpg, https://oticamart.com/media/catalog/product/7/1/71nygynofdl._sl1500__1.jpg, https://oticamart.com/media/catalog/product/7/1/71cth18o6nl._sl1500__1.jpg, https://oticamart.com/media/catalog/product/7/1/71bba9_qgul._sl1500__1.jpg	new	no					adult		https://oticamart.com/media/catalog/product/5/1/51crumjks6l._sl1500__1.jpg		XRAY VIEW BOX OHPL-1	yes	0
Jal Neti Bottle-Purple	OTICA 300ml Jal Neti Pots Bottle for Sinus BPA Free Rinse Nose Yoga Pressure Cleaner Nasal Irrigation Wash Bottle System for Adult & Kid-Purple	Product Info OTICA JalNeti Bottle is engineered for professionals and individuals seeking an efficient, hygienic nasal irrigation solution. Made from medical-grade, BPA-free material, it offers a smooth, uninterrupted saline flow to flush out mucus, dust, allergens, and pollutants from nasal passages. Its ergonomic squeezable bottle and contoured nozzle ensure optimal comfort and controlled pressure for both beginners and experienced users. The wide-mouth design enables easy saline preparation and thorough cleaning after each use. Recommended for sinusitis, cold, allergy sufferers, yoga practitioners, and anyone needing improved breathing and nasal clarity. This non-electric system delivers a natural, drug-free respiratory cleanse suitable for daily use.. &nbsp; Key Features Effective relief from sinusitis, cold, and nasal congestion Flushes dust, allergens, and pollutants from nasal passages Leak-proof design prevents spills during irrigation Ideal for yoga, pranayama, and respiratory wellness routines Promotes natural, drug-free breathing improvement	in_stock	https://oticamart.com/au/300ml-jal-neti-pots-bottle-sinus-bpa-free-rinse-nose.html?color=purple	4.15 AUD				OTICA	https://oticamart.com/media/catalog/product/7/1/71sfubwygkl._sl1500__2_.jpg, https://oticamart.com/media/catalog/product/8/1/81tpjbro9bl._sl1500__3_.jpg, https://oticamart.com/media/catalog/product/7/1/71mpn8hqcyl._sl1500__4_.jpg, https://oticamart.com/media/catalog/product/8/1/81ce6lss_il._sl1500__3_.jpg, https://oticamart.com/media/catalog/product/8/1/81azaha268l._sl1500__2_.jpg, https://oticamart.com/media/catalog/product/8/1/81oadrde1cl._sl1500__1_.jpg, https://oticamart.com/media/catalog/product/8/1/81nrthnuoel._sl1500__3_.jpg, https://oticamart.com/media/catalog/product/8/1/81qvppvcxel._sl1500__1.jpg	new	no				purple	adult		https://oticamart.com/media/catalog/product/6/1/61rplqvjaql._sl1500_.jpg		Jal Neti Bottle	yes	0
Jal Neti Bottle-Green	OTICA 300ml Jal Neti Pots Bottle for Sinus BPA Free Rinse Nose Yoga Pressure Cleaner Nasal Irrigation Wash Bottle System for Adult & Kid-Green	Product Info OTICA JalNeti Bottle is engineered for professionals and individuals seeking an efficient, hygienic nasal irrigation solution. Made from medical-grade, BPA-free material, it offers a smooth, uninterrupted saline flow to flush out mucus, dust, allergens, and pollutants from nasal passages. Its ergonomic squeezable bottle and contoured nozzle ensure optimal comfort and controlled pressure for both beginners and experienced users. The wide-mouth design enables easy saline preparation and thorough cleaning after each use. Recommended for sinusitis, cold, allergy sufferers, yoga practitioners, and anyone needing improved breathing and nasal clarity. This non-electric system delivers a natural, drug-free respiratory cleanse suitable for daily use.. &nbsp; Key Features Effective relief from sinusitis, cold, and nasal congestion Flushes dust, allergens, and pollutants from nasal passages Leak-proof design prevents spills during irrigation Ideal for yoga, pranayama, and respiratory wellness routines Promotes natural, drug-free breathing improvement	in_stock	https://oticamart.com/au/300ml-jal-neti-pots-bottle-sinus-bpa-free-rinse-nose.html?color=green	4.59 AUD				OTICA	https://oticamart.com/media/catalog/product/5/1/51jlngoudvl_1_.jpg, https://oticamart.com/media/catalog/product/5/1/51z2m83ikol_1_.jpg, https://oticamart.com/media/catalog/product/5/1/51avwov224l_1_.jpg, https://oticamart.com/media/catalog/product/5/1/51sjt_mpqsl_1_.jpg, https://oticamart.com/media/catalog/product/6/1/610ayv7usil.jpg, https://oticamart.com/media/catalog/product/5/1/51hqbibubnl_1_.jpg	new	no				green	adult		https://oticamart.com/media/catalog/product/4/1/41uofgybt4l_1__1.jpg		Jal Neti Bottle	yes	0
210mm ecg roll-10	12 Channel Thermal ECG Graph Paper Roll 210mm x 20m-Pack of 10	Product Info The OTICA 12 Channel Thermal ECG Graph Paper Roll measures 210mm in width and 20 meters in length, making it ideal for 12-channel ECG machines used in professional medical settings. Manufactured from premium thermal paper, it delivers high-contrast, smudge-free, and precise ECG waveforms essential for accurate cardiac interpretation. Designed for seamless compatibility with Contec CMS 1200G, Bionet 12 Channel ECG machines, Mortara ELI 230, and other similar models, this roll ensures smooth paper feeding and consistent output without jamming. Suitable for hospitals, cardiac care units, diagnostic centers, and clinics, OTICA ECG paper supports reliable and uninterrupted ECG recording operations. &nbsp; Key Features Premium thermal paper for sharp ECG tracings Standard 210mm x 20m size for accurate fit Compatible with Contec CMS 1200G, Bionet &amp; Mortara ELI 230 Designed for 12-channel ECG machines Smooth, jam-free printing performance Ideal for hospitals, clinics &amp; diagnostic labs	in_stock	https://oticamart.com/au/12-channel-thermal-ecg-graph-paper-roll-210mm-x-20m.html	52.43 AUD				OTICA		new	no					adult		https://oticamart.com/media/catalog/product/7/1/714yherolsl._sl1500__2.jpg		210mm ecg roll	yes	0
210mm ecg roll-6	12 Channel Thermal ECG Graph Paper Roll 210mm x 20m-Pack of 6	Product Info The OTICA 12 Channel Thermal ECG Graph Paper Roll measures 210mm in width and 20 meters in length, making it ideal for 12-channel ECG machines used in professional medical settings. Manufactured from premium thermal paper, it delivers high-contrast, smudge-free, and precise ECG waveforms essential for accurate cardiac interpretation. Designed for seamless compatibility with Contec CMS 1200G, Bionet 12 Channel ECG machines, Mortara ELI 230, and other similar models, this roll ensures smooth paper feeding and consistent output without jamming. Suitable for hospitals, cardiac care units, diagnostic centers, and clinics, OTICA ECG paper supports reliable and uninterrupted ECG recording operations. &nbsp; Key Features Premium thermal paper for sharp ECG tracings Standard 210mm x 20m size for accurate fit Compatible with Contec CMS 1200G, Bionet &amp; Mortara ELI 230 Designed for 12-channel ECG machines Smooth, jam-free printing performance Ideal for hospitals, clinics &amp; diagnostic labs	in_stock	https://oticamart.com/au/12-channel-thermal-ecg-graph-paper-roll-210mm-x-20m.html	31.46 AUD				OTICA		new	no					adult		https://oticamart.com/media/catalog/product/7/1/714yherolsl._sl1500__1.jpg		210mm ecg roll	yes	0
210mm ecg roll-3	12 Channel Thermal ECG Graph Paper Roll 210mm x 20m-Pack of 3	Product Info The OTICA 12 Channel Thermal ECG Graph Paper Roll measures 210mm in width and 20 meters in length, making it ideal for 12-channel ECG machines used in professional medical settings. Manufactured from premium thermal paper, it delivers high-contrast, smudge-free, and precise ECG waveforms essential for accurate cardiac interpretation. Designed for seamless compatibility with Contec CMS 1200G, Bionet 12 Channel ECG machines, Mortara ELI 230, and other similar models, this roll ensures smooth paper feeding and consistent output without jamming. Suitable for hospitals, cardiac care units, diagnostic centers, and clinics, OTICA ECG paper supports reliable and uninterrupted ECG recording operations. &nbsp; Key Features Premium thermal paper for sharp ECG tracings Standard 210mm x 20m size for accurate fit Compatible with Contec CMS 1200G, Bionet &amp; Mortara ELI 230 Designed for 12-channel ECG machines Smooth, jam-free printing performance Ideal for hospitals, clinics &amp; diagnostic labs	in_stock	https://oticamart.com/au/12-channel-thermal-ecg-graph-paper-roll-210mm-x-20m.html	20.97 AUD				OTICA		new	no					adult		https://oticamart.com/media/catalog/product/7/1/714yherolsl._sl1500_.jpg		210mm ecg roll	yes	0
1-box-of-50mm*20Mtrs-Without Indicator	ECG Thermal Paper Roll 50mm x 20m (Pack of 10) Compatible with Single & 3 Channel ECG Machines-Without Indicator	Product Info The OTICA ECG Thermal Paper Roll (50mm x 20m) is manufactured using premium-grade thermal paper to provide crisp, high-contrast, and smudge-free ECG tracings for precise cardiac interpretation. Its standard 50mm width ensures compatibility with most single-channel and 3-channel ECG machines. The integrated end-of-roll indicator helps medical staff anticipate paper replacement, preventing workflow disruptions during critical tests. Each pack includes 10 rolls, offering a reliable and cost-effective supply for hospitals, cardiac units, clinics, and diagnostic laboratories. Designed for smooth paper feed and consistent thermal sensitivity, OTICA ECG paper supports accurate and uninterrupted daily ECG operations. &nbsp; Key Features Premium thermal coating for sharp ECG tracings Standard 50mm x 20m roll size for precise fit End-of-roll indicator prevents test interruptions Compatible with most single &amp; 3-channel ECG machines Ideal for hospitals, clinics &amp; diagnostic centers Pack of 10 rolls for extended supply	in_stock	https://oticamart.com/au/ecg-thermal-paper-roll-50mm-x-20m-pack-of-10-compatible-with-single-3-channel-ecg-machines.html	10.12 AUD				OTICA	https://oticamart.com/media/catalog/product/6/1/61emk9k2oml_2_.jpg, https://oticamart.com/media/catalog/product/7/1/710toyroibl_2_.jpg, https://oticamart.com/media/catalog/product/5/1/513-jc25nsl.jpg, https://oticamart.com/media/catalog/product/5/1/51ejzpwqvtl_2_.jpg	new	no					adult		https://oticamart.com/media/catalog/product/8/1/81ea2x0bfil._sl1500_.jpg		1-box-of-50mm*20Mtrs	yes	0
1-box-of-50mm*20Mtrs-With Indicator	ECG Thermal Paper Roll 50mm x 20m (Pack of 10) Compatible with Single & 3 Channel ECG Machines-With Indicator	Product Info The OTICA ECG Thermal Paper Roll (50mm x 20m) is manufactured using premium-grade thermal paper to provide crisp, high-contrast, and smudge-free ECG tracings for precise cardiac interpretation. Its standard 50mm width ensures compatibility with most single-channel and 3-channel ECG machines. The integrated end-of-roll indicator helps medical staff anticipate paper replacement, preventing workflow disruptions during critical tests. Each pack includes 10 rolls, offering a reliable and cost-effective supply for hospitals, cardiac units, clinics, and diagnostic laboratories. Designed for smooth paper feed and consistent thermal sensitivity, OTICA ECG paper supports accurate and uninterrupted daily ECG operations. &nbsp; Key Features Premium thermal coating for sharp ECG tracings Standard 50mm x 20m roll size for precise fit End-of-roll indicator prevents test interruptions Compatible with most single &amp; 3-channel ECG machines Ideal for hospitals, clinics &amp; diagnostic centers Pack of 10 rolls for extended supply	in_stock	https://oticamart.com/au/ecg-thermal-paper-roll-50mm-x-20m-pack-of-10-compatible-with-single-3-channel-ecg-machines.html	10.12 AUD				OTICA	https://oticamart.com/media/catalog/product/5/1/51xxsnlylpl_1.jpg, https://oticamart.com/media/catalog/product/6/1/61emk9k2oml_1__1.jpg, https://oticamart.com/media/catalog/product/5/1/51ejzpwqvtl_1__1.jpg, https://oticamart.com/media/catalog/product/6/1/61nb5tc2nul_1.jpg, https://oticamart.com/media/catalog/product/7/1/710toyroibl_1__1.jpg	new	no					adult		https://oticamart.com/media/catalog/product/8/1/81onnlnttxl._sl1500__1.jpg		1-box-of-50mm*20Mtrs	yes	0
3-roll-of-210mmX20mtr	12 Channel Thermal ECG Graph Paper Roll 210mm x 20m 1200G Pack of 3	Product Info The OTICA 12 Channel Thermal ECG Graph Paper Roll (210mm x 20m) delivers consistent, high-resolution ECG tracings for professional cardiac diagnostics. Manufactured from premium-grade thermal paper, it ensures sharp waveform clarity, fade resistance, and smudge-free printing for accurate interpretation. The standard 210 mm width and 20-meter length provide a precise fit and smooth feeding in compatible machines. Designed for use with Contec CMS 1200G, Bionet 12 Channel ECG machines, Mortara ELI 230, and other similar 12-channel systems, this value pack of 3 rolls supports continuous operation in hospitals, cardiac centers, and diagnostic labs. Trust OTICA for reliable, durable, and performance-driven medical consumables. &nbsp; Key Features Premium thermal paper for sharp, accurate ECG tracings Standard 210mm x 20m roll size for perfect machine fit Compatible with Contec CMS 1200G, Bionet &amp; Mortara ELI 230 Smooth paper feed for uninterrupted operation Ideal for hospitals, clinics, and diagnostic centers Ensures clear waveform visibility for accurate diagnosis	in_stock	https://oticamart.com/au/12-channel-thermal-ecg-graph-paper-roll-210mm-x-20m-1200g-pack-of-3.html	10.12 AUD				OTICA	https://oticamart.com/media/catalog/product/5/1/51ejzpwqvtl.jpg, https://oticamart.com/media/catalog/product/6/1/61emk9k2oml.jpg, https://oticamart.com/media/catalog/product/8/1/816fgupgmwl._sl1500_.jpg, https://oticamart.com/media/catalog/product/5/1/51zfzivjzsl.jpg, https://oticamart.com/media/catalog/product/7/1/710toyroibl.jpg	new	no					adult		https://oticamart.com/media/catalog/product/7/1/71gxxxxas8l._sl1500_.jpg		3-roll-of-210mmX20mtr	yes	0
Nasopharyngeal Airway-6 MM	Nasopharyngeal Airway NPA Soft Flexible Latex-Free - 6 MM	Product Info The OTICA Nasopharyngeal Airway is a reliable airway adjunct used to support effective ventilation in emergency and critical care situations. Designed for patients with an intact respiratory drive, it helps maintain an open nasal airway during unconscious or semi-conscious states. Manufactured from soft, medical-grade PVC, the airway tube is flexible and conforms naturally to nasal anatomy, ensuring comfort and stability. A smooth, rounded beveled tip allows gentle insertion while minimizing the risk of mucosal injury. Latex-free and biocompatible, it reduces the risk of allergic reactions. Each airway is individually packed in sterile packaging for single-use, ensuring safety and infection control. Trusted by EMS, paramedics, ICU teams, anesthesiologists, and first responders in high-pressure medical environments. &nbsp; Key Features Maintains open nasal airway for spontaneous breathing Soft, flexible medical-grade PVC construction Smooth beveled tip for gentle, controlled insertion Sterile and single-use to prevent cross-contamination Suitable for ICU, trauma units, and anesthesia support Lightweight and easy to deploy in emergencies	in_stock	https://oticamart.com/au/nasopharyngeal-airway-npa-soft-flexible-latex-free.html?size=6+mm	5.51 AUD				OTICA	https://oticamart.com/media/catalog/product/3/1/31nvi25uy7l_11.jpg, https://oticamart.com/media/catalog/product/4/1/41r3rlmcxgl_12.jpg, https://oticamart.com/media/catalog/product/4/1/41itxh5h8ql_1__12.jpg, https://oticamart.com/media/catalog/product/4/1/412_ey06upl_1__12.jpg, https://oticamart.com/media/catalog/product/4/1/41czgfqosul_1__12.jpg	new	no		6 MM			adult		https://oticamart.com/media/catalog/product/3/1/311_rzceg9l_1__13.jpg		Nasopharyngeal Airway	yes	0
Nasopharyngeal Airway-7.5 MM	Nasopharyngeal Airway NPA Soft Flexible Latex-Free - 7.5 MM	Product Info The OTICA Nasopharyngeal Airway is a reliable airway adjunct used to support effective ventilation in emergency and critical care situations. Designed for patients with an intact respiratory drive, it helps maintain an open nasal airway during unconscious or semi-conscious states. Manufactured from soft, medical-grade PVC, the airway tube is flexible and conforms naturally to nasal anatomy, ensuring comfort and stability. A smooth, rounded beveled tip allows gentle insertion while minimizing the risk of mucosal injury. Latex-free and biocompatible, it reduces the risk of allergic reactions. Each airway is individually packed in sterile packaging for single-use, ensuring safety and infection control. Trusted by EMS, paramedics, ICU teams, anesthesiologists, and first responders in high-pressure medical environments. &nbsp; Key Features Maintains open nasal airway for spontaneous breathing Soft, flexible medical-grade PVC construction Smooth beveled tip for gentle, controlled insertion Sterile and single-use to prevent cross-contamination Suitable for ICU, trauma units, and anesthesia support Lightweight and easy to deploy in emergencies	in_stock	https://oticamart.com/au/nasopharyngeal-airway-npa-soft-flexible-latex-free.html?size=7.5+mm	5.51 AUD				OTICA	https://oticamart.com/media/catalog/product/4/1/412_ey06upl_1__13.jpg, https://oticamart.com/media/catalog/product/4/1/41czgfqosul_1__13.jpg, https://oticamart.com/media/catalog/product/3/1/31nvi25uy7l_12.jpg, https://oticamart.com/media/catalog/product/4/1/41itxh5h8ql_1__13.jpg, https://oticamart.com/media/catalog/product/4/1/41r3rlmcxgl_13.jpg	new	no		7.5 MM			adult		https://oticamart.com/media/catalog/product/3/1/311_rzceg9l_1__12.jpg		Nasopharyngeal Airway	yes	0
Nasopharyngeal Airway-4.5 MM	Nasopharyngeal Airway NPA Soft Flexible Latex-Free - 4.5 MM	Product Info The OTICA Nasopharyngeal Airway is a reliable airway adjunct used to support effective ventilation in emergency and critical care situations. Designed for patients with an intact respiratory drive, it helps maintain an open nasal airway during unconscious or semi-conscious states. Manufactured from soft, medical-grade PVC, the airway tube is flexible and conforms naturally to nasal anatomy, ensuring comfort and stability. A smooth, rounded beveled tip allows gentle insertion while minimizing the risk of mucosal injury. Latex-free and biocompatible, it reduces the risk of allergic reactions. Each airway is individually packed in sterile packaging for single-use, ensuring safety and infection control. Trusted by EMS, paramedics, ICU teams, anesthesiologists, and first responders in high-pressure medical environments. &nbsp; Key Features Maintains open nasal airway for spontaneous breathing Soft, flexible medical-grade PVC construction Smooth beveled tip for gentle, controlled insertion Sterile and single-use to prevent cross-contamination Suitable for ICU, trauma units, and anesthesia support Lightweight and easy to deploy in emergencies	in_stock	https://oticamart.com/au/nasopharyngeal-airway-npa-soft-flexible-latex-free.html?size=4.5+mm	5.51 AUD				OTICA	https://oticamart.com/media/catalog/product/4/1/41r3rlmcxgl_11.jpg, https://oticamart.com/media/catalog/product/3/1/31nvi25uy7l_10.jpg, https://oticamart.com/media/catalog/product/4/1/41itxh5h8ql_1__11.jpg, https://oticamart.com/media/catalog/product/4/1/412_ey06upl_1__11.jpg, https://oticamart.com/media/catalog/product/4/1/41czgfqosul_1__11.jpg	new	no		4.5 MM			adult		https://oticamart.com/media/catalog/product/3/1/311_rzceg9l_1__11.jpg		Nasopharyngeal Airway	yes	0
Nasopharyngeal Airway-6.5 MM	Nasopharyngeal Airway NPA Soft Flexible Latex-Free - 6.5 MM	Product Info The OTICA Nasopharyngeal Airway is a reliable airway adjunct used to support effective ventilation in emergency and critical care situations. Designed for patients with an intact respiratory drive, it helps maintain an open nasal airway during unconscious or semi-conscious states. Manufactured from soft, medical-grade PVC, the airway tube is flexible and conforms naturally to nasal anatomy, ensuring comfort and stability. A smooth, rounded beveled tip allows gentle insertion while minimizing the risk of mucosal injury. Latex-free and biocompatible, it reduces the risk of allergic reactions. Each airway is individually packed in sterile packaging for single-use, ensuring safety and infection control. Trusted by EMS, paramedics, ICU teams, anesthesiologists, and first responders in high-pressure medical environments. &nbsp; Key Features Maintains open nasal airway for spontaneous breathing Soft, flexible medical-grade PVC construction Smooth beveled tip for gentle, controlled insertion Sterile and single-use to prevent cross-contamination Suitable for ICU, trauma units, and anesthesia support Lightweight and easy to deploy in emergencies	in_stock	https://oticamart.com/au/nasopharyngeal-airway-npa-soft-flexible-latex-free.html?size=6.5+mm	5.51 AUD				OTICA	https://oticamart.com/media/catalog/product/4/1/412_ey06upl_1__10.jpg, https://oticamart.com/media/catalog/product/4/1/41r3rlmcxgl_10.jpg, https://oticamart.com/media/catalog/product/3/1/31nvi25uy7l_9.jpg, https://oticamart.com/media/catalog/product/4/1/41itxh5h8ql_1__10.jpg, https://oticamart.com/media/catalog/product/4/1/41czgfqosul_1__10.jpg	new	no		6.5 MM			adult		https://oticamart.com/media/catalog/product/3/1/311_rzceg9l_1__10.jpg		Nasopharyngeal Airway	yes	0
Nasopharyngeal Airway-5.5 MM	Nasopharyngeal Airway NPA Soft Flexible Latex-Free - 5.5 MM	Product Info The OTICA Nasopharyngeal Airway is a reliable airway adjunct used to support effective ventilation in emergency and critical care situations. Designed for patients with an intact respiratory drive, it helps maintain an open nasal airway during unconscious or semi-conscious states. Manufactured from soft, medical-grade PVC, the airway tube is flexible and conforms naturally to nasal anatomy, ensuring comfort and stability. A smooth, rounded beveled tip allows gentle insertion while minimizing the risk of mucosal injury. Latex-free and biocompatible, it reduces the risk of allergic reactions. Each airway is individually packed in sterile packaging for single-use, ensuring safety and infection control. Trusted by EMS, paramedics, ICU teams, anesthesiologists, and first responders in high-pressure medical environments. &nbsp; Key Features Maintains open nasal airway for spontaneous breathing Soft, flexible medical-grade PVC construction Smooth beveled tip for gentle, controlled insertion Sterile and single-use to prevent cross-contamination Suitable for ICU, trauma units, and anesthesia support Lightweight and easy to deploy in emergencies	in_stock	https://oticamart.com/au/nasopharyngeal-airway-npa-soft-flexible-latex-free.html?size=5.5+mm	5.51 AUD				OTICA	https://oticamart.com/media/catalog/product/4/1/412_ey06upl_1__9.jpg, https://oticamart.com/media/catalog/product/4/1/41itxh5h8ql_1__9.jpg, https://oticamart.com/media/catalog/product/3/1/31nvi25uy7l_8.jpg, https://oticamart.com/media/catalog/product/4/1/41czgfqosul_1__9.jpg, https://oticamart.com/media/catalog/product/4/1/41r3rlmcxgl_9.jpg	new	no		5.5 MM			adult		https://oticamart.com/media/catalog/product/3/1/311_rzceg9l_1__9.jpg		Nasopharyngeal Airway	yes	0
Nasopharyngeal Airway-9 MM	Nasopharyngeal Airway NPA Soft Flexible Latex-Free - 9 MM	Product Info The OTICA Nasopharyngeal Airway is a reliable airway adjunct used to support effective ventilation in emergency and critical care situations. Designed for patients with an intact respiratory drive, it helps maintain an open nasal airway during unconscious or semi-conscious states. Manufactured from soft, medical-grade PVC, the airway tube is flexible and conforms naturally to nasal anatomy, ensuring comfort and stability. A smooth, rounded beveled tip allows gentle insertion while minimizing the risk of mucosal injury. Latex-free and biocompatible, it reduces the risk of allergic reactions. Each airway is individually packed in sterile packaging for single-use, ensuring safety and infection control. Trusted by EMS, paramedics, ICU teams, anesthesiologists, and first responders in high-pressure medical environments. &nbsp; Key Features Maintains open nasal airway for spontaneous breathing Soft, flexible medical-grade PVC construction Smooth beveled tip for gentle, controlled insertion Sterile and single-use to prevent cross-contamination Suitable for ICU, trauma units, and anesthesia support Lightweight and easy to deploy in emergencies	in_stock	https://oticamart.com/au/nasopharyngeal-airway-npa-soft-flexible-latex-free.html?size=9+mm	5.51 AUD				OTICA	https://oticamart.com/media/catalog/product/4/1/412_ey06upl_1__8.jpg, https://oticamart.com/media/catalog/product/4/1/41itxh5h8ql_1__8.jpg, https://oticamart.com/media/catalog/product/4/1/41r3rlmcxgl_8.jpg, https://oticamart.com/media/catalog/product/3/1/31nvi25uy7l_7.jpg, https://oticamart.com/media/catalog/product/4/1/41czgfqosul_1__8.jpg	new	no		9 MM			adult		https://oticamart.com/media/catalog/product/3/1/311_rzceg9l_1__8.jpg		Nasopharyngeal Airway	yes	0
Nasopharyngeal Airway-8 MM	Nasopharyngeal Airway NPA Soft Flexible Latex-Free - 8 MM	Product Info The OTICA Nasopharyngeal Airway is a reliable airway adjunct used to support effective ventilation in emergency and critical care situations. Designed for patients with an intact respiratory drive, it helps maintain an open nasal airway during unconscious or semi-conscious states. Manufactured from soft, medical-grade PVC, the airway tube is flexible and conforms naturally to nasal anatomy, ensuring comfort and stability. A smooth, rounded beveled tip allows gentle insertion while minimizing the risk of mucosal injury. Latex-free and biocompatible, it reduces the risk of allergic reactions. Each airway is individually packed in sterile packaging for single-use, ensuring safety and infection control. Trusted by EMS, paramedics, ICU teams, anesthesiologists, and first responders in high-pressure medical environments. &nbsp; Key Features Maintains open nasal airway for spontaneous breathing Soft, flexible medical-grade PVC construction Smooth beveled tip for gentle, controlled insertion Sterile and single-use to prevent cross-contamination Suitable for ICU, trauma units, and anesthesia support Lightweight and easy to deploy in emergencies	in_stock	https://oticamart.com/au/nasopharyngeal-airway-npa-soft-flexible-latex-free.html?size=8+mm	5.51 AUD				OTICA	https://oticamart.com/media/catalog/product/4/1/41czgfqosul_1__7.jpg, https://oticamart.com/media/catalog/product/4/1/41r3rlmcxgl_7.jpg, https://oticamart.com/media/catalog/product/4/1/412_ey06upl_1__7.jpg, https://oticamart.com/media/catalog/product/4/1/41itxh5h8ql_1__7.jpg	new	no		8 MM			adult		https://oticamart.com/media/catalog/product/3/1/311_rzceg9l_1__7.jpg		Nasopharyngeal Airway	yes	0
Nasopharyngeal Airway-7 MM	Nasopharyngeal Airway NPA Soft Flexible Latex-Free - 7 MM	Product Info The OTICA Nasopharyngeal Airway is a reliable airway adjunct used to support effective ventilation in emergency and critical care situations. Designed for patients with an intact respiratory drive, it helps maintain an open nasal airway during unconscious or semi-conscious states. Manufactured from soft, medical-grade PVC, the airway tube is flexible and conforms naturally to nasal anatomy, ensuring comfort and stability. A smooth, rounded beveled tip allows gentle insertion while minimizing the risk of mucosal injury. Latex-free and biocompatible, it reduces the risk of allergic reactions. Each airway is individually packed in sterile packaging for single-use, ensuring safety and infection control. Trusted by EMS, paramedics, ICU teams, anesthesiologists, and first responders in high-pressure medical environments. &nbsp; Key Features Maintains open nasal airway for spontaneous breathing Soft, flexible medical-grade PVC construction Smooth beveled tip for gentle, controlled insertion Sterile and single-use to prevent cross-contamination Suitable for ICU, trauma units, and anesthesia support Lightweight and easy to deploy in emergencies	in_stock	https://oticamart.com/au/nasopharyngeal-airway-npa-soft-flexible-latex-free.html?size=7+mm	5.51 AUD				OTICA	https://oticamart.com/media/catalog/product/3/1/31nvi25uy7l_6.jpg, https://oticamart.com/media/catalog/product/4/1/41czgfqosul_1__6.jpg, https://oticamart.com/media/catalog/product/4/1/412_ey06upl_1__6.jpg, https://oticamart.com/media/catalog/product/4/1/41r3rlmcxgl_6.jpg, https://oticamart.com/media/catalog/product/4/1/41itxh5h8ql_1__6.jpg	new	no		7 MM			adult		https://oticamart.com/media/catalog/product/3/1/311_rzceg9l_1__6.jpg		Nasopharyngeal Airway	yes	0
Nasopharyngeal Airway-5 MM	Nasopharyngeal Airway NPA Soft Flexible Latex-Free - 5 MM	Product Info The OTICA Nasopharyngeal Airway is a reliable airway adjunct used to support effective ventilation in emergency and critical care situations. Designed for patients with an intact respiratory drive, it helps maintain an open nasal airway during unconscious or semi-conscious states. Manufactured from soft, medical-grade PVC, the airway tube is flexible and conforms naturally to nasal anatomy, ensuring comfort and stability. A smooth, rounded beveled tip allows gentle insertion while minimizing the risk of mucosal injury. Latex-free and biocompatible, it reduces the risk of allergic reactions. Each airway is individually packed in sterile packaging for single-use, ensuring safety and infection control. Trusted by EMS, paramedics, ICU teams, anesthesiologists, and first responders in high-pressure medical environments. &nbsp; Key Features Maintains open nasal airway for spontaneous breathing Soft, flexible medical-grade PVC construction Smooth beveled tip for gentle, controlled insertion Sterile and single-use to prevent cross-contamination Suitable for ICU, trauma units, and anesthesia support Lightweight and easy to deploy in emergencies	in_stock	https://oticamart.com/au/nasopharyngeal-airway-npa-soft-flexible-latex-free.html?size=5+mm	5.51 AUD				OTICA	https://oticamart.com/media/catalog/product/4/1/412_ey06upl_1__5.jpg, https://oticamart.com/media/catalog/product/4/1/41itxh5h8ql_1__5.jpg, https://oticamart.com/media/catalog/product/4/1/41r3rlmcxgl_5.jpg, https://oticamart.com/media/catalog/product/3/1/31nvi25uy7l_5.jpg, https://oticamart.com/media/catalog/product/4/1/41czgfqosul_1__5.jpg	new	no		5 MM			adult		https://oticamart.com/media/catalog/product/3/1/311_rzceg9l_1__5.jpg		Nasopharyngeal Airway	yes	0
Nasopharyngeal Airway-8.5 MM	Nasopharyngeal Airway NPA Soft Flexible Latex-Free - 8.5 MM	Product Info The OTICA Nasopharyngeal Airway is a reliable airway adjunct used to support effective ventilation in emergency and critical care situations. Designed for patients with an intact respiratory drive, it helps maintain an open nasal airway during unconscious or semi-conscious states. Manufactured from soft, medical-grade PVC, the airway tube is flexible and conforms naturally to nasal anatomy, ensuring comfort and stability. A smooth, rounded beveled tip allows gentle insertion while minimizing the risk of mucosal injury. Latex-free and biocompatible, it reduces the risk of allergic reactions. Each airway is individually packed in sterile packaging for single-use, ensuring safety and infection control. Trusted by EMS, paramedics, ICU teams, anesthesiologists, and first responders in high-pressure medical environments. &nbsp; Key Features Maintains open nasal airway for spontaneous breathing Soft, flexible medical-grade PVC construction Smooth beveled tip for gentle, controlled insertion Sterile and single-use to prevent cross-contamination Suitable for ICU, trauma units, and anesthesia support Lightweight and easy to deploy in emergencies	in_stock	https://oticamart.com/au/nasopharyngeal-airway-npa-soft-flexible-latex-free.html?size=8.5+mm	5.51 AUD				OTICA	https://oticamart.com/media/catalog/product/3/1/31nvi25uy7l_4.jpg, https://oticamart.com/media/catalog/product/4/1/412_ey06upl_1__4.jpg, https://oticamart.com/media/catalog/product/4/1/41czgfqosul_1__4.jpg, https://oticamart.com/media/catalog/product/4/1/41r3rlmcxgl_4.jpg, https://oticamart.com/media/catalog/product/4/1/41itxh5h8ql_1__4.jpg	new	no		8.5 MM			adult		https://oticamart.com/media/catalog/product/3/1/311_rzceg9l_1__4.jpg		Nasopharyngeal Airway	yes	0
Nasopharyngeal Airway-4 MM	Nasopharyngeal Airway NPA Soft Flexible Latex-Free - 4 MM	Product Info The OTICA Nasopharyngeal Airway is a reliable airway adjunct used to support effective ventilation in emergency and critical care situations. Designed for patients with an intact respiratory drive, it helps maintain an open nasal airway during unconscious or semi-conscious states. Manufactured from soft, medical-grade PVC, the airway tube is flexible and conforms naturally to nasal anatomy, ensuring comfort and stability. A smooth, rounded beveled tip allows gentle insertion while minimizing the risk of mucosal injury. Latex-free and biocompatible, it reduces the risk of allergic reactions. Each airway is individually packed in sterile packaging for single-use, ensuring safety and infection control. Trusted by EMS, paramedics, ICU teams, anesthesiologists, and first responders in high-pressure medical environments. &nbsp; Key Features Maintains open nasal airway for spontaneous breathing Soft, flexible medical-grade PVC construction Smooth beveled tip for gentle, controlled insertion Sterile and single-use to prevent cross-contamination Suitable for ICU, trauma units, and anesthesia support Lightweight and easy to deploy in emergencies	in_stock	https://oticamart.com/au/nasopharyngeal-airway-npa-soft-flexible-latex-free.html?size=4+mm	5.51 AUD				OTICA	https://oticamart.com/media/catalog/product/4/1/412_ey06upl_1__3.jpg, https://oticamart.com/media/catalog/product/4/1/41r3rlmcxgl_3.jpg, https://oticamart.com/media/catalog/product/3/1/31nvi25uy7l_3.jpg, https://oticamart.com/media/catalog/product/4/1/41czgfqosul_1__3.jpg, https://oticamart.com/media/catalog/product/4/1/41itxh5h8ql_1__3.jpg	new	no		4 MM			adult		https://oticamart.com/media/catalog/product/3/1/311_rzceg9l_1__3.jpg		Nasopharyngeal Airway	yes	0
Nasopharyngeal Airway-3.5 MM	Nasopharyngeal Airway NPA Soft Flexible Latex-Free - 3.5 MM	Product Info The OTICA Nasopharyngeal Airway is a reliable airway adjunct used to support effective ventilation in emergency and critical care situations. Designed for patients with an intact respiratory drive, it helps maintain an open nasal airway during unconscious or semi-conscious states. Manufactured from soft, medical-grade PVC, the airway tube is flexible and conforms naturally to nasal anatomy, ensuring comfort and stability. A smooth, rounded beveled tip allows gentle insertion while minimizing the risk of mucosal injury. Latex-free and biocompatible, it reduces the risk of allergic reactions. Each airway is individually packed in sterile packaging for single-use, ensuring safety and infection control. Trusted by EMS, paramedics, ICU teams, anesthesiologists, and first responders in high-pressure medical environments. &nbsp; Key Features Maintains open nasal airway for spontaneous breathing Soft, flexible medical-grade PVC construction Smooth beveled tip for gentle, controlled insertion Sterile and single-use to prevent cross-contamination Suitable for ICU, trauma units, and anesthesia support Lightweight and easy to deploy in emergencies	in_stock	https://oticamart.com/au/nasopharyngeal-airway-npa-soft-flexible-latex-free.html?size=3.5+mm	5.51 AUD				OTICA	https://oticamart.com/media/catalog/product/4/1/412_ey06upl_1__2.jpg, https://oticamart.com/media/catalog/product/3/1/31nvi25uy7l_2.jpg, https://oticamart.com/media/catalog/product/4/1/41czgfqosul_1__2.jpg, https://oticamart.com/media/catalog/product/4/1/41itxh5h8ql_1__2.jpg, https://oticamart.com/media/catalog/product/4/1/41r3rlmcxgl_2.jpg	new	no		3.5 MM			adult		https://oticamart.com/media/catalog/product/3/1/311_rzceg9l_1__2.jpg		Nasopharyngeal Airway	yes	0
Nasopharyngeal Airway-3 MM	Nasopharyngeal Airway NPA Soft Flexible Latex-Free - 3 MM	Product Info The OTICA Nasopharyngeal Airway is a reliable airway adjunct used to support effective ventilation in emergency and critical care situations. Designed for patients with an intact respiratory drive, it helps maintain an open nasal airway during unconscious or semi-conscious states. Manufactured from soft, medical-grade PVC, the airway tube is flexible and conforms naturally to nasal anatomy, ensuring comfort and stability. A smooth, rounded beveled tip allows gentle insertion while minimizing the risk of mucosal injury. Latex-free and biocompatible, it reduces the risk of allergic reactions. Each airway is individually packed in sterile packaging for single-use, ensuring safety and infection control. Trusted by EMS, paramedics, ICU teams, anesthesiologists, and first responders in high-pressure medical environments. &nbsp; Key Features Maintains open nasal airway for spontaneous breathing Soft, flexible medical-grade PVC construction Smooth beveled tip for gentle, controlled insertion Sterile and single-use to prevent cross-contamination Suitable for ICU, trauma units, and anesthesia support Lightweight and easy to deploy in emergencies	in_stock	https://oticamart.com/au/nasopharyngeal-airway-npa-soft-flexible-latex-free.html?size=3+mm	5.51 AUD				OTICA	https://oticamart.com/media/catalog/product/4/1/412_ey06upl_1__1.jpg, https://oticamart.com/media/catalog/product/3/1/31nvi25uy7l_1.jpg, https://oticamart.com/media/catalog/product/4/1/41czgfqosul_1__1.jpg, https://oticamart.com/media/catalog/product/4/1/41itxh5h8ql_1__1.jpg, https://oticamart.com/media/catalog/product/4/1/41r3rlmcxgl_1.jpg	new	no		3 MM			adult		https://oticamart.com/media/catalog/product/3/1/311_rzceg9l_1__1.jpg		Nasopharyngeal Airway	yes	0
ECG-Cable-10-Lead-4mm-Banana-Type-Pin-Non Screw Type	ECG Cable 10 Lead 4mm Banana Type Pin (Non Screw Type)	Product Info The OTICA ECG Cable 10 Lead with 4mm banana type pin connectors delivers dependable performance for electrocardiography procedures. Designed to be universally compatible with all major ECG machines, it provides secure connections and consistent signal quality for accurate heart monitoring. The high-quality medical-grade wiring ensures durability, flexibility, and long service life, even with frequent clinical use. Easy to connect and maintain, this ECG cable is suitable for hospitals, diagnostic labs, cardiac care units, and clinics, supporting precise ECG recordings and professional diagnostic workflows. &nbsp; Key Features Universal 10-lead ECG cable compatible with all ECG machines Standard 4mm banana pin connectors for secure attachment Ensures accurate and stable ECG signal transmission Flexible cable design for easy handling and patient comfort Suitable for hospitals, clinics, and diagnostic centers Supports precise cardiac monitoring and diagnostics	in_stock	https://oticamart.com/au/ecg-cable-10-lead-4mm-banana-pin.html	18.42 AUD				OTICA	https://oticamart.com/media/catalog/product/8/1/81zyh_kvnxl._sl1500__1.jpg, https://oticamart.com/media/catalog/product/8/1/81xa042b2al._sl1500__1.jpg, https://oticamart.com/media/catalog/product/8/1/81dcxfsijel._sl1500__1.jpg, https://oticamart.com/media/catalog/product/7/1/71rq5saqdsl._sl1500__1.jpg	new	no					adult		https://oticamart.com/media/catalog/product/7/1/71f9n8kksxl._sl1500_.jpg		ECG-Cable-10-Lead-4mm-Banana-Type-Pin	yes	0
ECG-Cable-10-Lead-4mm-Banana-Type-Pin-Screw Type	ECG Cable 10 Lead 4mm Banana Type Pin	Product Info The OTICA ECG Cable 10 Lead with 4mm banana type pin connectors delivers dependable performance for electrocardiography procedures. Designed to be universally compatible with all major ECG machines, it provides secure connections and consistent signal quality for accurate heart monitoring. The high-quality medical-grade wiring ensures durability, flexibility, and long service life, even with frequent clinical use. Easy to connect and maintain, this ECG cable is suitable for hospitals, diagnostic labs, cardiac care units, and clinics, supporting precise ECG recordings and professional diagnostic workflows. &nbsp; Key Features Universal 10-lead ECG cable compatible with all ECG machines Standard 4mm banana pin connectors for secure attachment Ensures accurate and stable ECG signal transmission Flexible cable design for easy handling and patient comfort Suitable for hospitals, clinics, and diagnostic centers Supports precise cardiac monitoring and diagnostics	in_stock	https://oticamart.com/au/ecg-cable-10-lead-4mm-banana-pin.html	18.42 AUD				OTICA	https://oticamart.com/media/catalog/product/8/1/81rubhszrgl._sl1500_.jpg, https://oticamart.com/media/catalog/product/8/1/81pvdvnvxkl._sl1500_.jpg, https://oticamart.com/media/catalog/product/7/1/71f4gzmfpfl._sl1500_.jpg, https://oticamart.com/media/catalog/product/8/1/81ywsfayb1l._sl1500_.jpg	new	no					adult		https://oticamart.com/media/catalog/product/8/1/81ytwe6fv8l._sl1500_.jpg		ECG-Cable-10-Lead-4mm-Banana-Type-Pin	yes	0
ECG-Chest-Bulb-Blue	ECG Chest Electrode Bulb Metal Part - Blue	Product Info The OTICA Medway ECG Chest Electrode Bulb with Metal Part is designed for dependable and accurate electrocardiography applications. Featuring a strong suction bulb and high-grade metal connector, it provides secure chest attachment and excellent electrical conductivity for consistent ECG signal capture. The durable, reusable construction makes it suitable for routine clinical use while maintaining patient comfort. Easy to clean and compatible with standard ECG lead wires, this electrode bulb is widely used in hospitals, cardiac care units, diagnostic centers, and clinics for reliable heart monitoring and diagnostic accuracy. &nbsp; Key Features Reliable ECG chest electrode for accurate cardiac readings High-quality metal connector for stable signal transmission Strong suction bulb ensures secure chest placement Compatible with standard ECG machines and lead wires Easy to clean and maintain for repeated use Ideal for hospitals, clinics, and diagnostic centers	in_stock	https://oticamart.com/au/ecg-chest-electrode-bulb-metal-part-blue.html	7.06 AUD				OTICA	https://oticamart.com/media/catalog/product/6/1/61xpqumr8fl._sl1500_.jpg, https://oticamart.com/media/catalog/product/8/1/81y5hpjnrrl._sl1500_.jpg, https://oticamart.com/media/catalog/product/8/1/81p4ybem9xl._sl1500_.jpg, https://oticamart.com/media/catalog/product/8/1/81h2gaxgg7l._sl1500_.jpg, https://oticamart.com/media/catalog/product/8/1/81fncn8wobl._sl1500_.jpg, https://oticamart.com/media/catalog/product/8/1/81y-tqtzexl._sl1500_.jpg, https://oticamart.com/media/catalog/product/8/1/81e8oap0jjl._sl1500_.jpg	new	no					adult		https://oticamart.com/media/catalog/productno_selection		ECG-Chest-Bulb-Blue	yes	0
Silicone-Vacuum-Delivery-Cup-Releasing-Valve-70MM	Surgical Silicone Vacuum Ventouse Suction Delivery Cup (With Releasing Valve)- 70 MM	Product Info The Surgical Silicone Vacuum Ventouse Suction Delivery Cup with Releasing Valve is designed to assist healthcare professionals during complicated or prolonged labor. Manufactured from premium medical-grade silicone, it offers flexibility, durability, and reliable vacuum suction for safe fetal extraction. The integrated releasing valve allows controlled pressure release, enhancing safety for both mother and baby. Its smooth, atraumatic surface helps minimize tissue damage while ensuring effective grip during delivery. Intended for use by trained obstetricians and gynecologists, this vacuum cup is widely used in hospitals, maternity wards, and birthing centers where precision, control, and patient safety are essential. &nbsp; Key Features Medical-grade silicone for safe obstetric procedures Built-in releasing valve for controlled suction release Designed for assisted delivery in prolonged or difficult labor Strong and reliable vacuum suction performance Smooth surface helps minimize tissue trauma Suitable for obstetrics and gynecology use	in_stock	https://oticamart.com/au/surgical-silicone-vacuum-ventouse-suction-delivery-valve.html?size=70+mm	15.51 AUD				OTICA	https://oticamart.com/media/catalog/product/7/1/71lmaxac6wl._sl1500__3.jpg, https://oticamart.com/media/catalog/product/7/1/71edb9rd6wl._sl1500__3.jpg, https://oticamart.com/media/catalog/product/8/1/817-vg4ipgl._sl1500__3.jpg, https://oticamart.com/media/catalog/product/6/1/619q4x31j4l._sl1500__3_3.jpg	new	no		70 MM			adult		https://oticamart.com/media/catalog/product/6/1/61nf4myttdl._sl1500__3.jpg		ECG-Cable-10Lead-4mmBanana-Type-Pin-Non Screw Type	yes	0
Silicone-Vacuum-Delivery-Cup-Releasing-Valve-60MM	Surgical Silicone Vacuum Ventouse Suction Delivery Cup (With Releasing Valve)- 60 MM	Product Info The Surgical Silicone Vacuum Ventouse Suction Delivery Cup with Releasing Valve is designed to assist healthcare professionals during complicated or prolonged labor. Manufactured from premium medical-grade silicone, it offers flexibility, durability, and reliable vacuum suction for safe fetal extraction. The integrated releasing valve allows controlled pressure release, enhancing safety for both mother and baby. Its smooth, atraumatic surface helps minimize tissue damage while ensuring effective grip during delivery. Intended for use by trained obstetricians and gynecologists, this vacuum cup is widely used in hospitals, maternity wards, and birthing centers where precision, control, and patient safety are essential. &nbsp; Key Features Medical-grade silicone for safe obstetric procedures Built-in releasing valve for controlled suction release Designed for assisted delivery in prolonged or difficult labor Strong and reliable vacuum suction performance Smooth surface helps minimize tissue trauma Suitable for obstetrics and gynecology use	in_stock	https://oticamart.com/au/surgical-silicone-vacuum-ventouse-suction-delivery-valve.html?size=60+mm	15.51 AUD				OTICA	https://oticamart.com/media/catalog/product/8/1/817-vg4ipgl._sl1500__2.jpg, https://oticamart.com/media/catalog/product/7/1/71edb9rd6wl._sl1500__2.jpg, https://oticamart.com/media/catalog/product/7/1/71lmaxac6wl._sl1500__2.jpg, https://oticamart.com/media/catalog/product/6/1/619q4x31j4l._sl1500__3_2.jpg	new	no		60 MM			adult		https://oticamart.com/media/catalog/product/6/1/61nf4myttdl._sl1500__2.jpg		ECG-Cable-10Lead-4mmBanana-Type-Pin-Non Screw Type	yes	0
Silicone-Vacuum-Delivery-Cup-Releasing-Valve-50MM	Surgical Silicone Vacuum Ventouse Suction Delivery Cup (With Releasing Valve)- 50 MM	Product Info The Surgical Silicone Vacuum Ventouse Suction Delivery Cup with Releasing Valve is designed to assist healthcare professionals during complicated or prolonged labor. Manufactured from premium medical-grade silicone, it offers flexibility, durability, and reliable vacuum suction for safe fetal extraction. The integrated releasing valve allows controlled pressure release, enhancing safety for both mother and baby. Its smooth, atraumatic surface helps minimize tissue damage while ensuring effective grip during delivery. Intended for use by trained obstetricians and gynecologists, this vacuum cup is widely used in hospitals, maternity wards, and birthing centers where precision, control, and patient safety are essential. &nbsp; Key Features Medical-grade silicone for safe obstetric procedures Built-in releasing valve for controlled suction release Designed for assisted delivery in prolonged or difficult labor Strong and reliable vacuum suction performance Smooth surface helps minimize tissue trauma Suitable for obstetrics and gynecology use	in_stock	https://oticamart.com/au/surgical-silicone-vacuum-ventouse-suction-delivery-valve.html?size=50+mm	15.51 AUD				OTICA	https://oticamart.com/media/catalog/product/7/1/71lmaxac6wl._sl1500__1.jpg, https://oticamart.com/media/catalog/product/8/1/817-vg4ipgl._sl1500__1.jpg, https://oticamart.com/media/catalog/product/7/1/71edb9rd6wl._sl1500__1.jpg, https://oticamart.com/media/catalog/product/6/1/619q4x31j4l._sl1500__3_1.jpg	new	no		50 MM			adult		https://oticamart.com/media/catalog/product/6/1/61nf4myttdl._sl1500__1.jpg		ECG-Cable-10Lead-4mmBanana-Type-Pin-Non Screw Type	yes	0
Silicone-Vacuum-Delivery-Cup-Releasing-Valve-40MM	Surgical Silicone Vacuum Ventouse Suction Delivery Cup (With Releasing Valve)- 40 MM	Product Info The Surgical Silicone Vacuum Ventouse Suction Delivery Cup with Releasing Valve is designed to assist healthcare professionals during complicated or prolonged labor. Manufactured from premium medical-grade silicone, it offers flexibility, durability, and reliable vacuum suction for safe fetal extraction. The integrated releasing valve allows controlled pressure release, enhancing safety for both mother and baby. Its smooth, atraumatic surface helps minimize tissue damage while ensuring effective grip during delivery. Intended for use by trained obstetricians and gynecologists, this vacuum cup is widely used in hospitals, maternity wards, and birthing centers where precision, control, and patient safety are essential. &nbsp; Key Features Medical-grade silicone for safe obstetric procedures Built-in releasing valve for controlled suction release Designed for assisted delivery in prolonged or difficult labor Strong and reliable vacuum suction performance Smooth surface helps minimize tissue trauma Suitable for obstetrics and gynecology use	in_stock	https://oticamart.com/au/surgical-silicone-vacuum-ventouse-suction-delivery-valve.html?size=40+mm	15.51 AUD				OTICA	https://oticamart.com/media/catalog/product/8/1/817-vg4ipgl._sl1500__4.jpg, https://oticamart.com/media/catalog/product/7/1/71edb9rd6wl._sl1500__4.jpg, https://oticamart.com/media/catalog/product/7/1/71lmaxac6wl._sl1500__4.jpg, https://oticamart.com/media/catalog/product/6/1/619q4x31j4l._sl1500__3_4.jpg	new	no		40 MM			adult		https://oticamart.com/media/catalog/product/6/1/61nf4myttdl._sl1500_.jpg		ECG-Cable-10Lead-4mmBanana-Type-Pin-Non Screw Type	yes	0
Silicone-Vacuum-Cup-Without-Releasing-Valve-70 MM	Surgical Silicone Vacuum Ventouse Suction Delivery Cup (Without Releasing Valve) - 70 MM	Product Info The OTICA Surgical Silicone Vacuum Ventouse Suction Delivery Cup is designed to support safe and effective assisted childbirth during prolonged or complicated labor. Manufactured from premium medical-grade silicone, the cup offers excellent flexibility, durability, and reliable suction for controlled vacuum extraction. Its smooth, atraumatic surface helps reduce the risk of tissue injury while maintaining a firm grip during delivery. Designed without a releasing valve, this ventouse cup is intended for use by trained healthcare professionals under clinical supervision. Widely used in obstetrics and gynecology, it is suitable for hospitals, maternity wards, and birthing centers where precision and safety are essential. Key Features Medical-grade silicone for safe obstetric use Strong and reliable vacuum suction performance Designed for assisted delivery in difficult or prolonged labor Smooth surface minimizes maternal and fetal tissue trauma Professional gynecology and obstetric instrument Suitable for hospitals and birthing centers	in_stock	https://oticamart.com/au/surgical-silicone-vacuum-ventouse-suction-delivery.html?size=70+mm	12.54 AUD				OTICA	https://oticamart.com/media/catalog/product/7/1/71a9hc_9stl._sl1500__1_.jpg, https://oticamart.com/media/catalog/product/8/1/81s0rrz_ncl._sl1500__1_.jpg, https://oticamart.com/media/catalog/product/7/1/715zdf0ural._sl1500__1_.jpg, https://oticamart.com/media/catalog/product/2/1/21dqkmtje7l.jpg	new	no		70 MM			adult		https://oticamart.com/media/catalog/product/6/1/61ag4tizt0l._sl1500_.jpg		Silicone-Vacuum-Cup-Without-Releasing-Valve	yes	0
Silicone-Vacuum-Cup-Without-Releasing-Valve-60 MM	Surgical Silicone Vacuum Ventouse Suction Delivery Cup (Without Releasing Valve) - 60 MM	Product Info The OTICA Surgical Silicone Vacuum Ventouse Suction Delivery Cup is designed to support safe and effective assisted childbirth during prolonged or complicated labor. Manufactured from premium medical-grade silicone, the cup offers excellent flexibility, durability, and reliable suction for controlled vacuum extraction. Its smooth, atraumatic surface helps reduce the risk of tissue injury while maintaining a firm grip during delivery. Designed without a releasing valve, this ventouse cup is intended for use by trained healthcare professionals under clinical supervision. Widely used in obstetrics and gynecology, it is suitable for hospitals, maternity wards, and birthing centers where precision and safety are essential. Key Features Medical-grade silicone for safe obstetric use Strong and reliable vacuum suction performance Designed for assisted delivery in difficult or prolonged labor Smooth surface minimizes maternal and fetal tissue trauma Professional gynecology and obstetric instrument Suitable for hospitals and birthing centers	in_stock	https://oticamart.com/au/surgical-silicone-vacuum-ventouse-suction-delivery.html?size=60+mm	12.54 AUD				OTICA	https://oticamart.com/media/catalog/product/7/1/71poy0il_1l._sl1500__1__1.jpg, https://oticamart.com/media/catalog/product/7/1/71xpsrxo63l._sl1500__1__1.jpg, https://oticamart.com/media/catalog/product/8/1/81gsn_amkjl._sl1500__1__1.jpg, https://oticamart.com/media/catalog/product/2/1/21vph8ocepl_1.jpg	new	no		60 MM			adult		https://oticamart.com/media/catalog/product/6/1/61ofaagcdvl._sl1500_.jpg		Silicone-Vacuum-Cup-Without-Releasing-Valve	yes	0
Silicone-Vacuum-Cup-Without-Releasing-Valve-50 MM	Surgical Silicone Vacuum Ventouse Suction Delivery Cup (Without Releasing Valve) - 50 MM	Product Info The OTICA Surgical Silicone Vacuum Ventouse Suction Delivery Cup is designed to support safe and effective assisted childbirth during prolonged or complicated labor. Manufactured from premium medical-grade silicone, the cup offers excellent flexibility, durability, and reliable suction for controlled vacuum extraction. Its smooth, atraumatic surface helps reduce the risk of tissue injury while maintaining a firm grip during delivery. Designed without a releasing valve, this ventouse cup is intended for use by trained healthcare professionals under clinical supervision. Widely used in obstetrics and gynecology, it is suitable for hospitals, maternity wards, and birthing centers where precision and safety are essential. Key Features Medical-grade silicone for safe obstetric use Strong and reliable vacuum suction performance Designed for assisted delivery in difficult or prolonged labor Smooth surface minimizes maternal and fetal tissue trauma Professional gynecology and obstetric instrument Suitable for hospitals and birthing centers	in_stock	https://oticamart.com/au/surgical-silicone-vacuum-ventouse-suction-delivery.html?size=50+mm	12.54 AUD				OTICA	https://oticamart.com/media/catalog/product/7/1/71c5_4ghmcl._sl1500__1_.jpg, https://oticamart.com/media/catalog/product/7/1/71rgk9pgwvl._sl1500__1_.jpg, https://oticamart.com/media/catalog/product/8/1/81k4lgzabml._sl1500__1_.jpg, https://oticamart.com/media/catalog/product/7/1/71u32bccjhl._sl1500_.jpg	new	no		50 MM			adult		https://oticamart.com/media/catalog/product/6/1/6103ipco6ll._sl1500_.jpg		Silicone-Vacuum-Cup-Without-Releasing-Valve	yes	0
BMC-N2-Mask-Large	BMC N2 Nasal CPAP Mask for Sleep Apnea Therapy (Large)	Product Info The OTICA BMC N2 Nasal CPAP Mask offers a reliable and comfortable solution for patients undergoing CPAP therapy for sleep apnea. Designed with a soft, skin-friendly silicone nasal cushion, it ensures a snug seal that helps reduce air leakage and enhances therapy effectiveness. The lightweight and compact design minimizes facial pressure, making it comfortable for extended overnight use. Its adjustable headgear straps allow easy customization for a secure and stable fit throughout sleep. Compatible with standard CPAP machines, the BMC N2 mask supports smooth, uninterrupted airflow for consistent respiratory therapy. OTICA offers a complete range of CPAP masks to meet diverse patient needs and therapy preferences. &nbsp; Key Features Nasal CPAP Mask Design – Ideal for effective nasal airflow therapy Soft Silicone Cushion – Gentle on skin with a secure, leak-resistant seal Lightweight Construction – Reduces facial pressure for all-night comfort Adjustable Headgear – Customizable fit for stability during sleep Stable Airflow Delivery – Supports consistent CPAP therapy performance Easy to Wear &amp; Remove – Simple design for daily use	in_stock	https://oticamart.com/au/bmc-n2-nasal-cpap-mask-sleep-mask.html?size=large	23.22 AUD				BMC	https://oticamart.com/media/catalog/product/3/1/311bqq_25zl_3.jpg, https://oticamart.com/media/catalog/product/5/1/51ryh3m9lwl_3.jpg	new	no		Large			adult		https://oticamart.com/media/catalog/product/3/1/31w2fhw8tal_3.jpg		BMC-N2-Mask	yes	0
BMC-N2-Mask-Medium	BMC N2 Nasal CPAP Mask for Sleep Apnea Therapy (Medium)	Product Info The OTICA BMC N2 Nasal CPAP Mask offers a reliable and comfortable solution for patients undergoing CPAP therapy for sleep apnea. Designed with a soft, skin-friendly silicone nasal cushion, it ensures a snug seal that helps reduce air leakage and enhances therapy effectiveness. The lightweight and compact design minimizes facial pressure, making it comfortable for extended overnight use. Its adjustable headgear straps allow easy customization for a secure and stable fit throughout sleep. Compatible with standard CPAP machines, the BMC N2 mask supports smooth, uninterrupted airflow for consistent respiratory therapy. OTICA offers a complete range of CPAP masks to meet diverse patient needs and therapy preferences. &nbsp; Key Features Nasal CPAP Mask Design – Ideal for effective nasal airflow therapy Soft Silicone Cushion – Gentle on skin with a secure, leak-resistant seal Lightweight Construction – Reduces facial pressure for all-night comfort Adjustable Headgear – Customizable fit for stability during sleep Stable Airflow Delivery – Supports consistent CPAP therapy performance Easy to Wear &amp; Remove – Simple design for daily use	in_stock	https://oticamart.com/au/bmc-n2-nasal-cpap-mask-sleep-mask.html?size=medium	23.22 AUD				BMC	https://oticamart.com/media/catalog/product/3/1/311bqq_25zl_2.jpg, https://oticamart.com/media/catalog/product/5/1/51ryh3m9lwl_2.jpg	new	no		Medium			adult		https://oticamart.com/media/catalog/product/3/1/31w2fhw8tal_2.jpg		BMC-N2-Mask	yes	0
BMC-N2-Mask-Small	BMC N2 Nasal CPAP Mask for Sleep Apnea Therapy (Small)	Product Info The OTICA BMC N2 Nasal CPAP Mask offers a reliable and comfortable solution for patients undergoing CPAP therapy for sleep apnea. Designed with a soft, skin-friendly silicone nasal cushion, it ensures a snug seal that helps reduce air leakage and enhances therapy effectiveness. The lightweight and compact design minimizes facial pressure, making it comfortable for extended overnight use. Its adjustable headgear straps allow easy customization for a secure and stable fit throughout sleep. Compatible with standard CPAP machines, the BMC N2 mask supports smooth, uninterrupted airflow for consistent respiratory therapy. OTICA offers a complete range of CPAP masks to meet diverse patient needs and therapy preferences. &nbsp; Key Features Nasal CPAP Mask Design – Ideal for effective nasal airflow therapy Soft Silicone Cushion – Gentle on skin with a secure, leak-resistant seal Lightweight Construction – Reduces facial pressure for all-night comfort Adjustable Headgear – Customizable fit for stability during sleep Stable Airflow Delivery – Supports consistent CPAP therapy performance Easy to Wear &amp; Remove – Simple design for daily use	in_stock	https://oticamart.com/au/bmc-n2-nasal-cpap-mask-sleep-mask.html?size=small	23.22 AUD				BMC	https://oticamart.com/media/catalog/product/3/1/311bqq_25zl_1.jpg, https://oticamart.com/media/catalog/product/5/1/51ryh3m9lwl_1.jpg	new	no		Small			adult		https://oticamart.com/media/catalog/product/3/1/31w2fhw8tal_1.jpg		BMC-N2-Mask	yes	0
Resmed-F20-mask(Medium)	ResMed AirFit F20 Full Face CPAP Mask Medium	Product Info The ResMed AirFit F20 Full Face CPAP Mask Medium offers advanced comfort, flexibility, and performance for consistent respiratory therapy. Designed with InfinitySeal Cushion Technology, its adaptive silicone cushion uses varying thickness levels and infinity loops to provide a secure seal while reducing air leaks, even at higher therapy pressures. The mask covers both the nose and mouth, making it ideal for patients who breathe through the mouth during sleep. Its forehead-free design provides a clear line of sight for reading or watching TV before sleep. The plush headgear with magnetic clips allows easy on/off fitting, while the quick-release elbow and 360° hose connection support uninterrupted therapy and freedom of movement. Built-in air diffusion reduces noise for a quieter, more restful sleep experience. &nbsp; Key Features InfinitySeal Silicone Cushion – Adapts to facial contours for a secure, leak-free fit Full Face Coverage – Supports both nose and mouth breathing 360° Hose Connection – Allows natural movement without airflow disruption Magnetic Headgear Clips – Fast, simple, and secure attachment Plush Padded Headgear – Enhanced comfort for long-hour wear Forehead-Free Design – Clear field of vision for pre-sleep comfort	in_stock	https://oticamart.com/au/resmed-airfit-f20-full-face-cpap-360-deg.html	76.90 AUD				OTICA		new	no					adult		https://oticamart.com/media/catalog/product/5/1/51vi4h6x1pl._sl1000_.jpg		Resmed-F20-mask(Medium)	yes	0
YN-02-Nasal-Mask-M	Nasal CPAP Mask Medium YN02 with Silicone Cushion	Product Info The OTICA Nasal CPAP Mask Medium YN02 combines ergonomic design with reliable performance to support uninterrupted breathing therapy. Featuring a soft medical-grade silicone nasal cushion, it gently adapts to facial contours, creating a secure seal that reduces air leakage and pressure marks. The 360° adjustable elbow offers flexibility for free head movement during sleep without compromising airflow. Its lightweight, adjustable headgear belt provides a stable and customized fit for long-term comfort. Designed for ease of use, the mask can be quickly assembled, disassembled, and cleaned, supporting hygiene and durability. Ideal for adults seeking quiet, consistent, and comfortable CPAP respiratory support at home or in clinical settings. &nbsp; Key Features Soft Silicone Nasal Cushion – Gentle seal for enhanced comfort and reduced leaks Medium Size Design – Balanced fit for effective nasal coverage 360° Adjustable Elbow – Supports natural head movement during sleep Consistent Airflow Delivery – Ensures effective CPAP therapy performance Reduced Facial Pressure – Comfortable for extended overnight use Lightweight Adjustable Headgear – Pressure-free and secure fit all night	in_stock	https://oticamart.com/au/nasal-cpap-mask-medium-yn02-silicone-02-w-360-deg.html	27.64 AUD				OTICA		new	no					adult		https://oticamart.com/media/catalog/product/4/1/41kgdqssrul._sx522_.jpg		YN-02-Nasal-Mask-M	yes	0
YN-01-Nasal-Mask-M	Nasal CPAP Mask Medium YN01 with Silicone Cushion	Product Info The OTICA Nasal CPAP Mask Medium YN01 combines comfort, flexibility, and performance for reliable breathing therapy. Crafted with a soft medical-grade silicone nasal cushion, it gently conforms to facial contours to create a secure seal that minimizes air leakage and pressure marks during extended use. The 360° adjustable elbow supports free head movement throughout sleep while ensuring uninterrupted airflow. Its lightweight, adjustable headgear belt provides a stable and personalized fit, reducing facial pressure for all-night comfort. Designed for ease of use, the mask can be quickly assembled, disassembled, and cleaned, supporting hygiene and long-term durability. Ideal for adults seeking quiet, consistent, and comfortable respiratory support at home or in clinical environments. &nbsp; Key Features Soft Silicone Nasal Cushion – Gentle seal for comfort and reduced air leakage. Medium Size Fit – Designed for secure and balanced nasal coverage. 360° Adjustable Elbow – Allows natural head movement during sleep. Lightweight Headgear Belt – Adjustable straps for pressure-free comfort. Reduced Facial Pressure – Suitable for extended overnight use. Quiet &amp; Stable Design – Enhances sleep quality during therapy. Consistent Airflow Performance – Supports effective CPAP therapy.	in_stock	https://oticamart.com/au/nasal-cpap-mask-medium-yn01-silicone-01-w-360-deg.html	27.64 AUD				OTICA	https://oticamart.com/media/catalog/product/4/1/41y-sensnkl.jpg, https://oticamart.com/media/catalog/product/4/1/41vkkoc-2ul.jpg, https://oticamart.com/media/catalog/product/4/1/41yqslmkz0l.jpg	new	no					adult		https://oticamart.com/media/catalog/product/4/1/41kgdqssrul.jpg		YN-01-Nasal-Mask-M	yes	0
YF-02-Full-Face-Mask-L	Full Face CPAP Mask Large YF02 with Silicone Cushion	Product Info The OTICA Full Face CPAP Mask Large YF02 offers dependable performance, comfort, and flexibility for effective breathing therapy. Designed with a soft medical-grade silicone cushion, it gently conforms to the face to create a secure seal that minimizes air leakage and pressure marks during extended use. The 360° adjustable elbow allows free head movement during sleep while maintaining consistent airflow, making it ideal for active sleepers. Its lightweight and adjustable headgear belt provides a stable, customized fit for long hours of comfortable wear. Easy to assemble, disassemble, and clean, this full-face CPAP mask supports hygiene and convenience, making it a reliable choice for adults seeking consistent and comfortable respiratory support. &nbsp; Key Features Soft Silicone Full Face Cushion – Ensures comfort with a secure, leak-free seal. Large Size Coverage – Ideal for users needing full face respiratory support. 360° Adjustable Elbow – Allows natural movement without airflow interruption. Reduced Facial Pressure – Designed for long-duration overnight use. Lightweight Adjustable Headgear – Provides a snug, pressure-free fit. Easy Maintenance Design – Supports hygiene and long-term usability.	in_stock	https://oticamart.com/au/full-face-cpap-mask-large-yf02-02-w-360-deg.html	31.33 AUD				OTICA	https://oticamart.com/media/catalog/product/4/1/41aafxk2nql._sx522_.jpg	new	no					adult		https://oticamart.com/media/catalog/product/4/1/41oymlv9xsl.jpg		YF-02-Full-Face-Mask-L	yes	0
YN-03-Nasal-Mask-L	Nasal CPAP Mask Large YN03 with Soft Silicone Cushion	Product Info The OTICA Nasal CPAP Mask Medium YN03 offers an ideal combination of comfort, durability, and performance for consistent breathing therapy. Its soft silicone nasal cushion gently conforms to facial contours, creating a secure seal that helps reduce air leaks while enhancing comfort throughout the night. The 360° adjustable elbow allows flexible head movement without disturbing airflow, making it suitable for active sleepers. The lightweight, adjustable headgear belt ensures a stable and customized fit, reducing pressure points during extended use. Designed for convenience, the mask is easy to assemble, disassemble, and clean, helping maintain hygiene with minimal effort. This nasal CPAP mask is a reliable solution for adults seeking quiet, effective, and comfortable respiratory support. &nbsp; Key Features Soft Silicone Nasal Cushion – Gentle on skin while ensuring a secure, leak-resistant seal. Nasal CPAP Design – Ideal for users who prefer lightweight and open-face breathing therapy. 360° Adjustable Elbow – Supports natural head movement without airflow interruption. Minimal Air Leakage – Enhances therapy effectiveness and sleep quality. Lightweight Headgear Belt – Adjustable straps provide stable, personalized comfort. Easy Assembly &amp; Cleaning – Simple structure for quick daily maintenance.	in_stock	https://oticamart.com/au/nasal-cpap-mask-large-yn03-soft-03-w-360-deg.html	27.64 AUD				OTICA	https://oticamart.com/media/catalog/product/4/1/417_qbd2rvl.jpg	new	no					adult		https://oticamart.com/media/catalog/product/3/1/31f5vyvpkel.jpg		YN-03-Nasal-Mask-L	yes	0
YF-03-Full-Face-Mask- M	Full Face CPAP Mask Medium YF03 with Silicone Cushion	Product Info The OTICA Full Face CPAP Mask YF03 offers enhanced comfort and dependable performance for effective adult breathing therapy. Its soft, skin-friendly silicone cushion gently conforms to facial contours, ensuring a secure seal that reduces air leakage and pressure marks during extended use. The integrated 360-degree adjustable elbow allows natural head movement while maintaining continuous airflow throughout the night. Designed with a lightweight, adjustable headgear belt, the mask provides a stable and personalized fit for long-term comfort. Easy to disassemble and clean, this durable full-face CPAP mask supports optimal hygiene and consistent respiratory support, making it ideal for daily nighttime therapy. &nbsp; Key Features Full Face Coverage – Ensures consistent airflow through both nose and mouth for effective CPAP therapy. Soft Silicone Cushion – Gentle, skin-friendly cushion delivers a secure seal with reduced pressure marks. 360° Adjustable Elbow – Allows natural head movement during sleep without disrupting airflow. Leak-Minimizing Design – Precision-fit mask reduces air leaks for uninterrupted breathing therapy. Comfortable Headgear Belt – Lightweight, adjustable straps provide a stable and personalized fit. Easy to Assemble &amp; Disassemble – Quick setup and removal make daily use simple and stress-free.	in_stock	https://oticamart.com/au/full-face-cpap-mask-medium-yf03-03-w-360-deg.html	31.33 AUD				OTICA	https://oticamart.com/media/catalog/product/4/1/419duonqizl.jpg, https://oticamart.com/media/catalog/product/5/1/51cqkm-w8gl.jpg, https://oticamart.com/media/catalog/product/5/1/51zdxycjkol.jpg, https://oticamart.com/media/catalog/product/4/1/41h-b08t6cl.jpg	new	no					adult		https://oticamart.com/media/catalog/product/4/1/41zrhepznxl.jpg		YF-03-Full-Face-Mask- M	yes	0
YF 02 Full Face Mask - M	Full Face CPAP Mask Medium YF02 with Soft Silicone Cushion	Product Info The OTICA Full Face CPAP Mask Medium YF02 offers dependable and comfortable respiratory support for adults undergoing CPAP therapy. Its soft, medical-grade silicone cushion gently conforms to facial contours, creating a secure seal that reduces air leaks and enhances therapy effectiveness. The 360° adjustable elbow allows natural head movement without disrupting airflow, ensuring uninterrupted breathing throughout the night. Equipped with a lightweight, adjustable headgear belt, the mask provides a stable and customized fit for extended use. Designed for easy disassembly and cleaning, the YF02 full face CPAP mask is an ideal choice for consistent, hygienic, and comfortable sleep apnea and breathing therapy. &nbsp; Key Features Full-face CPAP mask designed for effective adult breathing therapy Soft silicone cushion ensures leak-free seal and enhanced comfort 360° adjustable elbow supports free head movement during sleep Stable, lightweight headgear with adjustable straps for long wear Easy to assemble, disassemble, and clean for daily hygiene Reduces pressure marks and discomfort during extended use	in_stock	https://oticamart.com/au/full-face-cpap-mask-medium-yf02-02-w-360-deg.html	31.33 AUD				OTICA	https://oticamart.com/media/catalog/product/4/1/41zrhepznxl._sx522_.jpg	new	no					adult		https://oticamart.com/media/catalog/product/5/1/51p3zy5v_ql._sx522_.jpg		YF 02 Full Face Mask - M	yes	0
Nebulizer Adult+Kid Mask set	Nebulizer Mask Kit with Adjustable Mist	Product Info The OTICA Nebulizer Mask Kit is a complete breathing therapy solution suitable for both adult and pediatric patients. Designed with a soft, skin-friendly transparent mask, it ensures a comfortable and secure fit during nebulization. The adjustable mist medicine cup delivers fine aerosol particles for efficient medication absorption into the lungs. The included air tube offers smooth airflow and universal compatibility with most nebulizer compressors and machines. Durable, washable, and reusable, this kit is ideal for managing respiratory conditions such as asthma, COPD, bronchitis, and other breathing disorders in home or healthcare environments. &nbsp; Key Features Suitable for both adult and pediatric nebulization therapy Adjustable mist medicine cup for efficient medicine delivery Universal fit compatible with most nebulizer machines Reusable and washable for hygienic therapy sessions Secure air tube connection for uninterrupted airflow Ideal for asthma, COPD, and respiratory treatments	in_stock	https://oticamart.com/au/nebulizer-mask-kit-adjustable-mist-medicine.html	4.83 AUD				OTICA	https://oticamart.com/media/catalog/product/4/1/41znkwb6mml.jpg, https://oticamart.com/media/catalog/product/5/1/51de4cnwarl.jpg	new	no					adult		https://oticamart.com/media/catalog/product/5/1/51ls9hzj4dl.jpg		Nebulizer Adult+Kid Mask set	yes	0
Nebulizer Mask Kit-Adult	Adult Nebulizer Mask Kit for Kids with Medicine Cup	Product Info The OTICA Nebulizer Mask Kit is a reliable and efficient breathing therapy accessory designed for use with most standard nebulizer machines and compressors. This complete set includes a nebulizer mask, medicine cup, and flexible air tube to ensure smooth and consistent delivery of aerosolized medication. Crafted from soft, transparent, skin-friendly material, the mask provides a comfortable and secure fit during therapy sessions. The well-designed medicine cup supports effective atomization, helping medication reach the lungs efficiently for faster relief. Durable, reusable, and easy to clean, this nebulizer kit is suitable for regular use in home care settings, clinics, and hospitals while maintaining high hygiene standards. &nbsp; Key Features Complete nebulizer mask kit with mask, medicine cup, and air tube Universal compatibility with most nebulizer machines and compressors Soft, skin-friendly material for comfortable breathing therapy Reusable, washable, and hygienic design for long-term use Flexible, kink-resistant air tube ensures smooth airflow Suitable for home care, clinics, and hospital environments	in_stock	https://oticamart.com/au/nebulizer-mask-kit-medicine-cup-air.html?size=adult	2.75 AUD				OTICA	https://oticamart.com/media/catalog/product/3/1/317m0ia16el_2__2.jpg	new	no		Adult			adult		https://oticamart.com/media/catalog/product/4/1/41_8idzkfgl_1.jpg		Nebulizer Mask Kit	yes	0
Nebulizer Mask Kit-Pediatric	Pediatric Nebulizer Mask Kit for Kids with Medicine Cup	Product Info The OTICA Nebulizer Mask Kit is a reliable and efficient breathing therapy accessory designed for use with most standard nebulizer machines and compressors. This complete set includes a nebulizer mask, medicine cup, and flexible air tube to ensure smooth and consistent delivery of aerosolized medication. Crafted from soft, transparent, skin-friendly material, the mask provides a comfortable and secure fit during therapy sessions. The well-designed medicine cup supports effective atomization, helping medication reach the lungs efficiently for faster relief. Durable, reusable, and easy to clean, this nebulizer kit is suitable for regular use in home care settings, clinics, and hospitals while maintaining high hygiene standards. &nbsp; Key Features Complete nebulizer mask kit with mask, medicine cup, and air tube Universal compatibility with most nebulizer machines and compressors Soft, skin-friendly material for comfortable breathing therapy Reusable, washable, and hygienic design for long-term use Flexible, kink-resistant air tube ensures smooth airflow Suitable for home care, clinics, and hospital environments	in_stock	https://oticamart.com/au/nebulizer-mask-kit-medicine-cup-air.html?size=pediatric	2.75 AUD				OTICA	https://oticamart.com/media/catalog/product/3/1/317m0ia16el_2__1.jpg	new	no		Pediatric			adult		https://oticamart.com/media/catalog/product/4/1/41_8idzkfgl.jpg		Nebulizer Mask Kit	yes	0
3.7V Diagnostic Pocket LED Otoscope- 11707-Black	3.7V Professional Diagnostic Pocket LED Otoscope - Black	Product Info The OTICA 3.7V Professional Diagnostic Pocket LED Otoscope is engineered for precise, comfortable, and reliable ear examinations in clinical and educational settings. Featuring a bright LED light with adjustable intensity, it provides a clear, wide-angle view for accurate diagnosis. The powerful in-built 3500mAh rechargeable battery with Type-C charging ensures extended working hours with minimal downtime. Its lightweight, pocket-friendly design makes it ideal for doctors, ENT specialists, nurses, and medical students. Supplied with 10 disposable ear specula and a spare glass window, it supports hygiene and long-term use. Proudly made in India, available in multiple colors, and backed by a 2-year international replacement warranty. Key Features High-intensity adjustable LED for clear ear examination Powerful 3500mAh in-built rechargeable battery Lightweight, pocket-size design for daily clinical use Ideal for ENT doctors, nurses, and medical students Spare glass window for extended product life Backed by a 2-year international replacement warranty	in_stock	https://oticamart.com/au/3-7v-professional-diagnostic-pocket-led-otoscope-11707.html?color=black	110.63 AUD				OTICA	https://oticamart.com/media/catalog/product/7/1/71svylgojkl._sl1500__1.jpg, https://oticamart.com/media/catalog/product/7/1/71bevsrzthl._sl1500__1.jpg, https://oticamart.com/media/catalog/product/7/1/711-y2cwsbl._sl1500__1.jpg, https://oticamart.com/media/catalog/product/7/1/71mujfvwwkl._sl1500__1.jpg, https://oticamart.com/media/catalog/product/7/1/71rmg3f2htl._sl1500__1.jpg, https://oticamart.com/media/catalog/product/7/1/71jqkchaool._sl1500__1.jpg, https://oticamart.com/media/catalog/product/7/1/71qm7k9lq3l._sl1500__1.jpg, https://oticamart.com/media/catalog/product/6/1/613trhav1gl._sl1500__1.jpg	new	no				black	adult		https://oticamart.com/media/catalog/product/7/1/71wojnjqh7l._sl1500__1.jpg		OTICA 3.7V Diagnostic Pocket LED Otoscope- 11707	yes	0
3.7V Diagnostic Pocket LED Otoscope- 11707-White	3.7V Professional Diagnostic Pocket LED Otoscope - White	Product Info The OTICA 3.7V Professional Diagnostic Pocket LED Otoscope is engineered for precise, comfortable, and reliable ear examinations in clinical and educational settings. Featuring a bright LED light with adjustable intensity, it provides a clear, wide-angle view for accurate diagnosis. The powerful in-built 3500mAh rechargeable battery with Type-C charging ensures extended working hours with minimal downtime. Its lightweight, pocket-friendly design makes it ideal for doctors, ENT specialists, nurses, and medical students. Supplied with 10 disposable ear specula and a spare glass window, it supports hygiene and long-term use. Proudly made in India, available in multiple colors, and backed by a 2-year international replacement warranty. Key Features High-intensity adjustable LED for clear ear examination Powerful 3500mAh in-built rechargeable battery Lightweight, pocket-size design for daily clinical use Ideal for ENT doctors, nurses, and medical students Spare glass window for extended product life Backed by a 2-year international replacement warranty	in_stock	https://oticamart.com/au/3-7v-professional-diagnostic-pocket-led-otoscope-11707.html?color=white	110.63 AUD				OTICA	https://oticamart.com/media/catalog/product/7/1/71bjnxgdp2l.jpg, https://oticamart.com/media/catalog/product/7/1/71ouvfuhsml.jpg, https://oticamart.com/media/catalog/product/7/1/71nxpbcgvsl.jpg, https://oticamart.com/media/catalog/product/7/1/71lksm-zdxl.jpg, https://oticamart.com/media/catalog/product/7/1/71bwnlhrzrl.jpg, https://oticamart.com/media/catalog/product/7/1/71h0ko-2r-l.jpg, https://oticamart.com/media/catalog/product/7/1/710ngtlzp9l.jpg, https://oticamart.com/media/catalog/product/7/1/71y0iyieetl.jpg	new	no				white	adult		https://oticamart.com/media/catalog/product/7/1/718wf_ifp1l.jpg		OTICA 3.7V Diagnostic Pocket LED Otoscope- 11707	yes	0
3.7V Diagnostic Pocket LED Otoscope- 11707-Pink	3.7V Professional Diagnostic Pocket LED Otoscope- Pink	Product Info The OTICA 3.7V Professional Diagnostic Pocket LED Otoscope is engineered for precise, comfortable, and reliable ear examinations in clinical and educational settings. Featuring a bright LED light with adjustable intensity, it provides a clear, wide-angle view for accurate diagnosis. The powerful in-built 3500mAh rechargeable battery with Type-C charging ensures extended working hours with minimal downtime. Its lightweight, pocket-friendly design makes it ideal for doctors, ENT specialists, nurses, and medical students. Supplied with 10 disposable ear specula and a spare glass window, it supports hygiene and long-term use. Proudly made in India, available in multiple colors, and backed by a 2-year international replacement warranty. Key Features High-intensity adjustable LED for clear ear examination Powerful 3500mAh in-built rechargeable battery Lightweight, pocket-size design for daily clinical use Ideal for ENT doctors, nurses, and medical students Spare glass window for extended product life Backed by a 2-year international replacement warranty	in_stock	https://oticamart.com/au/3-7v-professional-diagnostic-pocket-led-otoscope-11707.html?color=pink	110.63 AUD				OTICA	https://oticamart.com/media/catalog/product/8/1/81ly8bzaosl.jpg, https://oticamart.com/media/catalog/product/7/1/710f33uz1ol.jpg, https://oticamart.com/media/catalog/product/7/1/71ctrro40ll.jpg, https://oticamart.com/media/catalog/product/7/1/71rnt8rv7tl.jpg, https://oticamart.com/media/catalog/product/7/1/71fl12wfxvl.jpg, https://oticamart.com/media/catalog/product/7/1/71bsl6phbtl.jpg, https://oticamart.com/media/catalog/product/7/1/71ppdlxgwsl.jpg, https://oticamart.com/media/catalog/product/6/1/61u77cobadl.jpg	new	no				pink	adult		https://oticamart.com/media/catalog/product/7/1/71orejboopl.jpg		OTICA 3.7V Diagnostic Pocket LED Otoscope- 11707	yes	0
3.7V Diagnostic Pocket LED Otoscope- 11707-Blue	3.7V Professional Diagnostic Pocket LED Otoscope - Blue	Product Info The OTICA 3.7V Professional Diagnostic Pocket LED Otoscope is engineered for precise, comfortable, and reliable ear examinations in clinical and educational settings. Featuring a bright LED light with adjustable intensity, it provides a clear, wide-angle view for accurate diagnosis. The powerful in-built 3500mAh rechargeable battery with Type-C charging ensures extended working hours with minimal downtime. Its lightweight, pocket-friendly design makes it ideal for doctors, ENT specialists, nurses, and medical students. Supplied with 10 disposable ear specula and a spare glass window, it supports hygiene and long-term use. Proudly made in India, available in multiple colors, and backed by a 2-year international replacement warranty. Key Features High-intensity adjustable LED for clear ear examination Powerful 3500mAh in-built rechargeable battery Lightweight, pocket-size design for daily clinical use Ideal for ENT doctors, nurses, and medical students Spare glass window for extended product life Backed by a 2-year international replacement warranty	in_stock	https://oticamart.com/au/3-7v-professional-diagnostic-pocket-led-otoscope-11707.html?color=blue	110.63 AUD				OTICA	https://oticamart.com/media/catalog/product/7/1/71guqt4gj2l.jpg, https://oticamart.com/media/catalog/product/7/1/71n2qty2tll.jpg, https://oticamart.com/media/catalog/product/7/1/71lxmlis0pl.jpg, https://oticamart.com/media/catalog/product/7/1/71jgk1rbxsl.jpg, https://oticamart.com/media/catalog/product/7/1/71qfx9ybnxl.jpg, https://oticamart.com/media/catalog/product/7/1/714aa_qnx4l.jpg, https://oticamart.com/media/catalog/product/7/1/71pix-gmivl.jpg, https://oticamart.com/media/catalog/product/6/1/61tplkxpdcl.jpg	new	no				blue	adult		https://oticamart.com/media/catalog/product/7/1/71phy4llsel.jpg		OTICA 3.7V Diagnostic Pocket LED Otoscope- 11707	yes	0
3.7V Diagnostic Pocket LED Otoscope- 11707-Green	3.7V Professional Diagnostic Pocket LED Otoscope - Green	Product Info The OTICA 3.7V Professional Diagnostic Pocket LED Otoscope is engineered for precise, comfortable, and reliable ear examinations in clinical and educational settings. Featuring a bright LED light with adjustable intensity, it provides a clear, wide-angle view for accurate diagnosis. The powerful in-built 3500mAh rechargeable battery with Type-C charging ensures extended working hours with minimal downtime. Its lightweight, pocket-friendly design makes it ideal for doctors, ENT specialists, nurses, and medical students. Supplied with 10 disposable ear specula and a spare glass window, it supports hygiene and long-term use. Proudly made in India, available in multiple colors, and backed by a 2-year international replacement warranty. Key Features High-intensity adjustable LED for clear ear examination Powerful 3500mAh in-built rechargeable battery Lightweight, pocket-size design for daily clinical use Ideal for ENT doctors, nurses, and medical students Spare glass window for extended product life Backed by a 2-year international replacement warranty	in_stock	https://oticamart.com/au/3-7v-professional-diagnostic-pocket-led-otoscope-11707.html?color=green	110.63 AUD				OTICA	https://oticamart.com/media/catalog/product/7/1/71ulos4v9rl.jpg, https://oticamart.com/media/catalog/product/7/1/71k6cuqxaol.jpg, https://oticamart.com/media/catalog/product/7/1/71wnntior_l.jpg, https://oticamart.com/media/catalog/product/7/1/71ajuqfwncl.jpg, https://oticamart.com/media/catalog/product/7/1/71vptcpcjbl.jpg, https://oticamart.com/media/catalog/product/7/1/71swbwotefl.jpg, https://oticamart.com/media/catalog/product/7/1/71dn-9b_3tl.jpg, https://oticamart.com/media/catalog/product/6/1/61owkdn6gnl.jpg	new	no				green	adult		https://oticamart.com/media/catalog/product/7/1/71of-_l5cql.jpg		OTICA 3.7V Diagnostic Pocket LED Otoscope- 11707	yes	0
Pressure Infusion Bag-3000 ml-Disposable	Pressure Infusion Bag Medical TPU Leak Proof- 3000 ML (Disposable)	Product Info The OTICA Pressure Infusion Bag is a high-performance medical device used for rapid infusion of blood and IV fluids during emergencies and critical care situations. Manufactured using premium medical-grade TPU, it ensures durability, flexibility, and complete leak protection throughout infusion procedures. Its pressure-assisted design enables quick and efficient fluid delivery, helping stabilize patients when time is critical. The bag securely attaches to standard IV poles, providing reliable positioning and ease of use for healthcare professionals. It is widely used in hospitals, ICUs, trauma units, ambulances, and emergency response settings, making it an essential medical supply for patient care. &nbsp; Key Features Medical-grade TPU material ensures safe and leak-free infusion Supports rapid blood and fluid delivery in emergencies Pressure-assisted design for controlled infusion flow Secure IV pole attachment for stable positioning Suitable for hospitals, ICUs, ambulances, and clinics Essential emergency medical supply for fast patient stabilization	in_stock	https://oticamart.com/au/pressure-infusion-bag-medical-tpu-leak.html?size=3000+ml	87.13 AUD				OTICA	https://oticamart.com/media/catalog/product/7/1/71epidii_1l_1.jpg, https://oticamart.com/media/catalog/product/7/1/71pihixangl_1.jpg, https://oticamart.com/media/catalog/product/7/1/718ylv-bpjl_1.jpg	new	no		3000 ml			adult		https://oticamart.com/media/catalog/product/6/1/61c2yqmcfbl_1.jpg		Pressure Infusion Bag	yes	0
Pressure Infusion Bag-3000 ml-Reusable	Pressure Infusion Bag Medical TPU Leak Proof- 3000 ML (Reusable)	Product Info The OTICA Pressure Infusion Bag is a high-performance medical device used for rapid infusion of blood and IV fluids during emergencies and critical care situations. Manufactured using premium medical-grade TPU, it ensures durability, flexibility, and complete leak protection throughout infusion procedures. Its pressure-assisted design enables quick and efficient fluid delivery, helping stabilize patients when time is critical. The bag securely attaches to standard IV poles, providing reliable positioning and ease of use for healthcare professionals. It is widely used in hospitals, ICUs, trauma units, ambulances, and emergency response settings, making it an essential medical supply for patient care. &nbsp; Key Features Medical-grade TPU material ensures safe and leak-free infusion Supports rapid blood and fluid delivery in emergencies Pressure-assisted design for controlled infusion flow Secure IV pole attachment for stable positioning Suitable for hospitals, ICUs, ambulances, and clinics Essential emergency medical supply for fast patient stabilization	in_stock	https://oticamart.com/au/pressure-infusion-bag-medical-tpu-leak.html?size=3000+ml	87.13 AUD				OTICA	https://oticamart.com/media/catalog/product/7/1/71epidii_1l.jpg, https://oticamart.com/media/catalog/product/7/1/71pihixangl.jpg, https://oticamart.com/media/catalog/product/7/1/718ylv-bpjl.jpg	new	no		3000 ml			adult		https://oticamart.com/media/catalog/product/6/1/61c2yqmcfbl.jpg		Pressure Infusion Bag	yes	0
Pressure Infusion Bag-1000 ml-Disposable	Pressure Infusion Bag Medical TPU Leak Proof- 1000 ML (Disposable)	Product Info The OTICA Pressure Infusion Bag is a high-performance medical device used for rapid infusion of blood and IV fluids during emergencies and critical care situations. Manufactured using premium medical-grade TPU, it ensures durability, flexibility, and complete leak protection throughout infusion procedures. Its pressure-assisted design enables quick and efficient fluid delivery, helping stabilize patients when time is critical. The bag securely attaches to standard IV poles, providing reliable positioning and ease of use for healthcare professionals. It is widely used in hospitals, ICUs, trauma units, ambulances, and emergency response settings, making it an essential medical supply for patient care. &nbsp; Key Features Medical-grade TPU material ensures safe and leak-free infusion Supports rapid blood and fluid delivery in emergencies Pressure-assisted design for controlled infusion flow Secure IV pole attachment for stable positioning Suitable for hospitals, ICUs, ambulances, and clinics Essential emergency medical supply for fast patient stabilization	in_stock	https://oticamart.com/au/pressure-infusion-bag-medical-tpu-leak.html?size=1000+ml	67.77 AUD				OTICA	https://oticamart.com/media/catalog/product/7/1/71epidii_1l._sl1500__4.jpg, https://oticamart.com/media/catalog/product/6/1/61h-tutebql._sl1500_.jpg, https://oticamart.com/media/catalog/product/7/1/71wgkcuzmhl._sl1500_.jpg, https://oticamart.com/media/catalog/product/6/1/61obgpi7lol._sl1500_.jpg, https://oticamart.com/media/catalog/product/7/1/71lfapsstkl._sl1500_.jpg	new	no		1000 ml			adult		https://oticamart.com/media/catalog/product/7/1/71tapxa9lvl._sl1500_.jpg		Pressure Infusion Bag	yes	0
Pressure Infusion Bag-1000 ml-Reusable	Pressure Infusion Bag Medical TPU Leak Proof- 1000 ML (Reusable)	Product Info The OTICA Pressure Infusion Bag is a high-performance medical device used for rapid infusion of blood and IV fluids during emergencies and critical care situations. Manufactured using premium medical-grade TPU, it ensures durability, flexibility, and complete leak protection throughout infusion procedures. Its pressure-assisted design enables quick and efficient fluid delivery, helping stabilize patients when time is critical. The bag securely attaches to standard IV poles, providing reliable positioning and ease of use for healthcare professionals. It is widely used in hospitals, ICUs, trauma units, ambulances, and emergency response settings, making it an essential medical supply for patient care. &nbsp; Key Features Medical-grade TPU material ensures safe and leak-free infusion Supports rapid blood and fluid delivery in emergencies Pressure-assisted design for controlled infusion flow Secure IV pole attachment for stable positioning Suitable for hospitals, ICUs, ambulances, and clinics Essential emergency medical supply for fast patient stabilization	in_stock	https://oticamart.com/au/pressure-infusion-bag-medical-tpu-leak.html?size=1000+ml	69.14 AUD				OTICA	https://oticamart.com/media/catalog/product/7/1/71yiiuqahol._sl1500_.jpg, https://oticamart.com/media/catalog/product/7/1/71gy_cmpmvl._sl1500_.jpg, https://oticamart.com/media/catalog/product/7/1/71epidii_1l._sl1500__3.jpg	new	no		1000 ml			adult		https://oticamart.com/media/catalog/product/6/1/6160atd4mhl._sl1500_.jpg		Pressure Infusion Bag	yes	0
Pressure Infusion Bag-500 ml-Disposable	Pressure Infusion Bag Medical TPU Leak Proof- 500 ML (Disposable)	Product Info The OTICA Pressure Infusion Bag is a high-performance medical device used for rapid infusion of blood and IV fluids during emergencies and critical care situations. Manufactured using premium medical-grade TPU, it ensures durability, flexibility, and complete leak protection throughout infusion procedures. Its pressure-assisted design enables quick and efficient fluid delivery, helping stabilize patients when time is critical. The bag securely attaches to standard IV poles, providing reliable positioning and ease of use for healthcare professionals. It is widely used in hospitals, ICUs, trauma units, ambulances, and emergency response settings, making it an essential medical supply for patient care. &nbsp; Key Features Medical-grade TPU material ensures safe and leak-free infusion Supports rapid blood and fluid delivery in emergencies Pressure-assisted design for controlled infusion flow Secure IV pole attachment for stable positioning Suitable for hospitals, ICUs, ambulances, and clinics Essential emergency medical supply for fast patient stabilization	in_stock	https://oticamart.com/au/pressure-infusion-bag-medical-tpu-leak.html?size=500+ml	38.73 AUD				OTICA	https://oticamart.com/media/catalog/product/7/1/71epidii_1l._sl1500__2.jpg, https://oticamart.com/media/catalog/product/6/1/61o8qk0c9ml._sl1500_.jpg, https://oticamart.com/media/catalog/product/6/1/61fd422-irl._sl1500_.jpg, https://oticamart.com/media/catalog/product/7/1/71xcz-gubgl._sl1500_.jpg, https://oticamart.com/media/catalog/product/7/1/71mqmqzjcml._sl1500_.jpg	new	no		500 ml			adult		https://oticamart.com/media/catalog/product/6/1/61une9gk-zl._sl1500_.jpg		Pressure Infusion Bag	yes	0
Pressure Infusion Bag-500 ml-Reusable	Pressure Infusion Bag Medical TPU Leak Proof- 500 ML (Reusable)	Product Info The OTICA Pressure Infusion Bag is a high-performance medical device used for rapid infusion of blood and IV fluids during emergencies and critical care situations. Manufactured using premium medical-grade TPU, it ensures durability, flexibility, and complete leak protection throughout infusion procedures. Its pressure-assisted design enables quick and efficient fluid delivery, helping stabilize patients when time is critical. The bag securely attaches to standard IV poles, providing reliable positioning and ease of use for healthcare professionals. It is widely used in hospitals, ICUs, trauma units, ambulances, and emergency response settings, making it an essential medical supply for patient care. &nbsp; Key Features Medical-grade TPU material ensures safe and leak-free infusion Supports rapid blood and fluid delivery in emergencies Pressure-assisted design for controlled infusion flow Secure IV pole attachment for stable positioning Suitable for hospitals, ICUs, ambulances, and clinics Essential emergency medical supply for fast patient stabilization	in_stock	https://oticamart.com/au/pressure-infusion-bag-medical-tpu-leak.html?size=500+ml	39.50 AUD				OTICA	https://oticamart.com/media/catalog/product/6/1/61lar9iogvl._sl1500__1.jpg, https://oticamart.com/media/catalog/product/7/1/71xslpb7uzl._sl1500__1.jpg, https://oticamart.com/media/catalog/product/7/1/71pk0mojtgl._sl1500__1.jpg, https://oticamart.com/media/catalog/product/7/1/71epidii_1l._sl1500__1.jpg	new	no		500 ml			adult		https://oticamart.com/media/catalog/product/6/1/61se3udtp0l._sl1500__1.jpg		Pressure Infusion Bag	yes	0
OTICA Height Measuring Stadiometer (White)	Height Measuring Scale 210 cm Freestanding Stadiometer for Adults & Children- White	Product Info The OTICA Height Measuring Scale 210 cm is a reliable and professional stadiometer built for accurate height measurement in both adults and children. Designed for standalone use, it provides precise readings without the need for a weighing scale, making it ideal for medical, fitness, and institutional environments. With a measuring range of up to 210 cm, the scale features clear, high-contrast markings that ensure easy readability and consistent results. Its freestanding structure offers excellent stability during use, supporting accurate posture alignment for dependable measurements. Constructed with a durable white body, the stadiometer is built to withstand daily use in hospitals, clinics, schools, gyms, and health screening centers. Simple to use and maintain, it is also suitable for home health monitoring. Trusted by doctors, nurses, and fitness professionals, the OTICA Height Measuring Scale is a practical and efficient solution for routine height assessment. &nbsp; Key Features Measures height accurately up to 210 cm Suitable for both adults and children Clear, easy-to-read height markings Stable design ensures reliable measurements Ideal for hospitals, clinics, schools, and gyms Supports medical, fitness, and health screenings	in_stock	https://oticamart.com/au/height-measuring-scale-210-cm-freestanding-white.html	32.90 AUD				OTICA	https://oticamart.com/media/catalog/product/8/1/81ifocfhdcl._sl1500_.jpg, https://oticamart.com/media/catalog/product/8/1/81qnadzfqwl._sl1500_.jpg, https://oticamart.com/media/catalog/product/7/1/71hxjpuuldl._sl1500_.jpg, https://oticamart.com/media/catalog/product/8/1/81wgq4syipl._sl1500_.jpg, https://oticamart.com/media/catalog/product/8/1/81v_mid24gl._sl1500_.jpg, https://oticamart.com/media/catalog/product/8/1/81fau4bybsl._sl1500_.jpg	new	no					adult		https://oticamart.com/media/catalog/product/7/1/71tl0i8ojml._sl1500_.jpg		OTICA Height Measuring Stadiometer (White)	yes	0
Infantometer Baby Height Measurement-18"x10"x5"	Infantometer Baby Height Measurement Scale for Infant & Child (18’’ x 10’’ x 5")	Product Info The OTICA Infantometer for Baby Height Measurement is a reliable and precise tool designed for accurate length assessment of infants and young children. Built for professional pediatric use, it features a clear dual-scale display in centimeters and inches, allowing quick and error-free readings. With a measuring range of 0–91 cm and fine 0.1 cm graduations, this infantometer delivers high precision with an accuracy of ±0.1 cm—ideal for monitoring early growth and development. The flat measuring surface allows babies to lie comfortably, ensuring correct posture during measurement. Safety is a top priority: the infantometer is designed with smooth surfaces and rounded edges to prevent injury. Made from durable, easy-to-clean materials, it supports repeated use in hospitals, clinics, maternity wards, and community health centers. OTICA Infantometer is a dependable solution for accurate, safe, and efficient infant height measurement. &nbsp; Key Features Accurate infant height measurement for pediatric and neonatal use Dual measurement scale in centimeters and inches Wide measuring range from 0 to 91 cm (0–36 inches) High accuracy of ±0.1 cm for reliable growth tracking Smooth, flat surface allows babies to lie comfortably Rounded edges ensure complete baby safety	in_stock	https://oticamart.com/au/infantometer-baby-height-measurement-scale-infant-infantometer-baby-height-measurement.html?size=18%E2%80%99%E2%80%99+x+10%E2%80%99%E2%80%99+x+5%22	26.11 AUD				OTICA	https://oticamart.com/media/catalog/product/7/1/71nd3nql0ml.jpg, https://oticamart.com/media/catalog/product/6/1/61xkugouc-l.jpg, https://oticamart.com/media/catalog/product/7/1/71qb_hx68jl.jpg, https://oticamart.com/media/catalog/product/7/1/71swbpf2ytl.jpg, https://oticamart.com/media/catalog/product/6/1/61xk7st8zsl.jpg	new	no		18’’ x 10’’ x 5"			adult		https://oticamart.com/media/catalog/product/6/1/61uplav_6pl.jpg		Infantometer for Baby Height Measurement	yes	0
Infantometer Baby Height Measurement-18"x5"x5"	Infantometer Baby Height Measurement Scale for Infant & Child (18’’ x 5’’ x 5")	Product Info The OTICA Infantometer for Baby Height Measurement is a reliable and precise tool designed for accurate length assessment of infants and young children. Built for professional pediatric use, it features a clear dual-scale display in centimeters and inches, allowing quick and error-free readings. With a measuring range of 0–91 cm and fine 0.1 cm graduations, this infantometer delivers high precision with an accuracy of ±0.1 cm—ideal for monitoring early growth and development. The flat measuring surface allows babies to lie comfortably, ensuring correct posture during measurement. Safety is a top priority: the infantometer is designed with smooth surfaces and rounded edges to prevent injury. Made from durable, easy-to-clean materials, it supports repeated use in hospitals, clinics, maternity wards, and community health centers. OTICA Infantometer is a dependable solution for accurate, safe, and efficient infant height measurement. &nbsp; Key Features Accurate infant height measurement for pediatric and neonatal use Dual measurement scale in centimeters and inches Wide measuring range from 0 to 91 cm (0–36 inches) High accuracy of ±0.1 cm for reliable growth tracking Smooth, flat surface allows babies to lie comfortably Rounded edges ensure complete baby safety	in_stock	https://oticamart.com/au/infantometer-baby-height-measurement-scale-infant-infantometer-baby-height-measurement.html?size=18%E2%80%99%E2%80%99+x+5%E2%80%99%E2%80%99+x+5%22	15.49 AUD				OTICA	https://oticamart.com/media/catalog/product/7/1/7168pgiravl._sl1500__1_.jpg, https://oticamart.com/media/catalog/product/6/1/61kte5wpmfl._sl1500__1_.jpg, https://oticamart.com/media/catalog/product/7/1/711w45gfbsl._sl1500_.jpg, https://oticamart.com/media/catalog/product/7/1/71qmsjaza1l._sl1500__1_.jpg, https://oticamart.com/media/catalog/product/6/1/61iytkr2sql._sl1500_.jpg	new	no		18’’ x 5’’ x 5"			adult		https://oticamart.com/media/catalog/product/6/1/613rkhv3-5l._sl1500_.jpg		Infantometer for Baby Height Measurement	yes	0
Infantometer Baby Height Measurement-18"x7" x5"	Infantometer Baby Height Measurement Scale for Infant & Child (18’’ x 7’’ x 5")	Product Info The OTICA Infantometer for Baby Height Measurement is a reliable and precise tool designed for accurate length assessment of infants and young children. Built for professional pediatric use, it features a clear dual-scale display in centimeters and inches, allowing quick and error-free readings. With a measuring range of 0–91 cm and fine 0.1 cm graduations, this infantometer delivers high precision with an accuracy of ±0.1 cm—ideal for monitoring early growth and development. The flat measuring surface allows babies to lie comfortably, ensuring correct posture during measurement. Safety is a top priority: the infantometer is designed with smooth surfaces and rounded edges to prevent injury. Made from durable, easy-to-clean materials, it supports repeated use in hospitals, clinics, maternity wards, and community health centers. OTICA Infantometer is a dependable solution for accurate, safe, and efficient infant height measurement. &nbsp; Key Features Accurate infant height measurement for pediatric and neonatal use Dual measurement scale in centimeters and inches Wide measuring range from 0 to 91 cm (0–36 inches) High accuracy of ±0.1 cm for reliable growth tracking Smooth, flat surface allows babies to lie comfortably Rounded edges ensure complete baby safety	in_stock	https://oticamart.com/au/infantometer-baby-height-measurement-scale-infant-infantometer-baby-height-measurement.html?size=18%E2%80%99%E2%80%99+x+7%E2%80%99%E2%80%99+x+5%22	19.47 AUD				OTICA	https://oticamart.com/media/catalog/product/6/1/610hguxy0xl._sl1500__1.jpg, https://oticamart.com/media/catalog/product/7/1/713gfenqajl._sl1500__1.jpg, https://oticamart.com/media/catalog/product/7/1/71-kc1eb0xl._sl1500__1.jpg, https://oticamart.com/media/catalog/product/7/1/71fytbmrjwl._sl1500__1.jpg, https://oticamart.com/media/catalog/product/6/1/61xk7st8zsl._sl1500__1.jpg	new	no		18’’ x 7’’ x 5"			adult		https://oticamart.com/media/catalog/product/6/1/61kxwwrqjal._sl1500__1.jpg		Infantometer for Baby Height Measurement	yes	0
Modular Infantometer	Modular Infantometer Height Measuring Scale	Product Info The OTICA Modular Infantometer Height Measuring Scale is engineered for precise and comfortable infant length assessment in medical and healthcare environments. Designed for newborns and infants up to 100 cm, it features a dual measurement scale in centimeters and inches for fast, direct readings. The smooth, baby-safe surface allows infants to lie comfortably during measurement, ensuring accuracy and ease of use. Its modular, foldable construction supports effortless storage and portability, making it suitable for hospitals, pediatric clinics, vaccination centers, and field health programs. Crafted from durable materials, the infantometer offers long service life, hygienic maintenance, and reliable performance for daily clinical use. &nbsp; Key Features Accurate infant length measurement up to 100 cm Dual scale with clear readings in cm and inches Foldable modular design for easy storage and transport Durable construction ensures long-term reliability Ideal for hospitals, clinics, and immunization programs Smooth, baby-safe surface for comfortable positioning	in_stock	https://oticamart.com/au/modular-infantometer-height-measuring-scale.html	36.86 AUD				OTICA	https://oticamart.com/media/catalog/product/5/1/51dgwm-ayil._sl1500_.jpg, https://oticamart.com/media/catalog/product/5/1/514lt67kgyl._sl1500_.jpg, https://oticamart.com/media/catalog/product/6/1/61k0rdd1t5l._sl1500_.jpg, https://oticamart.com/media/catalog/product/5/1/51lmfsfu0cl._sl1500_.jpg	new	no					adult		https://oticamart.com/media/catalog/product/5/1/51p1twp1hbl._sl1280_.jpg		Modular Infantometer	yes	0
Stainless Steel Instrument Tray with Lid-12"x15"	Stainless Steel Instrument Tray with Lid Medical - 12 x 15 x 1.5 Inch	Product Info The OTICA Instrument Tray with Lid is a high-quality medical accessory crafted from premium stainless steel to meet strict hospital and surgical standards. Designed for daily professional use, it offers excellent corrosion resistance, strength, and long-term durability even after repeated sterilization cycles. The smooth, polished surface allows easy cleaning and autoclave sterilization, ensuring optimal hygiene. Its secure lid helps protect surgical instruments from dust, moisture, and contamination before and after procedures. Perfectly sized to organize forceps, scissors, scalpels, needle holders, and other surgical tools, this tray is widely used in operation theatres, clinics, dental practices, laboratories, and emergency setups. OTICA delivers reliable quality trusted by healthcare professionals worldwide. &nbsp; Key Features Premium stainless steel construction for medical-grade durability Corrosion-resistant design suitable for repeated sterilization Secure fitted lid prevents dust and contamination Ideal for surgical, dental, and clinical instrument storage Perfect size for organizing multiple surgical tools Suitable for hospitals, clinics, labs, and first-aid kits	in_stock	https://oticamart.com/au/stainless-steel-instrument-tray-lid-medical.html?size=12+x+15+inch	15.47 AUD				OTICA	https://oticamart.com/media/catalog/product/7/1/71qa9umneal._sl1500__1_.jpg, https://oticamart.com/media/catalog/product/6/1/6133wn02lpl._sl1500_.jpg, https://oticamart.com/media/catalog/product/7/1/71fono9dcbl._sl1500__1_.jpg, https://oticamart.com/media/catalog/product/7/1/715zjy5-2hl._sl1500__1__8.jpg	new	no		12 x 15 Inch			adult		https://oticamart.com/media/catalog/product/7/1/71wg4pxmdml._sl1500__1_.jpg		Stainless Steel Instrument Tray with Lid	yes	0
Stainless Steel Instrument Tray with Lid-12" x 8"	Stainless Steel Instrument Tray with Lid Medical - 12 x 8 x 1.5 Inch	Product Info The OTICA Instrument Tray with Lid is a high-quality medical accessory crafted from premium stainless steel to meet strict hospital and surgical standards. Designed for daily professional use, it offers excellent corrosion resistance, strength, and long-term durability even after repeated sterilization cycles. The smooth, polished surface allows easy cleaning and autoclave sterilization, ensuring optimal hygiene. Its secure lid helps protect surgical instruments from dust, moisture, and contamination before and after procedures. Perfectly sized to organize forceps, scissors, scalpels, needle holders, and other surgical tools, this tray is widely used in operation theatres, clinics, dental practices, laboratories, and emergency setups. OTICA delivers reliable quality trusted by healthcare professionals worldwide. &nbsp; Key Features Premium stainless steel construction for medical-grade durability Corrosion-resistant design suitable for repeated sterilization Secure fitted lid prevents dust and contamination Ideal for surgical, dental, and clinical instrument storage Perfect size for organizing multiple surgical tools Suitable for hospitals, clinics, labs, and first-aid kits	in_stock	https://oticamart.com/au/stainless-steel-instrument-tray-lid-medical.html?size=12+x+8+inch	13.54 AUD				OTICA	https://oticamart.com/media/catalog/product/6/1/61ku9b2nmwl._sl1500_.jpg, https://oticamart.com/media/catalog/product/7/1/71qvc058oel._sl1500_.jpg, https://oticamart.com/media/catalog/product/7/1/7197c2l6rll._sl1500_.jpg, https://oticamart.com/media/catalog/product/7/1/715zjy5-2hl._sl1500__1_.jpg	new	no		12 x 8 Inch			adult		https://oticamart.com/media/catalog/product/7/1/71ey2izak_l._sl1500__1_.jpg		Stainless Steel Instrument Tray with Lid	yes	0
Stainless Steel Instrument Tray with Lid-11" x 7"	Stainless Steel Instrument Tray with Lid Medical - 11 x 7 x 1.5 Inch	Product Info The OTICA Instrument Tray with Lid is a high-quality medical accessory crafted from premium stainless steel to meet strict hospital and surgical standards. Designed for daily professional use, it offers excellent corrosion resistance, strength, and long-term durability even after repeated sterilization cycles. The smooth, polished surface allows easy cleaning and autoclave sterilization, ensuring optimal hygiene. Its secure lid helps protect surgical instruments from dust, moisture, and contamination before and after procedures. Perfectly sized to organize forceps, scissors, scalpels, needle holders, and other surgical tools, this tray is widely used in operation theatres, clinics, dental practices, laboratories, and emergency setups. OTICA delivers reliable quality trusted by healthcare professionals worldwide. &nbsp; Key Features Premium stainless steel construction for medical-grade durability Corrosion-resistant design suitable for repeated sterilization Secure fitted lid prevents dust and contamination Ideal for surgical, dental, and clinical instrument storage Perfect size for organizing multiple surgical tools Suitable for hospitals, clinics, labs, and first-aid kits	in_stock	https://oticamart.com/au/stainless-steel-instrument-tray-lid-medical.html?size=11+x+7+inch	13.54 AUD				OTICA	https://oticamart.com/media/catalog/product/6/1/619pth3ivfl._sl1500_.jpg, https://oticamart.com/media/catalog/product/7/1/71bpgkttjzl._sl1500__1__1.jpg, https://oticamart.com/media/catalog/product/7/1/71g13qy_eyl._sl1500__1.jpg, https://oticamart.com/media/catalog/product/7/1/715zjy5-2hl._sl1500__1__1.jpg	new	no		11 x 7 Inch			adult		https://oticamart.com/media/catalog/product/7/1/71_4o0q2arl._sl1500_.jpg		Stainless Steel Instrument Tray with Lid	yes	0
Stainless Steel Instrument Tray with Lid-10"x12"	Stainless Steel Instrument Tray with Lid Medical - 10 x 12 x 1.5 Inch	Product Info The OTICA Instrument Tray with Lid is a high-quality medical accessory crafted from premium stainless steel to meet strict hospital and surgical standards. Designed for daily professional use, it offers excellent corrosion resistance, strength, and long-term durability even after repeated sterilization cycles. The smooth, polished surface allows easy cleaning and autoclave sterilization, ensuring optimal hygiene. Its secure lid helps protect surgical instruments from dust, moisture, and contamination before and after procedures. Perfectly sized to organize forceps, scissors, scalpels, needle holders, and other surgical tools, this tray is widely used in operation theatres, clinics, dental practices, laboratories, and emergency setups. OTICA delivers reliable quality trusted by healthcare professionals worldwide. &nbsp; Key Features Premium stainless steel construction for medical-grade durability Corrosion-resistant design suitable for repeated sterilization Secure fitted lid prevents dust and contamination Ideal for surgical, dental, and clinical instrument storage Perfect size for organizing multiple surgical tools Suitable for hospitals, clinics, labs, and first-aid kits	in_stock	https://oticamart.com/au/stainless-steel-instrument-tray-lid-medical.html?size=10+x+12+inch	13.54 AUD				OTICA	https://oticamart.com/media/catalog/product/6/1/61vklgwkfzl._sl1500_.jpg, https://oticamart.com/media/catalog/product/7/1/71majt97bul._sl1500__1_.jpg, https://oticamart.com/media/catalog/product/7/1/71q6c35r4vl._sl1500__1_.jpg, https://oticamart.com/media/catalog/product/7/1/715zjy5-2hl._sl1500__1__2.jpg	new	no		10 x 12 Inch			adult		https://oticamart.com/media/catalog/product/7/1/711yrumqlul._sl1500__1_.jpg		Stainless Steel Instrument Tray with Lid	yes	0
Stainless Steel Instrument Tray with Lid-9" x 6"	Stainless Steel Instrument Tray with Lid Medical - 9 x 6 x 1.5 Inch	Product Info The OTICA Instrument Tray with Lid is a high-quality medical accessory crafted from premium stainless steel to meet strict hospital and surgical standards. Designed for daily professional use, it offers excellent corrosion resistance, strength, and long-term durability even after repeated sterilization cycles. The smooth, polished surface allows easy cleaning and autoclave sterilization, ensuring optimal hygiene. Its secure lid helps protect surgical instruments from dust, moisture, and contamination before and after procedures. Perfectly sized to organize forceps, scissors, scalpels, needle holders, and other surgical tools, this tray is widely used in operation theatres, clinics, dental practices, laboratories, and emergency setups. OTICA delivers reliable quality trusted by healthcare professionals worldwide. &nbsp; Key Features Premium stainless steel construction for medical-grade durability Corrosion-resistant design suitable for repeated sterilization Secure fitted lid prevents dust and contamination Ideal for surgical, dental, and clinical instrument storage Perfect size for organizing multiple surgical tools Suitable for hospitals, clinics, labs, and first-aid kits	in_stock	https://oticamart.com/au/stainless-steel-instrument-tray-lid-medical.html?size=9+x+6+inch	13.54 AUD				OTICA	https://oticamart.com/media/catalog/product/6/1/61pjxvl47ol._sl1500_.jpg, https://oticamart.com/media/catalog/product/7/1/711lk7e0-3l._sl1500__1_.jpg, https://oticamart.com/media/catalog/product/7/1/71xrefflcal._sl1500__1_.jpg, https://oticamart.com/media/catalog/product/7/1/715zjy5-2hl._sl1500__1__3.jpg	new	no		9 x 6 Inch			adult		https://oticamart.com/media/catalog/product/7/1/713kwxruszl._sl1500__1_.jpg		Stainless Steel Instrument Tray with Lid	yes	0
Stainless Steel Instrument Tray with Lid-8" x 10"	Stainless Steel Instrument Tray with Lid Medical - 8 x 10 x 1.5 Inch	Product Info The OTICA Instrument Tray with Lid is a high-quality medical accessory crafted from premium stainless steel to meet strict hospital and surgical standards. Designed for daily professional use, it offers excellent corrosion resistance, strength, and long-term durability even after repeated sterilization cycles. The smooth, polished surface allows easy cleaning and autoclave sterilization, ensuring optimal hygiene. Its secure lid helps protect surgical instruments from dust, moisture, and contamination before and after procedures. Perfectly sized to organize forceps, scissors, scalpels, needle holders, and other surgical tools, this tray is widely used in operation theatres, clinics, dental practices, laboratories, and emergency setups. OTICA delivers reliable quality trusted by healthcare professionals worldwide. &nbsp; Key Features Premium stainless steel construction for medical-grade durability Corrosion-resistant design suitable for repeated sterilization Secure fitted lid prevents dust and contamination Ideal for surgical, dental, and clinical instrument storage Perfect size for organizing multiple surgical tools Suitable for hospitals, clinics, labs, and first-aid kits	in_stock	https://oticamart.com/au/stainless-steel-instrument-tray-lid-medical.html?size=8+x+10+inch	13.54 AUD				OTICA	https://oticamart.com/media/catalog/product/6/1/61wmfn_pkol._sl1500_.jpg, https://oticamart.com/media/catalog/product/7/1/71tslbpfjjl._sl1500_.jpg, https://oticamart.com/media/catalog/product/7/1/715vmpzfiyl._sl1500_.jpg, https://oticamart.com/media/catalog/product/7/1/715zjy5-2hl._sl1500__1__4.jpg	new	no		8 x 10 Inch			adult		https://oticamart.com/media/catalog/product/7/1/71k1gifxcal._sl1500_.jpg		Stainless Steel Instrument Tray with Lid	yes	0
Stainless Steel Instrument Tray with Lid-8" x 6"	Stainless Steel Instrument Tray with Lid Medical - 8 x 6 x 1.5 Inch	Product Info The OTICA Instrument Tray with Lid is a high-quality medical accessory crafted from premium stainless steel to meet strict hospital and surgical standards. Designed for daily professional use, it offers excellent corrosion resistance, strength, and long-term durability even after repeated sterilization cycles. The smooth, polished surface allows easy cleaning and autoclave sterilization, ensuring optimal hygiene. Its secure lid helps protect surgical instruments from dust, moisture, and contamination before and after procedures. Perfectly sized to organize forceps, scissors, scalpels, needle holders, and other surgical tools, this tray is widely used in operation theatres, clinics, dental practices, laboratories, and emergency setups. OTICA delivers reliable quality trusted by healthcare professionals worldwide. &nbsp; Key Features Premium stainless steel construction for medical-grade durability Corrosion-resistant design suitable for repeated sterilization Secure fitted lid prevents dust and contamination Ideal for surgical, dental, and clinical instrument storage Perfect size for organizing multiple surgical tools Suitable for hospitals, clinics, labs, and first-aid kits	in_stock	https://oticamart.com/au/stainless-steel-instrument-tray-lid-medical.html?size=8+x+6+inch	13.54 AUD				OTICA	https://oticamart.com/media/catalog/product/6/1/61vn34evfil._sl1500_.jpg, https://oticamart.com/media/catalog/product/7/1/71vqc4no4fl._sl1500__1_.jpg, https://oticamart.com/media/catalog/product/7/1/71k3rsnw_fl._sl1500__1_.jpg, https://oticamart.com/media/catalog/product/7/1/715zjy5-2hl._sl1500__1__5.jpg	new	no		8 x 6 Inch			adult		https://oticamart.com/media/catalog/product/7/1/7182rouwpsl._sl1500_.jpg		Stainless Steel Instrument Tray with Lid	yes	0
Stainless Steel Instrument Tray with Lid-8" x 3"	Stainless Steel Instrument Tray with Lid - 8 x 3 x 1.5 Inch	Product Info The OTICA Instrument Tray with Lid is a high-quality medical accessory crafted from premium stainless steel to meet strict hospital and surgical standards. Designed for daily professional use, it offers excellent corrosion resistance, strength, and long-term durability even after repeated sterilization cycles. The smooth, polished surface allows easy cleaning and autoclave sterilization, ensuring optimal hygiene. Its secure lid helps protect surgical instruments from dust, moisture, and contamination before and after procedures. Perfectly sized to organize forceps, scissors, scalpels, needle holders, and other surgical tools, this tray is widely used in operation theatres, clinics, dental practices, laboratories, and emergency setups. OTICA delivers reliable quality trusted by healthcare professionals worldwide. &nbsp; Key Features Premium stainless steel construction for medical-grade durability Corrosion-resistant design suitable for repeated sterilization Secure fitted lid prevents dust and contamination Ideal for surgical, dental, and clinical instrument storage Perfect size for organizing multiple surgical tools Suitable for hospitals, clinics, labs, and first-aid kits	in_stock	https://oticamart.com/au/stainless-steel-instrument-tray-lid-medical.html?size=8+x+3+inch	13.54 AUD				OTICA	https://oticamart.com/media/catalog/product/6/1/61vn34evfil._sl1500__1.jpg, https://oticamart.com/media/catalog/product/7/1/71hcblge5wl._sl1500_.jpg, https://oticamart.com/media/catalog/product/7/1/713r3ypnc7l._sl1500_.jpg, https://oticamart.com/media/catalog/product/7/1/715zjy5-2hl._sl1500__1__6.jpg	new	no		8 x 3 Inch			adult		https://oticamart.com/media/catalog/product/7/1/713udmivghl._sl1500_.jpg		Stainless Steel Instrument Tray with Lid	yes	0
Stainless Steel Instrument Tray with Lid-17" x 4"	Stainless Steel Instrument Tray with Lid Medical - 17 x 4 x 1.5 Inch	Product Info The OTICA Instrument Tray with Lid is a high-quality medical accessory crafted from premium stainless steel to meet strict hospital and surgical standards. Designed for daily professional use, it offers excellent corrosion resistance, strength, and long-term durability even after repeated sterilization cycles. The smooth, polished surface allows easy cleaning and autoclave sterilization, ensuring optimal hygiene. Its secure lid helps protect surgical instruments from dust, moisture, and contamination before and after procedures. Perfectly sized to organize forceps, scissors, scalpels, needle holders, and other surgical tools, this tray is widely used in operation theatres, clinics, dental practices, laboratories, and emergency setups. OTICA delivers reliable quality trusted by healthcare professionals worldwide. &nbsp; Key Features Premium stainless steel construction for medical-grade durability Corrosion-resistant design suitable for repeated sterilization Secure fitted lid prevents dust and contamination Ideal for surgical, dental, and clinical instrument storage Perfect size for organizing multiple surgical tools Suitable for hospitals, clinics, labs, and first-aid kits	in_stock	https://oticamart.com/au/stainless-steel-instrument-tray-lid-medical.html?size=17+x+4+inch	15.47 AUD				OTICA	https://oticamart.com/media/catalog/product/6/1/61dihggk4il._sl1500_.jpg, https://oticamart.com/media/catalog/product/7/1/71gx8tuuy0l._sl1500_.jpg, https://oticamart.com/media/catalog/product/7/1/71sfc4z8d6l._sl1500_.jpg, https://oticamart.com/media/catalog/product/7/1/715zjy5-2hl._sl1500__1__7.jpg	new	no		17 x 4 Inch			adult		https://oticamart.com/media/catalog/product/1/7/17x4.jpg		Stainless Steel Instrument Tray with Lid	yes	0
Bistos Vascular Doppler with 8 MHz Probe	Bistos BT-200V Vascular Doppler 8MHz Probe	Product Info The Bistos BT-200V Vascular Doppler with 8 MHz probe is a trusted medical diagnostic solution for precise evaluation of peripheral vascular conditions. Designed for non-invasive blood flow detection, it enables clinicians to assess arterial and venous circulation efficiently and safely, without radiation exposure. Its high-performance 8 MHz probe offers excellent sensitivity and signal clarity, making it particularly suitable for peripheral vascular examinations, post-operative monitoring, and routine screening. The compact and portable design supports bedside use, outpatient clinics, emergency care, and mobile medical setups. Built for durability and consistent performance, the BT-200V is widely used in vascular surgery, cardiology, diabetic foot screening, and general diagnostics—helping healthcare professionals make confident clinical decisions. &nbsp; Key Features High-sensitivity 8 MHz probe for accurate blood flow detection Clear Doppler sound output for reliable diagnosis Ideal for peripheral arterial and venous examinations Suitable for hospitals, clinics, and diagnostic centers Reliable performance for routine and post-operative monitoring Easy-to-operate design for fast clinical workflows	in_stock	https://oticamart.com/au/bistos-bt-200v-vascular-doppler-8mhz-probe.html	230.33 AUD				BISTOS	https://oticamart.com/media/catalog/product/5/1/51oiahd7q2l._sl1024_.jpg, https://oticamart.com/media/catalog/product/4/1/41rhgj9fhxl._sl1080_.jpg, https://oticamart.com/media/catalog/product/5/1/51xrq79rpvl._sl1024_.jpg	new	no					adult		https://oticamart.com/media/catalog/product/4/1/41flbpgrvzl._sl1024_.jpg		Bistos Vascular Doppler with 8 MHz Probe	yes	0
Back Rest Blue	Adjustable Hospital Bed Back Rest Arm with Arm Support - Blue	Product Info The OTICA Adjustable Hospital Fabric Back Rest offers dependable back, neck, and arm support for patients and individuals who need to remain seated comfortably in bed. Designed with six recline positions, it allows effortless adjustment for activities such as reading, eating, working on a laptop, watching TV, or relaxing. The large, breathable fabric panel is stretched over a strong steel frame, providing long-lasting durability and firm yet comfortable support. This back rest includes arm rests for added stability and a detachable headrest cushion to reduce neck strain during extended use. Lightweight and foldable, it can be easily stored or transported, making it ideal for hospitals, home care, elderly assistance, pregnancy support, and post-surgery recovery. OTICA’s back rest improves comfort, posture, and independence for daily bed-based activities. &nbsp; Key Features 6 adjustable recline levels for personalized comfort Strong steel frame ensures stability and safety Large breathable fabric surface for extended use Arm rests provide extra balance and support Detachable headrest for neck and head comfort Lightweight yet durable for daily home or hospital use	in_stock	https://oticamart.com/au/adjustable-hospital-bed-back-rest-arm-blue.html	17.50 AUD				OTICA	https://oticamart.com/media/catalog/product/5/1/51wcuvt1zsl.jpg, https://oticamart.com/media/catalog/product/6/1/61pcbzotexl.jpg, https://oticamart.com/media/catalog/product/8/1/81nsqcuzwkl._sl1500_.jpg	new	no					adult		https://oticamart.com/media/catalog/product/4/1/41pq1eqsrwl._sx522_.jpg		Back Rest Blue	yes	0
Tourniquet Welcro Band (Pack of 2)	Tourniquet Band 20 Inch Reusable Hook Loop Fastener for Blood Collection - Pack Of 2	Product Info The OTICA Quick Release Tourniquet Band is engineered to support healthcare professionals during blood collection, venipuncture, IV cannulation, and emergency first-aid procedures. Designed with a secure hook-and-loop (Velcro-style) fastening system, it enables rapid application and immediate release, helping save time in high-pressure clinical environments. Constructed from durable, stretchable elastic material, the 20-inch band ensures firm yet comfortable compression, enhancing vein visibility while minimizing skin pinching or irritation. Unlike traditional rubber tourniquets, this reusable design offers better control, hygiene, and long-term value. Suitable for hospitals, pathology labs, clinics, blood banks, ambulances, and first-aid kits, the OTICA Tourniquet Band delivers consistent performance, patient comfort, and professional reliability. The pack of two adds convenience for multi-use settings and backup readiness. &nbsp; Key Features Quick-release hook &amp; loop closure for fast application and removal 20-inch standard length fits adults comfortably Soft elastic material reduces skin irritation Strong fastening prevents slipping during procedures Ideal for blood tests, IV insertion, and first aid Suitable for hospitals, labs, clinics, and ambulances	in_stock	https://oticamart.com/au/tourniquet-band-20-inch-reusable-hook-pack-2.html	3.85 AUD				OTICA	https://oticamart.com/media/catalog/product/5/1/51c05m0lhql_1_.jpg, https://oticamart.com/media/catalog/product/5/1/51tfhftpwfl_1_.jpg, https://oticamart.com/media/catalog/product/5/1/513y38nylol.jpg, https://oticamart.com/media/catalog/product/4/1/41yqkyythdl.jpg, https://oticamart.com/media/catalog/product/6/1/61blz5zhwdl_1_.jpg	new	no					adult		https://oticamart.com/media/catalog/product/6/1/61mus3unatl_1_.jpg		Tourniquet Welcro Band (Pack of 2)	yes	0
Wall Mount Box (Grey)	GI Steel Letter Box Wall Mount Box with Lock & Key (Grey)	Product Info Finding The OTICA Multipurpose Use Box is a premium, wall-mounted storage and collection solution crafted from high-quality GI steel for superior strength and durability. Finished with a scratch-resistant, rust-proof grey coating, it is suitable for both indoor and outdoor environments. Its versatile design allows use as a letter box, suggestion box, complaint box, or donation box, making it ideal for homes, offices, hospitals, schools, societies, shops, and clinics. A transparent front window enables quick content checks without unlocking, while the secure lock and key ensure privacy and protection. With a compact yet spacious interior, it neatly stores letters, documents, feedback forms, cheques, or cash, offering a reliable and professional collection solution. &nbsp; Key Features Heavy-duty GI steel body for long-lasting durability Rust-proof, scratch-resistant powder-coated finish Multi-use design: letter, suggestion, complaint &amp; donation box Secure lock &amp; key for privacy and safety Wall-mount design with pre-drilled holes Ideal For Clinics, Hospitals &amp; Home Care	in_stock	https://oticamart.com/au/gi-steel-letter-box-wall-mount-grey.html	11.05 AUD				OTICA	https://oticamart.com/media/catalog/product/7/1/71a18slajsl._sl1500__2_.jpg, https://oticamart.com/media/catalog/product/7/1/71hr-m88e7l._sl1500__1_.jpg, https://oticamart.com/media/catalog/product/7/1/71g5jn1z4xl._sl1500__2_.jpg, https://oticamart.com/media/catalog/product/7/1/71bq7utdcrl._sl1500__1_.jpg, https://oticamart.com/media/catalog/product/6/1/61glgpxscxl._sl1500__1_.jpg, https://oticamart.com/media/catalog/product/6/1/61uuz5fst-l._sl1500__1_.jpg, https://oticamart.com/media/catalog/product/5/1/514sry59o-l._sl1500__1_.jpg, https://oticamart.com/media/catalog/product/8/1/81us0rkmrzl._sl1500_.jpg	new	no					adult		https://oticamart.com/media/catalog/product/4/1/41clzsdh2ml_1_.jpg		Wall Mount Box (Grey)	yes	0
Urine Collector Set-Elderly Men	Reusable Urine Collector Set Silicone Catcher - Elderly Men	Product Info The OTICA Urine Collector Set is a thoughtfully designed, reusable urine management solution for requiring dependable hygiene support during day and night use. Featuring a soft, skin-friendly silicone urine cup, the catcher fits securely to minimize leaks while remaining gentle for prolonged wear. The set includes two 1000ml daytime bags for mobility and one 2000ml high-capacity night bag for uninterrupted sleep. A flexible, kink-free medical-grade tube ensures smooth urine flow during sitting, walking, or resting. Adjustable straps and breathable cotton pants provide stability and comfort, making this system ideal for home care, hospital recovery, outdoor use, or long-term patient assistance. &nbsp; Key Features Soft silicone urine cup ensures comfort and leak resistance Complete set with 2 × 1000ml day bags and 1 × 2000ml night bag Long, kink-free tube allows free movement and smooth flow Reusable, washable, and cost-effective for long-term use Clear volume markings for easy urine monitoring Ideal for home care, hospital recovery, travel, and outdoor use	in_stock	https://oticamart.com/au/reusable-urine-collector-set-silicone-catcher.html	12.89 AUD				OTICA	https://oticamart.com/media/catalog/product/7/1/71kq34zlbrl._sl1500__1__3.jpg, https://oticamart.com/media/catalog/product/8/1/81vz7w5ae3l._sl1500__1__3.jpg, https://oticamart.com/media/catalog/product/7/1/71_ytknh87l._sl1500__1__3.jpg, https://oticamart.com/media/catalog/product/7/1/71tzfzpnwal._sl1500__1__3.jpg	new	no					adult		https://oticamart.com/media/catalog/product/7/1/71sijdh8pzl._sl1500_.jpg		Urine Collector Set	yes	0
Urine Collector Set-Women	Reusable Urine Collector Set Silicone Catcher - Women	Product Info The OTICA Urine Collector Set is a thoughtfully designed, reusable urine management solution for requiring dependable hygiene support during day and night use. Featuring a soft, skin-friendly silicone urine cup, the catcher fits securely to minimize leaks while remaining gentle for prolonged wear. The set includes two 1000ml daytime bags for mobility and one 2000ml high-capacity night bag for uninterrupted sleep. A flexible, kink-free medical-grade tube ensures smooth urine flow during sitting, walking, or resting. Adjustable straps and breathable cotton pants provide stability and comfort, making this system ideal for home care, hospital recovery, outdoor use, or long-term patient assistance. &nbsp; Key Features Soft silicone urine cup ensures comfort and leak resistance Complete set with 2 × 1000ml day bags and 1 × 2000ml night bag Long, kink-free tube allows free movement and smooth flow Reusable, washable, and cost-effective for long-term use Clear volume markings for easy urine monitoring Ideal for home care, hospital recovery, travel, and outdoor use	in_stock	https://oticamart.com/au/reusable-urine-collector-set-silicone-catcher.html	12.89 AUD				OTICA	https://oticamart.com/media/catalog/product/7/1/71kq34zlbrl._sl1500__1__2.jpg, https://oticamart.com/media/catalog/product/8/1/81vz7w5ae3l._sl1500__1__2.jpg, https://oticamart.com/media/catalog/product/7/1/71_ytknh87l._sl1500__1__2.jpg, https://oticamart.com/media/catalog/product/7/1/71tzfzpnwal._sl1500__1__2.jpg	new	no					adult		https://oticamart.com/media/catalog/product/7/1/71s4dt2qtcl._sl1500_.jpg		Urine Collector Set	yes	0
Urine Collector Set-Men	Reusable Urine Collector Set Silicone Catcher - Men	Product Info The OTICA Urine Collector Set is a thoughtfully designed, reusable urine management solution for requiring dependable hygiene support during day and night use. Featuring a soft, skin-friendly silicone urine cup, the catcher fits securely to minimize leaks while remaining gentle for prolonged wear. The set includes two 1000ml daytime bags for mobility and one 2000ml high-capacity night bag for uninterrupted sleep. A flexible, kink-free medical-grade tube ensures smooth urine flow during sitting, walking, or resting. Adjustable straps and breathable cotton pants provide stability and comfort, making this system ideal for home care, hospital recovery, outdoor use, or long-term patient assistance. &nbsp; Key Features Soft silicone urine cup ensures comfort and leak resistance Complete set with 2 × 1000ml day bags and 1 × 2000ml night bag Long, kink-free tube allows free movement and smooth flow Reusable, washable, and cost-effective for long-term use Clear volume markings for easy urine monitoring Ideal for home care, hospital recovery, travel, and outdoor use	in_stock	https://oticamart.com/au/reusable-urine-collector-set-silicone-catcher.html	12.89 AUD				OTICA	https://oticamart.com/media/catalog/product/7/1/71kq34zlbrl._sl1500__1__1.jpg, https://oticamart.com/media/catalog/product/7/1/71_ytknh87l._sl1500__1__1.jpg, https://oticamart.com/media/catalog/product/8/1/81vz7w5ae3l._sl1500__1__1.jpg, https://oticamart.com/media/catalog/product/7/1/71tzfzpnwal._sl1500__1__1.jpg	new	no					adult		https://oticamart.com/media/catalog/product/7/1/71h39u44rjl._sl1500_.jpg		Urine Collector Set	yes	0
Ultrasound Probe Covers-100	Ultrasound Probe Covers Endocavity Curved Array - 5CM x 18CM - Pack Of 100	Product Info OTICA Ultrasound Transducer Probe Covers are designed to enhance patient safety and infection control during diagnostic and interventional ultrasound procedures. Manufactured from high-quality rolled natural latex, these covers provide superior stretch, strength, and secure fitting over endocavity, curved-array, linear, and convex probes. Their ultra-thin, acoustically transparent construction ensures artifact-free imaging while minimizing air gaps and gel residue. Measuring 5 cm × 18 cm, each cover is individually rolled for quick, one-handed application—ideal for high-volume clinical workflows. These non-sterile, single-use covers reduce probe contamination, speed up post-scan cleaning, and support best practices in OB/GYN, urology, emergency care, and interventional radiology settings. &nbsp; Key Features Universal fit for endocavity, curved, linear, and convex probes Effective cross-contamination barrier for patient and clinician safety Ultra-thin material preserves ultrasound image clarity Ideal for OB/GYN, urology, radiology, and interventional use Non-sterile, single-use for infection-control compliance Compact 5 cm × 18 cm size suits multiple probe types	in_stock	https://oticamart.com/au/ultrasound-probe-covers-endocavity-curved-array-18cm.html	15.29 AUD				OTICA	https://oticamart.com/media/catalog/product/7/1/7156604b-f173-49f5-ace9-441b797b0a55.__cr141_0_1059_794_pt0_sx300_v1____1__2.jpg, https://oticamart.com/media/catalog/product/5/a/5aae79c9-1d28-4403-a3c5-0544658a30dc.__cr0_0_800_600_pt0_sx300_v1____1__2.jpg	new	no					adult		https://oticamart.com/media/catalog/product/6/1/6174_xdiijl._sl1500__1.jpg		Ultrasound Probe Covers	yes	0
Ultrasound Probe Covers-50	Ultrasound Probe Covers Endocavity Curved Array - 5CM x 18CM - Pack Of 50	Product Info OTICA Ultrasound Transducer Probe Covers are designed to enhance patient safety and infection control during diagnostic and interventional ultrasound procedures. Manufactured from high-quality rolled natural latex, these covers provide superior stretch, strength, and secure fitting over endocavity, curved-array, linear, and convex probes. Their ultra-thin, acoustically transparent construction ensures artifact-free imaging while minimizing air gaps and gel residue. Measuring 5 cm × 18 cm, each cover is individually rolled for quick, one-handed application—ideal for high-volume clinical workflows. These non-sterile, single-use covers reduce probe contamination, speed up post-scan cleaning, and support best practices in OB/GYN, urology, emergency care, and interventional radiology settings. &nbsp; Key Features Universal fit for endocavity, curved, linear, and convex probes Effective cross-contamination barrier for patient and clinician safety Ultra-thin material preserves ultrasound image clarity Ideal for OB/GYN, urology, radiology, and interventional use Non-sterile, single-use for infection-control compliance Compact 5 cm × 18 cm size suits multiple probe types	in_stock	https://oticamart.com/au/ultrasound-probe-covers-endocavity-curved-array-18cm.html	8.46 AUD				OTICA	https://oticamart.com/media/catalog/product/7/1/7156604b-f173-49f5-ace9-441b797b0a55.__cr141_0_1059_794_pt0_sx300_v1____1__1.jpg, https://oticamart.com/media/catalog/product/5/a/5aae79c9-1d28-4403-a3c5-0544658a30dc.__cr0_0_800_600_pt0_sx300_v1____1__1.jpg	new	no					adult		https://oticamart.com/media/catalog/product/6/1/6174_xdiijl._sl1500_.jpg		Ultrasound Probe Covers	yes	0
Electric Heating Pad-Blue	Electric Heating Pad Pain Relief Heating Belt- Blue	Product Info The&nbsp;OTICA Electric Heating Pad &amp; Pain Relief Belt is a premium thermal therapy solution designed to relieve back pain, period cramps, joint stiffness, and muscle fatigue. Built with BIS-certified, shockproof technology, it ensures safe and worry-free use. The pad offers multiple adjustable heat levels for personalized comfort, while its four-layer insulation system and twin thermostats provide even heat distribution and prevent overheating. An automatic shut-off adds extra safety during extended use or sleep. Energy-efficient and cost-effective, it delivers deep, soothing warmth to the lower back, abdomen, knees, shoulders, and neck. Backed by a 1-year warranty, OTICA’s heating pad is ideal for daily home therapy, recovery, and relaxation. &nbsp; Key Features BIS-certified, shockproof design for complete safety Adjustable heat levels for customized pain relief Multi-layer insulation prevents burns and hotspots Auto shut-off protection for worry-free use Effective for back pain, cramps, joints, and muscles Backed by a reliable 1-year OTICA warranty	in_stock	https://oticamart.com/au/electric-heating-pad-pain-relief-heating.html?color=blue	11.97 AUD				OTICA	https://oticamart.com/media/catalog/product/7/1/712cshgxqjl._sl1500__1.jpg, https://oticamart.com/media/catalog/product/7/1/713vl54gvul._sl1500__1.jpg, https://oticamart.com/media/catalog/product/7/1/71p1hwhy4cl._sl1500__1.jpg, https://oticamart.com/media/catalog/product/6/1/61ob_qjwg6l._sl1500__1.jpg, https://oticamart.com/media/catalog/product/7/1/71mz3i54bnl._sl1500__1.jpg, https://oticamart.com/media/catalog/product/7/1/71m4bgjibml._sl1500__1.jpg	new	no				blue	adult		https://oticamart.com/media/catalog/product/5/1/51v0zhpq5yl.jpg		Electric Heating Pad	yes	0
Electric Heating Pad-Grey	Electric Heating Pad Pain Relief Heating Belt- Grey	Product Info The&nbsp;OTICA Electric Heating Pad &amp; Pain Relief Belt is a premium thermal therapy solution designed to relieve back pain, period cramps, joint stiffness, and muscle fatigue. Built with BIS-certified, shockproof technology, it ensures safe and worry-free use. The pad offers multiple adjustable heat levels for personalized comfort, while its four-layer insulation system and twin thermostats provide even heat distribution and prevent overheating. An automatic shut-off adds extra safety during extended use or sleep. Energy-efficient and cost-effective, it delivers deep, soothing warmth to the lower back, abdomen, knees, shoulders, and neck. Backed by a 1-year warranty, OTICA’s heating pad is ideal for daily home therapy, recovery, and relaxation. &nbsp; Key Features BIS-certified, shockproof design for complete safety Adjustable heat levels for customized pain relief Multi-layer insulation prevents burns and hotspots Auto shut-off protection for worry-free use Effective for back pain, cramps, joints, and muscles Backed by a reliable 1-year OTICA warranty	in_stock	https://oticamart.com/au/electric-heating-pad-pain-relief-heating.html?color=grey	11.97 AUD				OTICA	https://oticamart.com/media/catalog/product/6/1/61qd_6bgw5l.jpg, https://oticamart.com/media/catalog/product/5/1/51gwzsu6q8l.jpg, https://oticamart.com/media/catalog/product/5/1/51txlk5rykl.jpg, https://oticamart.com/media/catalog/product/4/1/411mkuddepl.jpg, https://oticamart.com/media/catalog/product/5/1/51297eu25yl.jpg, https://oticamart.com/media/catalog/product/5/1/51up2z7dn_l.jpg, https://oticamart.com/media/catalog/product/5/1/51x57y-peal.jpg	new	no				grey	adult		https://oticamart.com/media/catalog/product/5/1/51co8tijwbl.jpg		Electric Heating Pad	yes	0
Metzenbaum Scissor 8 inch Curved and Straight	Premium Stainless Steel Dissecting Metzenbaum Surgical Scissors 8 Inch Straight Curved Scissor	Product Info The&nbsp;OTICA Premium Stainless Steel Dissecting Metzenbaum Surgical Scissors are engineered to deliver superior precision and control during delicate surgical procedures. Crafted from high-quality stainless steel, these scissors provide an optimal balance of sharpness, strength, and durability, making them suitable for repeated clinical and educational use. Their classic Metzenbaum design is ideal for fine tissue dissection, minimizing trauma while enhancing surgical accuracy. Fully sterilizable and corrosion-resistant, they maintain performance even after multiple sterilization cycles. Trusted by surgeons, medical professionals, and students worldwide, OTICA scissors reflect a commitment to quality craftsmanship, innovation, and reliability in every procedure. &nbsp; Key Features Premium Metzenbaum design for delicate tissue dissection Sharp, precise cutting with smooth performance Balanced design for superior control and accuracy Suitable for repeated long-term professional use Ideal for surgical, clinical, and educational use Perfect for surgeons, students, and anatomy labs	in_stock	https://oticamart.com/au/premium-stainless-steel-dissecting-metzenbaum-surgical-scissors.html?size=8+inch	16.45 AUD				OTICA	https://oticamart.com/media/catalog/product/7/1/71zo0upsscl._sl1500__2.jpg, https://oticamart.com/media/catalog/product/6/1/61i37yde_rl._sl1500_.jpg, https://oticamart.com/media/catalog/product/7/1/71sfxg1ibyl._sl1500__2.jpg, https://oticamart.com/media/catalog/product/7/1/71erfzd_mpl._sl1500__2.jpg	new	no		8 inch			adult		https://oticamart.com/media/catalog/product/6/1/61j9mm6_srl._sl1500__2.jpg		SS Dissecting Metzenbaum Surgical Scissors	yes	0
Metzenbaum Scissor 8 inch Curved	Premium Stainless Steel Dissecting Metzenbaum Surgical Scissors 8 Inch Curved Scissor	Product Info The&nbsp;OTICA Premium Stainless Steel Dissecting Metzenbaum Surgical Scissors are engineered to deliver superior precision and control during delicate surgical procedures. Crafted from high-quality stainless steel, these scissors provide an optimal balance of sharpness, strength, and durability, making them suitable for repeated clinical and educational use. Their classic Metzenbaum design is ideal for fine tissue dissection, minimizing trauma while enhancing surgical accuracy. Fully sterilizable and corrosion-resistant, they maintain performance even after multiple sterilization cycles. Trusted by surgeons, medical professionals, and students worldwide, OTICA scissors reflect a commitment to quality craftsmanship, innovation, and reliability in every procedure. &nbsp; Key Features Premium Metzenbaum design for delicate tissue dissection Sharp, precise cutting with smooth performance Balanced design for superior control and accuracy Suitable for repeated long-term professional use Ideal for surgical, clinical, and educational use Perfect for surgeons, students, and anatomy labs	in_stock	https://oticamart.com/au/premium-stainless-steel-dissecting-metzenbaum-surgical-scissors.html?size=8+inch	9.66 AUD				OTICA	https://oticamart.com/media/catalog/product/6/1/61qn7cenodl._sl1500_.jpg, https://oticamart.com/media/catalog/product/7/1/71el2y2wpql._sl1500_.jpg, https://oticamart.com/media/catalog/product/7/1/711jle0bukl._sl1500_.jpg, https://oticamart.com/media/catalog/product/7/1/71qi2fapfol._sl1500_.jpg	new	no		8 inch			adult		https://oticamart.com/media/catalog/product/5/1/51o9tvmo8wl._sl1500_.jpg		SS Dissecting Metzenbaum Surgical Scissors	yes	0
Metzenbaum Scissor 8 inch Straight	Premium Stainless Steel Dissecting Metzenbaum Surgical Scissors 8 Inch Straight Scissor	Product Info The&nbsp;OTICA Premium Stainless Steel Dissecting Metzenbaum Surgical Scissors are engineered to deliver superior precision and control during delicate surgical procedures. Crafted from high-quality stainless steel, these scissors provide an optimal balance of sharpness, strength, and durability, making them suitable for repeated clinical and educational use. Their classic Metzenbaum design is ideal for fine tissue dissection, minimizing trauma while enhancing surgical accuracy. Fully sterilizable and corrosion-resistant, they maintain performance even after multiple sterilization cycles. Trusted by surgeons, medical professionals, and students worldwide, OTICA scissors reflect a commitment to quality craftsmanship, innovation, and reliability in every procedure. &nbsp; Key Features Premium Metzenbaum design for delicate tissue dissection Sharp, precise cutting with smooth performance Balanced design for superior control and accuracy Suitable for repeated long-term professional use Ideal for surgical, clinical, and educational use Perfect for surgeons, students, and anatomy labs	in_stock	https://oticamart.com/au/premium-stainless-steel-dissecting-metzenbaum-surgical-scissors.html?size=8+inch	9.66 AUD				OTICA	https://oticamart.com/media/catalog/product/7/1/71uaj33e81l._sl1500_.jpg, https://oticamart.com/media/catalog/product/7/1/71tffvah9tl._sl1500_.jpg, https://oticamart.com/media/catalog/product/7/1/71drdnb4lkl._sl1500_.jpg, https://oticamart.com/media/catalog/product/6/1/61xx2mofbbl._sl1500_.jpg	new	no		8 inch			adult		https://oticamart.com/media/catalog/product/5/1/514p8kztzjl._sl1500_.jpg		SS Dissecting Metzenbaum Surgical Scissors	yes	0
Metzenbaum Scissor 6 inch Curved and Straight	Premium Stainless Steel Dissecting Metzenbaum Surgical Scissors 6 Inch Straight + Curved Scissor	Product Info The&nbsp;OTICA Premium Stainless Steel Dissecting Metzenbaum Surgical Scissors are engineered to deliver superior precision and control during delicate surgical procedures. Crafted from high-quality stainless steel, these scissors provide an optimal balance of sharpness, strength, and durability, making them suitable for repeated clinical and educational use. Their classic Metzenbaum design is ideal for fine tissue dissection, minimizing trauma while enhancing surgical accuracy. Fully sterilizable and corrosion-resistant, they maintain performance even after multiple sterilization cycles. Trusted by surgeons, medical professionals, and students worldwide, OTICA scissors reflect a commitment to quality craftsmanship, innovation, and reliability in every procedure. &nbsp; Key Features Premium Metzenbaum design for delicate tissue dissection Sharp, precise cutting with smooth performance Balanced design for superior control and accuracy Suitable for repeated long-term professional use Ideal for surgical, clinical, and educational use Perfect for surgeons, students, and anatomy labs	in_stock	https://oticamart.com/au/premium-stainless-steel-dissecting-metzenbaum-surgical-scissors.html?size=6+inch	16.45 AUD				OTICA	https://oticamart.com/media/catalog/product/7/1/71zo0upsscl._sl1500__1.jpg, https://oticamart.com/media/catalog/product/7/1/71sfxg1ibyl._sl1500__1.jpg, https://oticamart.com/media/catalog/product/7/1/71erfzd_mpl._sl1500__1.jpg, https://oticamart.com/media/catalog/product/6/1/61jjxa-e0bl._sl1500__1.jpg	new	no		6 inch			adult		https://oticamart.com/media/catalog/product/6/1/61j9mm6_srl._sl1500__1.jpg		SS Dissecting Metzenbaum Surgical Scissors	yes	0
Metzenbaum Scissor 6 inch Curved	Premium Stainless Steel Dissecting Metzenbaum Surgical Scissors 6 Inch Curved Scissor	Product Info The&nbsp;OTICA Premium Stainless Steel Dissecting Metzenbaum Surgical Scissors are engineered to deliver superior precision and control during delicate surgical procedures. Crafted from high-quality stainless steel, these scissors provide an optimal balance of sharpness, strength, and durability, making them suitable for repeated clinical and educational use. Their classic Metzenbaum design is ideal for fine tissue dissection, minimizing trauma while enhancing surgical accuracy. Fully sterilizable and corrosion-resistant, they maintain performance even after multiple sterilization cycles. Trusted by surgeons, medical professionals, and students worldwide, OTICA scissors reflect a commitment to quality craftsmanship, innovation, and reliability in every procedure. &nbsp; Key Features Premium Metzenbaum design for delicate tissue dissection Sharp, precise cutting with smooth performance Balanced design for superior control and accuracy Suitable for repeated long-term professional use Ideal for surgical, clinical, and educational use Perfect for surgeons, students, and anatomy labs	in_stock	https://oticamart.com/au/premium-stainless-steel-dissecting-metzenbaum-surgical-scissors.html?size=6+inch	9.66 AUD				OTICA	https://oticamart.com/media/catalog/product/7/1/71el2y2wpql._sl1500__1.jpg, https://oticamart.com/media/catalog/product/6/1/61qn7cenodl._sl1500__1.jpg, https://oticamart.com/media/catalog/product/7/1/711jle0bukl._sl1500__1.jpg, https://oticamart.com/media/catalog/product/7/1/71phrk9vyal._sl1500_.jpg	new	no		6 inch			adult		https://oticamart.com/media/catalog/product/5/1/51o9tvmo8wl._sl1500__1.jpg		SS Dissecting Metzenbaum Surgical Scissors	yes	0
Metzenbaum Scissor 6 inch Straight	Premium Stainless Steel Dissecting Metzenbaum Surgical Scissors 6 Inch Straight Scissor	Product Info The&nbsp;OTICA Premium Stainless Steel Dissecting Metzenbaum Surgical Scissors are engineered to deliver superior precision and control during delicate surgical procedures. Crafted from high-quality stainless steel, these scissors provide an optimal balance of sharpness, strength, and durability, making them suitable for repeated clinical and educational use. Their classic Metzenbaum design is ideal for fine tissue dissection, minimizing trauma while enhancing surgical accuracy. Fully sterilizable and corrosion-resistant, they maintain performance even after multiple sterilization cycles. Trusted by surgeons, medical professionals, and students worldwide, OTICA scissors reflect a commitment to quality craftsmanship, innovation, and reliability in every procedure. &nbsp; Key Features Premium Metzenbaum design for delicate tissue dissection Sharp, precise cutting with smooth performance Balanced design for superior control and accuracy Suitable for repeated long-term professional use Ideal for surgical, clinical, and educational use Perfect for surgeons, students, and anatomy labs	in_stock	https://oticamart.com/au/premium-stainless-steel-dissecting-metzenbaum-surgical-scissors.html?size=6+inch	9.66 AUD				OTICA	https://oticamart.com/media/catalog/product/7/1/71tffvah9tl._sl1500__1.jpg, https://oticamart.com/media/catalog/product/7/1/715q0mzqz8l._sl1500_.jpg, https://oticamart.com/media/catalog/product/7/1/71uaj33e81l._sl1500__1.jpg, https://oticamart.com/media/catalog/product/6/1/61xx2mofbbl._sl1500__1.jpg	new	no		6 inch			adult		https://oticamart.com/media/catalog/product/5/1/514p8kztzjl._sl1500__1.jpg		SS Dissecting Metzenbaum Surgical Scissors	yes	0
Metzenbaum Scissor 7 inch Curved and Straight	Premium Stainless Steel Dissecting Metzenbaum Surgical Scissors 7 Inch Straight & Curved Scissor	Product Info The&nbsp;OTICA Premium Stainless Steel Dissecting Metzenbaum Surgical Scissors are engineered to deliver superior precision and control during delicate surgical procedures. Crafted from high-quality stainless steel, these scissors provide an optimal balance of sharpness, strength, and durability, making them suitable for repeated clinical and educational use. Their classic Metzenbaum design is ideal for fine tissue dissection, minimizing trauma while enhancing surgical accuracy. Fully sterilizable and corrosion-resistant, they maintain performance even after multiple sterilization cycles. Trusted by surgeons, medical professionals, and students worldwide, OTICA scissors reflect a commitment to quality craftsmanship, innovation, and reliability in every procedure. &nbsp; Key Features Premium Metzenbaum design for delicate tissue dissection Sharp, precise cutting with smooth performance Balanced design for superior control and accuracy Suitable for repeated long-term professional use Ideal for surgical, clinical, and educational use Perfect for surgeons, students, and anatomy labs	in_stock	https://oticamart.com/au/premium-stainless-steel-dissecting-metzenbaum-surgical-scissors.html?size=7+inch	16.45 AUD				OTICA	https://oticamart.com/media/catalog/product/7/1/71erfzd_mpl._sl1500__3.jpg, https://oticamart.com/media/catalog/product/7/1/71sfxg1ibyl._sl1500__3.jpg, https://oticamart.com/media/catalog/product/7/1/71zo0upsscl._sl1500__3.jpg	new	no		7 inch			adult		https://oticamart.com/media/catalog/product/6/1/61j9mm6_srl._sl1500__3.jpg		SS Dissecting Metzenbaum Surgical Scissors	yes	0
Metzenbaum Scissor 7 inch Curved	Premium Stainless Steel Dissecting Metzenbaum Surgical Scissors 7 Inch Curved Scissor	Product Info The&nbsp;OTICA Premium Stainless Steel Dissecting Metzenbaum Surgical Scissors are engineered to deliver superior precision and control during delicate surgical procedures. Crafted from high-quality stainless steel, these scissors provide an optimal balance of sharpness, strength, and durability, making them suitable for repeated clinical and educational use. Their classic Metzenbaum design is ideal for fine tissue dissection, minimizing trauma while enhancing surgical accuracy. Fully sterilizable and corrosion-resistant, they maintain performance even after multiple sterilization cycles. Trusted by surgeons, medical professionals, and students worldwide, OTICA scissors reflect a commitment to quality craftsmanship, innovation, and reliability in every procedure. &nbsp; Key Features Premium Metzenbaum design for delicate tissue dissection Sharp, precise cutting with smooth performance Balanced design for superior control and accuracy Suitable for repeated long-term professional use Ideal for surgical, clinical, and educational use Perfect for surgeons, students, and anatomy labs	in_stock	https://oticamart.com/au/premium-stainless-steel-dissecting-metzenbaum-surgical-scissors.html?size=7+inch	9.66 AUD				OTICA	https://oticamart.com/media/catalog/product/7/1/71el2y2wpql._sl1500__2.jpg, https://oticamart.com/media/catalog/product/6/1/61qn7cenodl._sl1500__2.jpg, https://oticamart.com/media/catalog/product/7/1/711jle0bukl._sl1500__2.jpg	new	no		7 inch			adult		https://oticamart.com/media/catalog/product/5/1/51o9tvmo8wl._sl1500__2.jpg		SS Dissecting Metzenbaum Surgical Scissors	yes	0
Metzenbaum Scissor 7 inch Straight	Premium Stainless Steel Dissecting Metzenbaum Surgical Scissors 7 Inch Straight Scissor	Product Info The&nbsp;OTICA Premium Stainless Steel Dissecting Metzenbaum Surgical Scissors are engineered to deliver superior precision and control during delicate surgical procedures. Crafted from high-quality stainless steel, these scissors provide an optimal balance of sharpness, strength, and durability, making them suitable for repeated clinical and educational use. Their classic Metzenbaum design is ideal for fine tissue dissection, minimizing trauma while enhancing surgical accuracy. Fully sterilizable and corrosion-resistant, they maintain performance even after multiple sterilization cycles. Trusted by surgeons, medical professionals, and students worldwide, OTICA scissors reflect a commitment to quality craftsmanship, innovation, and reliability in every procedure. &nbsp; Key Features Premium Metzenbaum design for delicate tissue dissection Sharp, precise cutting with smooth performance Balanced design for superior control and accuracy Suitable for repeated long-term professional use Ideal for surgical, clinical, and educational use Perfect for surgeons, students, and anatomy labs	in_stock	https://oticamart.com/au/premium-stainless-steel-dissecting-metzenbaum-surgical-scissors.html?size=7+inch	9.66 AUD				OTICA	https://oticamart.com/media/catalog/product/7/1/71tffvah9tl._sl1500__2.jpg, https://oticamart.com/media/catalog/product/7/1/71uaj33e81l._sl1500__2.jpg, https://oticamart.com/media/catalog/product/6/1/61xx2mofbbl._sl1500__2.jpg	new	no		7 inch			adult		https://oticamart.com/media/catalog/product/5/1/514p8kztzjl._sl1500__2.jpg		SS Dissecting Metzenbaum Surgical Scissors	yes	0
Suture Practice Kit	Suture Practice Kit Advanced Model Skin Pad Medical Students Silicone Training Tools	Product Info The&nbsp;OTICA Suture Practice Kit with Advanced Model Skin Pad is specially designed to help medical students and trainees build confidence and precision in suturing techniques. The advanced silicone skin pad closely mimics real human skin layers, offering a lifelike resistance and texture for realistic practice. Made from high-quality, durable silicone, the pad supports repeated use without tearing or deformation, making it a cost-effective training tool. The kit includes essential suture instruments, allowing learners to practice different stitching methods in a controlled environment. Compact and easy to carry, it is perfect for use at home, in classrooms, skills labs, or clinical training centers—bridging the gap between theory and real patient care. &nbsp; Key Features Realistic multi-layer silicone skin pad Simulates real human skin texture &amp; feel Supports repeated suturing practice sessions Ideal for medical students &amp; beginners Includes essential suture training tools Portable &amp; lightweight for practice anywhere	in_stock	https://oticamart.com/au/suture-practice-kit-advanced-model-skin-pad-medical-students-silicone.html	29.04 AUD				OTICA	https://oticamart.com/media/catalog/product/5/1/517mz3r_m1l_1_.jpg, https://oticamart.com/media/catalog/product/5/1/5151dmtay7l_1_.jpg, https://oticamart.com/media/catalog/product/4/1/4106sx0op-l_1_.jpg, https://oticamart.com/media/catalog/product/4/1/41gxpc5vtgl.jpg	new	no					adult		https://oticamart.com/media/catalog/product/5/1/51nig1ef_2l.jpg		Suture Practice Kit	yes	0
D & C Set	D & C Gynecology Surgical Instruments Silver Stainless Steel 410 Grade Procedures Gyne Set Kit Bag (Set of 15)	Product Info The&nbsp;OTICA D &amp; C Gynecology Surgical Instruments Set is a comprehensive 15-piece collection engineered for precision, safety, and durability in gynecological procedures. Manufactured from high-quality 410-grade silver stainless steel, each instrument offers excellent corrosion resistance, smooth handling, and consistent performance under repeated sterilization cycles. The tools are meticulously designed to support delicate D&amp;C and other gynecological procedures, helping clinicians achieve accurate and controlled outcomes. Supplied with a compact kit bag, the set allows for organized storage and easy transport between operation theaters, clinics, and training facilities. Ideal for hospitals, nursing homes, and medical professionals seeking dependable surgical instruments. &nbsp; Key Features Complete 15-piece D&amp;C gynecology instrument set Made from premium 410-grade stainless steel High corrosion resistance &amp; long service life Precision-crafted for delicate gynecological procedures Reduces need for additional gyne tools Suitable for hospitals, clinics &amp; OT use	in_stock	https://oticamart.com/au/d-c-gynecology-surgical-instruments-silver-stainless-steel-410.html	36.86 AUD				OTICA	https://oticamart.com/media/catalog/product/5/1/519qadvdjml.jpg, https://oticamart.com/media/catalog/product/5/1/51sllukuvfl.jpg, https://oticamart.com/media/catalog/product/5/1/51mntdshbql.jpg, https://oticamart.com/media/catalog/product/5/1/51xzw_2isjl.jpg, https://oticamart.com/media/catalog/product/3/1/310luv3mshl.jpg	new	no					adult		https://oticamart.com/media/catalog/product/5/1/5135_arqsdl.jpg		D & C Set	yes	0
Goniometer set OHPL	Stainless Steel Goniometer Set of 3 Small Medium Large Physiotherapy Kit with Hammer, Tuning Fork & Tape	Product Info The&nbsp;OTICA Stainless Steel Goniometer Set of 3 Physiotherapy Kit is a professional-grade diagnostic and rehabilitation toolkit designed for precise musculoskeletal and neurological assessments. It includes three goniometers (small, medium, and large) made from high-quality stainless steel for accurate measurement of joint range of motion across different body parts. Complemented by a knee percussion hammer, tuning fork, and measuring tape, this kit supports reflex testing, neurological evaluation, and therapy progress tracking. Ergonomically designed for ease of handling and built for long-term clinical use, the compact and portable kit is ideal for hospitals, physiotherapy centers, medical colleges, and home rehabilitation practice. &nbsp; Key Features Complete physiotherapy &amp; diagnostic kit in one set Includes 3 stainless steel goniometers (S, M, L) Accurate joint angle and range-of-motion measurement Knee hammer for reflex and neurological testing Tuning fork for vibration &amp; sensory assessments Measuring tape for rehab progress tracking	in_stock	https://oticamart.com/au/stainless-steel-goniometer-set-3-physiotherapy-kit-small-medium-large.html	19.34 AUD				OTICA	https://oticamart.com/media/catalog/product/5/1/51d6_0qtifl.jpg, https://oticamart.com/media/catalog/product/4/1/416czlmep3l.jpg, https://oticamart.com/media/catalog/product/4/1/411bv1uidtl.jpg, https://oticamart.com/media/catalog/product/4/1/41eqh6eydhl.jpg, https://oticamart.com/media/catalog/product/4/1/41q887lwy0l.jpg, https://oticamart.com/media/catalog/product/3/1/31n2mybcfgl.jpg	new	no					adult		https://oticamart.com/media/catalog/product/5/1/510vglihyol.jpg		Goniometer set OHPL	yes	0
Stainless Steel Tongue Depressor -6 inch (2 Unit)	Stainless Steel Tongue Depressor 6 inch Reusable Medical Blade Oral Dental Tools (Pack of 2)	Product Info The&nbsp;OTICA Stainless Steel Tongue Depressor is a durable and reusable medical instrument designed for accurate oral and throat examinations. Made from premium medical-grade stainless steel, it features a smooth, polished surface with rounded edges to ensure patient comfort and safety. Unlike disposable wooden depressors, this stainless steel blade is fully sterilizable, corrosion-resistant, and built for repeated clinical use. Measuring 6 inches, it provides optimal reach and control for examinations in hospitals, clinics, dental practices, and training institutions. Supplied as a convenient pack of 2, it is a cost-effective and eco-friendly choice for healthcare professionals and personal hygiene needs. &nbsp; Key Features Medical-grade stainless steel for professional use Smooth, rounded edges for patient comfort Ideal length (6 inch) for precise oral examination Easy to clean and disinfect after each use Suitable for doctors, dentists &amp; medical students Multipurpose use: oral exams, dental care &amp; hygiene	in_stock	https://oticamart.com/au/stainless-steel-tongue-depressor-reusable-medical-grade-blade-oral-examination.html	7.25 AUD				OTICA	https://oticamart.com/media/catalog/product/5/1/51ex1io-3sl._sl1500__1_.jpg, https://oticamart.com/media/catalog/product/5/1/51r25kdb_el._sl1500_.jpg, https://oticamart.com/media/catalog/product/6/1/619mn9ovr-l._sl1500__1_.jpg, https://oticamart.com/media/catalog/product/7/1/71gqflax7ol._sl1500__1_.jpg	new	no					adult		https://oticamart.com/media/catalog/product/5/1/51iku7ekmyl._sl1500__1_.jpg		Stainless Steel Tongue Depressor -6 inch (2 Unit)	yes	0
Hammer & Tunig Fork Combo	Taylor Reflex Hammer with Tuning Fork Combo of 128, 256, 512, 1024 Hz Stainless Steel Set	Product Info The&nbsp;OTICA Taylor Reflex Hammer with Tuning Fork is a professional-grade diagnostic kit designed for reliable neurological and sensory examinations. The set combines a durable Taylor reflex hammer, featuring a triangular rubber head and balanced ergonomic handle, with a high-quality stainless steel tuning fork. This tuning fork is ideal for Rinne and Weber hearing tests, bone conduction studies, and vibration sensitivity assessments. Built for accuracy, durability, and daily clinical use, this compact set is widely used in hospitals, clinics, physiotherapy centers, and medical colleges. Whether for academic training or professional diagnosis, OTICA delivers consistent performance you can trust. Key Features Precision-calibrated tuning fork for accurate testing Ideal for Rinne, Weber &amp; vibration sensitivity tests Durable stainless steel construction for long-term use Trusted by doctors, neurologists &amp; physiotherapists Perfect for medical students and exam preparation Suitable for hospitals, clinics &amp; training institutions	in_stock	https://oticamart.com/au/taylor-reflex-hammer-tuning-fork-stainless-steel-medical-diagnostic-set.html?size=hammer+%26+tunig+fork+combo	21.19 AUD				OTICA		new	no		Hammer & Tunig Fork Combo			adult		https://oticamart.com/media/catalog/product/4/1/414l8emkzjl_1__4.jpg		Taylor Reflex Hammer with Tuning Fork	yes	0
Hammer & Tunig Fork V1024	Taylor Reflex Hammer with Tuning Fork 1024 Hz Stainless Steel Medical Diagnostic Set	Product Info The&nbsp;OTICA Taylor Reflex Hammer with Tuning Fork is a professional-grade diagnostic kit designed for reliable neurological and sensory examinations. The set combines a durable Taylor reflex hammer, featuring a triangular rubber head and balanced ergonomic handle, with a high-quality stainless steel tuning fork. This tuning fork is ideal for Rinne and Weber hearing tests, bone conduction studies, and vibration sensitivity assessments. Built for accuracy, durability, and daily clinical use, this compact set is widely used in hospitals, clinics, physiotherapy centers, and medical colleges. Whether for academic training or professional diagnosis, OTICA delivers consistent performance you can trust. Key Features Precision-calibrated tuning fork for accurate testing Ideal for Rinne, Weber &amp; vibration sensitivity tests Durable stainless steel construction for long-term use Trusted by doctors, neurologists &amp; physiotherapists Perfect for medical students and exam preparation Suitable for hospitals, clinics &amp; training institutions	in_stock	https://oticamart.com/au/taylor-reflex-hammer-tuning-fork-stainless-steel-medical-diagnostic-set.html?size=reflex+hammer+%26+tunig+fork+v1024	6.44 AUD				OTICA	https://oticamart.com/media/catalog/product/1/0/1024_hz_2.jpg, https://oticamart.com/media/catalog/product/5/1/51jcjw_1q7l_1__3.jpg, https://oticamart.com/media/catalog/product/4/1/41rpfckx8ul_1__3.jpg, https://oticamart.com/media/catalog/product/4/1/414xfjy0-ol_3.jpg	new	no		Reflex Hammer & Tunig Fork V1024			adult		https://oticamart.com/media/catalog/product/4/1/414l8emkzjl_1__3.jpg		Taylor Reflex Hammer with Tuning Fork	yes	0
Hammer & Tunig Fork V512	Taylor Reflex Hammer with Tuning Fork 512 Hz Stainless Steel Medical Diagnostic Set	Product Info The&nbsp;OTICA Taylor Reflex Hammer with Tuning Fork is a professional-grade diagnostic kit designed for reliable neurological and sensory examinations. The set combines a durable Taylor reflex hammer, featuring a triangular rubber head and balanced ergonomic handle, with a high-quality stainless steel tuning fork. This tuning fork is ideal for Rinne and Weber hearing tests, bone conduction studies, and vibration sensitivity assessments. Built for accuracy, durability, and daily clinical use, this compact set is widely used in hospitals, clinics, physiotherapy centers, and medical colleges. Whether for academic training or professional diagnosis, OTICA delivers consistent performance you can trust. Key Features Precision-calibrated tuning fork for accurate testing Ideal for Rinne, Weber &amp; vibration sensitivity tests Durable stainless steel construction for long-term use Trusted by doctors, neurologists &amp; physiotherapists Perfect for medical students and exam preparation Suitable for hospitals, clinics &amp; training institutions	in_stock	https://oticamart.com/au/taylor-reflex-hammer-tuning-fork-stainless-steel-medical-diagnostic-set.html?size=reflex+hammer+%26+tunig+fork+v512	6.44 AUD				OTICA	https://oticamart.com/media/catalog/product/5/1/512_hz_1.jpg, https://oticamart.com/media/catalog/product/5/1/51jcjw_1q7l_1__2.jpg, https://oticamart.com/media/catalog/product/4/1/414xfjy0-ol_2.jpg, https://oticamart.com/media/catalog/product/4/1/41rpfckx8ul_1__2.jpg	new	no		Reflex Hammer & Tunig Fork V512			adult		https://oticamart.com/media/catalog/product/4/1/414l8emkzjl_1__2.jpg		Taylor Reflex Hammer with Tuning Fork	yes	0
Hammer & Tunig Fork V256	Taylor Reflex Hammer with Tuning Fork 256 Hz Stainless Steel Medical Diagnostic Set	Product Info The&nbsp;OTICA Taylor Reflex Hammer with Tuning Fork is a professional-grade diagnostic kit designed for reliable neurological and sensory examinations. The set combines a durable Taylor reflex hammer, featuring a triangular rubber head and balanced ergonomic handle, with a high-quality stainless steel tuning fork. This tuning fork is ideal for Rinne and Weber hearing tests, bone conduction studies, and vibration sensitivity assessments. Built for accuracy, durability, and daily clinical use, this compact set is widely used in hospitals, clinics, physiotherapy centers, and medical colleges. Whether for academic training or professional diagnosis, OTICA delivers consistent performance you can trust. Key Features Precision-calibrated tuning fork for accurate testing Ideal for Rinne, Weber &amp; vibration sensitivity tests Durable stainless steel construction for long-term use Trusted by doctors, neurologists &amp; physiotherapists Perfect for medical students and exam preparation Suitable for hospitals, clinics &amp; training institutions	in_stock	https://oticamart.com/au/taylor-reflex-hammer-tuning-fork-stainless-steel-medical-diagnostic-set.html?size=reflex+hammer+%26+tunig+fork+v256	6.44 AUD				OTICA	https://oticamart.com/media/catalog/product/2/5/256_hz_1.jpg, https://oticamart.com/media/catalog/product/4/1/414xfjy0-ol_1.jpg, https://oticamart.com/media/catalog/product/4/1/41rpfckx8ul_1__1.jpg, https://oticamart.com/media/catalog/product/5/1/51jcjw_1q7l_1__1.jpg	new	no		Reflex Hammer & Tunig Fork V256			adult		https://oticamart.com/media/catalog/product/4/1/414l8emkzjl_1__1.jpg		Taylor Reflex Hammer with Tuning Fork	yes	0
Hammer & Tunig Fork V128	Taylor Reflex Hammer with Tuning Fork 128 Hz Stainless Steel Medical Diagnostic Set	Product Info The&nbsp;OTICA Taylor Reflex Hammer with Tuning Fork is a professional-grade diagnostic kit designed for reliable neurological and sensory examinations. The set combines a durable Taylor reflex hammer, featuring a triangular rubber head and balanced ergonomic handle, with a high-quality stainless steel tuning fork. This tuning fork is ideal for Rinne and Weber hearing tests, bone conduction studies, and vibration sensitivity assessments. Built for accuracy, durability, and daily clinical use, this compact set is widely used in hospitals, clinics, physiotherapy centers, and medical colleges. Whether for academic training or professional diagnosis, OTICA delivers consistent performance you can trust. Key Features Precision-calibrated tuning fork for accurate testing Ideal for Rinne, Weber &amp; vibration sensitivity tests Durable stainless steel construction for long-term use Trusted by doctors, neurologists &amp; physiotherapists Perfect for medical students and exam preparation Suitable for hospitals, clinics &amp; training institutions	in_stock	https://oticamart.com/au/taylor-reflex-hammer-tuning-fork-stainless-steel-medical-diagnostic-set.html?size=reflex+hammer+%26+tunig+fork+v128	6.44 AUD				OTICA	https://oticamart.com/media/catalog/product/1/2/128_hz_1.jpg, https://oticamart.com/media/catalog/product/4/1/414xfjy0-ol.jpg, https://oticamart.com/media/catalog/product/4/1/41rpfckx8ul_1_.jpg, https://oticamart.com/media/catalog/product/5/1/51jcjw_1q7l_1_.jpg	new	no		Reflex Hammer & Tunig Fork V128			adult		https://oticamart.com/media/catalog/product/4/1/414l8emkzjl_1_.jpg		Taylor Reflex Hammer with Tuning Fork	yes	0
Tuning Fork-V1024	Tuning Fork 1024 Hz Stainless Steel Medical Instrument for Students Doctors Neurologists	Product Info The&nbsp;OTICA Medical Tuning Fork is a professional-grade diagnostic tool engineered to provide precise and reliable frequency output for clinical and educational use. Made from premium stainless steel, it offers excellent durability, corrosion resistance, and long-term performance. Commonly used in neurological examinations and ENT practice, this tuning fork is ideal for conducting Rinne and Weber hearing tests, assessing bone conduction, and evaluating vibration and nerve sensitivity. Its smooth finish and ergonomically designed stem ensure a comfortable, secure grip during examinations or training sessions. Trusted by medical students and healthcare professionals alike, the OTICA tuning fork delivers consistent sound quality essential for accurate diagnosis and skill development. &nbsp; Key Features Precision-calibrated for accurate diagnostic frequency Essential tool for neurology and ENT examinations Ideal for Rinne &amp; Weber hearing tests Supports nerve sensitivity and vibration assessments Produces clear, consistent vibration every use Perfect for medical students and professionals	in_stock	https://oticamart.com/au/tuning-fork-stainless-steel-medical-students-doctors-neurologists-healthcare.html?size=v1024	5.51 AUD				OTICA	https://oticamart.com/media/catalog/product/1/0/1024_hz_1.jpg, https://oticamart.com/media/catalog/product/4/1/41-291ibxbl_4.jpg, https://oticamart.com/media/catalog/product/5/1/51jvcssl7fl_4.jpg, https://oticamart.com/media/catalog/product/4/1/41-9yu55ydl_4.jpg	new	no		V1024			adult		https://oticamart.com/media/catalog/product/3/1/31ntvc7nfwl_4.jpg		Tuning Fork	yes	0
Tuning Fork-V512	Tuning Fork 512 Hz Stainless Steel Medical Instrument for Students Doctors Neurologists	Product Info The&nbsp;OTICA Medical Tuning Fork is a professional-grade diagnostic tool engineered to provide precise and reliable frequency output for clinical and educational use. Made from premium stainless steel, it offers excellent durability, corrosion resistance, and long-term performance. Commonly used in neurological examinations and ENT practice, this tuning fork is ideal for conducting Rinne and Weber hearing tests, assessing bone conduction, and evaluating vibration and nerve sensitivity. Its smooth finish and ergonomically designed stem ensure a comfortable, secure grip during examinations or training sessions. Trusted by medical students and healthcare professionals alike, the OTICA tuning fork delivers consistent sound quality essential for accurate diagnosis and skill development. &nbsp; Key Features Precision-calibrated for accurate diagnostic frequency Essential tool for neurology and ENT examinations Ideal for Rinne &amp; Weber hearing tests Supports nerve sensitivity and vibration assessments Produces clear, consistent vibration every use Perfect for medical students and professionals	in_stock	https://oticamart.com/au/tuning-fork-stainless-steel-medical-students-doctors-neurologists-healthcare.html?size=v512	5.51 AUD				OTICA	https://oticamart.com/media/catalog/product/5/1/512_hz.jpg, https://oticamart.com/media/catalog/product/4/1/41-291ibxbl_3.jpg, https://oticamart.com/media/catalog/product/5/1/51jvcssl7fl_3.jpg, https://oticamart.com/media/catalog/product/4/1/41-9yu55ydl_3.jpg	new	no		V512			adult		https://oticamart.com/media/catalog/product/3/1/31ntvc7nfwl_3.jpg		Tuning Fork	yes	0
Tuning Fork-V256	Tuning Fork 256 Hz Stainless Steel Medical Instrument for Students Doctors Neurologists	Product Info The&nbsp;OTICA Medical Tuning Fork is a professional-grade diagnostic tool engineered to provide precise and reliable frequency output for clinical and educational use. Made from premium stainless steel, it offers excellent durability, corrosion resistance, and long-term performance. Commonly used in neurological examinations and ENT practice, this tuning fork is ideal for conducting Rinne and Weber hearing tests, assessing bone conduction, and evaluating vibration and nerve sensitivity. Its smooth finish and ergonomically designed stem ensure a comfortable, secure grip during examinations or training sessions. Trusted by medical students and healthcare professionals alike, the OTICA tuning fork delivers consistent sound quality essential for accurate diagnosis and skill development. &nbsp; Key Features Precision-calibrated for accurate diagnostic frequency Essential tool for neurology and ENT examinations Ideal for Rinne &amp; Weber hearing tests Supports nerve sensitivity and vibration assessments Produces clear, consistent vibration every use Perfect for medical students and professionals	in_stock	https://oticamart.com/au/tuning-fork-stainless-steel-medical-students-doctors-neurologists-healthcare.html?size=v256	5.51 AUD				OTICA	https://oticamart.com/media/catalog/product/2/5/256_hz.jpg, https://oticamart.com/media/catalog/product/5/1/51jvcssl7fl_2.jpg, https://oticamart.com/media/catalog/product/4/1/41-291ibxbl_2.jpg, https://oticamart.com/media/catalog/product/4/1/41-9yu55ydl_2.jpg	new	no		V256			adult		https://oticamart.com/media/catalog/product/3/1/31ntvc7nfwl_2.jpg		Tuning Fork	yes	0
Tuning Fork-V128	Tuning Fork 128 Hz Stainless Steel Medical Instrument for Students Doctors Neurologists	Product Info The&nbsp;OTICA Medical Tuning Fork is a professional-grade diagnostic tool engineered to provide precise and reliable frequency output for clinical and educational use. Made from premium stainless steel, it offers excellent durability, corrosion resistance, and long-term performance. Commonly used in neurological examinations and ENT practice, this tuning fork is ideal for conducting Rinne and Weber hearing tests, assessing bone conduction, and evaluating vibration and nerve sensitivity. Its smooth finish and ergonomically designed stem ensure a comfortable, secure grip during examinations or training sessions. Trusted by medical students and healthcare professionals alike, the OTICA tuning fork delivers consistent sound quality essential for accurate diagnosis and skill development. &nbsp; Key Features Precision-calibrated for accurate diagnostic frequency Essential tool for neurology and ENT examinations Ideal for Rinne &amp; Weber hearing tests Supports nerve sensitivity and vibration assessments Produces clear, consistent vibration every use Perfect for medical students and professionals	in_stock	https://oticamart.com/au/tuning-fork-stainless-steel-medical-students-doctors-neurologists-healthcare.html?size=v128	5.51 AUD				OTICA	https://oticamart.com/media/catalog/product/1/2/128_hz.jpg, https://oticamart.com/media/catalog/product/4/1/41-291ibxbl_1.jpg, https://oticamart.com/media/catalog/product/5/1/51jvcssl7fl_1.jpg, https://oticamart.com/media/catalog/product/4/1/41-9yu55ydl_1.jpg	new	no		V128			adult		https://oticamart.com/media/catalog/product/3/1/31ntvc7nfwl_1.jpg		Tuning Fork	yes	0
Sims Speculum OHPL	Stainless Steel 410 Grade Sims Speculum S, M, L (Set of 3)	Product Info The&nbsp;OTICA Stainless Steel 410 Grade Sims Speculum Set is a professional gynecological instrument kit consisting of three sizes—Small, Medium, and Large—to suit varied patient needs. Designed with a classic double-bladed Sims profile, each speculum is used to retract the anterior or posterior vaginal wall, enabling enhanced visibility of the vagina and cervix during examinations, suturing, or minor procedures. Manufactured from premium 410-grade stainless steel, the speculums offer excellent strength, corrosion resistance, and compatibility with repeated sterilization. Individually sealed and ready for use, this set ensures safety, hygiene, and reliability in hospitals, clinics, and obstetric settings. &nbsp; Key Features Complete set of 3 sizes: Small, Medium, Large Classic Sims double-bladed speculum design Provides wide, clear visualization of cervix &amp; vaginal walls Ideal for exams, suturing, and vaginal wall repair Corrosion-resistant and long-lasting construction Suitable for hospitals, clinics, and gynecology practices	in_stock	https://oticamart.com/au/stainless-steel-410-grade-sims-speculum-s-m-l-set.html	14.92 AUD				OTICA	https://oticamart.com/media/catalog/product/3/1/31ssplymq3l._sl1000_.jpg, https://oticamart.com/media/catalog/product/4/1/413fiypanhl_1_.jpg, https://oticamart.com/media/catalog/product/4/1/41kg69eqtcl._sl1024__1_.jpg	new	no					adult		https://oticamart.com/media/catalog/product/6/1/61tkxlyi3cl._sl1500__1_.jpg		Sims Speculum OHPL	yes	0
Langenback Retractor-1 Inch	Surgical Langenback Retractor Precision Medical Procedures Hand Held Retractors (1 Inch- Extra Large)	Product Info The&nbsp;OTICA Surgical Langenback Retractor is a high-precision hand-held instrument widely used in general, orthopedic, and delicate surgical procedures for retracting tissue and improving visibility. Constructed from top-quality stainless steel, it offers exceptional strength, corrosion resistance, and repeated sterilization capability. Its flat, smooth blade is designed to retract tissue safely without causing trauma, while the ergonomic handle ensures secure grip and control for the surgeon. Ideal for professional surgical settings and medical training, this retractor enhances procedural efficiency and patient safety, meeting the demands of modern operating rooms. &nbsp; Key Features Precision Langenback-style surgical retractor Made from medical-grade stainless steel Hand-held design for controlled tissue retraction Durable, corrosion-resistant construction Ergonomic handle for secure surgeon grip Ideal for hospitals, clinics, and ORs	in_stock	https://oticamart.com/au/surgical-langenback-retractor-precision-medical-procedures-hand-held-retractors.html?size=1+inch	5.51 AUD				OTICA	https://oticamart.com/media/catalog/product/7/1/71ynwei7r9l._sl1500__1.jpg, https://oticamart.com/media/catalog/product/8/1/81xbh1yq-tl._sl1500__1__1.jpg, https://oticamart.com/media/catalog/product/8/1/81qcbbsnuyl._sl1500__1__1.jpg, https://oticamart.com/media/catalog/product/8/1/81ozqr77_0l._sl1500__1__1.jpg, https://oticamart.com/media/catalog/product/4/1/41t0dc--znl._sl1500__1__1.jpg	new	no		1 Inch			adult		https://oticamart.com/media/catalog/product/6/1/613bfze3xml._sl1500__1.jpg		Langenback Retractor	yes	0
Langenback Retractor-0.75 Inch	Surgical Langenback Retractor Precision Medical Procedures Hand Held Retractors (0.75 Inch- Large)	Product Info The&nbsp;OTICA Surgical Langenback Retractor is a high-precision hand-held instrument widely used in general, orthopedic, and delicate surgical procedures for retracting tissue and improving visibility. Constructed from top-quality stainless steel, it offers exceptional strength, corrosion resistance, and repeated sterilization capability. Its flat, smooth blade is designed to retract tissue safely without causing trauma, while the ergonomic handle ensures secure grip and control for the surgeon. Ideal for professional surgical settings and medical training, this retractor enhances procedural efficiency and patient safety, meeting the demands of modern operating rooms. &nbsp; Key Features Precision Langenback-style surgical retractor Made from medical-grade stainless steel Hand-held design for controlled tissue retraction Durable, corrosion-resistant construction Ergonomic handle for secure surgeon grip Ideal for hospitals, clinics, and ORs	in_stock	https://oticamart.com/au/surgical-langenback-retractor-precision-medical-procedures-hand-held-retractors.html?size=0.75+inch	5.51 AUD				OTICA	https://oticamart.com/media/catalog/product/7/1/71xmhorwshl._sl1500_.jpg, https://oticamart.com/media/catalog/product/4/1/41-avzglwil._sl1500_.jpg, https://oticamart.com/media/catalog/product/8/1/81a5wfnfjal._sl1500_.jpg, https://oticamart.com/media/catalog/product/8/1/81x1wohb8fl._sl1500_.jpg, https://oticamart.com/media/catalog/product/8/1/819z6njvujl._sl1500_.jpg	new	no		0.75 Inch			adult		https://oticamart.com/media/catalog/product/6/1/61gpzgpln8l._sl1500_.jpg		Langenback Retractor	yes	0
Langenback Retractor-0.5 Inch	Surgical Langenback Retractor Precision Medical Procedures Hand Held Retractors (0.5 Inch- Medium)	Product Info The&nbsp;OTICA Surgical Langenback Retractor is a high-precision hand-held instrument widely used in general, orthopedic, and delicate surgical procedures for retracting tissue and improving visibility. Constructed from top-quality stainless steel, it offers exceptional strength, corrosion resistance, and repeated sterilization capability. Its flat, smooth blade is designed to retract tissue safely without causing trauma, while the ergonomic handle ensures secure grip and control for the surgeon. Ideal for professional surgical settings and medical training, this retractor enhances procedural efficiency and patient safety, meeting the demands of modern operating rooms. &nbsp; Key Features Precision Langenback-style surgical retractor Made from medical-grade stainless steel Hand-held design for controlled tissue retraction Durable, corrosion-resistant construction Ergonomic handle for secure surgeon grip Ideal for hospitals, clinics, and ORs	in_stock	https://oticamart.com/au/surgical-langenback-retractor-precision-medical-procedures-hand-held-retractors.html?size=0.5+inch	5.51 AUD				OTICA	https://oticamart.com/media/catalog/product/4/1/41fypru8w5l._sl1500_.jpg, https://oticamart.com/media/catalog/product/7/1/71yqwamamyl._sl1500_.jpg, https://oticamart.com/media/catalog/product/8/1/81znzq_azyl._sl1500_.jpg, https://oticamart.com/media/catalog/product/8/1/81g41iubdzl._sl1500_.jpg, https://oticamart.com/media/catalog/product/8/1/81w4ee1x6ml._sl1500_.jpg	new	no		0.5 Inch			adult		https://oticamart.com/media/catalog/product/5/1/51fe-jjelzl._sl1500_.jpg		Langenback Retractor	yes	0
Langenback Retractor-0.25 Inch	Surgical Langenback Retractor Precision Medical Procedures Hand Held Retractors (0.25 Inch- Small)	Product Info The&nbsp;OTICA Surgical Langenback Retractor is a high-precision hand-held instrument widely used in general, orthopedic, and delicate surgical procedures for retracting tissue and improving visibility. Constructed from top-quality stainless steel, it offers exceptional strength, corrosion resistance, and repeated sterilization capability. Its flat, smooth blade is designed to retract tissue safely without causing trauma, while the ergonomic handle ensures secure grip and control for the surgeon. Ideal for professional surgical settings and medical training, this retractor enhances procedural efficiency and patient safety, meeting the demands of modern operating rooms. &nbsp; Key Features Precision Langenback-style surgical retractor Made from medical-grade stainless steel Hand-held design for controlled tissue retraction Durable, corrosion-resistant construction Ergonomic handle for secure surgeon grip Ideal for hospitals, clinics, and ORs	in_stock	https://oticamart.com/au/surgical-langenback-retractor-precision-medical-procedures-hand-held-retractors.html?size=0.25+inch	5.51 AUD				OTICA	https://oticamart.com/media/catalog/product/7/1/71gxvnlbkdl._sl1500__1.jpg, https://oticamart.com/media/catalog/product/3/1/31aj2mgjmsl._sl1500__1__1.jpg, https://oticamart.com/media/catalog/product/8/1/81a0j38clul._sl1500__1__1.jpg, https://oticamart.com/media/catalog/product/8/1/810drru8mfl._sl1500__1__1.jpg, https://oticamart.com/media/catalog/product/8/1/81mlnr7rxbl._sl1500__1__1.jpg	new	no		0.25 Inch			adult		https://oticamart.com/media/catalog/product/5/1/51mvdjbzc1l._sl1500__1.jpg		Langenback Retractor	yes	0
Deaver Retractor 3 inch	Deaver Retractor Surgical Abdominal Retractor- 3 Inch	Product Info The&nbsp;OTICA Deaver Retractor Surgical Abdominal Retractor is a precision-engineered instrument widely used in abdominal and general surgical procedures for deep and wide tissue retraction. Manufactured from high-grade stainless steel, it delivers exceptional durability, corrosion resistance, and consistent performance even after repeated sterilization cycles. The curved, atraumatic blade design allows surgeons to retract tissue gently yet effectively, improving visibility and access to the operative field. Its balanced, ergonomic structure provides a secure grip and precise control during prolonged procedures. Suitable for professional surgical use as well as medical education, this retractor meets the demanding standards of modern operating rooms. &nbsp; Key Features Premium Deaver-style abdominal surgical retractor Curved blade for deep and wide tissue retraction Atraumatic design minimizes tissue damage Ergonomic hand-held design for surgeon comfort Ideal for hospitals, clinics, and operating rooms Suitable for professional and medical training use	in_stock	https://oticamart.com/au/deaver-retractor-surgical-abdominal.html?size=3+inch	6.27 AUD				OTICA	https://oticamart.com/media/catalog/product/7/1/71ic39w9jvl._sl1500__1_.jpg, https://oticamart.com/media/catalog/product/7/1/719ngyxs4sl._sl1500_.jpg, https://oticamart.com/media/catalog/product/7/1/71md_2ftbcl._sl1500_.jpg, https://oticamart.com/media/catalog/product/7/1/71qb9alfnpl._sl1500__1__2.jpg	new	no		3 Inch			adult		https://oticamart.com/media/catalog/product/7/1/71qgee-drbl._sl1500__1_.jpg		Deaver Retractor	yes	0
Deaver Retractor 2.5 inch	Deaver Retractor Surgical Abdominal Retractor- 2.5 Inch	Product Info The&nbsp;OTICA Deaver Retractor Surgical Abdominal Retractor is a precision-engineered instrument widely used in abdominal and general surgical procedures for deep and wide tissue retraction. Manufactured from high-grade stainless steel, it delivers exceptional durability, corrosion resistance, and consistent performance even after repeated sterilization cycles. The curved, atraumatic blade design allows surgeons to retract tissue gently yet effectively, improving visibility and access to the operative field. Its balanced, ergonomic structure provides a secure grip and precise control during prolonged procedures. Suitable for professional surgical use as well as medical education, this retractor meets the demanding standards of modern operating rooms. &nbsp; Key Features Premium Deaver-style abdominal surgical retractor Curved blade for deep and wide tissue retraction Atraumatic design minimizes tissue damage Ergonomic hand-held design for surgeon comfort Ideal for hospitals, clinics, and operating rooms Suitable for professional and medical training use	in_stock	https://oticamart.com/au/deaver-retractor-surgical-abdominal.html?size=2.5+inch	6.27 AUD				OTICA	https://oticamart.com/media/catalog/product/7/1/71cjrpab5pl._sl1500__1.jpg, https://oticamart.com/media/catalog/product/7/1/71hzpds7mol._sl1500__1_.jpg, https://oticamart.com/media/catalog/product/7/1/71qb9alfnpl._sl1500__1__1.jpg, https://oticamart.com/media/catalog/product/7/1/71hifx-bv5l._sl1500__1__1.jpg	new	no		2.5 Inch			adult		https://oticamart.com/media/catalog/product/7/1/7162x9eswal._sl1500__1.jpg		Deaver Retractor	yes	0
Deaver Retractor 1 inch	Deaver Retractor Surgical Abdominal Retractor- 1 Inch	Product Info The&nbsp;OTICA Deaver Retractor Surgical Abdominal Retractor is a precision-engineered instrument widely used in abdominal and general surgical procedures for deep and wide tissue retraction. Manufactured from high-grade stainless steel, it delivers exceptional durability, corrosion resistance, and consistent performance even after repeated sterilization cycles. The curved, atraumatic blade design allows surgeons to retract tissue gently yet effectively, improving visibility and access to the operative field. Its balanced, ergonomic structure provides a secure grip and precise control during prolonged procedures. Suitable for professional surgical use as well as medical education, this retractor meets the demanding standards of modern operating rooms. &nbsp; Key Features Premium Deaver-style abdominal surgical retractor Curved blade for deep and wide tissue retraction Atraumatic design minimizes tissue damage Ergonomic hand-held design for surgeon comfort Ideal for hospitals, clinics, and operating rooms Suitable for professional and medical training use	in_stock	https://oticamart.com/au/deaver-retractor-surgical-abdominal.html?size=1+inch	6.27 AUD				OTICA	https://oticamart.com/media/catalog/product/7/1/71q-tb0mrvl._sl1500__1_.jpg, https://oticamart.com/media/catalog/product/7/1/71ex-_oxipl._sl1500__1_.jpg, https://oticamart.com/media/catalog/product/7/1/71bjcqqpmsl._sl1500_.jpg, https://oticamart.com/media/catalog/product/7/1/71qb9alfnpl._sl1500__1__3.jpg	new	no		1 Inch			adult		https://oticamart.com/media/catalog/product/6/1/61gnapu5hol._sl1500__1_.jpg		Deaver Retractor	yes	0
Cat Paw Retractor	Kilner Retractor Senn Miller Cat Paw 6.5 Inch Hand Held	Product Info The&nbsp;OTICA Kilner Retractor (Senn Miller / Cat Paw) – 6.5 Inch is a versatile surgical retractor engineered for reliable soft-tissue retraction in a wide range of procedures. Made from premium stainless steel, it offers excellent strength, corrosion resistance, and long service life even with repeated sterilization. The cat paw design allows gentle yet effective tissue holding, enhancing surgical visibility while minimizing trauma. Its ergonomic hand-held structure ensures precise control and comfort for surgeons during extended procedures. Suitable for general surgery, orthopedic, and minor surgical applications, this retractor is an essential addition to any professional surgical instrument set. &nbsp; Key Features 6.5-inch Senn Miller (Cat Paw) surgical retractor Made from premium medical-grade stainless steel Excellent tissue retraction with minimal trauma Corrosion-resistant and long-lasting construction Ideal for general, orthopedic, and minor surgeries Trusted tool for surgeons, hospitals, and clinics	in_stock	https://oticamart.com/au/kilner-retractor-senn-miller-cat-paw-6-5-inch-hand-held.html	8.70 AUD				OTICA	https://oticamart.com/media/catalog/product/4/1/419iilzi5vl._sl1500_.jpg, https://oticamart.com/media/catalog/product/7/1/71ib2i8t-ll._sl1500_.jpg, https://oticamart.com/media/catalog/product/7/1/71p2re0mcfl._sl1500__1_.jpg, https://oticamart.com/media/catalog/product/7/1/71am3l3p9bl._sl1500_.jpg, https://oticamart.com/media/catalog/product/4/1/41huc-mk7bl._sl1500_.jpg	new	no					adult		https://oticamart.com/media/catalog/product/6/1/61v8mgizysl._sl1500_.jpg		Cat Paw Retractor	yes	0
C- Shape Retractor Set of 3	Kilner Cheek Retractor C Shape set 3 Hand Held	Product Info The OTICA Kilner Cheek Retractor C-Shape Set of 3 is engineered to deliver reliable and atraumatic cheek retraction for enhanced access and visibility during oral, dental, and minor surgical procedures. Crafted from premium medical-grade stainless steel, each retractor offers excellent durability, corrosion resistance, and ease of sterilization. The smooth, polished C-shaped design allows gentle tissue retraction while minimizing patient discomfort. Lightweight and ergonomically shaped, these hand-held retractors provide precise control for clinicians. Suitable for repeated clinical use, the set is ideal for dentists, surgeons, hospitals, clinics, and medical training institutions seeking dependable and hygienic surgical instruments. &nbsp; Key Features Set of 3 Kilner C-shaped cheek retractors Made from premium medical-grade stainless steel Smooth, atraumatic edges for patient comfort Ideal for dental and oral surgeries Lightweight yet durable construction Suitable for hospitals, clinics, and medical training use	in_stock	https://oticamart.com/au/kilner-cheek-retractor-c-shape-set-3-hand-held.html	12.37 AUD				OTICA	https://oticamart.com/media/catalog/product/7/1/71mb3ov8uol._sl1500_.jpg, https://oticamart.com/media/catalog/product/7/1/71na7o0jexl._sl1500_.jpg, https://oticamart.com/media/catalog/product/7/1/7107xa8gvnl._sl1500_.jpg, https://oticamart.com/media/catalog/product/7/1/71dsiekqbrl._sl1500_.jpg	new	no					adult		https://oticamart.com/media/catalog/product/5/1/51mhpqhy66l._sl1500_.jpg		C- Shape Retractor Set of 3	yes	0
Doyens Retractor 4 inch	Doyens Retractor Surgical Instrument Abdominal Retractor- 4 inch	Product Info The OTICA Doyens Retractor Surgical Instrument is a reliable, handheld abdominal retractor widely used in general and abdominal surgeries. Crafted from high-grade stainless steel, it offers excellent strength, durability, and resistance to corrosion when properly maintained. The retractor features smooth, blunt, atraumatic ends that gently retract tissues without causing unnecessary trauma, ensuring patient safety and surgical precision. Designed for comfortable handling and effective exposure of the operative field, it is available in various sizes to meet different procedural requirements. Fully sterilizable and reusable, this instrument is ideal for surgeons, hospitals, clinics, and medical colleges seeking dependable surgical tools. &nbsp; Key Features Premium stainless steel surgical retractor Classic Doyens design for abdominal procedures Blunt, atraumatic ends reduce tissue damage Corrosion-resistant with proper care Suitable for hospitals and surgical centers Ideal for professional and educational use	in_stock	https://oticamart.com/au/doyens-retractor-surgical-instrument-abdominal.html?size=4+inch	8.28 AUD				OTICA	https://oticamart.com/media/catalog/product/7/1/71ygvknikrl._sl1500__1.jpg, https://oticamart.com/media/catalog/product/7/1/71sglynbhzl._sl1500__1.jpg, https://oticamart.com/media/catalog/product/7/1/71xhpoioljl._sl1500__1__1.jpg, https://oticamart.com/media/catalog/product/7/1/710unfjdyjl._sl1500_.jpg, https://oticamart.com/media/catalog/product/6/1/61ojvt-y_ql._sl1500__1.jpg	new	no		4 Inch			adult		https://oticamart.com/media/catalog/product/6/1/619_bx5vzql._sl1500_.jpg		Doyens Retractor	yes	0
Doyens Retractor 3.5 inch	Doyens Retractor Surgical Instrument Abdominal Retractor- 3.5 inch	Product Info The OTICA Doyens Retractor Surgical Instrument is a reliable, handheld abdominal retractor widely used in general and abdominal surgeries. Crafted from high-grade stainless steel, it offers excellent strength, durability, and resistance to corrosion when properly maintained. The retractor features smooth, blunt, atraumatic ends that gently retract tissues without causing unnecessary trauma, ensuring patient safety and surgical precision. Designed for comfortable handling and effective exposure of the operative field, it is available in various sizes to meet different procedural requirements. Fully sterilizable and reusable, this instrument is ideal for surgeons, hospitals, clinics, and medical colleges seeking dependable surgical tools. &nbsp; Key Features Premium stainless steel surgical retractor Classic Doyens design for abdominal procedures Blunt, atraumatic ends reduce tissue damage Corrosion-resistant with proper care Suitable for hospitals and surgical centers Ideal for professional and educational use	in_stock	https://oticamart.com/au/doyens-retractor-surgical-instrument-abdominal.html?size=3.5+inch	8.28 AUD				OTICA	https://oticamart.com/media/catalog/product/7/1/7108hxovibl._sl1500_.jpg, https://oticamart.com/media/catalog/product/7/1/71ygvknikrl._sl1500__2.jpg, https://oticamart.com/media/catalog/product/7/1/71xhpoioljl._sl1500__1__2.jpg, https://oticamart.com/media/catalog/product/7/1/71s95pflovl._sl1500_.jpg, https://oticamart.com/media/catalog/product/5/1/51xvmtkcv3l._sl1500_.jpg	new	no		3.5 Inch			adult		https://oticamart.com/media/catalog/product/6/1/61nyjosiial._sl1500_.jpg		Doyens Retractor	yes	0
Doyens Retractor 3 inch	Doyens Retractor Surgical Instrument Abdominal Retractor- 3 inch	Product Info The OTICA Doyens Retractor Surgical Instrument is a reliable, handheld abdominal retractor widely used in general and abdominal surgeries. Crafted from high-grade stainless steel, it offers excellent strength, durability, and resistance to corrosion when properly maintained. The retractor features smooth, blunt, atraumatic ends that gently retract tissues without causing unnecessary trauma, ensuring patient safety and surgical precision. Designed for comfortable handling and effective exposure of the operative field, it is available in various sizes to meet different procedural requirements. Fully sterilizable and reusable, this instrument is ideal for surgeons, hospitals, clinics, and medical colleges seeking dependable surgical tools. &nbsp; Key Features Premium stainless steel surgical retractor Classic Doyens design for abdominal procedures Blunt, atraumatic ends reduce tissue damage Corrosion-resistant with proper care Suitable for hospitals and surgical centers Ideal for professional and educational use	in_stock	https://oticamart.com/au/doyens-retractor-surgical-instrument-abdominal.html?size=3+inch	8.28 AUD				OTICA	https://oticamart.com/media/catalog/product/7/1/71cnm-8dc6l._sl1500_.jpg, https://oticamart.com/media/catalog/product/7/1/71ygvknikrl._sl1500__3.jpg, https://oticamart.com/media/catalog/product/7/1/71tzne8t3il._sl1500__1_.jpg, https://oticamart.com/media/catalog/product/7/1/71xhpoioljl._sl1500__1__3.jpg, https://oticamart.com/media/catalog/product/5/1/51lzwb94p8l._sl1500_.jpg	new	no		3 Inch			adult		https://oticamart.com/media/catalog/product/6/1/61ufeya1iml._sl1500__1_.jpg		Doyens Retractor	yes	0
Doyens Retractor 2.5 inch	Doyens Retractor Surgical Instrument Abdominal Retractor- 2.5 inch	Product Info The OTICA Doyens Retractor Surgical Instrument is a reliable, handheld abdominal retractor widely used in general and abdominal surgeries. Crafted from high-grade stainless steel, it offers excellent strength, durability, and resistance to corrosion when properly maintained. The retractor features smooth, blunt, atraumatic ends that gently retract tissues without causing unnecessary trauma, ensuring patient safety and surgical precision. Designed for comfortable handling and effective exposure of the operative field, it is available in various sizes to meet different procedural requirements. Fully sterilizable and reusable, this instrument is ideal for surgeons, hospitals, clinics, and medical colleges seeking dependable surgical tools. &nbsp; Key Features Premium stainless steel surgical retractor Classic Doyens design for abdominal procedures Blunt, atraumatic ends reduce tissue damage Corrosion-resistant with proper care Suitable for hospitals and surgical centers Ideal for professional and educational use	in_stock	https://oticamart.com/au/doyens-retractor-surgical-instrument-abdominal.html?size=2.5+inch	8.28 AUD				OTICA	https://oticamart.com/media/catalog/product/7/1/71yf653hosl._sl1500_.jpg, https://oticamart.com/media/catalog/product/7/1/71xhpoioljl._sl1500__1__4.jpg, https://oticamart.com/media/catalog/product/7/1/71ygvknikrl._sl1500__4.jpg, https://oticamart.com/media/catalog/product/7/1/71i0dlempol._sl1500_.jpg, https://oticamart.com/media/catalog/product/5/1/516dlhuenwl._sl1500_.jpg	new	no		2.5 Inch			adult		https://oticamart.com/media/catalog/product/6/1/619alod1z8l._sl1500_.jpg		Doyens Retractor	yes	0
Doyens Retractor 2 inch	Doyens Retractor Surgical Instrument Abdominal Retractor- 2 inch	Product Info The OTICA Doyens Retractor Surgical Instrument is a reliable, handheld abdominal retractor widely used in general and abdominal surgeries. Crafted from high-grade stainless steel, it offers excellent strength, durability, and resistance to corrosion when properly maintained. The retractor features smooth, blunt, atraumatic ends that gently retract tissues without causing unnecessary trauma, ensuring patient safety and surgical precision. Designed for comfortable handling and effective exposure of the operative field, it is available in various sizes to meet different procedural requirements. Fully sterilizable and reusable, this instrument is ideal for surgeons, hospitals, clinics, and medical colleges seeking dependable surgical tools. &nbsp; Key Features Premium stainless steel surgical retractor Classic Doyens design for abdominal procedures Blunt, atraumatic ends reduce tissue damage Corrosion-resistant with proper care Suitable for hospitals and surgical centers Ideal for professional and educational use	in_stock	https://oticamart.com/au/doyens-retractor-surgical-instrument-abdominal.html?size=2+inch	8.28 AUD				OTICA	https://oticamart.com/media/catalog/product/7/1/71eqnqe5s0l._sl1500__1_.jpg, https://oticamart.com/media/catalog/product/7/1/71ygvknikrl._sl1500__5.jpg, https://oticamart.com/media/catalog/product/7/1/71xhpoioljl._sl1500__1__5.jpg, https://oticamart.com/media/catalog/product/7/1/71oletavfal._sl1500__1_.jpg, https://oticamart.com/media/catalog/product/5/1/51ygudewkfl._sl1500_.jpg	new	no		2 Inch			adult		https://oticamart.com/media/catalog/product/6/1/61uqjqam6pl._sl1500__1_.jpg		Doyens Retractor	yes	0
Doyens Retractor 1.5 inch	Doyens Retractor Surgical Instrument Abdominal Retractor- 1.5 inch	Product Info The OTICA Doyens Retractor Surgical Instrument is a reliable, handheld abdominal retractor widely used in general and abdominal surgeries. Crafted from high-grade stainless steel, it offers excellent strength, durability, and resistance to corrosion when properly maintained. The retractor features smooth, blunt, atraumatic ends that gently retract tissues without causing unnecessary trauma, ensuring patient safety and surgical precision. Designed for comfortable handling and effective exposure of the operative field, it is available in various sizes to meet different procedural requirements. Fully sterilizable and reusable, this instrument is ideal for surgeons, hospitals, clinics, and medical colleges seeking dependable surgical tools. &nbsp; Key Features Premium stainless steel surgical retractor Classic Doyens design for abdominal procedures Blunt, atraumatic ends reduce tissue damage Corrosion-resistant with proper care Suitable for hospitals and surgical centers Ideal for professional and educational use	in_stock	https://oticamart.com/au/doyens-retractor-surgical-instrument-abdominal.html?size=1.5+inch	8.28 AUD				OTICA	https://oticamart.com/media/catalog/product/7/1/71qwes4m4kl._sl1500_.jpg, https://oticamart.com/media/catalog/product/7/1/71xmzm0j18l._sl1500__1_.jpg, https://oticamart.com/media/catalog/product/7/1/71xhpoioljl._sl1500__1__6.jpg, https://oticamart.com/media/catalog/product/7/1/71ygvknikrl._sl1500__6.jpg, https://oticamart.com/media/catalog/product/5/1/51c0tndirbl._sl1500_.jpg	new	no		1.5 Inch			adult		https://oticamart.com/media/catalog/product/6/1/615snaefwil._sl1500_.jpg		Doyens Retractor	yes	0
Circle Hammer-5	Queen Square Knee Hammer Pack of 5 for Physiotherapy Neurology Ortho Durable Medical Student Tool	Product Info The&nbsp;OTICA Queen Square Knee Hammer is a reliable and widely used reflex testing instrument trusted by doctors, physiotherapists, and medical students. Designed in the traditional Queen Square pattern, it provides excellent balance and control for accurate neurological examinations. The durable metal shaft ensures long-term use, while the soft circular rubber head delivers consistent reflex stimulation without causing patient discomfort. Its ergonomically designed handle offers a secure, slip-free grip, allowing precise handling during repeated clinical assessments. Suitable for knee reflex testing, neurological exams, orthopaedic evaluations, and physiotherapy diagnostics, this hammer is an essential tool in hospitals, clinics, medical colleges, and training environments. &nbsp; Key Features Classic Queen Square design for accurate reflex testing Soft rubber head ensures patient comfort Durable metal shaft for long-lasting performance Ergonomic, non-slip handle for secure grip Ideal for neurology and physiotherapy exams Suitable for doctors, therapists, and students	in_stock	https://oticamart.com/au/queen-square-knee-hammer-physiotherapy-neurology-ortho-testing-tool-durable-2.html	7.73 AUD				OTICA	https://oticamart.com/media/catalog/product/6/1/611rgt2zuml._sl1500__2.jpg, https://oticamart.com/media/catalog/product/7/1/71nmi7i_ytl._sl1500__2.jpg, https://oticamart.com/media/catalog/product/6/1/61u-arzllwl._sl1500__2.jpg, https://oticamart.com/media/catalog/product/6/1/61fb7woamil._sl1500__2.jpg	new	no					adult		https://oticamart.com/media/catalog/product/4/1/41irudd6enl._sl1500__2.jpg		Circle Hammer	yes	0
Circle Hammer-3	Queen Square Knee Hammer Pack of 3 for Physiotherapy Neurology Ortho Durable Medical Student Tool	Product Info The&nbsp;OTICA Queen Square Knee Hammer is a reliable and widely used reflex testing instrument trusted by doctors, physiotherapists, and medical students. Designed in the traditional Queen Square pattern, it provides excellent balance and control for accurate neurological examinations. The durable metal shaft ensures long-term use, while the soft circular rubber head delivers consistent reflex stimulation without causing patient discomfort. Its ergonomically designed handle offers a secure, slip-free grip, allowing precise handling during repeated clinical assessments. Suitable for knee reflex testing, neurological exams, orthopaedic evaluations, and physiotherapy diagnostics, this hammer is an essential tool in hospitals, clinics, medical colleges, and training environments. &nbsp; Key Features Classic Queen Square design for accurate reflex testing Soft rubber head ensures patient comfort Durable metal shaft for long-lasting performance Ergonomic, non-slip handle for secure grip Ideal for neurology and physiotherapy exams Suitable for doctors, therapists, and students	in_stock	https://oticamart.com/au/queen-square-knee-hammer-physiotherapy-neurology-ortho-testing-tool-durable-2.html	5.79 AUD				OTICA	https://oticamart.com/media/catalog/product/6/1/611rgt2zuml._sl1500__1.jpg, https://oticamart.com/media/catalog/product/6/1/61u-arzllwl._sl1500__1.jpg, https://oticamart.com/media/catalog/product/6/1/61fb7woamil._sl1500__1.jpg, https://oticamart.com/media/catalog/product/7/1/71nmi7i_ytl._sl1500__1.jpg	new	no					adult		https://oticamart.com/media/catalog/product/4/1/41irudd6enl._sl1500__1.jpg		Circle Hammer	yes	0
Circle Hammer-1	Queen Square Knee Hammer for Physiotherapy Neurology Ortho Durable Medical Student Tool	Product Info The&nbsp;OTICA Queen Square Knee Hammer is a reliable and widely used reflex testing instrument trusted by doctors, physiotherapists, and medical students. Designed in the traditional Queen Square pattern, it provides excellent balance and control for accurate neurological examinations. The durable metal shaft ensures long-term use, while the soft circular rubber head delivers consistent reflex stimulation without causing patient discomfort. Its ergonomically designed handle offers a secure, slip-free grip, allowing precise handling during repeated clinical assessments. Suitable for knee reflex testing, neurological exams, orthopaedic evaluations, and physiotherapy diagnostics, this hammer is an essential tool in hospitals, clinics, medical colleges, and training environments. &nbsp; Key Features Classic Queen Square design for accurate reflex testing Soft rubber head ensures patient comfort Durable metal shaft for long-lasting performance Ergonomic, non-slip handle for secure grip Ideal for neurology and physiotherapy exams Suitable for doctors, therapists, and students	in_stock	https://oticamart.com/au/queen-square-knee-hammer-physiotherapy-neurology-ortho-testing-tool-durable-2.html	3.85 AUD				OTICA		new	no					adult		https://oticamart.com/media/catalog/product		Circle Hammer	yes	0
Surgi Blade Size 15 -100 Blade	Doctosword Surgical Blade Size-15 Carbon Steel Scalpel Blades Medical Industrial Use (Pack of 100)	Product Info The OTICA Doctosword Surgical Blade is crafted from premium high-carbon steel to provide superior sharpness, strength, and cutting accuracy. Each blade is precisely honed and gamma sterilized to reduce infection risk and ensure clinical safety. Its elongated triangular shape with a sharp pointed tip allows controlled stab and fine incisions, making it suitable for abscess lancing, chest drain insertion, laparoscopic port access, vascular line placement, anatomical dissection, and podiatric surgery. Designed for use with standard Size-3 and Size-4 scalpel handles, the blade offers excellent handling and stability during delicate procedures. Intended for single use, it supports strict hygiene protocols in hospitals, clinics, labs, and training environments. &nbsp; Key Features High-grade carbon steel for exceptional sharpness Gamma sterilized for enhanced infection control Ideal for surgical, podiatric, and emergency use Disposable single-use design for maximum hygiene Reliable performance for medical &amp; industrial tasks Suitable for hospitals, labs, and training institutes	in_stock	https://oticamart.com/au/doctosword-surgical-blade-carbon-steel-scalpel-blades-medical-industrial-use.html	9.24 AUD				OTICA	https://oticamart.com/media/catalog/product/7/1/71ehu44qgrl._sl1500__1.jpg, https://oticamart.com/media/catalog/product/8/1/811k1b5fjhl._sl1500__1.jpg, https://oticamart.com/media/catalog/product/7/1/71roxiiyqxl._sl1500__1.jpg, https://oticamart.com/media/catalog/product/8/1/81caqmbwidl._sl1500__3.jpg, https://oticamart.com/media/catalog/product/8/1/81p0vpgq_yl._sl1500__5.jpg, https://oticamart.com/media/catalog/product/8/1/81mqmu0r47l._sl1500__1.jpg, https://oticamart.com/media/catalog/product/7/1/71i3wjbhstl._sl1500__1.jpg, https://oticamart.com/media/catalog/product/7/1/71sutmy916l._sl1500__1.jpg	new	no					adult		https://oticamart.com/media/catalog/product/7/1/71mq6cbbr0l._sl1500__1.jpg		Scalpel Blades	yes	0
Surgi Blade Size 15 -10 Blade	Doctosword Surgical Blade Size-15 Carbon Steel Scalpel Blades Medical Industrial Use (Pack of 10)	Product Info The OTICA Doctosword Surgical Blade is crafted from premium high-carbon steel to provide superior sharpness, strength, and cutting accuracy. Each blade is precisely honed and gamma sterilized to reduce infection risk and ensure clinical safety. Its elongated triangular shape with a sharp pointed tip allows controlled stab and fine incisions, making it suitable for abscess lancing, chest drain insertion, laparoscopic port access, vascular line placement, anatomical dissection, and podiatric surgery. Designed for use with standard Size-3 and Size-4 scalpel handles, the blade offers excellent handling and stability during delicate procedures. Intended for single use, it supports strict hygiene protocols in hospitals, clinics, labs, and training environments. &nbsp; Key Features High-grade carbon steel for exceptional sharpness Gamma sterilized for enhanced infection control Ideal for surgical, podiatric, and emergency use Disposable single-use design for maximum hygiene Reliable performance for medical &amp; industrial tasks Suitable for hospitals, labs, and training institutes	in_stock	https://oticamart.com/au/doctosword-surgical-blade-carbon-steel-scalpel-blades-medical-industrial-use.html	1.83 AUD				OTICA	https://oticamart.com/media/catalog/product/7/1/71ehu44qgrl._sl1500_.jpg, https://oticamart.com/media/catalog/product/8/1/811k1b5fjhl._sl1500_.jpg, https://oticamart.com/media/catalog/product/7/1/71roxiiyqxl._sl1500_.jpg, https://oticamart.com/media/catalog/product/8/1/81p0vpgq_yl._sl1500__4.jpg, https://oticamart.com/media/catalog/product/8/1/81mqmu0r47l._sl1500_.jpg, https://oticamart.com/media/catalog/product/8/1/81caqmbwidl._sl1500__2.jpg, https://oticamart.com/media/catalog/product/7/1/71sutmy916l._sl1500_.jpg, https://oticamart.com/media/catalog/product/7/1/71i3wjbhstl._sl1500_.jpg	new	no					adult		https://oticamart.com/media/catalog/product/7/1/71mq6cbbr0l._sl1500_.jpg		Scalpel Blades	yes	0
Surgi Blade Size 24 -100 Blade	Doctosword Surgical Blade Size-24 Carbon Steel Scalpel Blades Medical Industrial Use (Pack of 100)	Product Info The OTICA Doctosword Surgical Blade is crafted from premium high-carbon steel to provide superior sharpness, strength, and cutting accuracy. Each blade is precisely honed and gamma sterilized to reduce infection risk and ensure clinical safety. Its elongated triangular shape with a sharp pointed tip allows controlled stab and fine incisions, making it suitable for abscess lancing, chest drain insertion, laparoscopic port access, vascular line placement, anatomical dissection, and podiatric surgery. Designed for use with standard Size-3 and Size-4 scalpel handles, the blade offers excellent handling and stability during delicate procedures. Intended for single use, it supports strict hygiene protocols in hospitals, clinics, labs, and training environments. &nbsp; Key Features High-grade carbon steel for exceptional sharpness Gamma sterilized for enhanced infection control Ideal for surgical, podiatric, and emergency use Disposable single-use design for maximum hygiene Reliable performance for medical &amp; industrial tasks Suitable for hospitals, labs, and training institutes	in_stock	https://oticamart.com/au/doctosword-surgical-blade-carbon-steel-scalpel-blades-medical-industrial-use.html	9.24 AUD				OTICA	https://oticamart.com/media/catalog/product/7/1/71pa4eucltl._sl1500__1.jpg, https://oticamart.com/media/catalog/product/8/1/81nre9ra47l._sl1500__1__1.jpg, https://oticamart.com/media/catalog/product/7/1/71ci6d3qhzl._sl1500__1.jpg, https://oticamart.com/media/catalog/product/8/1/81zxgtvdfzl._sl1500__1.jpg, https://oticamart.com/media/catalog/product/8/1/811rz1tgucl._sl1500__1__1.jpg, https://oticamart.com/media/catalog/product/8/1/81s4cigz5cl._sl1500__1__1.jpg, https://oticamart.com/media/catalog/product/7/1/71bfeeekj8l._sl1500__1.jpg, https://oticamart.com/media/catalog/product/7/1/7171va3ncsl._sl1500__1.jpg	new	no					adult		https://oticamart.com/media/catalog/product/7/1/71dndauexxl._sl1500__1__1.jpg		Scalpel Blades	yes	0
Surgi Blade Size 24 -10 Blade	Doctosword Surgical Blade Size-24 Carbon Steel Scalpel Blades Medical Industrial Use (Pack of 10)	Product Info The OTICA Doctosword Surgical Blade is crafted from premium high-carbon steel to provide superior sharpness, strength, and cutting accuracy. Each blade is precisely honed and gamma sterilized to reduce infection risk and ensure clinical safety. Its elongated triangular shape with a sharp pointed tip allows controlled stab and fine incisions, making it suitable for abscess lancing, chest drain insertion, laparoscopic port access, vascular line placement, anatomical dissection, and podiatric surgery. Designed for use with standard Size-3 and Size-4 scalpel handles, the blade offers excellent handling and stability during delicate procedures. Intended for single use, it supports strict hygiene protocols in hospitals, clinics, labs, and training environments. &nbsp; Key Features High-grade carbon steel for exceptional sharpness Gamma sterilized for enhanced infection control Ideal for surgical, podiatric, and emergency use Disposable single-use design for maximum hygiene Reliable performance for medical &amp; industrial tasks Suitable for hospitals, labs, and training institutes	in_stock	https://oticamart.com/au/doctosword-surgical-blade-carbon-steel-scalpel-blades-medical-industrial-use.html	1.83 AUD				OTICA	https://oticamart.com/media/catalog/product/7/1/71pa4eucltl._sl1500_.jpg, https://oticamart.com/media/catalog/product/8/1/81nre9ra47l._sl1500__1_.jpg, https://oticamart.com/media/catalog/product/7/1/71ci6d3qhzl._sl1500_.jpg, https://oticamart.com/media/catalog/product/8/1/81zxgtvdfzl._sl1500_.jpg, https://oticamart.com/media/catalog/product/8/1/811rz1tgucl._sl1500__1_.jpg, https://oticamart.com/media/catalog/product/8/1/81s4cigz5cl._sl1500__1_.jpg, https://oticamart.com/media/catalog/product/7/1/71bfeeekj8l._sl1500_.jpg, https://oticamart.com/media/catalog/product/7/1/7171va3ncsl._sl1500_.jpg	new	no					adult		https://oticamart.com/media/catalog/product/7/1/71dndauexxl._sl1500__1_.jpg		Scalpel Blades	yes	0
Surgi Blade Size 23 -100 Blade	Doctosword Surgical Blade Size-23 Carbon Steel Scalpel Blades Medical Industrial Use (Pack of 100)	Product Info The OTICA Doctosword Surgical Blade is crafted from premium high-carbon steel to provide superior sharpness, strength, and cutting accuracy. Each blade is precisely honed and gamma sterilized to reduce infection risk and ensure clinical safety. Its elongated triangular shape with a sharp pointed tip allows controlled stab and fine incisions, making it suitable for abscess lancing, chest drain insertion, laparoscopic port access, vascular line placement, anatomical dissection, and podiatric surgery. Designed for use with standard Size-3 and Size-4 scalpel handles, the blade offers excellent handling and stability during delicate procedures. Intended for single use, it supports strict hygiene protocols in hospitals, clinics, labs, and training environments. &nbsp; Key Features High-grade carbon steel for exceptional sharpness Gamma sterilized for enhanced infection control Ideal for surgical, podiatric, and emergency use Disposable single-use design for maximum hygiene Reliable performance for medical &amp; industrial tasks Suitable for hospitals, labs, and training institutes	in_stock	https://oticamart.com/au/doctosword-surgical-blade-carbon-steel-scalpel-blades-medical-industrial-use.html	9.48 AUD				OTICA	https://oticamart.com/media/catalog/product/7/1/71qz_aasvll._sl1500__1.jpg, https://oticamart.com/media/catalog/product/8/1/813rzblj7tl._sl1500__1.jpg, https://oticamart.com/media/catalog/product/8/1/81ws4fp8t7l._sl1500__1.jpg, https://oticamart.com/media/catalog/product/8/1/81jgsdh5yml._sl1500__1.jpg, https://oticamart.com/media/catalog/product/8/1/81lqtjqey5l._sl1500__1.jpg, https://oticamart.com/media/catalog/product/8/1/81p0vpgq_yl._sl1500__3.jpg, https://oticamart.com/media/catalog/product/7/1/7108btwtyml._sl1500__1.jpg, https://oticamart.com/media/catalog/product/7/1/71jrwoai-ml._sl1500__1.jpg	new	no					adult		https://oticamart.com/media/catalog/product/7/1/71nwykf7yyl._sl1500__1.jpg		Scalpel Blades	yes	0
Surgi Blade Size 23 -10 Blade	Doctosword Surgical Blade Size-23 Carbon Steel Scalpel Blades Medical Industrial Use (Pack of 10)	Product Info The OTICA Doctosword Surgical Blade is crafted from premium high-carbon steel to provide superior sharpness, strength, and cutting accuracy. Each blade is precisely honed and gamma sterilized to reduce infection risk and ensure clinical safety. Its elongated triangular shape with a sharp pointed tip allows controlled stab and fine incisions, making it suitable for abscess lancing, chest drain insertion, laparoscopic port access, vascular line placement, anatomical dissection, and podiatric surgery. Designed for use with standard Size-3 and Size-4 scalpel handles, the blade offers excellent handling and stability during delicate procedures. Intended for single use, it supports strict hygiene protocols in hospitals, clinics, labs, and training environments. &nbsp; Key Features High-grade carbon steel for exceptional sharpness Gamma sterilized for enhanced infection control Ideal for surgical, podiatric, and emergency use Disposable single-use design for maximum hygiene Reliable performance for medical &amp; industrial tasks Suitable for hospitals, labs, and training institutes	in_stock	https://oticamart.com/au/doctosword-surgical-blade-carbon-steel-scalpel-blades-medical-industrial-use.html	1.83 AUD				OTICA	https://oticamart.com/media/catalog/product/7/1/71qz_aasvll._sl1500_.jpg, https://oticamart.com/media/catalog/product/8/1/81jgsdh5yml._sl1500_.jpg, https://oticamart.com/media/catalog/product/8/1/81p0vpgq_yl._sl1500__2.jpg, https://oticamart.com/media/catalog/product/8/1/813rzblj7tl._sl1500_.jpg, https://oticamart.com/media/catalog/product/8/1/81ws4fp8t7l._sl1500_.jpg, https://oticamart.com/media/catalog/product/8/1/81lqtjqey5l._sl1500_.jpg, https://oticamart.com/media/catalog/product/7/1/7108btwtyml._sl1500_.jpg, https://oticamart.com/media/catalog/product/7/1/71jrwoai-ml._sl1500_.jpg	new	no					adult		https://oticamart.com/media/catalog/product/7/1/71nwykf7yyl._sl1500_.jpg		Scalpel Blades	yes	0
Surgi Blade Size 22 -100 Blade	Doctosword Surgical Blade Size-22 Carbon Steel Scalpel Blades Medical Industrial Use (Pack of 100)	Product Info The OTICA Doctosword Surgical Blade is crafted from premium high-carbon steel to provide superior sharpness, strength, and cutting accuracy. Each blade is precisely honed and gamma sterilized to reduce infection risk and ensure clinical safety. Its elongated triangular shape with a sharp pointed tip allows controlled stab and fine incisions, making it suitable for abscess lancing, chest drain insertion, laparoscopic port access, vascular line placement, anatomical dissection, and podiatric surgery. Designed for use with standard Size-3 and Size-4 scalpel handles, the blade offers excellent handling and stability during delicate procedures. Intended for single use, it supports strict hygiene protocols in hospitals, clinics, labs, and training environments. &nbsp; Key Features High-grade carbon steel for exceptional sharpness Gamma sterilized for enhanced infection control Ideal for surgical, podiatric, and emergency use Disposable single-use design for maximum hygiene Reliable performance for medical &amp; industrial tasks Suitable for hospitals, labs, and training institutes	in_stock	https://oticamart.com/au/doctosword-surgical-blade-carbon-steel-scalpel-blades-medical-industrial-use.html	9.48 AUD				OTICA	https://oticamart.com/media/catalog/product/7/1/71gydfv9eql._sl1500__1.jpg, https://oticamart.com/media/catalog/product/7/1/71ama7h5cpl._sl1500__1.jpg, https://oticamart.com/media/catalog/product/8/1/81p0vpgq_yl._sl1500__1.jpg, https://oticamart.com/media/catalog/product/7/1/71ykcimzbtl._sl1500__1.jpg, https://oticamart.com/media/catalog/product/8/1/81tafch1-ol._sl1500__1.jpg, https://oticamart.com/media/catalog/product/8/1/81gbgqurhil._sl1500__1.jpg, https://oticamart.com/media/catalog/product/7/1/71haj7pt0sl._sl1500__1.jpg, https://oticamart.com/media/catalog/product/7/1/71uh5ofz2dl._sl1500__1.jpg	new	no					adult		https://oticamart.com/media/catalog/product/7/1/71mxl2hadhl._sl1500__1.jpg		Scalpel Blades	yes	0
Surgi Blade Size 22 -10 Blade	Doctosword Surgical Blade Size-22 Carbon Steel Scalpel Blades Medical Industrial Use (Pack of 10)	Product Info The OTICA Doctosword Surgical Blade is crafted from premium high-carbon steel to provide superior sharpness, strength, and cutting accuracy. Each blade is precisely honed and gamma sterilized to reduce infection risk and ensure clinical safety. Its elongated triangular shape with a sharp pointed tip allows controlled stab and fine incisions, making it suitable for abscess lancing, chest drain insertion, laparoscopic port access, vascular line placement, anatomical dissection, and podiatric surgery. Designed for use with standard Size-3 and Size-4 scalpel handles, the blade offers excellent handling and stability during delicate procedures. Intended for single use, it supports strict hygiene protocols in hospitals, clinics, labs, and training environments. &nbsp; Key Features High-grade carbon steel for exceptional sharpness Gamma sterilized for enhanced infection control Ideal for surgical, podiatric, and emergency use Disposable single-use design for maximum hygiene Reliable performance for medical &amp; industrial tasks Suitable for hospitals, labs, and training institutes	in_stock	https://oticamart.com/au/doctosword-surgical-blade-carbon-steel-scalpel-blades-medical-industrial-use.html	1.83 AUD				OTICA	https://oticamart.com/media/catalog/product/7/1/71gydfv9eql._sl1500_.jpg, https://oticamart.com/media/catalog/product/7/1/71ykcimzbtl._sl1500_.jpg, https://oticamart.com/media/catalog/product/7/1/71ama7h5cpl._sl1500_.jpg, https://oticamart.com/media/catalog/product/8/1/81p0vpgq_yl._sl1500_.jpg, https://oticamart.com/media/catalog/product/8/1/81gbgqurhil._sl1500_.jpg, https://oticamart.com/media/catalog/product/8/1/81tafch1-ol._sl1500_.jpg, https://oticamart.com/media/catalog/product/7/1/71haj7pt0sl._sl1500_.jpg, https://oticamart.com/media/catalog/product/7/1/71uh5ofz2dl._sl1500_.jpg	new	no					adult		https://oticamart.com/media/catalog/product/7/1/71mxl2hadhl._sl1500_.jpg		Scalpel Blades	yes	0
Surgi Blade Size 12 -100 Blade	Doctosword Surgical Blade Size-12 Carbon Steel Scalpel Blades Medical Industrial Use (Pack of 100)	Product Info The OTICA Doctosword Surgical Blade is crafted from premium high-carbon steel to provide superior sharpness, strength, and cutting accuracy. Each blade is precisely honed and gamma sterilized to reduce infection risk and ensure clinical safety. Its elongated triangular shape with a sharp pointed tip allows controlled stab and fine incisions, making it suitable for abscess lancing, chest drain insertion, laparoscopic port access, vascular line placement, anatomical dissection, and podiatric surgery. Designed for use with standard Size-3 and Size-4 scalpel handles, the blade offers excellent handling and stability during delicate procedures. Intended for single use, it supports strict hygiene protocols in hospitals, clinics, labs, and training environments. &nbsp; Key Features High-grade carbon steel for exceptional sharpness Gamma sterilized for enhanced infection control Ideal for surgical, podiatric, and emergency use Disposable single-use design for maximum hygiene Reliable performance for medical &amp; industrial tasks Suitable for hospitals, labs, and training institutes	in_stock	https://oticamart.com/au/doctosword-surgical-blade-carbon-steel-scalpel-blades-medical-industrial-use.html	9.48 AUD				OTICA	https://oticamart.com/media/catalog/product/7/1/7130bwxr9fl._sl1500__1.jpg, https://oticamart.com/media/catalog/product/8/1/815ztwwrldl._sl1500__1.jpg, https://oticamart.com/media/catalog/product/7/1/71li0ydra4l._sl1500__1.jpg, https://oticamart.com/media/catalog/product/8/1/8132joccexl._sl1500__1.jpg, https://oticamart.com/media/catalog/product/8/1/81m3v9pfl9l._sl1500__1.jpg, https://oticamart.com/media/catalog/product/8/1/81e1vtqtgml._sl1500__1.jpg, https://oticamart.com/media/catalog/product/7/1/71gmjjpbkxl._sl1500__1.jpg, https://oticamart.com/media/catalog/product/7/1/71ogotna4il._sl1500__1.jpg	new	no					adult		https://oticamart.com/media/catalog/product/7/1/71da_b8tv0l._sl1500__1.jpg		Scalpel Blades	yes	0
Surgi Blade Size 12 -10 Blade	Doctosword Surgical Blade Size-12 Carbon Steel Scalpel Blades Medical Industrial Use (Pack of 10)	Product Info The OTICA Doctosword Surgical Blade is crafted from premium high-carbon steel to provide superior sharpness, strength, and cutting accuracy. Each blade is precisely honed and gamma sterilized to reduce infection risk and ensure clinical safety. Its elongated triangular shape with a sharp pointed tip allows controlled stab and fine incisions, making it suitable for abscess lancing, chest drain insertion, laparoscopic port access, vascular line placement, anatomical dissection, and podiatric surgery. Designed for use with standard Size-3 and Size-4 scalpel handles, the blade offers excellent handling and stability during delicate procedures. Intended for single use, it supports strict hygiene protocols in hospitals, clinics, labs, and training environments. &nbsp; Key Features High-grade carbon steel for exceptional sharpness Gamma sterilized for enhanced infection control Ideal for surgical, podiatric, and emergency use Disposable single-use design for maximum hygiene Reliable performance for medical &amp; industrial tasks Suitable for hospitals, labs, and training institutes	in_stock	https://oticamart.com/au/doctosword-surgical-blade-carbon-steel-scalpel-blades-medical-industrial-use.html	1.83 AUD				OTICA	https://oticamart.com/media/catalog/product/7/1/7130bwxr9fl._sl1500_.jpg, https://oticamart.com/media/catalog/product/7/1/71li0ydra4l._sl1500_.jpg, https://oticamart.com/media/catalog/product/8/1/815ztwwrldl._sl1500_.jpg, https://oticamart.com/media/catalog/product/8/1/81m3v9pfl9l._sl1500_.jpg, https://oticamart.com/media/catalog/product/8/1/81e1vtqtgml._sl1500_.jpg, https://oticamart.com/media/catalog/product/8/1/8132joccexl._sl1500_.jpg, https://oticamart.com/media/catalog/product/7/1/71gmjjpbkxl._sl1500_.jpg, https://oticamart.com/media/catalog/product/7/1/71ogotna4il._sl1500_.jpg	new	no					adult		https://oticamart.com/media/catalog/product/7/1/71da_b8tv0l._sl1500_.jpg		Scalpel Blades	yes	0
Surgi Blade Size 11 -100 Blade	Doctosword Surgical Blade Size-11 Carbon Steel Scalpel Blades Medical Industrial Use (Pack of 100)	Product Info The OTICA Doctosword Surgical Blade is crafted from premium high-carbon steel to provide superior sharpness, strength, and cutting accuracy. Each blade is precisely honed and gamma sterilized to reduce infection risk and ensure clinical safety. Its elongated triangular shape with a sharp pointed tip allows controlled stab and fine incisions, making it suitable for abscess lancing, chest drain insertion, laparoscopic port access, vascular line placement, anatomical dissection, and podiatric surgery. Designed for use with standard Size-3 and Size-4 scalpel handles, the blade offers excellent handling and stability during delicate procedures. Intended for single use, it supports strict hygiene protocols in hospitals, clinics, labs, and training environments. &nbsp; Key Features High-grade carbon steel for exceptional sharpness Gamma sterilized for enhanced infection control Ideal for surgical, podiatric, and emergency use Disposable single-use design for maximum hygiene Reliable performance for medical &amp; industrial tasks Suitable for hospitals, labs, and training institutes	in_stock	https://oticamart.com/au/doctosword-surgical-blade-carbon-steel-scalpel-blades-medical-industrial-use.html	9.48 AUD				OTICA	https://oticamart.com/media/catalog/product/7/1/712zgfgzokl._sl1500__1.jpg, https://oticamart.com/media/catalog/product/8/1/81zwlx6icvl._sl1500__1.jpg, https://oticamart.com/media/catalog/product/7/1/71qwi3gm8ol._sl1500__1.jpg, https://oticamart.com/media/catalog/product/7/1/71eum0yydwl._sl1500__1.jpg, https://oticamart.com/media/catalog/product/8/1/81afxz2pznl._sl1500__1.jpg, https://oticamart.com/media/catalog/product/8/1/81caqmbwidl._sl1500__1.jpg, https://oticamart.com/media/catalog/product/7/1/71i4nrmeskl._sl1500__1.jpg, https://oticamart.com/media/catalog/product/7/1/71s0klbsxbl._sl1500__1.jpg	new	no					adult		https://oticamart.com/media/catalog/product/7/1/71h3swwkx-l._sl1500__1.jpg		Scalpel Blades	yes	0
Surgi Blade Size 11 -10 Blade	Doctosword Surgical Blade Size-11 Carbon Steel Scalpel Blades Medical Industrial Use (Pack of 10)	Product Info The OTICA Doctosword Surgical Blade is crafted from premium high-carbon steel to provide superior sharpness, strength, and cutting accuracy. Each blade is precisely honed and gamma sterilized to reduce infection risk and ensure clinical safety. Its elongated triangular shape with a sharp pointed tip allows controlled stab and fine incisions, making it suitable for abscess lancing, chest drain insertion, laparoscopic port access, vascular line placement, anatomical dissection, and podiatric surgery. Designed for use with standard Size-3 and Size-4 scalpel handles, the blade offers excellent handling and stability during delicate procedures. Intended for single use, it supports strict hygiene protocols in hospitals, clinics, labs, and training environments. &nbsp; Key Features High-grade carbon steel for exceptional sharpness Gamma sterilized for enhanced infection control Ideal for surgical, podiatric, and emergency use Disposable single-use design for maximum hygiene Reliable performance for medical &amp; industrial tasks Suitable for hospitals, labs, and training institutes	in_stock	https://oticamart.com/au/doctosword-surgical-blade-carbon-steel-scalpel-blades-medical-industrial-use.html	1.83 AUD				OTICA	https://oticamart.com/media/catalog/product/7/1/712zgfgzokl._sl1500_.jpg, https://oticamart.com/media/catalog/product/7/1/71eum0yydwl._sl1500_.jpg, https://oticamart.com/media/catalog/product/7/1/71s0klbsxbl._sl1500_.jpg, https://oticamart.com/media/catalog/product/7/1/71qwi3gm8ol._sl1500_.jpg, https://oticamart.com/media/catalog/product/8/1/81zwlx6icvl._sl1500_.jpg, https://oticamart.com/media/catalog/product/8/1/81afxz2pznl._sl1500_.jpg, https://oticamart.com/media/catalog/product/8/1/81caqmbwidl._sl1500_.jpg, https://oticamart.com/media/catalog/product/7/1/71i4nrmeskl._sl1500_.jpg	new	no					adult		https://oticamart.com/media/catalog/product/7/1/71h3swwkx-l._sl1500_.jpg		Scalpel Blades	yes	0
Surgi Blade Size 10 -100 Blade	Doctosword Surgical Blade Size-10 Carbon Steel Scalpel Blades Medical Industrial Use (Pack of 100)	Product Info The OTICA Doctosword Surgical Blade is crafted from premium high-carbon steel to provide superior sharpness, strength, and cutting accuracy. Each blade is precisely honed and gamma sterilized to reduce infection risk and ensure clinical safety. Its elongated triangular shape with a sharp pointed tip allows controlled stab and fine incisions, making it suitable for abscess lancing, chest drain insertion, laparoscopic port access, vascular line placement, anatomical dissection, and podiatric surgery. Designed for use with standard Size-3 and Size-4 scalpel handles, the blade offers excellent handling and stability during delicate procedures. Intended for single use, it supports strict hygiene protocols in hospitals, clinics, labs, and training environments. &nbsp; Key Features High-grade carbon steel for exceptional sharpness Gamma sterilized for enhanced infection control Ideal for surgical, podiatric, and emergency use Disposable single-use design for maximum hygiene Reliable performance for medical &amp; industrial tasks Suitable for hospitals, labs, and training institutes	in_stock	https://oticamart.com/au/doctosword-surgical-blade-carbon-steel-scalpel-blades-medical-industrial-use.html?size=10	8.78 AUD				OTICA	https://oticamart.com/media/catalog/product/8/1/81mnzhpbhjl._sl1500__2.jpg, https://oticamart.com/media/catalog/product/8/1/81yipo2avol._sl1500__2.jpg, https://oticamart.com/media/catalog/product/7/1/71tbt7d-r4l._sl1500__2.jpg, https://oticamart.com/media/catalog/product/8/1/81nlax3x_xl._sl1500__2.jpg, https://oticamart.com/media/catalog/product/8/1/812ycko3sjl._sl1500__2.jpg, https://oticamart.com/media/catalog/product/7/1/71t--9xitml._sl1500__2.jpg, https://oticamart.com/media/catalog/product/7/1/71wtygvpepl._sl1500__2.jpg, https://oticamart.com/media/catalog/product/7/1/71cjk3ppvdl._sl1500__2.jpg	new	no		10			adult		https://oticamart.com/media/catalog/product/7/1/71yn2qhrayl._sl1500__2.jpg		Scalpel Blades	yes	0
Surgi Blade Size 10 -10 Blade	Doctosword Surgical Blade Size-10 Carbon Steel Scalpel Blades Medical Industrial Use (Pack of 10)	Product Info The OTICA Doctosword Surgical Blade is crafted from premium high-carbon steel to provide superior sharpness, strength, and cutting accuracy. Each blade is precisely honed and gamma sterilized to reduce infection risk and ensure clinical safety. Its elongated triangular shape with a sharp pointed tip allows controlled stab and fine incisions, making it suitable for abscess lancing, chest drain insertion, laparoscopic port access, vascular line placement, anatomical dissection, and podiatric surgery. Designed for use with standard Size-3 and Size-4 scalpel handles, the blade offers excellent handling and stability during delicate procedures. Intended for single use, it supports strict hygiene protocols in hospitals, clinics, labs, and training environments. &nbsp; Key Features High-grade carbon steel for exceptional sharpness Gamma sterilized for enhanced infection control Ideal for surgical, podiatric, and emergency use Disposable single-use design for maximum hygiene Reliable performance for medical &amp; industrial tasks Suitable for hospitals, labs, and training institutes	in_stock	https://oticamart.com/au/doctosword-surgical-blade-carbon-steel-scalpel-blades-medical-industrial-use.html?size=10	1.83 AUD				OTICA	https://oticamart.com/media/catalog/product/7/1/71tbt7d-r4l._sl1500__1.jpg, https://oticamart.com/media/catalog/product/8/1/81mnzhpbhjl._sl1500__1.jpg, https://oticamart.com/media/catalog/product/8/1/81yipo2avol._sl1500__1.jpg, https://oticamart.com/media/catalog/product/8/1/812ycko3sjl._sl1500__1.jpg, https://oticamart.com/media/catalog/product/8/1/81nlax3x_xl._sl1500__1.jpg, https://oticamart.com/media/catalog/product/7/1/71t--9xitml._sl1500__1.jpg, https://oticamart.com/media/catalog/product/7/1/71wtygvpepl._sl1500__1.jpg, https://oticamart.com/media/catalog/product/7/1/71cjk3ppvdl._sl1500__1.jpg	new	no		10			adult		https://oticamart.com/media/catalog/product/7/1/71yn2qhrayl._sl1500__1.jpg		Scalpel Blades	yes	0
Scalpel handle Size 4 (10 Pieces)	Stainless Steel Scalpel Handle Surgical Blade Size 4 (Pack of 10)	Product Info The&nbsp;OTICA Stainless Steel Scalpel Handle is engineered to meet the demanding standards of modern surgical and educational environments. Crafted from premium-quality stainless steel, it provides excellent strength, balance, and resistance to corrosion, ensuring long service life even with frequent autoclaving. Its ergonomically designed body offers a secure, non-slip grip that enhances precision and reduces hand fatigue during prolonged procedures. Designed for compatibility with standard surgical blades, this scalpel handle supports accurate incisions and controlled handling across a wide range of applications. Ideal for surgeons, doctors, medical students, and anatomy labs, OTICA delivers dependable performance where precision truly matters. &nbsp; Key Features Medical-grade stainless steel for strength and corrosion resistance Compatible with standard surgical blades Ergonomic anti-slip grip for superior control Durable build for long-term professional use Suitable for surgery, labs, and training Trusted by doctors and medical students	in_stock	https://oticamart.com/au/stainless-steel-scalpel-handle-surgical-blade.html?size=4	9.20 AUD				OTICA	https://oticamart.com/media/catalog/product/7/1/71cued-lvkl._sl1500_.jpg, https://oticamart.com/media/catalog/product/8/1/81idm-2x4ul._sl1500__1__1.jpg, https://oticamart.com/media/catalog/product/8/1/81ckwrwmagl._sl1500__1.jpg, https://oticamart.com/media/catalog/product/8/1/814tnytgudl._sl1500__1.jpg	new	no		4			adult		https://oticamart.com/media/catalog/product/6/1/614xa4ueicl._sl1500__2.jpg		Stainless Steel Scalpel Handle	yes	0
Scalpel handle Size 4	Stainless Steel Scalpel Handle Surgical Blade Size 4 (Pack of 1)	Product Info The&nbsp;OTICA Stainless Steel Scalpel Handle is engineered to meet the demanding standards of modern surgical and educational environments. Crafted from premium-quality stainless steel, it provides excellent strength, balance, and resistance to corrosion, ensuring long service life even with frequent autoclaving. Its ergonomically designed body offers a secure, non-slip grip that enhances precision and reduces hand fatigue during prolonged procedures. Designed for compatibility with standard surgical blades, this scalpel handle supports accurate incisions and controlled handling across a wide range of applications. Ideal for surgeons, doctors, medical students, and anatomy labs, OTICA delivers dependable performance where precision truly matters. &nbsp; Key Features Medical-grade stainless steel for strength and corrosion resistance Compatible with standard surgical blades Ergonomic anti-slip grip for superior control Durable build for long-term professional use Suitable for surgery, labs, and training Trusted by doctors and medical students	in_stock	https://oticamart.com/au/stainless-steel-scalpel-handle-surgical-blade.html?size=4	4.59 AUD				OTICA	https://oticamart.com/media/catalog/product/7/1/71cued-lvkl._sl1500__1.jpg, https://oticamart.com/media/catalog/product/8/1/81idm-2x4ul._sl1500__1__2.jpg, https://oticamart.com/media/catalog/product/8/1/81ckwrwmagl._sl1500__2.jpg, https://oticamart.com/media/catalog/product/8/1/814tnytgudl._sl1500__2.jpg	new	no		4			adult		https://oticamart.com/media/catalog/product/6/1/614xa4ueicl._sl1500__1.jpg		Stainless Steel Scalpel Handle	yes	0
Scalpel handle Size 3 (10 Pieces)	Stainless Steel Scalpel Handle Surgical Blade Size 3 (Pack of 10)	Product Info The&nbsp;OTICA Stainless Steel Scalpel Handle is engineered to meet the demanding standards of modern surgical and educational environments. Crafted from premium-quality stainless steel, it provides excellent strength, balance, and resistance to corrosion, ensuring long service life even with frequent autoclaving. Its ergonomically designed body offers a secure, non-slip grip that enhances precision and reduces hand fatigue during prolonged procedures. Designed for compatibility with standard surgical blades, this scalpel handle supports accurate incisions and controlled handling across a wide range of applications. Ideal for surgeons, doctors, medical students, and anatomy labs, OTICA delivers dependable performance where precision truly matters. &nbsp; Key Features Medical-grade stainless steel for strength and corrosion resistance Compatible with standard surgical blades Ergonomic anti-slip grip for superior control Durable build for long-term professional use Suitable for surgery, labs, and training Trusted by doctors and medical students	in_stock	https://oticamart.com/au/stainless-steel-scalpel-handle-surgical-blade.html?size=3	9.20 AUD				OTICA		new	no		3			adult		https://oticamart.com/media/catalog/product/3/-/3-_1.jpg		Stainless Steel Scalpel Handle	yes	0
Scalpel handle Size 3	Stainless Steel Scalpel Handle Surgical Blade Size 3 (Pack of 1)	Product Info The&nbsp;OTICA Stainless Steel Scalpel Handle is engineered to meet the demanding standards of modern surgical and educational environments. Crafted from premium-quality stainless steel, it provides excellent strength, balance, and resistance to corrosion, ensuring long service life even with frequent autoclaving. Its ergonomically designed body offers a secure, non-slip grip that enhances precision and reduces hand fatigue during prolonged procedures. Designed for compatibility with standard surgical blades, this scalpel handle supports accurate incisions and controlled handling across a wide range of applications. Ideal for surgeons, doctors, medical students, and anatomy labs, OTICA delivers dependable performance where precision truly matters. &nbsp; Key Features Medical-grade stainless steel for strength and corrosion resistance Compatible with standard surgical blades Ergonomic anti-slip grip for superior control Durable build for long-term professional use Suitable for surgery, labs, and training Trusted by doctors and medical students	in_stock	https://oticamart.com/au/stainless-steel-scalpel-handle-surgical-blade.html?size=3	4.59 AUD				OTICA	https://oticamart.com/media/catalog/product/8/1/81vg5lelifl._sl1500__1__1.jpg, https://oticamart.com/media/catalog/product/8/1/814tnytgudl._sl1500__1_1.jpg, https://oticamart.com/media/catalog/product/8/1/81ckwrwmagl._sl1500__1__1.jpg, https://oticamart.com/media/catalog/product/8/1/81idm-2x4ul._sl1500__1__1_1.jpg	new	no		3			adult		https://oticamart.com/media/catalog/product/3/-/3-.jpg		Stainless Steel Scalpel Handle	yes	0
Multipara Monitor Wall Stand OHPL	Patient Multipara Monitor Wall Stand Compatible Contec, BPL, Edan, GE, Nidek, Yonker, Philips, Comen, & Mindray	Product Info The OTICA Universal Patient Monitor Stand is designed to securely support multipara patient monitors across all major brands and models, including Contec, BPL, Edan, GE, Nidek, Yonker, Philips, Comen, and Mindray. Ideal for hospitals, ICUs, clinics, and home care settings, this wall-mount monitor stand helps keep patient monitors positioned at an optimal viewing height for accurate and continuous observation. The adjustable height feature allows caregivers to customize placement for better visibility and ease of use near ICU beds or patient rooms. Built with durable materials for long-lasting performance, the stand ensures stability, space efficiency, and organized monitoring, making it an essential accessory for modern healthcare environments. &nbsp; Key Features Universal compatibility with all multipara patient monitor brands and models Supports Contec, BPL, Edan, GE, Philips, Mindray, Yonker, Comen, and more Wall-mount design keeps monitors secure and space-saving Adjustable height for clear and comfortable screen visibility Helps maintain continuous and accurate patient monitoring Ideal for hospitals, ICUs, clinics, and home care use	in_stock	https://oticamart.com/au/patient-monitor-stand-compatible-all-multipara-contec-bpl-edan-ge.html	29.41 AUD				OTICA	https://oticamart.com/media/catalog/product/6/1/61bsondgfwl._sl1500_.jpg, https://oticamart.com/media/catalog/product/6/1/618aw9x9ujl._sl1500_.jpg, https://oticamart.com/media/catalog/product/6/1/61vivio0a9l._sl1500_.jpg, https://oticamart.com/media/catalog/product/6/1/61qb7ujjd1l._sl1500_.jpg, https://oticamart.com/media/catalog/product/4/1/41anbiu25el._sl1000_.jpg, https://oticamart.com/media/catalog/product/4/1/41uot2blcgl._sl1000_.jpg, https://oticamart.com/media/catalog/product/3/1/31dbr75x9cl._sl1000_.jpg	new	no					adult		https://oticamart.com/media/catalog/product/5/1/51hghan_3ll._sl1500_.jpg		Multipara Monitor Wall Stand OHPL	yes	0
CMS 5100 Stand small -OHPL	Patient Monitor Stand Specially Design CMS 5100 Small	Product Info The OTICA Patient Monitor Stand for CMS 5100 is engineered to provide secure support and flexible positioning for patient monitoring in clinical environments. Precisely designed for the CMS 5100 model, it ensures perfect compatibility and stability during use. Constructed from high-quality mild steel, the stand offers excellent durability and resistance to daily hospital wear. The adjustable viewing angle and 180-degree horizontal rotation allow healthcare professionals to position the monitor for optimal visibility from different directions. Its compact, space-saving design supports efficient workflow in ICUs, operation theatres, wards, and emergency rooms. A reliable and practical accessory, this stand enhances convenience, safety, and efficiency in continuous patient monitoring. &nbsp; Key Features Specially designed for perfect compatibility with CMS 5100 patient monitors Strong mild steel construction ensures stability and long-term durability 180° horizontal rotation allows flexible monitor positioning Adjustable viewing angle for clear visibility from multiple directions Enhances monitoring efficiency in ICU, OT, wards, and clinics Stable base design prevents wobbling during continuous use	in_stock	https://oticamart.com/au/patient-monitor-stand-specially-design-cms-5100-small-ohpl.html	14.51 AUD				OTICA	https://oticamart.com/media/catalog/product/4/1/41btijhlqol.jpg, https://oticamart.com/media/catalog/product/3/1/31c1akj8wel.jpg, https://oticamart.com/media/catalog/product/3/1/3193wv0wapl.jpg, https://oticamart.com/media/catalog/product/3/1/31l5lc9mgol.jpg, https://oticamart.com/media/catalog/product/2/1/21bbaakkovl.jpg	new	no					adult		https://oticamart.com/media/catalog/product/4/1/41b334zgm6l.jpg		CMS 5100 Stand small -OHPL	yes	0
new RM AirMini filter	Replacement Filter ResMed AirMini Ultra Fine Disposable CPAP Clean Airflow	Product Info Breathe cleaner and sleep better with OTICA Compatible Replacement Filters for the ResMed AirMini CPAP machine. Engineered for a perfect gap-free fit (1.26" x 1.18"), these filters require no trimming and install in seconds. Crafted from premium ultra-fine spinning fiber cotton, they provide thickened, high-efficiency filtration that captures dust, pollen, bacteria, viruses, and other airborne particles. The disposable design ensures hygienic use, while the lightweight structure maintains smooth airflow without resistance—ideal for both home and travel therapy. By delivering fresher air and preventing debris buildup inside your CPAP, OTICA filters support healthier breathing, improved sleep quality, and extended device life. &nbsp; Key Features Perfect custom fit for ResMed AirMini CPAP with no cutting or trimming needed Ultra-fine BPA-free fiber cotton ensures safe, high-efficiency filtration Blocks dust, pollen, bacteria, and airborne particles for cleaner air Improves breathing comfort and overall sleep quality every night Protects your AirMini CPAP from internal dust buildup and wear Cost-effective replacement filters for consistent, reliable therapy	in_stock	https://oticamart.com/au/compatible-resmed-airmini-device-replacement-filter-cpap-machine-ultra-fine.html	5.51 AUD				OTICA	https://oticamart.com/media/catalog/product/5/1/51mq7bm79il.jpg, https://oticamart.com/media/catalog/product/6/1/611reivsasl.jpg, https://oticamart.com/media/catalog/product/6/1/61rdkkz-aml.jpg, https://oticamart.com/media/catalog/product/5/1/51vlhsrvncl.jpg, https://oticamart.com/media/catalog/product/4/1/41flytrfzpl.jpg, https://oticamart.com/media/catalog/product/4/1/417bdboujel.jpg, https://oticamart.com/media/catalog/product/5/1/51clowxi6il.jpg, https://oticamart.com/media/catalog/product/4/1/41d9cxga6ol.jpg	new	no					adult		https://oticamart.com/media/catalog/product/3/1/319ha1driwl.jpg		new RM AirMini filter	yes	0
DreamStation Filter(Reusable blue) Pcs 2	Reusable Filter Respironics DreamStation Blue Pack of 2	Product Info Ensure cleaner air and reliable CPAP performance with OTICA Reusable Filters for Respironics DreamStation machines. Manufactured in the USA, these high-quality foam filters are precision-designed to fit DreamStation CPAP devices securely. They work by capturing dust, lint, and airborne particles before they enter your machine, helping you breathe cleaner air throughout the night. The reusable, washable design allows multiple uses, reducing replacement costs while maintaining effective filtration. Easy to remove, clean, and reinstall, these filters simplify routine CPAP maintenance. Regular use helps protect internal components of your CPAP machine from buildup, supporting consistent airflow, improved therapy comfort, and long-term device durability. &nbsp; Key Features Perfect fit for Respironics DreamStation CPAP machines Washable design for easy cleaning and extended use Traps dust, lint, and airborne particles effectively Improves air quality for more comfortable CPAP therapy Supports consistent airflow and reliable performance Essential maintenance accessory for long-term CPAP care	in_stock	https://oticamart.com/au/reusable-filters-respironics-dream-station-pack-2-dreamstation-filter-blue.html	8.83 AUD				OTICA	https://oticamart.com/media/catalog/product/6/1/61kaaqzmlcl._sl1500_.jpg, https://oticamart.com/media/catalog/product/7/1/71o8zkledil._sl1500_.jpg, https://oticamart.com/media/catalog/product/7/1/71jkssec2kl._sl1500_.jpg, https://oticamart.com/media/catalog/product/6/1/61lim0l8fbl._sl1500_.jpg	new	no					adult		https://oticamart.com/media/catalog/product/5/1/51zk7dthhyl._sl1500_.jpg		DreamStation Filter(Reusable blue) Pcs 2	yes	0
new DVB IntelliPAP filter 1unit	Foam Filter DeVilbiss IntelliPAP CPAP Reusable Replacement Compatible Standard AutoAdjust BiLevel 1 Unit	Product Info Maintain clean airflow and reliable therapy with OTICA Foam Filters for DeVilbiss IntelliPAP CPAP machines. Precisely engineered for IntelliPAP Standard, AutoAdjust, and BiLevel units, these reusable foam filters ensure a secure fit and consistent filtration. They effectively capture dust, debris, and airborne particles before they enter your CPAP system, helping deliver cleaner air and supporting healthier sleep. The durable foam material is washable and reusable, reducing replacement costs while maintaining performance. Easy to install and remove, these filters make routine CPAP maintenance simple and hassle-free. Regular filter use also protects the internal components of your machine from dust buildup, extending its lifespan. Ideal for home users seeking dependable, economical CPAP care essentials. &nbsp; Key Features Perfect fit for DeVilbiss IntelliPAP Standard, AutoAdjust &amp; BiLevel CPAP machines Traps dust and airborne particles for cleaner, healthier breathing air Helps improve CPAP therapy comfort and overall sleep quality Easy to install and remove with no tools or technical effort Maintains optimal airflow for consistent CPAP therapy results Washable and durable for repeated use without loss of performance	in_stock	https://oticamart.com/au/foam-filters-devilbiss-intellipap-cpap-machines-reusable-replacement-compatible-standard.html	5.40 AUD				OTICA		new	no					adult		https://oticamart.com/media/catalog/product/7/1/71htl9fbehl._sl1500_.jpg		new DVB IntelliPAP filter 1unit	yes	0
new RM S11 filter 1	Disposable AirSense 11 CPAP Filter ResMed Travel Friendly Easy Install Superior Air Filtration	Product Info Ensure cleaner breathing and reliable CPAP performance with OTICA Disposable CPAP Filters for ResMed AirSense 11 machines. Engineered with Perfect OEM Fit Technology, these filters fit securely without gaps, ensuring optimal airflow and filtration efficiency. The advanced 4-layer design made from ultra-fine fiber cotton effectively captures dust, pollen, and airborne debris before they reach your airway. Regular filter replacement helps reduce sinus irritation, allergy symptoms, and nighttime discomfort, supporting deeper, healthier sleep. These disposable filters are easy to install in seconds with no tools or maintenance required. By preventing dust buildup inside the machine, they also help protect the CPAP motor and extend device lifespan. Ideal for both home and travel use, OTICA filters provide dependable protection and consistent therapy performance every night. &nbsp; Key Features Perfect OEM-style fit specifically designed for ResMed AirSense 11 CPAP machines Advanced 4-layer filtration captures dust, pollen, and fine airborne particles Delivers cleaner, purified airflow for healthier breathing every night Helps reduce allergy symptoms, sinus irritation, and airway discomfort Quick and easy installation in seconds without any tools Cost-effective replacement filters for reliable long-term CPAP care	in_stock	https://oticamart.com/au/disposable-airsense-11-cpap-filters-designed-resmed-machines-travel-friendly.html	5.51 AUD				OTICA	https://oticamart.com/media/catalog/product/4/1/41tn-cu7fwl.jpg, https://oticamart.com/media/catalog/product/1/1/112uw7hvxcl.jpg, https://oticamart.com/media/catalog/product/5/1/51dj4_wns-l.jpg, https://oticamart.com/media/catalog/product/5/1/51n8lwalusl.jpg, https://oticamart.com/media/catalog/product/5/1/51drlqhw0ll.jpg, https://oticamart.com/media/catalog/product/0/1/01v8px9slql.jpg, https://oticamart.com/media/catalog/product/5/1/51afgb3zycl.jpg, https://oticamart.com/media/catalog/product/5/1/51ecazjxrnl.jpg	new	no					adult		https://oticamart.com/media/catalog/product/4/1/41ojlgs5_zl.jpg		new RM S11 filter 1	yes	0
new RM S10/S9 filter	CPAP Filter ResMed Premium Disposable Universal Replacement Fits AirSense10 AirCurve10 Airstart10 S9 Series	Product Info The OTICA CPAP Machine Compatible Filter for ResMed is a premium disposable air filter engineered to deliver cleaner, healthier airflow during CPAP therapy. Featuring advanced 4-layer filtration made from ultra-fine fiber cotton, it effectively captures dust, pollen, and airborne debris before they reach your airway. Designed for a perfect fit with ResMed AirSense 10, AirCurve 10, Airstart 10, and S9 series machines, it installs easily in seconds with no tools or cleaning required. Regular replacement helps reduce allergens, improve breathing comfort, and protect the internal motor of your CPAP device. Ideal for home users seeking better sleep quality, improved respiratory health, and extended CPAP machine life. &nbsp; Key Features Perfect OEM-style fit for ResMed AirSense 10, AirCurve 10, Airstart 10 and S9 series CPAP machines Advanced 4-layer filtration blocks dust, pollen, and fine airborne particles Delivers cleaner air for healthier breathing and improved sleep quality Helps reduce sinus irritation, allergies, and nighttime discomfort Protects your CPAP motor from dust buildup and internal damage Ideal for daily CPAP users, allergy sufferers, and sensitive airways	in_stock	https://oticamart.com/au/cpap-machine-compatible-filter-resmed-premium-disposable-air-universal-replacement.html	5.51 AUD				OTICA	https://oticamart.com/media/catalog/product/4/1/41m4r0hcfol.jpg, https://oticamart.com/media/catalog/product/5/1/51isr9rmdul.jpg, https://oticamart.com/media/catalog/product/5/1/51_0bee1-gl.jpg, https://oticamart.com/media/catalog/product/5/1/51qx94i2vyl.jpg, https://oticamart.com/media/catalog/product/5/1/51ha2gvkcel.jpg, https://oticamart.com/media/catalog/product/3/1/31hxh6q-jvl.jpg, https://oticamart.com/media/catalog/product/4/1/41mzubapv7l.jpg, https://oticamart.com/media/catalog/product/5/1/51napr1qvhl.jpg	new	no					adult		https://oticamart.com/media/catalog/product/3/1/31rlybm8ktl.jpg		new RM S10/S9 filter	yes	0
new Yuwell 8F-5A Filter	Replacement Filter Yuwell 8F-5A Oxygen Concentrator High Efficiency Durable Medical Grade HEPA	Product Info The OTICA Replacement Filter for Yuwell 8F-5W Oxygen Concentrator is designed to ensure consistent, clean, and safe oxygen delivery. Engineered with high-efficiency medical-grade filtration, it effectively traps dust, bacteria, and airborne impurities before they enter the concentrator, helping protect both the user and the machine. The filter fits perfectly into Yuwell 8F-5W models and can be installed or removed easily without tools. Made from durable, non-toxic materials, it supports light washing to extend usability and reduce frequent replacements. Ideal for home care and clinical environments, this long-lasting filter helps maintain optimal concentrator performance and supports healthier breathing every day. &nbsp; &nbsp; &nbsp; &nbsp; Key Features Compatible specifically with Yuwell 8F-5W oxygen concentrators for a precise, secure fit High-efficiency air intake filtration delivers cleaner, safer oxygen every day Effectively traps dust, bacteria, and airborne particles before they enter the machine Supports healthier breathing for home users and medical environments Reusable and washable design reduces replacement frequency and overall cost Ideal for regular preventive maintenance to maintain optimal oxygen purity	in_stock	https://oticamart.com/au/replacement-filter-yuwell-8f-5a-oxygen-concentrator-high-efficiency-air.html	12.89 AUD				OTICA	https://oticamart.com/media/catalog/product/3/1/31-mkpvmxfl.jpg, https://oticamart.com/media/catalog/product/2/1/21g8bupwknl.jpg, https://oticamart.com/media/catalog/product/3/1/31lrh2qk1pl.jpg, https://oticamart.com/media/catalog/product/4/1/41xxkltxa7l.jpg, https://oticamart.com/media/catalog/product/2/1/2163ghgqq6l.jpg	new	no					adult		https://oticamart.com/media/catalog/product/0/1/01aucxqng3l.jpg		new Yuwell 8F-5A Filter	yes	0
new Philips Respironic M filter	CPAP Filter Philips Respironics Foam & Ultra Fine Replacement Compatible M Series PR System One SleepEasy	Product Info OTICA CPAP Filters provide reliable air filtration for Philips Respironics M Series, PR System One, and SleepEasy CPAP machines. This complete replacement set includes reusable foam pollen filters and disposable ultra-fine filters that work together to capture dust, pollen, and microscopic airborne particles before they reach your mask. By delivering cleaner air, these filters help support better breathing comfort and uninterrupted sleep therapy. Designed for quick, tool-free installation, they make routine CPAP maintenance simple and hassle-free. Made from premium-quality materials, OTICA filters also help extend the life of your CPAP device by preventing internal dust buildup. Ideal for regular replacement, this value pack ensures consistent performance, improved hygiene, and peace of mind for long-term CPAP users. &nbsp; Key Features Compatible with Philips Respironics M Series, PR System One, and SleepEasy CPAP machines for a perfect fit Dual filtration system with foam pollen and ultra-fine filters for superior air cleanliness Effectively traps dust, pollen, and fine airborne particles before they reach your mask Delivers cleaner airflow to support healthier breathing and better sleep quality Protects internal CPAP components by reducing dust buildup and wear Easy, tool-free installation allows quick and hassle-free filter replacement	in_stock	https://oticamart.com/au/cpap-filters-philips-respironics-foam-ultra-fine-replacement-compatible.html	5.51 AUD				OTICA	https://oticamart.com/media/catalog/product/5/1/51naucbeqvl.jpg, https://oticamart.com/media/catalog/product/4/1/41qajlbepql_1_.jpg, https://oticamart.com/media/catalog/product/5/1/51odngbfuwl_1_.jpg, https://oticamart.com/media/catalog/product/5/1/51x9xjh6kql_1_.jpg, https://oticamart.com/media/catalog/product/5/1/51vrllnvmcl.jpg	new	no					adult		https://oticamart.com/media/catalog/product/4/1/41eqbreph_l.jpg		new Philips Respironic M filter	yes	0
Patient Lifting Orange Belt	Extra Long 57x14 Inch Patient Lifting Belt Orange Dual Handles Safety Buckle Soft Padded Lift Assist	Product Info The OTICA Premium Extra Long Patient Lifting Belt is a reliable lift-assist solution for caregivers handling daily patient transfers. Measuring 57 x 14 inches, the wide, extra-long design offers better grip, balance, and control while moving elderly, disabled, or bedridden patients. Multiple reinforced handles allow safe lifting and guiding, even with single-caregiver assistance. Its double-layer soft padded construction helps reduce pressure on the waist and back, improving comfort during movement. A strong adjustable safety buckle keeps the belt securely in place, while durable stitching supports loads up to 150 kg. Suitable for home care, hospitals, clinics, and rehabilitation settings, this belt ensures safer, smoother, and more confident patient transfers. &nbsp; Key Features Extra-long 57 x 14 inch design provides superior grip, stability, and control during patient transfers Dual reinforced handles allow safe lifting, guiding, and balancing—ideal for single-caregiver assistance Supports heavy loads up to 150 kg, suitable for daily use with elderly, disabled, or bedridden patients Perfect for transfers between bed, wheelchair, sofa, and car with minimal strain Easy to wear and remove, saving time during routine caregiving tasks Ideal for home care, hospitals, clinics, rehabilitation centers, and elderly care settings	in_stock	https://oticamart.com/au/premium-extra-long-57x14-patient-lifting-belt-dual-handles.html?color=orange	14.73 AUD				OTICA	https://oticamart.com/media/catalog/product/8/1/81regz3jfll._sl1500_.jpg, https://oticamart.com/media/catalog/product/8/1/81hlruxz7ml._sl1500_.jpg, https://oticamart.com/media/catalog/product/8/1/81jacfjimhl._sl1500_.jpg, https://oticamart.com/media/catalog/product/9/1/91cvukmbxfl._sl1500_.jpg, https://oticamart.com/media/catalog/product/8/1/81sctexwzfl._sl1500_.jpg	new	no				orange	adult		https://oticamart.com/media/catalog/product/8/1/81wdmy61kql._sl1500_.jpg		Patient Lifting Belt	yes	0
Patient Lifting Black Belt	Extra Long 57x14 Inch Patient Lifting Belt Black Dual Handles Safety Buckle Soft Padded Lift Assist	Product Info The OTICA Premium Extra Long Patient Lifting Belt is a reliable lift-assist solution for caregivers handling daily patient transfers. Measuring 57 x 14 inches, the wide, extra-long design offers better grip, balance, and control while moving elderly, disabled, or bedridden patients. Multiple reinforced handles allow safe lifting and guiding, even with single-caregiver assistance. Its double-layer soft padded construction helps reduce pressure on the waist and back, improving comfort during movement. A strong adjustable safety buckle keeps the belt securely in place, while durable stitching supports loads up to 150 kg. Suitable for home care, hospitals, clinics, and rehabilitation settings, this belt ensures safer, smoother, and more confident patient transfers. &nbsp; Key Features Extra-long 57 x 14 inch design provides superior grip, stability, and control during patient transfers Dual reinforced handles allow safe lifting, guiding, and balancing—ideal for single-caregiver assistance Supports heavy loads up to 150 kg, suitable for daily use with elderly, disabled, or bedridden patients Perfect for transfers between bed, wheelchair, sofa, and car with minimal strain Easy to wear and remove, saving time during routine caregiving tasks Ideal for home care, hospitals, clinics, rehabilitation centers, and elderly care settings	in_stock	https://oticamart.com/au/premium-extra-long-57x14-patient-lifting-belt-dual-handles.html?color=black	14.73 AUD				OTICA	https://oticamart.com/media/catalog/product/7/1/71q7en0bfml._sl1500_.jpg, https://oticamart.com/media/catalog/product/8/1/81fh4knnhel._sl1500_.jpg, https://oticamart.com/media/catalog/product/8/1/81hfdinhw3l._sl1500_.jpg, https://oticamart.com/media/catalog/product/8/1/815ji-ojdpl._sl1500_.jpg, https://oticamart.com/media/catalog/product/8/1/81uf_u3ucwl._sl1500_.jpg	new	no				black	adult		https://oticamart.com/media/catalog/product/8/1/8166hbrpfil._sl1500_.jpg		Patient Lifting Belt	yes	0
Patient Lifting Green Belt	Extra Long 57x14 Inch Patient Lifting Belt Green Dual Handles Safety Buckle Soft Padded Lift Assist	Product Info The OTICA Premium Extra Long Patient Lifting Belt is a reliable lift-assist solution for caregivers handling daily patient transfers. Measuring 57 x 14 inches, the wide, extra-long design offers better grip, balance, and control while moving elderly, disabled, or bedridden patients. Multiple reinforced handles allow safe lifting and guiding, even with single-caregiver assistance. Its double-layer soft padded construction helps reduce pressure on the waist and back, improving comfort during movement. A strong adjustable safety buckle keeps the belt securely in place, while durable stitching supports loads up to 150 kg. Suitable for home care, hospitals, clinics, and rehabilitation settings, this belt ensures safer, smoother, and more confident patient transfers. &nbsp; Key Features Extra-long 57 x 14 inch design provides superior grip, stability, and control during patient transfers Dual reinforced handles allow safe lifting, guiding, and balancing—ideal for single-caregiver assistance Supports heavy loads up to 150 kg, suitable for daily use with elderly, disabled, or bedridden patients Perfect for transfers between bed, wheelchair, sofa, and car with minimal strain Easy to wear and remove, saving time during routine caregiving tasks Ideal for home care, hospitals, clinics, rehabilitation centers, and elderly care settings	in_stock	https://oticamart.com/au/premium-extra-long-57x14-patient-lifting-belt-dual-handles.html?color=green	14.73 AUD				OTICA	https://oticamart.com/media/catalog/product/7/1/71xge0ubbsl._sl1500__1.jpg, https://oticamart.com/media/catalog/product/9/1/91arujksnql._sl1500__1.jpg, https://oticamart.com/media/catalog/product/8/1/819ndb0zyhl._sl1500__1.jpg, https://oticamart.com/media/catalog/product/9/1/91vwckitcrl._sl1500__1.jpg, https://oticamart.com/media/catalog/product/8/1/81qusmqm75l._sl1500__1.jpg	new	no				green	adult		https://oticamart.com/media/catalog/product/8/1/81dcmcotbql._sl1500__1.jpg		Patient Lifting Belt	yes	0
SS Kidney Tray 12 Inch (Pack of 4)	Stainless Steel Kidney Tray 12 Inch Medium Reusable Shaped Emesis Basin Hospital Clinic Dental Surgical Use Pack of 4	Product Info OTICA Stainless Steel Kidney Tray is a practical and hygienic medical accessory used across surgical, dental, and healthcare environments. The kidney-shaped design allows the tray to rest comfortably against the patient’s body, improving ease of use during procedures. Commonly used to collect fluids, medical debris, instruments, and soiled dressings, it supports clean and organized workflow. Crafted from reusable stainless steel, the tray is easy to clean, resistant to corrosion, and suitable for repeated use. Its ergonomic form ensures safe handling, making it ideal for hospitals, clinics, dental labs, and general patient care. &nbsp; Key Features Kidney-shaped ergonomic design Used for fluid collection during procedures Suitable for holding medical instruments Useful in dental clinics and labs Easy to handle and carry Ideal for collecting soiled dressings	in_stock	https://oticamart.com/au/stainless-steel-kidney-tray-reusable-shaped-emesis-basin-hospital-clinic.html?size=12+inch	12.52 AUD				OTICA	https://oticamart.com/media/catalog/product/8/1/81djdijugnl._sl1500__1_11.jpg, https://oticamart.com/media/catalog/product/9/1/918vxioolsl._sl1500__7.jpg, https://oticamart.com/media/catalog/product/8/1/81x0wygnpjl._sl1500__1_11.jpg	new	no		12 Inch			adult		https://oticamart.com/media/catalog/product/u/n/untitled_design_8__2.png		OHPL Kidney Tray SS	yes	0
SS Kidney Tray 12 Inch (Pack of 2)	Stainless Steel Kidney Tray 12 Inch Medium Reusable Shaped Emesis Basin Hospital Clinic Dental Surgical Use Pack of 2	Product Info OTICA Stainless Steel Kidney Tray is a practical and hygienic medical accessory used across surgical, dental, and healthcare environments. The kidney-shaped design allows the tray to rest comfortably against the patient’s body, improving ease of use during procedures. Commonly used to collect fluids, medical debris, instruments, and soiled dressings, it supports clean and organized workflow. Crafted from reusable stainless steel, the tray is easy to clean, resistant to corrosion, and suitable for repeated use. Its ergonomic form ensures safe handling, making it ideal for hospitals, clinics, dental labs, and general patient care. &nbsp; Key Features Kidney-shaped ergonomic design Used for fluid collection during procedures Suitable for holding medical instruments Useful in dental clinics and labs Easy to handle and carry Ideal for collecting soiled dressings	in_stock	https://oticamart.com/au/stainless-steel-kidney-tray-reusable-shaped-emesis-basin-hospital-clinic.html?size=12+inch	6.25 AUD				OTICA	https://oticamart.com/media/catalog/product/8/1/81fth7rlydl._sl1500__3.jpg, https://oticamart.com/media/catalog/product/8/1/81djdijugnl._sl1500__1_10.jpg, https://oticamart.com/media/catalog/product/9/1/918vxioolsl._sl1500__6.jpg, https://oticamart.com/media/catalog/product/8/1/81x0wygnpjl._sl1500__1_10.jpg	new	no		12 Inch			adult		https://oticamart.com/media/catalog/product/7/1/71w5yb2_9nl._sl1500__5.jpg		OHPL Kidney Tray SS	yes	0
SS Kidney Tray 12 Inch (Pack of 1)	Stainless Steel Kidney Tray 12 Inch Medium Reusable Shaped Emesis Basin Hospital Clinic Dental Surgical Use Pack of 1	Product Info OTICA Stainless Steel Kidney Tray is a practical and hygienic medical accessory used across surgical, dental, and healthcare environments. The kidney-shaped design allows the tray to rest comfortably against the patient’s body, improving ease of use during procedures. Commonly used to collect fluids, medical debris, instruments, and soiled dressings, it supports clean and organized workflow. Crafted from reusable stainless steel, the tray is easy to clean, resistant to corrosion, and suitable for repeated use. Its ergonomic form ensures safe handling, making it ideal for hospitals, clinics, dental labs, and general patient care. &nbsp; Key Features Kidney-shaped ergonomic design Used for fluid collection during procedures Suitable for holding medical instruments Useful in dental clinics and labs Easy to handle and carry Ideal for collecting soiled dressings	in_stock	https://oticamart.com/au/stainless-steel-kidney-tray-reusable-shaped-emesis-basin-hospital-clinic.html?size=12+inch	3.13 AUD				OTICA	https://oticamart.com/media/catalog/product/8/1/81fth7rlydl._sl1500__2.jpg, https://oticamart.com/media/catalog/product/8/1/81x0wygnpjl._sl1500__1_9.jpg, https://oticamart.com/media/catalog/product/8/1/81djdijugnl._sl1500__1_9.jpg	new	no		12 Inch			adult		https://oticamart.com/media/catalog/product/u/n/untitled_design_9__2.png		OHPL Kidney Tray SS	yes	0
SS Kidney Tray 10 Inch (Pack of 4)	Stainless Steel Kidney Tray 10 Inch Medium Reusable Shaped Emesis Basin Hospital Clinic Dental Surgical Use Pack of 4	Product Info OTICA Stainless Steel Kidney Tray is a practical and hygienic medical accessory used across surgical, dental, and healthcare environments. The kidney-shaped design allows the tray to rest comfortably against the patient’s body, improving ease of use during procedures. Commonly used to collect fluids, medical debris, instruments, and soiled dressings, it supports clean and organized workflow. Crafted from reusable stainless steel, the tray is easy to clean, resistant to corrosion, and suitable for repeated use. Its ergonomic form ensures safe handling, making it ideal for hospitals, clinics, dental labs, and general patient care. &nbsp; Key Features Kidney-shaped ergonomic design Used for fluid collection during procedures Suitable for holding medical instruments Useful in dental clinics and labs Easy to handle and carry Ideal for collecting soiled dressings	in_stock	https://oticamart.com/au/stainless-steel-kidney-tray-reusable-shaped-emesis-basin-hospital-clinic.html?size=10+inch	12.52 AUD				OTICA	https://oticamart.com/media/catalog/product/9/1/918vxioolsl._sl1500__5.jpg, https://oticamart.com/media/catalog/product/8/1/81djdijugnl._sl1500__1_8.jpg, https://oticamart.com/media/catalog/product/8/1/81x0wygnpjl._sl1500__1_8.jpg	new	no		10 Inch			adult		https://oticamart.com/media/catalog/product/u/n/untitled_design_8__1.png		OHPL Kidney Tray SS	yes	0
SS Kidney Tray 10 Inch (Pack of 2)	Stainless Steel Kidney Tray 10 Inch Medium Reusable Shaped Emesis Basin Hospital Clinic Dental Surgical Use Pack of 2	Product Info OTICA Stainless Steel Kidney Tray is a practical and hygienic medical accessory used across surgical, dental, and healthcare environments. The kidney-shaped design allows the tray to rest comfortably against the patient’s body, improving ease of use during procedures. Commonly used to collect fluids, medical debris, instruments, and soiled dressings, it supports clean and organized workflow. Crafted from reusable stainless steel, the tray is easy to clean, resistant to corrosion, and suitable for repeated use. Its ergonomic form ensures safe handling, making it ideal for hospitals, clinics, dental labs, and general patient care. &nbsp; Key Features Kidney-shaped ergonomic design Used for fluid collection during procedures Suitable for holding medical instruments Useful in dental clinics and labs Easy to handle and carry Ideal for collecting soiled dressings	in_stock	https://oticamart.com/au/stainless-steel-kidney-tray-reusable-shaped-emesis-basin-hospital-clinic.html?size=10+inch	6.25 AUD				OTICA	https://oticamart.com/media/catalog/product/8/1/81zactuhygl._sl1500__1.jpg, https://oticamart.com/media/catalog/product/9/1/918vxioolsl._sl1500__4.jpg, https://oticamart.com/media/catalog/product/8/1/81djdijugnl._sl1500__1_7.jpg, https://oticamart.com/media/catalog/product/8/1/81x0wygnpjl._sl1500__1_7.jpg	new	no		10 Inch			adult		https://oticamart.com/media/catalog/product/7/1/71w5yb2_9nl._sl1500__1__1.jpg		OHPL Kidney Tray SS	yes	0
SS Kidney Tray 10 Inch (Pack of 1)	Stainless Steel Kidney Tray 10 Inch Medium Reusable Shaped Emesis Basin Hospital Clinic Dental Surgical Use Pack of 1	Product Info OTICA Stainless Steel Kidney Tray is a practical and hygienic medical accessory used across surgical, dental, and healthcare environments. The kidney-shaped design allows the tray to rest comfortably against the patient’s body, improving ease of use during procedures. Commonly used to collect fluids, medical debris, instruments, and soiled dressings, it supports clean and organized workflow. Crafted from reusable stainless steel, the tray is easy to clean, resistant to corrosion, and suitable for repeated use. Its ergonomic form ensures safe handling, making it ideal for hospitals, clinics, dental labs, and general patient care. &nbsp; Key Features Kidney-shaped ergonomic design Used for fluid collection during procedures Suitable for holding medical instruments Useful in dental clinics and labs Easy to handle and carry Ideal for collecting soiled dressings	in_stock	https://oticamart.com/au/stainless-steel-kidney-tray-reusable-shaped-emesis-basin-hospital-clinic.html?size=10+inch	3.13 AUD				OTICA	https://oticamart.com/media/catalog/product/9/1/918vxioolsl._sl1500__3.jpg, https://oticamart.com/media/catalog/product/8/1/81djdijugnl._sl1500__1_6.jpg, https://oticamart.com/media/catalog/product/8/1/81x0wygnpjl._sl1500__1_6.jpg	new	no		10 Inch			adult		https://oticamart.com/media/catalog/product/u/n/untitled_design_9__1.png		OHPL Kidney Tray SS	yes	0
SS Kidney Tray 8 Inch (Pack of 4)	Stainless Steel Kidney Tray 8 Inch Medium Reusable Shaped Emesis Basin Hospital Clinic Dental Surgical Use Pack of 4	Product Info OTICA Stainless Steel Kidney Tray is a practical and hygienic medical accessory used across surgical, dental, and healthcare environments. The kidney-shaped design allows the tray to rest comfortably against the patient’s body, improving ease of use during procedures. Commonly used to collect fluids, medical debris, instruments, and soiled dressings, it supports clean and organized workflow. Crafted from reusable stainless steel, the tray is easy to clean, resistant to corrosion, and suitable for repeated use. Its ergonomic form ensures safe handling, making it ideal for hospitals, clinics, dental labs, and general patient care. &nbsp; Key Features Kidney-shaped ergonomic design Used for fluid collection during procedures Suitable for holding medical instruments Useful in dental clinics and labs Easy to handle and carry Ideal for collecting soiled dressings	in_stock	https://oticamart.com/au/stainless-steel-kidney-tray-reusable-shaped-emesis-basin-hospital-clinic.html?size=8+inch	12.52 AUD				OTICA	https://oticamart.com/media/catalog/product/8/1/81djdijugnl._sl1500__1_5.jpg, https://oticamart.com/media/catalog/product/9/1/91uz9--xo9l._sl1500__1_2.jpg, https://oticamart.com/media/catalog/product/8/1/81x0wygnpjl._sl1500__1_5.jpg	new	no		8 Inch			adult		https://oticamart.com/media/catalog/product/u/n/untitled_design_8_.png		OHPL Kidney Tray SS	yes	0
SS Kidney Tray 8 Inch (Pack of 2)	Stainless Steel Kidney Tray 8 Inch Medium Reusable Shaped Emesis Basin Hospital Clinic Dental Surgical Use Pack of 2	Product Info OTICA Stainless Steel Kidney Tray is a practical and hygienic medical accessory used across surgical, dental, and healthcare environments. The kidney-shaped design allows the tray to rest comfortably against the patient’s body, improving ease of use during procedures. Commonly used to collect fluids, medical debris, instruments, and soiled dressings, it supports clean and organized workflow. Crafted from reusable stainless steel, the tray is easy to clean, resistant to corrosion, and suitable for repeated use. Its ergonomic form ensures safe handling, making it ideal for hospitals, clinics, dental labs, and general patient care. &nbsp; Key Features Kidney-shaped ergonomic design Used for fluid collection during procedures Suitable for holding medical instruments Useful in dental clinics and labs Easy to handle and carry Ideal for collecting soiled dressings	in_stock	https://oticamart.com/au/stainless-steel-kidney-tray-reusable-shaped-emesis-basin-hospital-clinic.html?size=8+inch	6.25 AUD				OTICA	https://oticamart.com/media/catalog/product/9/1/91uz9--xo9l._sl1500__1_1.jpg, https://oticamart.com/media/catalog/product/8/1/81djdijugnl._sl1500__1_4.jpg, https://oticamart.com/media/catalog/product/8/1/81tv3so5c9l._sl1500__1.jpg, https://oticamart.com/media/catalog/product/8/1/81x0wygnpjl._sl1500__1_4.jpg	new	no		8 Inch			adult		https://oticamart.com/media/catalog/product/7/1/71w5yb2_9nl._sl1500__4.jpg		OHPL Kidney Tray SS	yes	0
SS Kidney Tray 8 Inch (Pack of 1)	Stainless Steel Kidney Tray 8 Inch Medium Reusable Shaped Emesis Basin Hospital Clinic Dental Surgical Use Pack of 1	Product Info OTICA Stainless Steel Kidney Tray is a practical and hygienic medical accessory used across surgical, dental, and healthcare environments. The kidney-shaped design allows the tray to rest comfortably against the patient’s body, improving ease of use during procedures. Commonly used to collect fluids, medical debris, instruments, and soiled dressings, it supports clean and organized workflow. Crafted from reusable stainless steel, the tray is easy to clean, resistant to corrosion, and suitable for repeated use. Its ergonomic form ensures safe handling, making it ideal for hospitals, clinics, dental labs, and general patient care. &nbsp; Key Features Kidney-shaped ergonomic design Used for fluid collection during procedures Suitable for holding medical instruments Useful in dental clinics and labs Easy to handle and carry Ideal for collecting soiled dressings	in_stock	https://oticamart.com/au/stainless-steel-kidney-tray-reusable-shaped-emesis-basin-hospital-clinic.html?size=8+inch	3.13 AUD				OTICA	https://oticamart.com/media/catalog/product/8/1/81djdijugnl._sl1500__1_3.jpg, https://oticamart.com/media/catalog/product/9/1/91uz9--xo9l._sl1500__1.jpg, https://oticamart.com/media/catalog/product/8/1/81x0wygnpjl._sl1500__1_3.jpg	new	no		8 Inch			adult		https://oticamart.com/media/catalog/product/u/n/untitled_design_9_.png		OHPL Kidney Tray SS	yes	0
Kidney Tray Plastic-12 Inch (Pack of 4)	Plastic Kidney Tray 12 Inch Medium Reusable Shaped Emesis Basin Hospital Clinic Dental Surgical Use Pack of 4	Product Info OTICA Plastic Kidney Tray is a versatile medical accessory used across hospitals, clinics, dental labs, and emergency care settings. The 8-inch medium-sized kidney-shaped design allows the tray to rest naturally against the patient’s body, improving comfort and ease of use during procedures. It is commonly used to collect fluids, medical debris, swabs, gauze, and small instruments during surgeries, wound care, injections, and post-operative dressing. Made from reusable plastic, the tray is lightweight, easy to handle, and simple to clean. It helps maintain hygiene, keeps work areas organized, and supports efficient patient care in OT, ICU, OPD, and dental environments. &nbsp; Key Features Ergonomic kidney shape fits comfortably against the patient’s body for safer and easier procedures Ideal size for OT, ICU, emergency rooms, dental clinics, and OPD use Perfect for collecting fluids, swabs, gauze, dressings, and medical waste hygienically Helps keep surgical and treatment areas clean, organized, and contamination-free Essential tool for wound care, injections, post-operative dressing, and oral care Reusable, durable plastic construction for long-term hospital and clinic use	in_stock	https://oticamart.com/au/plastic-kidney-tray-reusable-shaped-emesis-basin-hospital-clinic-dental.html?size=12+inch	11.05 AUD				OTICA	https://oticamart.com/media/catalog/product/8/1/81bg-kavfpl._sl1500__9.jpg, https://oticamart.com/media/catalog/product/8/1/81gjueeznil._sl1500__9.jpg	new	no		12 Inch			adult		https://oticamart.com/media/catalog/product/u/n/untitled_design_7__2.png		Kidney Tray Plastic	yes	0
Kidney Tray Plastic-12 Inch (Pack of 2)	Plastic Kidney Tray 12 Inch Medium Reusable Shaped Emesis Basin Hospital Clinic Dental Surgical Use Pack of 2	Product Info OTICA Plastic Kidney Tray is a versatile medical accessory used across hospitals, clinics, dental labs, and emergency care settings. The 8-inch medium-sized kidney-shaped design allows the tray to rest naturally against the patient’s body, improving comfort and ease of use during procedures. It is commonly used to collect fluids, medical debris, swabs, gauze, and small instruments during surgeries, wound care, injections, and post-operative dressing. Made from reusable plastic, the tray is lightweight, easy to handle, and simple to clean. It helps maintain hygiene, keeps work areas organized, and supports efficient patient care in OT, ICU, OPD, and dental environments. &nbsp; Key Features Ergonomic kidney shape fits comfortably against the patient’s body for safer and easier procedures Ideal size for OT, ICU, emergency rooms, dental clinics, and OPD use Perfect for collecting fluids, swabs, gauze, dressings, and medical waste hygienically Helps keep surgical and treatment areas clean, organized, and contamination-free Essential tool for wound care, injections, post-operative dressing, and oral care Reusable, durable plastic construction for long-term hospital and clinic use	in_stock	https://oticamart.com/au/plastic-kidney-tray-reusable-shaped-emesis-basin-hospital-clinic-dental.html?size=12+inch	5.51 AUD				OTICA	https://oticamart.com/media/catalog/product/8/1/81bg-kavfpl._sl1500__8.jpg, https://oticamart.com/media/catalog/product/8/1/81gjueeznil._sl1500__8.jpg	new	no		12 Inch			adult		https://oticamart.com/media/catalog/product/6/1/618we72uokl._sl1500__3.jpg		Kidney Tray Plastic	yes	0
Kidney Tray Plastic-12 Inch (Pack of 1)	Plastic Kidney Tray 12 Inch Medium Reusable Shaped Emesis Basin Hospital Clinic Dental Surgical Use Pack of 1	Product Info OTICA Plastic Kidney Tray is a versatile medical accessory used across hospitals, clinics, dental labs, and emergency care settings. The 8-inch medium-sized kidney-shaped design allows the tray to rest naturally against the patient’s body, improving comfort and ease of use during procedures. It is commonly used to collect fluids, medical debris, swabs, gauze, and small instruments during surgeries, wound care, injections, and post-operative dressing. Made from reusable plastic, the tray is lightweight, easy to handle, and simple to clean. It helps maintain hygiene, keeps work areas organized, and supports efficient patient care in OT, ICU, OPD, and dental environments. &nbsp; Key Features Ergonomic kidney shape fits comfortably against the patient’s body for safer and easier procedures Ideal size for OT, ICU, emergency rooms, dental clinics, and OPD use Perfect for collecting fluids, swabs, gauze, dressings, and medical waste hygienically Helps keep surgical and treatment areas clean, organized, and contamination-free Essential tool for wound care, injections, post-operative dressing, and oral care Reusable, durable plastic construction for long-term hospital and clinic use	in_stock	https://oticamart.com/au/plastic-kidney-tray-reusable-shaped-emesis-basin-hospital-clinic-dental.html?size=12+inch	2.77 AUD				OTICA	https://oticamart.com/media/catalog/product/8/1/81bg-kavfpl._sl1500__7.jpg, https://oticamart.com/media/catalog/product/8/1/81gjueeznil._sl1500__7.jpg	new	no		12 Inch			adult		https://oticamart.com/media/catalog/product/1/2/12.jpg		Kidney Tray Plastic	yes	0
Kidney Tray Plastic-10 Inch (Pack of 4)	Plastic Kidney Tray 10 Inch Medium Reusable Shaped Emesis Basin Hospital Clinic Dental Surgical Use Pack of 4	Product Info OTICA Plastic Kidney Tray is a versatile medical accessory used across hospitals, clinics, dental labs, and emergency care settings. The 8-inch medium-sized kidney-shaped design allows the tray to rest naturally against the patient’s body, improving comfort and ease of use during procedures. It is commonly used to collect fluids, medical debris, swabs, gauze, and small instruments during surgeries, wound care, injections, and post-operative dressing. Made from reusable plastic, the tray is lightweight, easy to handle, and simple to clean. It helps maintain hygiene, keeps work areas organized, and supports efficient patient care in OT, ICU, OPD, and dental environments. &nbsp; Key Features Ergonomic kidney shape fits comfortably against the patient’s body for safer and easier procedures Ideal size for OT, ICU, emergency rooms, dental clinics, and OPD use Perfect for collecting fluids, swabs, gauze, dressings, and medical waste hygienically Helps keep surgical and treatment areas clean, organized, and contamination-free Essential tool for wound care, injections, post-operative dressing, and oral care Reusable, durable plastic construction for long-term hospital and clinic use	in_stock	https://oticamart.com/au/plastic-kidney-tray-reusable-shaped-emesis-basin-hospital-clinic-dental.html?size=10+inch	11.05 AUD				OTICA	https://oticamart.com/media/catalog/product/8/1/81bg-kavfpl._sl1500__6.jpg, https://oticamart.com/media/catalog/product/8/1/81gjueeznil._sl1500__6.jpg	new	no		10 Inch			adult		https://oticamart.com/media/catalog/product/u/n/untitled_design_7__1.png		Kidney Tray Plastic	yes	0
Kidney Tray Plastic-10 Inch (Pack of 2)	Plastic Kidney Tray 10 Inch Medium Reusable Shaped Emesis Basin Hospital Clinic Dental Surgical Use Pack of 2	Product Info OTICA Plastic Kidney Tray is a versatile medical accessory used across hospitals, clinics, dental labs, and emergency care settings. The 8-inch medium-sized kidney-shaped design allows the tray to rest naturally against the patient’s body, improving comfort and ease of use during procedures. It is commonly used to collect fluids, medical debris, swabs, gauze, and small instruments during surgeries, wound care, injections, and post-operative dressing. Made from reusable plastic, the tray is lightweight, easy to handle, and simple to clean. It helps maintain hygiene, keeps work areas organized, and supports efficient patient care in OT, ICU, OPD, and dental environments. &nbsp; Key Features Ergonomic kidney shape fits comfortably against the patient’s body for safer and easier procedures Ideal size for OT, ICU, emergency rooms, dental clinics, and OPD use Perfect for collecting fluids, swabs, gauze, dressings, and medical waste hygienically Helps keep surgical and treatment areas clean, organized, and contamination-free Essential tool for wound care, injections, post-operative dressing, and oral care Reusable, durable plastic construction for long-term hospital and clinic use	in_stock	https://oticamart.com/au/plastic-kidney-tray-reusable-shaped-emesis-basin-hospital-clinic-dental.html?size=10+inch	5.51 AUD				OTICA	https://oticamart.com/media/catalog/product/8/1/81bg-kavfpl._sl1500__5.jpg, https://oticamart.com/media/catalog/product/8/1/81gjueeznil._sl1500__5.jpg	new	no		10 Inch			adult		https://oticamart.com/media/catalog/product/6/1/618we72uokl._sl1500__2.jpg		Kidney Tray Plastic	yes	0
Kidney Tray Plastic-10 Inch (Pack of 1)	Plastic Kidney Tray 10 Inch Medium Reusable Shaped Emesis Basin Hospital Clinic Dental Surgical Use Pack of 1	Product Info OTICA Plastic Kidney Tray is a versatile medical accessory used across hospitals, clinics, dental labs, and emergency care settings. The 8-inch medium-sized kidney-shaped design allows the tray to rest naturally against the patient’s body, improving comfort and ease of use during procedures. It is commonly used to collect fluids, medical debris, swabs, gauze, and small instruments during surgeries, wound care, injections, and post-operative dressing. Made from reusable plastic, the tray is lightweight, easy to handle, and simple to clean. It helps maintain hygiene, keeps work areas organized, and supports efficient patient care in OT, ICU, OPD, and dental environments. &nbsp; Key Features Ergonomic kidney shape fits comfortably against the patient’s body for safer and easier procedures Ideal size for OT, ICU, emergency rooms, dental clinics, and OPD use Perfect for collecting fluids, swabs, gauze, dressings, and medical waste hygienically Helps keep surgical and treatment areas clean, organized, and contamination-free Essential tool for wound care, injections, post-operative dressing, and oral care Reusable, durable plastic construction for long-term hospital and clinic use	in_stock	https://oticamart.com/au/plastic-kidney-tray-reusable-shaped-emesis-basin-hospital-clinic-dental.html?size=10+inch	2.77 AUD				OTICA	https://oticamart.com/media/catalog/product/1/0/10_4.jpg, https://oticamart.com/media/catalog/product/8/1/81bg-kavfpl._sl1500__4.jpg	new	no		10 Inch			adult		https://oticamart.com/media/catalog/product/8/1/81gjueeznil._sl1500__4.jpg		Kidney Tray Plastic	yes	0
Kidney Tray Plastic-8 Inch (Pack of 4)	Plastic Kidney Tray 8 Inch Medium Reusable Shaped Emesis Basin Hospital Clinic Dental Surgical Use Pack of 4	Product Info OTICA Plastic Kidney Tray is a versatile medical accessory used across hospitals, clinics, dental labs, and emergency care settings. The 8-inch medium-sized kidney-shaped design allows the tray to rest naturally against the patient’s body, improving comfort and ease of use during procedures. It is commonly used to collect fluids, medical debris, swabs, gauze, and small instruments during surgeries, wound care, injections, and post-operative dressing. Made from reusable plastic, the tray is lightweight, easy to handle, and simple to clean. It helps maintain hygiene, keeps work areas organized, and supports efficient patient care in OT, ICU, OPD, and dental environments. &nbsp; Key Features Ergonomic kidney shape fits comfortably against the patient’s body for safer and easier procedures Ideal size for OT, ICU, emergency rooms, dental clinics, and OPD use Perfect for collecting fluids, swabs, gauze, dressings, and medical waste hygienically Helps keep surgical and treatment areas clean, organized, and contamination-free Essential tool for wound care, injections, post-operative dressing, and oral care Reusable, durable plastic construction for long-term hospital and clinic use	in_stock	https://oticamart.com/au/plastic-kidney-tray-reusable-shaped-emesis-basin-hospital-clinic-dental.html?size=8+inch	7.36 AUD				OTICA	https://oticamart.com/media/catalog/product/8/1/81bg-kavfpl._sl1500__3.jpg, https://oticamart.com/media/catalog/product/8/1/81gjueeznil._sl1500__3.jpg	new	no		8 Inch			adult		https://oticamart.com/media/catalog/product/u/n/untitled_design_7_.png		Kidney Tray Plastic	yes	0
Kidney Tray Plastic-8 Inch (Pack of 2)	Plastic Kidney Tray 8 Inch Medium Reusable Shaped Emesis Basin Hospital Clinic Dental Surgical Use Pack of 2	Product Info OTICA Plastic Kidney Tray is a versatile medical accessory used across hospitals, clinics, dental labs, and emergency care settings. The 8-inch medium-sized kidney-shaped design allows the tray to rest naturally against the patient’s body, improving comfort and ease of use during procedures. It is commonly used to collect fluids, medical debris, swabs, gauze, and small instruments during surgeries, wound care, injections, and post-operative dressing. Made from reusable plastic, the tray is lightweight, easy to handle, and simple to clean. It helps maintain hygiene, keeps work areas organized, and supports efficient patient care in OT, ICU, OPD, and dental environments. &nbsp; Key Features Ergonomic kidney shape fits comfortably against the patient’s body for safer and easier procedures Ideal size for OT, ICU, emergency rooms, dental clinics, and OPD use Perfect for collecting fluids, swabs, gauze, dressings, and medical waste hygienically Helps keep surgical and treatment areas clean, organized, and contamination-free Essential tool for wound care, injections, post-operative dressing, and oral care Reusable, durable plastic construction for long-term hospital and clinic use	in_stock	https://oticamart.com/au/plastic-kidney-tray-reusable-shaped-emesis-basin-hospital-clinic-dental.html?size=8+inch	3.67 AUD				OTICA	https://oticamart.com/media/catalog/product/8/1/81bg-kavfpl._sl1500__2.jpg, https://oticamart.com/media/catalog/product/8/1/81gjueeznil._sl1500__2.jpg	new	no		8 Inch			adult		https://oticamart.com/media/catalog/product/6/1/618we72uokl._sl1500__1.jpg		Kidney Tray Plastic	yes	0
Kidney Tray Plastic-8 Inch (Pack of 1)	Plastic Kidney Tray 8 Inch Medium Reusable Shaped Emesis Basin Hospital Clinic Dental Surgical Use Pack of 1	Product Info OTICA Plastic Kidney Tray is a versatile medical accessory used across hospitals, clinics, dental labs, and emergency care settings. The 8-inch medium-sized kidney-shaped design allows the tray to rest naturally against the patient’s body, improving comfort and ease of use during procedures. It is commonly used to collect fluids, medical debris, swabs, gauze, and small instruments during surgeries, wound care, injections, and post-operative dressing. Made from reusable plastic, the tray is lightweight, easy to handle, and simple to clean. It helps maintain hygiene, keeps work areas organized, and supports efficient patient care in OT, ICU, OPD, and dental environments. &nbsp; Key Features Ergonomic kidney shape fits comfortably against the patient’s body for safer and easier procedures Ideal size for OT, ICU, emergency rooms, dental clinics, and OPD use Perfect for collecting fluids, swabs, gauze, dressings, and medical waste hygienically Helps keep surgical and treatment areas clean, organized, and contamination-free Essential tool for wound care, injections, post-operative dressing, and oral care Reusable, durable plastic construction for long-term hospital and clinic use	in_stock	https://oticamart.com/au/plastic-kidney-tray-reusable-shaped-emesis-basin-hospital-clinic-dental.html?size=8+inch	1.84 AUD				OTICA	https://oticamart.com/media/catalog/product/8/1/81bg-kavfpl._sl1500__1.jpg, https://oticamart.com/media/catalog/product/8/1/81gjueeznil._sl1500__1.jpg	new	no		8 Inch			adult		https://oticamart.com/media/catalog/product/8/_/8_4.jpg		Kidney Tray Plastic	yes	0
OHPL Kidney Tray SS 12inch 2 unit	Stainless Steel Kidney Tray 12 Inch Reusable Shaped Emesis Basin Hospital Clinic Dental Surgical Use 2 Unit	Product Info OTICA Stainless Steel Kidney Tray is a practical and hygienic medical accessory used across surgical, dental, and healthcare environments. The kidney-shaped design allows the tray to rest comfortably against the patient’s body, improving ease of use during procedures. Commonly used to collect fluids, medical debris, instruments, and soiled dressings, it supports clean and organized workflow. Crafted from reusable stainless steel, the tray is easy to clean, resistant to corrosion, and suitable for repeated use. Its ergonomic form ensures safe handling, making it ideal for hospitals, clinics, dental labs, and general patient care. &nbsp; Key Features Kidney-shaped ergonomic design Used for fluid collection during procedures Suitable for holding medical instruments Useful in dental clinics and labs Easy to handle and carry Ideal for collecting soiled dressings	in_stock	https://oticamart.com/au/stainless-steel-kidney-tray-reusable-shaped-emesis-basin-hospital-clinic-4.html?size=12+inch	6.25 AUD				OTICA	https://oticamart.com/media/catalog/product/8/1/81x0wygnpjl._sl1500__1_2.jpg, https://oticamart.com/media/catalog/product/9/1/918vxioolsl._sl1500__2.jpg, https://oticamart.com/media/catalog/product/8/1/81djdijugnl._sl1500__1_2.jpg, https://oticamart.com/media/catalog/product/8/1/81fth7rlydl._sl1500__1.jpg	new	no		12 Inch			adult		https://oticamart.com/media/catalog/product/7/1/71w5yb2_9nl._sl1500__3.jpg		OHPL Kidney Tray SS 12inch 2 unit	yes	0
OHPL Kidney Tray SS 10inch 2 unit	Stainless Steel Kidney Tray 10 Inch Reusable Shaped Emesis Basin Hospital Clinic Dental Surgical Use 2 Unit	Product Info OTICA Stainless Steel Kidney Tray is a practical and hygienic medical accessory used across surgical, dental, and healthcare environments. The kidney-shaped design allows the tray to rest comfortably against the patient’s body, improving ease of use during procedures. Commonly used to collect fluids, medical debris, instruments, and soiled dressings, it supports clean and organized workflow. Crafted from reusable stainless steel, the tray is easy to clean, resistant to corrosion, and suitable for repeated use. Its ergonomic form ensures safe handling, making it ideal for hospitals, clinics, dental labs, and general patient care. &nbsp; Key Features Kidney-shaped ergonomic design Used for fluid collection during procedures Suitable for holding medical instruments Useful in dental clinics and labs Easy to handle and carry Ideal for collecting soiled dressings	in_stock	https://oticamart.com/au/stainless-steel-kidney-tray-reusable-shaped-emesis-basin-hospital-clinic-3.html?size=10+inch	6.25 AUD				OTICA	https://oticamart.com/media/catalog/product/8/1/81zactuhygl._sl1500_.jpg, https://oticamart.com/media/catalog/product/8/1/81x0wygnpjl._sl1500__1_1.jpg, https://oticamart.com/media/catalog/product/8/1/81djdijugnl._sl1500__1_1.jpg, https://oticamart.com/media/catalog/product/9/1/918vxioolsl._sl1500__1.jpg	new	no		10 Inch			adult		https://oticamart.com/media/catalog/product/7/1/71w5yb2_9nl._sl1500__2.jpg		OHPL Kidney Tray SS 10inch 2 unit	yes	0
OHPL Kidney Tray SS 08inch 2 unit	Stainless Steel Kidney Tray 8 Inch Reusable Shaped Emesis Basin Hospital Clinic Dental Surgical Use 2 Unit	Product Info OTICA Stainless Steel Kidney Tray is a practical and hygienic medical accessory used across surgical, dental, and healthcare environments. The kidney-shaped design allows the tray to rest comfortably against the patient’s body, improving ease of use during procedures. Commonly used to collect fluids, medical debris, instruments, and soiled dressings, it supports clean and organized workflow. Crafted from reusable stainless steel, the tray is easy to clean, resistant to corrosion, and suitable for repeated use. Its ergonomic form ensures safe handling, making it ideal for hospitals, clinics, dental labs, and general patient care. &nbsp; Key Features Kidney-shaped ergonomic design Used for fluid collection during procedures Suitable for holding medical instruments Useful in dental clinics and labs Easy to handle and carry Ideal for collecting soiled dressings	in_stock	https://oticamart.com/au/stainless-steel-kidney-tray-reusable-shaped-emesis-basin-hospital-clinic-2.html?size=8+inch	6.25 AUD				OTICA	https://oticamart.com/media/catalog/product/9/1/91uz9--xo9l._sl1500_.jpg, https://oticamart.com/media/catalog/product/8/1/81tv3so5c9l._sl1500_.jpg, https://oticamart.com/media/catalog/product/8/1/81djdijugnl._sl1500__1.jpg, https://oticamart.com/media/catalog/product/8/1/81x0wygnpjl._sl1500__1.jpg	new	no		8 Inch			adult		https://oticamart.com/media/catalog/product/7/1/71w5yb2_9nl._sl1500__1.jpg		OHPL Kidney Tray SS 08inch 2 unit	yes	0
Green Plain Sheet-54" x 120"	Surgical OT Plain Cotton Sheet 54" x 120" Green Lint Free High Absorbency Reusable Autoclavable	Product Info OTICA Surgical OT Plain Sheets are crafted to meet the strict hygiene and performance standards of medical environments. Manufactured from premium surgical-grade cotton, these towels deliver excellent absorbency while remaining soft and non-irritating to the skin. The lint-free finish minimizes contamination risk during surgeries and wound care procedures. Designed for repeated use, they withstand multiple washes and autoclave sterilization cycles without losing strength or absorbency. Suitable for operating rooms, clinics, and general patient care, these reusable towels provide reliable performance, hygiene assurance, and cost-effective utility for healthcare facilities. &nbsp; Key Features 100% pure surgical-grade cotton material High absorbency for effective fluid control Suitable for wound dressing applications Reusable for long-term medical use Autoclavable for safe sterilization Non-irritating and skin-friendly	in_stock	https://oticamart.com/au/surgical-ot-plain-sheet-premium-cotton-towels-lint-free-high-7.html?size=54%22+x+120%22	11.05 AUD				OTICA	https://oticamart.com/media/catalog/product/5/1/51og45sl_xl_6.jpg, https://oticamart.com/media/catalog/product/5/1/51nezbq4zbl_6.jpg, https://oticamart.com/media/catalog/product/5/1/51dc9g6e61l_6.jpg, https://oticamart.com/media/catalog/product/4/1/41fougnhhil_6.jpg	new	no		54" x 120"			adult		https://oticamart.com/media/catalog/product/4/1/41gqhoaxfwl_6.jpg		Green Plain Sheet	yes	0
Green Plain Sheet-54" x 100"	Surgical OT Plain Cotton Sheet 54" x 100" Green Lint Free High Absorbency Reusable Autoclavable	Product Info OTICA Surgical OT Plain Sheets are crafted to meet the strict hygiene and performance standards of medical environments. Manufactured from premium surgical-grade cotton, these towels deliver excellent absorbency while remaining soft and non-irritating to the skin. The lint-free finish minimizes contamination risk during surgeries and wound care procedures. Designed for repeated use, they withstand multiple washes and autoclave sterilization cycles without losing strength or absorbency. Suitable for operating rooms, clinics, and general patient care, these reusable towels provide reliable performance, hygiene assurance, and cost-effective utility for healthcare facilities. &nbsp; Key Features 100% pure surgical-grade cotton material High absorbency for effective fluid control Suitable for wound dressing applications Reusable for long-term medical use Autoclavable for safe sterilization Non-irritating and skin-friendly	in_stock	https://oticamart.com/au/surgical-ot-plain-sheet-premium-cotton-towels-lint-free-high-7.html?size=54%22+x+100%22	9.76 AUD				OTICA	https://oticamart.com/media/catalog/product/5/1/51og45sl_xl_5.jpg, https://oticamart.com/media/catalog/product/5/1/51nezbq4zbl_5.jpg, https://oticamart.com/media/catalog/product/5/1/51dc9g6e61l_5.jpg, https://oticamart.com/media/catalog/product/4/1/41fougnhhil_5.jpg	new	no		54" x 100"			adult		https://oticamart.com/media/catalog/product/4/1/41gqhoaxfwl_5.jpg		Green Plain Sheet	yes	0
Green Plain Sheet-54" x 80"	Surgical OT Plain Cotton Sheet 54" x 80" Green Lint Free High Absorbency Reusable Autoclavable	Product Info OTICA Surgical OT Plain Sheets are crafted to meet the strict hygiene and performance standards of medical environments. Manufactured from premium surgical-grade cotton, these towels deliver excellent absorbency while remaining soft and non-irritating to the skin. The lint-free finish minimizes contamination risk during surgeries and wound care procedures. Designed for repeated use, they withstand multiple washes and autoclave sterilization cycles without losing strength or absorbency. Suitable for operating rooms, clinics, and general patient care, these reusable towels provide reliable performance, hygiene assurance, and cost-effective utility for healthcare facilities. &nbsp; Key Features 100% pure surgical-grade cotton material High absorbency for effective fluid control Suitable for wound dressing applications Reusable for long-term medical use Autoclavable for safe sterilization Non-irritating and skin-friendly	in_stock	https://oticamart.com/au/surgical-ot-plain-sheet-premium-cotton-towels-lint-free-high-7.html?size=54%22+x+80%22	8.28 AUD				OTICA	https://oticamart.com/media/catalog/product/5/1/51og45sl_xl_4.jpg, https://oticamart.com/media/catalog/product/5/1/51dc9g6e61l_4.jpg, https://oticamart.com/media/catalog/product/4/1/41fougnhhil_4.jpg, https://oticamart.com/media/catalog/product/5/1/51nezbq4zbl_4.jpg	new	no		54" x 80"			adult		https://oticamart.com/media/catalog/product/4/1/41gqhoaxfwl_4.jpg		Green Plain Sheet	yes	0
Green Plain Sheet-54" x 54"	Surgical OT Plain Cotton Sheet 54" x 54" Green Lint Free High Absorbency Reusable Autoclavable	Product Info OTICA Surgical OT Plain Sheets are crafted to meet the strict hygiene and performance standards of medical environments. Manufactured from premium surgical-grade cotton, these towels deliver excellent absorbency while remaining soft and non-irritating to the skin. The lint-free finish minimizes contamination risk during surgeries and wound care procedures. Designed for repeated use, they withstand multiple washes and autoclave sterilization cycles without losing strength or absorbency. Suitable for operating rooms, clinics, and general patient care, these reusable towels provide reliable performance, hygiene assurance, and cost-effective utility for healthcare facilities. &nbsp; Key Features 100% pure surgical-grade cotton material High absorbency for effective fluid control Suitable for wound dressing applications Reusable for long-term medical use Autoclavable for safe sterilization Non-irritating and skin-friendly	in_stock	https://oticamart.com/au/surgical-ot-plain-sheet-premium-cotton-towels-lint-free-high-7.html?size=54%22+x+54%22	7.10 AUD				OTICA	https://oticamart.com/media/catalog/product/5/1/51og45sl_xl_3.jpg, https://oticamart.com/media/catalog/product/4/1/41fougnhhil_3.jpg, https://oticamart.com/media/catalog/product/5/1/51dc9g6e61l_3.jpg, https://oticamart.com/media/catalog/product/5/1/51nezbq4zbl_3.jpg	new	no		54" x 54"			adult		https://oticamart.com/media/catalog/product/4/1/41gqhoaxfwl_3.jpg		Green Plain Sheet	yes	0
Green Plain Sheet-36" x 54"	Surgical OT Plain Cotton Sheet 36" x 54" Green Lint Free High Absorbency Reusable Autoclavable	Product Info OTICA Surgical OT Plain Sheets are crafted to meet the strict hygiene and performance standards of medical environments. Manufactured from premium surgical-grade cotton, these towels deliver excellent absorbency while remaining soft and non-irritating to the skin. The lint-free finish minimizes contamination risk during surgeries and wound care procedures. Designed for repeated use, they withstand multiple washes and autoclave sterilization cycles without losing strength or absorbency. Suitable for operating rooms, clinics, and general patient care, these reusable towels provide reliable performance, hygiene assurance, and cost-effective utility for healthcare facilities. &nbsp; Key Features 100% pure surgical-grade cotton material High absorbency for effective fluid control Suitable for wound dressing applications Reusable for long-term medical use Autoclavable for safe sterilization Non-irritating and skin-friendly	in_stock	https://oticamart.com/au/surgical-ot-plain-sheet-premium-cotton-towels-lint-free-high-7.html?size=36%22+x+54%22	5.51 AUD				OTICA	https://oticamart.com/media/catalog/product/5/1/51og45sl_xl_2.jpg, https://oticamart.com/media/catalog/product/4/1/41fougnhhil_2.jpg, https://oticamart.com/media/catalog/product/5/1/51nezbq4zbl_2.jpg, https://oticamart.com/media/catalog/product/5/1/51dc9g6e61l_2.jpg	new	no		36" x 54"			adult		https://oticamart.com/media/catalog/product/4/1/41gqhoaxfwl_2.jpg		Green Plain Sheet	yes	0
Green Plain Sheet-36" x 36"	Surgical OT Plain Cotton Sheet 36" x 36" Green Lint Free High Absorbency Reusable Autoclavable	Product Info OTICA Surgical OT Plain Sheets are crafted to meet the strict hygiene and performance standards of medical environments. Manufactured from premium surgical-grade cotton, these towels deliver excellent absorbency while remaining soft and non-irritating to the skin. The lint-free finish minimizes contamination risk during surgeries and wound care procedures. Designed for repeated use, they withstand multiple washes and autoclave sterilization cycles without losing strength or absorbency. Suitable for operating rooms, clinics, and general patient care, these reusable towels provide reliable performance, hygiene assurance, and cost-effective utility for healthcare facilities. &nbsp; Key Features 100% pure surgical-grade cotton material High absorbency for effective fluid control Suitable for wound dressing applications Reusable for long-term medical use Autoclavable for safe sterilization Non-irritating and skin-friendly	in_stock	https://oticamart.com/au/surgical-ot-plain-sheet-premium-cotton-towels-lint-free-high-7.html?size=36%22+x+36%22	5.15 AUD				OTICA	https://oticamart.com/media/catalog/product/5/1/51nezbq4zbl_1.jpg, https://oticamart.com/media/catalog/product/5/1/51dc9g6e61l_1.jpg, https://oticamart.com/media/catalog/product/4/1/41fougnhhil_1.jpg, https://oticamart.com/media/catalog/product/5/1/51og45sl_xl_1.jpg	new	no		36" x 36"			adult		https://oticamart.com/media/catalog/product/4/1/41gqhoaxfwl_1.jpg		Green Plain Sheet	yes	0
Hole Sheet-54" x 120"	Surgical OT Hole Cotton Sheet 54" x 120" Lint Free High Absorbency Reusable Autoclavable	Product Info OTICA Surgical OT Hole Premium Cotton Towels are crafted to meet the hygiene and performance demands of modern medical environments. Manufactured from high-quality surgical-grade cotton, these towels offer excellent absorbency while remaining soft and gentle on sensitive skin. The lint-free processing minimizes contamination risk during surgical and wound care procedures. Featuring a precision-cut central hole, they provide controlled access to the operative area, improving procedural efficiency. Fully autoclavable and reusable, these towels withstand repeated sterilization cycles without compromising integrity. Suitable for operating theatres, clinics, hospitals, and patient care settings. &nbsp; Key Features 100% pure surgical-grade cotton material High absorbency for effective fluid control Suitable for wound care and patient care Maintains softness after multiple washes Durable stitching for repeated use Non-irritating and skin-friendly	in_stock	https://oticamart.com/au/surgical-ot-hole-premium-cotton-towels-lint-free-high-absorbency-7.html?size=54%22+x+120%22	11.60 AUD				OTICA	https://oticamart.com/media/catalog/product/5/1/51t69mchral_5.jpg, https://oticamart.com/media/catalog/product/5/1/51huuhyulhl_5.jpg, https://oticamart.com/media/catalog/product/5/1/51uujynxitl_5.jpg, https://oticamart.com/media/catalog/product/5/1/5144ljktwxl_5.jpg, https://oticamart.com/media/catalog/product/4/1/414t9y70f6l_5.jpg, https://oticamart.com/media/catalog/product/6/1/61fc18chk1l_5.jpg, https://oticamart.com/media/catalog/product/5/1/51gz90dival_5.jpg, https://oticamart.com/media/catalog/product/5/1/51k-rawp5ll_5.jpg	new	no		54" x 120"			adult		https://oticamart.com/media/catalog/product/3/1/314ulyjhowl_1__5.jpg		Hole Sheet	yes	0
Hole Sheet-54" x 80"	Surgical OT Hole Cotton Sheet 54" x 80" Lint Free High Absorbency Reusable Autoclavable	Product Info OTICA Surgical OT Hole Premium Cotton Towels are crafted to meet the hygiene and performance demands of modern medical environments. Manufactured from high-quality surgical-grade cotton, these towels offer excellent absorbency while remaining soft and gentle on sensitive skin. The lint-free processing minimizes contamination risk during surgical and wound care procedures. Featuring a precision-cut central hole, they provide controlled access to the operative area, improving procedural efficiency. Fully autoclavable and reusable, these towels withstand repeated sterilization cycles without compromising integrity. Suitable for operating theatres, clinics, hospitals, and patient care settings. &nbsp; Key Features 100% pure surgical-grade cotton material High absorbency for effective fluid control Suitable for wound care and patient care Maintains softness after multiple washes Durable stitching for repeated use Non-irritating and skin-friendly	in_stock	https://oticamart.com/au/surgical-ot-hole-premium-cotton-towels-lint-free-high-absorbency-7.html?size=54%22+x+80%22	10.49 AUD				OTICA	https://oticamart.com/media/catalog/product/5/1/51huuhyulhl_3.jpg, https://oticamart.com/media/catalog/product/5/1/51t69mchral_3.jpg, https://oticamart.com/media/catalog/product/5/1/51gz90dival_3.jpg, https://oticamart.com/media/catalog/product/5/1/5144ljktwxl_3.jpg, https://oticamart.com/media/catalog/product/5/1/51k-rawp5ll_3.jpg, https://oticamart.com/media/catalog/product/4/1/414t9y70f6l_3.jpg, https://oticamart.com/media/catalog/product/5/1/51uujynxitl_3.jpg, https://oticamart.com/media/catalog/product/6/1/61fc18chk1l_3.jpg	new	no		54" x 80"			adult		https://oticamart.com/media/catalog/product/3/1/314ulyjhowl_1__3.jpg		Hole Sheet	yes	0
Hole Sheet-54" x 100"	Surgical OT Hole Cotton Sheet 54" x 100" Lint Free High Absorbency Reusable Autoclavable	Product Info OTICA Surgical OT Hole Premium Cotton Towels are crafted to meet the hygiene and performance demands of modern medical environments. Manufactured from high-quality surgical-grade cotton, these towels offer excellent absorbency while remaining soft and gentle on sensitive skin. The lint-free processing minimizes contamination risk during surgical and wound care procedures. Featuring a precision-cut central hole, they provide controlled access to the operative area, improving procedural efficiency. Fully autoclavable and reusable, these towels withstand repeated sterilization cycles without compromising integrity. Suitable for operating theatres, clinics, hospitals, and patient care settings. &nbsp; Key Features 100% pure surgical-grade cotton material High absorbency for effective fluid control Suitable for wound care and patient care Maintains softness after multiple washes Durable stitching for repeated use Non-irritating and skin-friendly	in_stock	https://oticamart.com/au/surgical-ot-hole-premium-cotton-towels-lint-free-high-absorbency-7.html?size=54%22+x+100%22	8.83 AUD				OTICA	https://oticamart.com/media/catalog/product/5/1/51huuhyulhl_4.jpg, https://oticamart.com/media/catalog/product/5/1/51t69mchral_4.jpg, https://oticamart.com/media/catalog/product/6/1/61fc18chk1l_4.jpg, https://oticamart.com/media/catalog/product/5/1/51gz90dival_4.jpg, https://oticamart.com/media/catalog/product/5/1/5144ljktwxl_4.jpg, https://oticamart.com/media/catalog/product/4/1/414t9y70f6l_4.jpg, https://oticamart.com/media/catalog/product/5/1/51uujynxitl_4.jpg, https://oticamart.com/media/catalog/product/5/1/51k-rawp5ll_4.jpg	new	no		54" x 100"			adult		https://oticamart.com/media/catalog/product/3/1/314ulyjhowl_1__4.jpg		Hole Sheet	yes	0
Hole Sheet-54" x 54"	Surgical OT Hole Cotton Sheet 54" x 54" Lint Free High Absorbency Reusable Autoclavable	Product Info OTICA Surgical OT Hole Premium Cotton Towels are crafted to meet the hygiene and performance demands of modern medical environments. Manufactured from high-quality surgical-grade cotton, these towels offer excellent absorbency while remaining soft and gentle on sensitive skin. The lint-free processing minimizes contamination risk during surgical and wound care procedures. Featuring a precision-cut central hole, they provide controlled access to the operative area, improving procedural efficiency. Fully autoclavable and reusable, these towels withstand repeated sterilization cycles without compromising integrity. Suitable for operating theatres, clinics, hospitals, and patient care settings. &nbsp; Key Features 100% pure surgical-grade cotton material High absorbency for effective fluid control Suitable for wound care and patient care Maintains softness after multiple washes Durable stitching for repeated use Non-irritating and skin-friendly	in_stock	https://oticamart.com/au/surgical-ot-hole-premium-cotton-towels-lint-free-high-absorbency-7.html?size=54%22+x+54%22	7.73 AUD				OTICA	https://oticamart.com/media/catalog/product/5/1/51huuhyulhl_2.jpg, https://oticamart.com/media/catalog/product/5/1/51t69mchral_2.jpg, https://oticamart.com/media/catalog/product/5/1/51uujynxitl_2.jpg, https://oticamart.com/media/catalog/product/5/1/51gz90dival_2.jpg, https://oticamart.com/media/catalog/product/5/1/51k-rawp5ll_2.jpg, https://oticamart.com/media/catalog/product/4/1/414t9y70f6l_2.jpg, https://oticamart.com/media/catalog/product/6/1/61fc18chk1l_2.jpg, https://oticamart.com/media/catalog/product/5/1/5144ljktwxl_2.jpg	new	no		54" x 54"			adult		https://oticamart.com/media/catalog/product/3/1/314ulyjhowl_1__2.jpg		Hole Sheet	yes	0
Hole Sheet-36" x 54"	Surgical OT Hole Cotton Sheet 36" x 54" Lint Free High Absorbency Reusable Autoclavable	Product Info OTICA Surgical OT Hole Premium Cotton Towels are crafted to meet the hygiene and performance demands of modern medical environments. Manufactured from high-quality surgical-grade cotton, these towels offer excellent absorbency while remaining soft and gentle on sensitive skin. The lint-free processing minimizes contamination risk during surgical and wound care procedures. Featuring a precision-cut central hole, they provide controlled access to the operative area, improving procedural efficiency. Fully autoclavable and reusable, these towels withstand repeated sterilization cycles without compromising integrity. Suitable for operating theatres, clinics, hospitals, and patient care settings. &nbsp; Key Features 100% pure surgical-grade cotton material High absorbency for effective fluid control Suitable for wound care and patient care Maintains softness after multiple washes Durable stitching for repeated use Non-irritating and skin-friendly	in_stock	https://oticamart.com/au/surgical-ot-hole-premium-cotton-towels-lint-free-high-absorbency-7.html?size=36%22+x+54%22	6.07 AUD				OTICA	https://oticamart.com/media/catalog/product/3/1/314ulyjhowl_1__1.jpg, https://oticamart.com/media/catalog/product/5/1/51huuhyulhl_1.jpg, https://oticamart.com/media/catalog/product/5/1/51k-rawp5ll_1.jpg, https://oticamart.com/media/catalog/product/5/1/51uujynxitl_1.jpg, https://oticamart.com/media/catalog/product/5/1/51t69mchral_1.jpg, https://oticamart.com/media/catalog/product/5/1/5144ljktwxl_1.jpg, https://oticamart.com/media/catalog/product/5/1/51gz90dival_1.jpg, https://oticamart.com/media/catalog/product/4/1/414t9y70f6l_1.jpg, https://oticamart.com/media/catalog/product/6/1/61fc18chk1l_1.jpg	new	no		36" x 54"			adult		https://oticamart.com/media/catalog/product		Hole Sheet	yes	0
Hole Sheet-36" x 36"	Surgical OT Hole Cotton Sheet 36" x 36" Lint Free High Absorbency Reusable Autoclavable	Product Info OTICA Surgical OT Hole Premium Cotton Towels are crafted to meet the hygiene and performance demands of modern medical environments. Manufactured from high-quality surgical-grade cotton, these towels offer excellent absorbency while remaining soft and gentle on sensitive skin. The lint-free processing minimizes contamination risk during surgical and wound care procedures. Featuring a precision-cut central hole, they provide controlled access to the operative area, improving procedural efficiency. Fully autoclavable and reusable, these towels withstand repeated sterilization cycles without compromising integrity. Suitable for operating theatres, clinics, hospitals, and patient care settings. &nbsp; Key Features 100% pure surgical-grade cotton material High absorbency for effective fluid control Suitable for wound care and patient care Maintains softness after multiple washes Durable stitching for repeated use Non-irritating and skin-friendly	in_stock	https://oticamart.com/au/surgical-ot-hole-premium-cotton-towels-lint-free-high-absorbency-7.html?size=36%22+x+36%22	5.51 AUD				OTICA	https://oticamart.com/media/catalog/product/4/1/414t9y70f6l.jpg, https://oticamart.com/media/catalog/product/5/1/51huuhyulhl.jpg, https://oticamart.com/media/catalog/product/5/1/51k-rawp5ll.jpg, https://oticamart.com/media/catalog/product/5/1/51t69mchral.jpg, https://oticamart.com/media/catalog/product/5/1/51uujynxitl.jpg, https://oticamart.com/media/catalog/product/5/1/51gz90dival.jpg, https://oticamart.com/media/catalog/product/6/1/61fc18chk1l.jpg, https://oticamart.com/media/catalog/product/5/1/5144ljktwxl.jpg	new	no		36" x 36"			adult		https://oticamart.com/media/catalog/product/3/1/314ulyjhowl_1_.jpg		Hole Sheet	yes	0
Guidel airway OHPL	Easy Cleaning Guedel Airway Set of 8 Smooth Oropharyngeal Airways for Emergency and Clinical Use	Product Info The OTICA Easy Cleaning Guedel Airway Box is a practical and reliable solution for airway management in clinical and emergency settings. This set includes 8 Guedel airways designed to help maintain a clear airway path during procedures requiring airway support. Each airway features a smooth surface that allows easy insertion, removal, and cleaning, supporting patient comfort and hygiene. Manufactured from durable material, these airways are suitable for repeated use in hospitals, clinics, ambulances, and emergency care environments. The sturdy storage box ensures all sizes remain organized, protected, and immediately ready for use, making it ideal for both routine practice and emergency preparedness. &nbsp; Key Features Includes 8 Guedel airways for versatile airway management needs Designed for easy insertion, removal, and patient comfort Suitable for emergency and routine medical procedures Suitable for emergency and routine medical procedures Keeps airways protected, sorted, and ready to use Ideal for hospitals, clinics, ambulances, and emergency kits	in_stock	https://oticamart.com/au/easy-cleaning-guedel-airway-box-set-8-smooth-path-oropharyngeal.html	8.37 AUD				OTICA	https://oticamart.com/media/catalog/product/8/1/81dlzty4mdl._sl1500_.jpg, https://oticamart.com/media/catalog/product/7/1/71zhemasjul._sl1500_.jpg, https://oticamart.com/media/catalog/product/7/1/71rdwosi--l._sl1500_.jpg, https://oticamart.com/media/catalog/product/7/1/71h4xjkf5xl._sl1500_.jpg	new	no					adult		https://oticamart.com/media/catalog/product/n/a/nasal_wash_5_.png		Guidel airway OHPL	yes	0
jal neti salt jar 3-jar OHPL	Jal Neti Salt 385g Jar with Spoon Pure Additive-Free Ayurvedic Sinus Rinse (Pack of 3)	Product Info OTICA Jal Neti Pots Salt is specially formulated for safe and effective nasal irrigation and sinus rinsing. Manufactured using pharmaceutical-grade non-iodized sodium chloride with over 99% purity, this salt contains no iodine, preservatives, or anti-caking agents that may irritate sensitive nasal tissues. A gentle saline rinse helps flush out mucus, dust, and allergens, supporting clear nasal passages and natural breathing comfort. Each pack includes a dedicated measuring spoon to ensure the correct dosage—approximately 5 g mixed with 500 ml of warm, sterilized water—to create an ideal isotonic saline solution. Rooted in the Ayurvedic practice of Jala Neti, this additive-free formulation is made in India under strict quality control for safe, daily nasal cleansing with all Neti pots and nasal irrigation devices. &nbsp; Key Features Made with &gt;99% pure sodium chloride for safe nasal cleansing Contains no iodine, preservatives, or anti-caking agents Helps flush out mucus, dust, and allergens naturally Dissolves fully in warm water without residue or burning sensation Works with all Neti pots and nasal irrigation devices Ensures correct saline ratio for isotonic solution	in_stock	https://oticamart.com/au/jal-neti-pots-salt-385g-spoon-pharmaceutical-grade-non-iodized-3.html	11.14 AUD				OTICA	https://oticamart.com/media/catalog/product/5/1/518_9iphral_1.jpg, https://oticamart.com/media/catalog/product/5/1/516lle6oall_1.jpg, https://oticamart.com/media/catalog/product/5/1/51ojs3y3uxl_1_1.jpg, https://oticamart.com/media/catalog/product/5/1/51axhhk12yl_1.jpg, https://oticamart.com/media/catalog/product/6/1/610tyykhbhl_1_1.jpg, https://oticamart.com/media/catalog/product/6/1/61xw5icw5al_1_1.jpg	new	no					adult		https://oticamart.com/media/catalog/product/5/1/51opdfm8eql_2.jpg		jal neti salt jar	yes	0
jal neti salt jar 1-jar OHPL	Jal Neti Salt 385g Jar with Spoon Pure Additive-Free Ayurvedic Sinus Rinse (Pack of 1)	Product Info OTICA Jal Neti Pots Salt is specially formulated for safe and effective nasal irrigation and sinus rinsing. Manufactured using pharmaceutical-grade non-iodized sodium chloride with over 99% purity, this salt contains no iodine, preservatives, or anti-caking agents that may irritate sensitive nasal tissues. A gentle saline rinse helps flush out mucus, dust, and allergens, supporting clear nasal passages and natural breathing comfort. Each pack includes a dedicated measuring spoon to ensure the correct dosage—approximately 5 g mixed with 500 ml of warm, sterilized water—to create an ideal isotonic saline solution. Rooted in the Ayurvedic practice of Jala Neti, this additive-free formulation is made in India under strict quality control for safe, daily nasal cleansing with all Neti pots and nasal irrigation devices. &nbsp; Key Features Made with &gt;99% pure sodium chloride for safe nasal cleansing Contains no iodine, preservatives, or anti-caking agents Helps flush out mucus, dust, and allergens naturally Dissolves fully in warm water without residue or burning sensation Works with all Neti pots and nasal irrigation devices Ensures correct saline ratio for isotonic solution	in_stock	https://oticamart.com/au/jal-neti-pots-salt-385g-spoon-pharmaceutical-grade-non-iodized-3.html	4.41 AUD				OTICA	https://oticamart.com/media/catalog/product/5/1/516lle6oall_2.jpg, https://oticamart.com/media/catalog/product/5/1/518_9iphral_2.jpg, https://oticamart.com/media/catalog/product/5/1/51ojs3y3uxl_2.jpg, https://oticamart.com/media/catalog/product/5/1/51axhhk12yl_2.jpg, https://oticamart.com/media/catalog/product/6/1/610tyykhbhl_2.jpg, https://oticamart.com/media/catalog/product/6/1/61xw5icw5al_2.jpg	new	no					adult		https://oticamart.com/media/catalog/product/7/1/71uwgpted7l._sl1500__1.jpg		jal neti salt jar	yes	0
Jal Neti Pots Salt sachets-50	Jal Neti Salt Sachets 5g x 50 Pure Additive-Free Ayurvedic Nasal Cleansing Salt (Non-Iodized, External Use)	Product Info OTICA Jal Neti Pots Salt is carefully prepared for safe and effective nasal irrigation. Intended strictly for external use, this non-edible saline powder is designed for Jala Neti practices using all standard Neti pots. Each sachet contains 5 g of fine-grain salt that dissolves quickly in lukewarm water, ensuring a smooth and comfortable nasal rinse. The formulation is free from fragrances, anti-caking agents, and preservatives, making it gentle on nasal membranes. Hygienically packed and clearly labeled to prevent misuse, this product supports regular nasal cleansing routines while maintaining safety and clarity of use. Not suitable for cooking or oral consumption. &nbsp; Key Features Specially formulated for nasal irrigation Designed for Jala Neti practice Compatible with all Neti pots Fine-grain texture for quick dissolving Dissolves easily in lukewarm water Hygienic individual sachet packaging	in_stock	https://oticamart.com/au/jal-neti-pots-salt-nasal-cleansing-5g-50-sachet.html	6.07 AUD				OTICA	https://oticamart.com/media/catalog/product/5/1/513syp6fwhl.jpg, https://oticamart.com/media/catalog/product/5/1/51ojs3y3uxl.jpg, https://oticamart.com/media/catalog/product/6/1/61xw5icw5al.jpg, https://oticamart.com/media/catalog/product/6/1/61vqulcdoml.jpg, https://oticamart.com/media/catalog/product/5/1/51tawqixf7l.jpg, https://oticamart.com/media/catalog/product/6/1/61st1pefbrl.jpg, https://oticamart.com/media/catalog/product/6/1/610tyykhbhl.jpg, https://oticamart.com/media/catalog/product/5/1/51v7vr1a-pl.jpg	new	no					adult		https://oticamart.com/media/catalog/product/5/1/51z2ldgwfgl.jpg		Jal Neti Pots Salt sachets-50	yes	0
New Soft Stretcher Heavy Duty Neon Green	Heavy Duty Foldable Soft Stretcher Medical Use Portable Waterproof Patient Emergency Transport Carry Bag Support Upto 130kg Weight-Neon Green	Product Info The OTICA Heavy Duty Foldable Soft Stretcher is built for demanding medical and emergency patient transport. Constructed using premium double-layer reinforced Oxford fabric, it offers enhanced strength, durability, and long-term reliability. The stretcher safely supports patients weighing up to 130 kg and features a full-size surface of&nbsp;180 × 75 × 1 cm, providing stable support during transfers. Waterproof and stain-resistant material allows easy cleaning and improved hygiene. Twelve non-slip handles ensure firm grip and balanced lifting, while two adjustable safety belts help keep the patient securely positioned. Lightweight and foldable, it includes a compact carry bag for convenient storage and rapid response use in ambulances, hospitals, rescue operations, and home emergencies. &nbsp; Key Features Heavy duty foldable soft stretcher Double-layer reinforced Oxford fabric Supports patient weight up to 130 kg Full stretcher size 180 × 75 × 1 cm Waterproof and stain-resistant material Two adjustable patient safety belts	in_stock	https://oticamart.com/au/heavy-duty-foldable-soft-stretcher-medical-use-portable-waterproof-patient-5.html?color=green	36.70 AUD				OTICA	https://oticamart.com/media/catalog/product/8/1/81jze84rcql._sl1500_.jpg, https://oticamart.com/media/catalog/product/7/1/71pyzlqdhcl._sl1500_.jpg, https://oticamart.com/media/catalog/product/8/1/81lgpgmq3ol._sl1500_.jpg, https://oticamart.com/media/catalog/product/9/1/91lh7knw5sl._sl1500_.jpg, https://oticamart.com/media/catalog/product/7/1/71dielar8il._sl1500_.jpg, https://oticamart.com/media/catalog/product/7/1/71n4nowhqbl._sl1500_.jpg	new	no				green	adult		https://oticamart.com/media/catalog/product/7/1/71xdoxh9z4l._sl1500_.jpg		New Soft Stretcher Heavy Duty	yes	0
New Soft Stretcher Heavy Duty Blue	Heavy Duty Foldable Soft Medical Stretcher with Carry Bag 130kg Capacity Waterproof Blue	Product Info The OTICA Heavy Duty Foldable Soft Stretcher is built for demanding medical and emergency patient transport. Constructed using premium double-layer reinforced Oxford fabric, it offers enhanced strength, durability, and long-term reliability. The stretcher safely supports patients weighing up to 130 kg and features a full-size surface of&nbsp;180 × 75 × 1 cm, providing stable support during transfers. Waterproof and stain-resistant material allows easy cleaning and improved hygiene. Twelve non-slip handles ensure firm grip and balanced lifting, while two adjustable safety belts help keep the patient securely positioned. Lightweight and foldable, it includes a compact carry bag for convenient storage and rapid response use in ambulances, hospitals, rescue operations, and home emergencies. &nbsp; Key Features Heavy duty foldable soft stretcher Double-layer reinforced Oxford fabric Supports patient weight up to 130 kg Full stretcher size 180 × 75 × 1 cm Waterproof and stain-resistant material Two adjustable patient safety belts	in_stock	https://oticamart.com/au/heavy-duty-foldable-soft-stretcher-medical-use-portable-waterproof-patient-5.html?color=blue	36.70 AUD				OTICA		new	no				blue	adult		https://oticamart.com/media/catalog/product/1/9/1990.jpg		New Soft Stretcher Heavy Duty	yes	0
New Soft Stretcher Heavy Duty Orange	Heavy Duty Foldable Soft Medical Stretcher with Carry Bag 130kg Capacity Waterproof Orange	Product Info The OTICA Heavy Duty Foldable Soft Stretcher is built for demanding medical and emergency patient transport. Constructed using premium double-layer reinforced Oxford fabric, it offers enhanced strength, durability, and long-term reliability. The stretcher safely supports patients weighing up to 130 kg and features a full-size surface of&nbsp;180 × 75 × 1 cm, providing stable support during transfers. Waterproof and stain-resistant material allows easy cleaning and improved hygiene. Twelve non-slip handles ensure firm grip and balanced lifting, while two adjustable safety belts help keep the patient securely positioned. Lightweight and foldable, it includes a compact carry bag for convenient storage and rapid response use in ambulances, hospitals, rescue operations, and home emergencies. &nbsp; Key Features Heavy duty foldable soft stretcher Double-layer reinforced Oxford fabric Supports patient weight up to 130 kg Full stretcher size 180 × 75 × 1 cm Waterproof and stain-resistant material Two adjustable patient safety belts	in_stock	https://oticamart.com/au/heavy-duty-foldable-soft-stretcher-medical-use-portable-waterproof-patient-5.html?color=orange	36.70 AUD				OTICA	https://oticamart.com/media/catalog/product/8/1/816axesptql._sl1500__1.jpg, https://oticamart.com/media/catalog/product/7/1/71w43lmtvil._sl1500__1.jpg, https://oticamart.com/media/catalog/product/8/1/81tivmlzabl._sl1500__1.jpg, https://oticamart.com/media/catalog/product/7/1/71w6tk9fnol._sl1500__1.jpg, https://oticamart.com/media/catalog/product/8/1/81eviofhpyl._sl1500__1.jpg, https://oticamart.com/media/catalog/product/7/1/71kkmusa3il._sl1500__1.jpg	new	no				orange	adult		https://oticamart.com/media/catalog/product/7/1/71lfi_poizl._sl1500__1.jpg		New Soft Stretcher Heavy Duty	yes	0
New Soft Stretcher Heavy Duty Black	Heavy Duty Foldable Soft Medical Stretcher with Carry Bag 130kg Capacity Waterproof Black	Product Info The OTICA Heavy Duty Foldable Soft Stretcher is built for demanding medical and emergency patient transport. Constructed using premium double-layer reinforced Oxford fabric, it offers enhanced strength, durability, and long-term reliability. The stretcher safely supports patients weighing up to 130 kg and features a full-size surface of&nbsp;180 × 75 × 1 cm, providing stable support during transfers. Waterproof and stain-resistant material allows easy cleaning and improved hygiene. Twelve non-slip handles ensure firm grip and balanced lifting, while two adjustable safety belts help keep the patient securely positioned. Lightweight and foldable, it includes a compact carry bag for convenient storage and rapid response use in ambulances, hospitals, rescue operations, and home emergencies. &nbsp; Key Features Heavy duty foldable soft stretcher Double-layer reinforced Oxford fabric Supports patient weight up to 130 kg Full stretcher size 180 × 75 × 1 cm Waterproof and stain-resistant material Two adjustable patient safety belts	in_stock	https://oticamart.com/au/heavy-duty-foldable-soft-stretcher-medical-use-portable-waterproof-patient-5.html?color=black	36.70 AUD				OTICA	https://oticamart.com/media/catalog/product/8/1/81uq9cmbeql._sl1500_.jpg, https://oticamart.com/media/catalog/product/7/1/71k3ftn_qyl._sl1500_.jpg, https://oticamart.com/media/catalog/product/7/1/71lrs4tw9zl._sl1500_.jpg, https://oticamart.com/media/catalog/product/7/1/71rndxxjonl._sl1500_.jpg, https://oticamart.com/media/catalog/product/8/1/81vo310hscl._sl1500_.jpg, https://oticamart.com/media/catalog/product/7/1/711qe0-bixl._sl1500_.jpg	new	no				black	adult		https://oticamart.com/media/catalog/product/6/1/619a-x33ukl._sl1500_.jpg		New Soft Stretcher Heavy Duty	yes	0
New Premium Soft Stretcher Blue	Foldable Soft Medical Stretcher with Carry Bag 110kg Capacity Waterproof Patient Transport Blue	Product Info The OTICA Foldable Soft Stretcher is engineered for efficient and reliable patient transport in medical and emergency situations. Constructed from premium nylon polyester fabric, it offers waterproof protection, tear resistance, and reinforced stitching for durability. The stretcher safely supports patients weighing up to 110 kg and has a full-size surface of&nbsp;180 × 70 × 1 cm, providing adequate support during transfers. Two adjustable safety belts help secure the patient, while eight non-slip handles allow caregivers to maintain a firm grip. Its lightweight, foldable design enables quick deployment and compact storage. Supplied with a carry bag, it is suitable for ambulances, hospitals, clinics, and home emergency use. &nbsp; Key Features Foldable soft medical stretcher Supports patient weight up to 110 kg Made from nylon polyester fabric Tear-resistant and waterproof material Reinforced stitching for durability Easy to fold for compact storage	in_stock	https://oticamart.com/au/foldable-soft-stretcher-medical-use-portable-waterproof-patient-emergency-transport-5.html?color=blue	18.26 AUD				OTICA		new	no				blue	adult		https://oticamart.com/media/catalog/product/9/9/999.jpg		Foldable Soft Stretcher	yes	0
New Premium Soft Stretcher Black	Foldable Soft Medical Stretcher with Carry Bag 110kg Capacity Waterproof Patient Transport Black	Product Info The OTICA Foldable Soft Stretcher is engineered for efficient and reliable patient transport in medical and emergency situations. Constructed from premium nylon polyester fabric, it offers waterproof protection, tear resistance, and reinforced stitching for durability. The stretcher safely supports patients weighing up to 110 kg and has a full-size surface of&nbsp;180 × 70 × 1 cm, providing adequate support during transfers. Two adjustable safety belts help secure the patient, while eight non-slip handles allow caregivers to maintain a firm grip. Its lightweight, foldable design enables quick deployment and compact storage. Supplied with a carry bag, it is suitable for ambulances, hospitals, clinics, and home emergency use. &nbsp; Key Features Foldable soft medical stretcher Supports patient weight up to 110 kg Made from nylon polyester fabric Tear-resistant and waterproof material Reinforced stitching for durability Easy to fold for compact storage	in_stock	https://oticamart.com/au/foldable-soft-stretcher-medical-use-portable-waterproof-patient-emergency-transport-5.html?color=black	18.26 AUD				OTICA	https://oticamart.com/media/catalog/product/8/1/81kxo9epn3l._sl1500__1_1.jpg, https://oticamart.com/media/catalog/product/7/1/71sd34rlq9l._sl1500__1_1.jpg, https://oticamart.com/media/catalog/product/8/1/81m1pabnmql._sl1500__1_1.jpg, https://oticamart.com/media/catalog/product/8/1/81xi5rb5dml._sl1500__1_1.jpg, https://oticamart.com/media/catalog/product/8/1/81cvc3haobl._sl1500__1_1.jpg, https://oticamart.com/media/catalog/product/8/1/81jfu859vil._sl1500__1_1.jpg	new	no				black	adult		https://oticamart.com/media/catalog/product/7/1/71w1kvxrchl._sl1500__1_1.jpg		Foldable Soft Stretcher	yes	0
New Premium Soft Stretcher Orange	Foldable Soft Medical Stretcher with Carry Bag 110kg Capacity Waterproof Patient Transport Orange	Product Info The OTICA Foldable Soft Stretcher is engineered for efficient and reliable patient transport in medical and emergency situations. Constructed from premium nylon polyester fabric, it offers waterproof protection, tear resistance, and reinforced stitching for durability. The stretcher safely supports patients weighing up to 110 kg and has a full-size surface of&nbsp;180 × 70 × 1 cm, providing adequate support during transfers. Two adjustable safety belts help secure the patient, while eight non-slip handles allow caregivers to maintain a firm grip. Its lightweight, foldable design enables quick deployment and compact storage. Supplied with a carry bag, it is suitable for ambulances, hospitals, clinics, and home emergency use. &nbsp; Key Features Foldable soft medical stretcher Supports patient weight up to 110 kg Made from nylon polyester fabric Tear-resistant and waterproof material Reinforced stitching for durability Easy to fold for compact storage	in_stock	https://oticamart.com/au/foldable-soft-stretcher-medical-use-portable-waterproof-patient-emergency-transport-5.html?color=orange	18.26 AUD				OTICA	https://oticamart.com/media/catalog/product/9/1/91ojtfwkxjl._sl1500_.jpg, https://oticamart.com/media/catalog/product/8/1/81doy3e6qcl._sl1500_.jpg, https://oticamart.com/media/catalog/product/8/1/81mn3xb5bql._sl1500_.jpg, https://oticamart.com/media/catalog/product/8/1/81duygy6mel._sl1500_.jpg, https://oticamart.com/media/catalog/product/8/1/81ailytod0l._sl1500_.jpg, https://oticamart.com/media/catalog/product/8/1/81jy_noz7gl._sl1500_.jpg	new	no				orange	adult		https://oticamart.com/media/catalog/product/7/1/71t1uesnstl._sl1500_.jpg		Foldable Soft Stretcher	yes	0
New Premium Soft Stretcher Neon Green	Foldable Soft Medical Stretcher with Carry Bag 110kg Capacity Waterproof Patient Transport Green	Product Info The OTICA Foldable Soft Stretcher is engineered for efficient and reliable patient transport in medical and emergency situations. Constructed from premium nylon polyester fabric, it offers waterproof protection, tear resistance, and reinforced stitching for durability. The stretcher safely supports patients weighing up to 110 kg and has a full-size surface of&nbsp;180 × 70 × 1 cm, providing adequate support during transfers. Two adjustable safety belts help secure the patient, while eight non-slip handles allow caregivers to maintain a firm grip. Its lightweight, foldable design enables quick deployment and compact storage. Supplied with a carry bag, it is suitable for ambulances, hospitals, clinics, and home emergency use. &nbsp; Key Features Foldable soft medical stretcher Supports patient weight up to 110 kg Made from nylon polyester fabric Tear-resistant and waterproof material Reinforced stitching for durability Easy to fold for compact storage	in_stock	https://oticamart.com/au/foldable-soft-stretcher-medical-use-portable-waterproof-patient-emergency-transport-5.html?color=green	18.26 AUD				OTICA	https://oticamart.com/media/catalog/product/8/1/81kaykvqbvl._sl1500_.jpg, https://oticamart.com/media/catalog/product/8/1/81z_r6tao-l._sl1500_.jpg, https://oticamart.com/media/catalog/product/9/1/91vcx7vry9l._sl1500_.jpg, https://oticamart.com/media/catalog/product/8/1/81beztjhmul._sl1500_.jpg, https://oticamart.com/media/catalog/product/8/1/813ykap_mkl._sl1500_.jpg, https://oticamart.com/media/catalog/product/8/1/81qles5q9bl._sl1500_.jpg	new	no				green	adult		https://oticamart.com/media/catalog/product/7/1/71hwqbvm0al._sl1500_.jpg		Foldable Soft Stretcher	yes	0
OST12 Stethoscope ALL black	All Black Dual Head Stethoscope for Medical Students and Doctors	Product Info The OTICA OST-12 Medical Student All Black Stethoscope combines durability, comfort, and clear acoustics for everyday clinical use. Built with an aluminium chestpiece and epoxy powder-coated frame, it offers long-lasting performance with a professional finish. The dual-sided chestpiece allows easy switching between diaphragm and bell, supporting accurate heart and lung sound detection for both adult and pediatric patients. Its 5 mm U-shaped black PVC tubing is latex-free, flexible, and resistant to wear, ensuring consistent sound transmission. Soft ear tips and an ergonomic headset reduce external noise and provide comfort during extended use. Ideal for doctors, nurses, medical students, and home healthcare use. &nbsp; Key Features Dual-sided diaphragm and bell chestpiece Aluminium chestpiece for clear acoustics Clear and deep sound transmission 5 mm U-shaped PVC tubing Noise isolation for focused listening Suitable for doctors and nurses	in_stock	https://oticamart.com/au/medical-student-all-black-stethoscope-dual-side-diagram-aluminium-chestpeice.html	5.92 AUD				OTICA	https://oticamart.com/media/catalog/product/7/1/71woe3u6jzl._sl1500__1_.jpg, https://oticamart.com/media/catalog/product/7/1/71eudumu3bl._sl1500__1_.jpg, https://oticamart.com/media/catalog/product/7/1/71w1kvxrchl._sl1500_.jpg, https://oticamart.com/media/catalog/product/7/1/717dawuiqll._sl1500_.jpg, https://oticamart.com/media/catalog/product/7/1/718wonal8jl._sl1500__1_.jpg	new	no					adult		https://oticamart.com/media/catalog/product/7/1/71-gll-onbl._sx522_.jpg		OST12 Stethoscope ALL black	yes	0
Heine 4mm Disposable Otoscope Ear Specula- 12 pcs-2	Heine Compatible 4mm Disposable Otoscope Ear Specula Single Use Pack of 12	Product Info OTICA Disposable Otoscope Ear Specula are specifically designed for precise and safe ear examinations where smaller diameter tips are required. Ideal for children and patients with narrow ear canals, these single-use specula help maintain hygiene and reduce the risk of infection during otoscopic evaluation. Manufactured from high-quality, burr-free medical plastic, they ensure smooth insertion and patient comfort while preventing the otoscope from entering too deeply. These disposable ear specula are compatible with K.A.W.E, Riester, and H.E.I.N.E otoscopes, excluding MacroView models. Supplied in a convenient pack of 12, they are suitable for clinics, hospitals, home health checks, and medical training environments. &nbsp; Key Features Ideal for pediatric and narrow ear canals Compatible with K.A.W.E otoscopes Compatible with Riester otoscopes Prevents cross-contamination between patients Clear design for proper ear visibility Ideal for doctors and ENT specialists	in_stock	https://oticamart.com/au/disposable-single-use-otoscope-tips-compatible-k-a-w-e-riester-h-e-i-n-e.html?size=4mm	5.18 AUD				OTICA	https://oticamart.com/media/catalog/product/7/1/71csjxlcr2l._sl1500__1_1.jpg, https://oticamart.com/media/catalog/product/7/1/71hmmyq6tyl._sl1500__1_1.jpg, https://oticamart.com/media/catalog/product/7/1/714sxib7lul._sl1500__1_1.jpg, https://oticamart.com/media/catalog/product/7/1/71-riodt5il._sl1500__1_1.jpg	new	no		4mm			adult		https://oticamart.com/media/catalog/product/5/1/51f_x_b6nnl._sl1500__1_1.jpg		Heine Disposable Otoscope Ear Specula- 12 pcs	yes	0
Heine 2.5mm Disposable Otoscope Ear Specula-12 pc	2.5mm Pediatric Disposable Otoscope Ear Specula Single Use Compatible with K.A.W.E, Riester & H.E.I.N.E Otoscopes-Pack of 12	Product Info OTICA Disposable Otoscope Ear Specula are specifically designed for precise and safe ear examinations where smaller diameter tips are required. Ideal for children and patients with narrow ear canals, these single-use specula help maintain hygiene and reduce the risk of infection during otoscopic evaluation. Manufactured from high-quality, burr-free medical plastic, they ensure smooth insertion and patient comfort while preventing the otoscope from entering too deeply. These disposable ear specula are compatible with K.A.W.E, Riester, and H.E.I.N.E otoscopes, excluding MacroView models. Supplied in a convenient pack of 12, they are suitable for clinics, hospitals, home health checks, and medical training environments. &nbsp; Key Features Ideal for pediatric and narrow ear canals Compatible with K.A.W.E otoscopes Compatible with Riester otoscopes Prevents cross-contamination between patients Clear design for proper ear visibility Ideal for doctors and ENT specialists	in_stock	https://oticamart.com/au/disposable-single-use-otoscope-tips-compatible-k-a-w-e-riester-h-e-i-n-e.html?size=2.5mm	5.18 AUD				OTICA		new	no		2.5mm			adult		https://oticamart.com/media/catalog/product		Heine Disposable Otoscope Ear Specula- 12 pcs	yes	0
Welch-4.5 MM Disposable -100 psc	4.25mm Disposable Ear Specula Compatible with Welch Allyn Otoscopes Pack of 100	Product Info OTICA Disposable Ear Specula are precision-designed otoscope tips intended for accurate and hygienic ear examinations. These diagnostic otoscope covers are compatible with Welch Allyn otoscopes, excluding MacroView models, ensuring reliable fit and performance. Manufactured from high-quality medical-grade plastic, the specula feature smooth edges with no burrs, offering safe contact with sensitive ear canals. The disposable design minimizes infection risk and supports proper hygiene in ENT clinics, hospitals, and home diagnostic settings. With controlled insertion depth, they help protect the ear canal while enabling clear visualization for wax buildup and ear health evaluation. Supplied in a value pack of 100 for professional and regular use. &nbsp; Key Features Compatible with Welch Allyn otoscopes Single-use design reduces cross contamination Limits deep insertion into ear canal Suitable for ENT diagnostic procedures Secure fit on compatible otoscopes Helps in checking ear wax buildup	in_stock	https://oticamart.com/au/disposable-ear-specula-welch-allyn-otoscopes-pack-100-universal-otoscope.html?size=4.25mm	10.46 AUD				OTICA	https://oticamart.com/media/catalog/product/7/1/71hf0bajiyl._sl1500__1.jpg, https://oticamart.com/media/catalog/product/7/1/71druaoee-l._sl1500__1.jpg, https://oticamart.com/media/catalog/product/6/1/61nouai7ikl._sl1500__1.jpg, https://oticamart.com/media/catalog/product/6/1/61ub3_b6eil._sl1500__1.jpg, https://oticamart.com/media/catalog/product/7/1/71mw82nnwol._sl1500__1.jpg	new	no		4.25mm			adult		https://oticamart.com/media/catalog/product/7/1/71vywkz1dql._sl1500__1.jpg		Welch Allyn Otoscopes Disposable Ear Specula	yes	0
2.75 MM -WELCH DISPO-100	2.75mm Disposable Ear Specula Compatible with Welch Allyn Otoscopes Pack of 100	Product Info OTICA Disposable Ear Specula are precision-designed otoscope tips intended for accurate and hygienic ear examinations. These diagnostic otoscope covers are compatible with Welch Allyn otoscopes, excluding MacroView models, ensuring reliable fit and performance. Manufactured from high-quality medical-grade plastic, the specula feature smooth edges with no burrs, offering safe contact with sensitive ear canals. The disposable design minimizes infection risk and supports proper hygiene in ENT clinics, hospitals, and home diagnostic settings. With controlled insertion depth, they help protect the ear canal while enabling clear visualization for wax buildup and ear health evaluation. Supplied in a value pack of 100 for professional and regular use. &nbsp; Key Features Compatible with Welch Allyn otoscopes Single-use design reduces cross contamination Limits deep insertion into ear canal Suitable for ENT diagnostic procedures Secure fit on compatible otoscopes Helps in checking ear wax buildup	in_stock	https://oticamart.com/au/disposable-ear-specula-welch-allyn-otoscopes-pack-100-universal-otoscope.html?size=2.75mm	10.90 AUD				OTICA	https://oticamart.com/media/catalog/product/7/1/71sxaxsh0ml._sl1500_.jpg, https://oticamart.com/media/catalog/product/6/1/61j5livgfql._sl1500_.jpg, https://oticamart.com/media/catalog/product/6/1/61rlopgt0xl._sl1500_.jpg, https://oticamart.com/media/catalog/product/7/1/71dvw54pial._sl1500_.jpg, https://oticamart.com/media/catalog/product/6/1/6178ipskd9l._sl1500_.jpg	new	no		2.75mm			adult		https://oticamart.com/media/catalog/product/7/1/71i59cdh8wl._sl1500_.jpg		Welch Allyn Otoscopes Disposable Ear Specula	yes	0
Heine 4mm Disposable Otoscope Ear Specula- 12 pcs	4mm Pediatric Disposable Otoscope Ear Specula Single Use Compatible with K.A.W.E, Riester & H.E.I.N.E Otoscopes-Pack of 12	Product Info OTICA Disposable Otoscope Ear Specula are specifically designed for precise and safe ear examinations where smaller diameter tips are required. Ideal for children and patients with narrow ear canals, these single-use specula help maintain hygiene and reduce the risk of infection during otoscopic evaluation. Manufactured from high-quality, burr-free medical plastic, they ensure smooth insertion and patient comfort while preventing the otoscope from entering too deeply. These disposable ear specula are compatible with K.A.W.E, Riester, and H.E.I.N.E otoscopes, excluding MacroView models. Supplied in a convenient pack of 12, they are suitable for clinics, hospitals, home health checks, and medical training environments. &nbsp; Key Features Ideal for pediatric and narrow ear canals Compatible with K.A.W.E otoscopes Compatible with Riester otoscopes Prevents cross-contamination between patients Clear design for proper ear visibility Ideal for doctors and ENT specialists	in_stock	https://oticamart.com/au/4mm-disposable-otoscope-ear-specula-pack-12-single-use-tips.html?size=4	5.18 AUD				OTICA	https://oticamart.com/media/catalog/product/7/1/714sxib7lul._sl1500__2.jpg, https://oticamart.com/media/catalog/product/7/1/71csjxlcr2l._sl1500__2.jpg, https://oticamart.com/media/catalog/product/7/1/71-riodt5il._sl1500__2.jpg, https://oticamart.com/media/catalog/product/7/1/71hmmyq6tyl._sl1500__2.jpg	new	no		4			adult		https://oticamart.com/media/catalog/product/5/1/51f_x_b6nnl._sl1500__2.jpg		Heine 4mm Disposable Otoscope Ear Specula- 12 pcs	yes	0
Heine 2.5mm Disposable Otoscope Ear Specula- 12 pcs	2.5mm Pediatric Disposable Otoscope Ear Specula Single Use Compatible with K.A.W.E, Riester & H.E.I.N.E Otoscopes-Pack of 12	Product Info OTICA Disposable Otoscope Ear Specula are specifically designed for precise and safe ear examinations where smaller diameter tips are required. Ideal for children and patients with narrow ear canals, these single-use specula help maintain hygiene and reduce the risk of infection during otoscopic evaluation. Manufactured from high-quality, burr-free medical plastic, they ensure smooth insertion and patient comfort while preventing the otoscope from entering too deeply. These disposable ear specula are compatible with K.A.W.E, Riester, and H.E.I.N.E otoscopes, excluding MacroView models. Supplied in a convenient pack of 12, they are suitable for clinics, hospitals, home health checks, and medical training environments. &nbsp; Key Features Ideal for pediatric and narrow ear canals Compatible with K.A.W.E otoscopes Compatible with Riester otoscopes Prevents cross-contamination between patients Clear design for proper ear visibility Ideal for doctors and ENT specialists	in_stock	https://oticamart.com/au/2-5mm-disposable-otoscope-ear-specula-pack-12-single-use-tips.html?size=2.5	5.18 AUD				OTICA	https://oticamart.com/media/catalog/product/7/1/714sxib7lul._sl1500__1.jpg, https://oticamart.com/media/catalog/product/7/1/71csjxlcr2l._sl1500__1.jpg, https://oticamart.com/media/catalog/product/7/1/71-riodt5il._sl1500__1.jpg, https://oticamart.com/media/catalog/product/7/1/71hmmyq6tyl._sl1500__1.jpg	new	no		2.5			adult		https://oticamart.com/media/catalog/product/5/1/51f_x_b6nnl._sl1500__1.jpg		Heine 2.5mm Disposable Otoscope Ear Specula- 12 pcs	yes	0
Welchallyn Compatible Reusable specula	Reusable Diagnostic Otoscope Ear Specula Set 2.5mm, 3mm,4mm & 5mm Compatible with Welch Allyn Otoscopes	Product Info The OTICA Reusable Diagnostic Otoscope Specula set is designed to support accurate and comfortable ear examinations across different patient age groups. This pack includes four commonly used sizes—2.5mm, 3mm, 4mm, and 5mm—allowing clinicians to choose the correct fit for pediatric and adult patients. Manufactured using medical-grade material, the specula provide smooth edges for patient comfort and clear visibility of the ear canal and tympanic membrane. These reusable ear specula are fully compatible with Welch Allyn otoscopes and can be easily cleaned and disinfected for repeated clinical use. Ideal for ENT doctors, general physicians, nurses, clinics, hospitals, and medical training environments. &nbsp; Key Features Set of 4 reusable otoscope ear specula Includes sizes 2.5mm, 3mm, 4mm, and 5mm Suitable for adult and pediatric ear examinations Compatible with Welch Allyn Otoscopes Medical-grade material for safe clinical use Easy to clean and disinfect	in_stock	https://oticamart.com/au/reusable-diagnostic-otoscope-specula-2-5mm-3mm-4mm-5mm-compatible-wellch.html	7.84 AUD				OTICA	https://oticamart.com/media/catalog/product/7/1/716zwbtbxjl._sl1500_.jpg, https://oticamart.com/media/catalog/product/8/1/81m1ohzhqil._sl1500_.jpg, https://oticamart.com/media/catalog/product/7/1/71eomy5lfpl._sl1500_.jpg, https://oticamart.com/media/catalog/product/8/1/81k7nvmzfkl._sl1500_.jpg, https://oticamart.com/media/catalog/product/6/1/61gxxketqal._sl1500_.jpg	new	no					adult		https://oticamart.com/media/catalog/product/8/1/81aoomj5tkl._sl1500_.jpg		Welchallyn Compatible Reusable specula	yes	0
OST-67 pedineos pink stethoscope	Pedineos Pediatric Dual Head Stainless Steel Stethoscope with Tunable Diaphragm Pink	Product Info The OTICA Pediatric Stethoscope delivers reliable, high-sensitivity auscultation for infants, neonates, and growing children. Its precision-machined dual-head stainless steel chestpiece includes two tunable diaphragm sizes, allowing accurate detection of both high and low frequency heart, lung, and blood pressure sounds with simple pressure adjustment. Unlike aluminum or alloy alternatives, the solid stainless steel design maximizes sound transmission without distortion. A non-chill rim ensures child comfort during exams, while latex- and phthalate-free materials provide added safety for sensitive skin. The 29-inch flexible tubing resists cracking and staining, and soft-sealing ear tips with an adjustable headset ensure comfort and noise isolation. Ideal for pediatricians, nurses, medical students, and home healthcare professionals, backed by durable doctor-grade construction. &nbsp; Key Features Dual-head stainless steel chestpiece for pediatric use Two diaphragm sizes for infants and children Tunable diaphragms for high and low frequency sounds Accurate detection of heart, lung, and BP sounds 29-inch flexible tubing for easy handling Ideal for pediatricians and nursing professionals	in_stock	https://oticamart.com/au/pediatric-stethoscope-dual-head-stainless-steel-chestpiece-tunable-diaphragms-29-11.html?color=pink	21.94 AUD				OTICA	https://oticamart.com/media/catalog/product/8/1/81lfjqyinpl._sl1500__10.jpg, https://oticamart.com/media/catalog/product/7/1/713ep83pszl._sl1500__10.jpg, https://oticamart.com/media/catalog/product/8/1/81nblnqhagl._sl1500__10.jpg, https://oticamart.com/media/catalog/product/5/1/51p_eeiosdl_1.jpg, https://oticamart.com/media/catalog/product/4/1/41fgj69u4zl.jpg, https://oticamart.com/media/catalog/product/8/1/81g1hj31n9l._sl1500__10.jpg	new	no				pink	adult		https://oticamart.com/media/catalog/product/7/1/71mw1r7rl2l.jpg		Pediatric Stethoscope	yes	0
OST-69 pedineos yellow stethoscope	Pedineos Pediatric Dual Head Stainless Steel Stethoscope with Tunable Diaphragm Yellow	Product Info The OTICA Pediatric Stethoscope delivers reliable, high-sensitivity auscultation for infants, neonates, and growing children. Its precision-machined dual-head stainless steel chestpiece includes two tunable diaphragm sizes, allowing accurate detection of both high and low frequency heart, lung, and blood pressure sounds with simple pressure adjustment. Unlike aluminum or alloy alternatives, the solid stainless steel design maximizes sound transmission without distortion. A non-chill rim ensures child comfort during exams, while latex- and phthalate-free materials provide added safety for sensitive skin. The 29-inch flexible tubing resists cracking and staining, and soft-sealing ear tips with an adjustable headset ensure comfort and noise isolation. Ideal for pediatricians, nurses, medical students, and home healthcare professionals, backed by durable doctor-grade construction. &nbsp; Key Features Dual-head stainless steel chestpiece for pediatric use Two diaphragm sizes for infants and children Tunable diaphragms for high and low frequency sounds Accurate detection of heart, lung, and BP sounds 29-inch flexible tubing for easy handling Ideal for pediatricians and nursing professionals	in_stock	https://oticamart.com/au/pediatric-stethoscope-dual-head-stainless-steel-chestpiece-tunable-diaphragms-29-11.html?color=yellow	21.94 AUD				OTICA	https://oticamart.com/media/catalog/product/8/1/81lfjqyinpl._sl1500__9.jpg, https://oticamart.com/media/catalog/product/8/1/81nblnqhagl._sl1500__9.jpg, https://oticamart.com/media/catalog/product/7/1/713ep83pszl._sl1500__9.jpg, https://oticamart.com/media/catalog/product/7/1/71ibv70fq1l._sl1500_.jpg, https://oticamart.com/media/catalog/product/5/1/512x_vozvwl.jpg, https://oticamart.com/media/catalog/product/8/1/81g1hj31n9l._sl1500__9.jpg	new	no				yellow	adult		https://oticamart.com/media/catalog/product/7/1/71plu5b18zl._sl1500_.jpg		Pediatric Stethoscope	yes	0
OST-62 pedineos grey stethoscope	Pedineos Pediatric Dual Head Stainless Steel Stethoscope with Tunable Diaphragm Grey	Product Info The OTICA Pediatric Stethoscope delivers reliable, high-sensitivity auscultation for infants, neonates, and growing children. Its precision-machined dual-head stainless steel chestpiece includes two tunable diaphragm sizes, allowing accurate detection of both high and low frequency heart, lung, and blood pressure sounds with simple pressure adjustment. Unlike aluminum or alloy alternatives, the solid stainless steel design maximizes sound transmission without distortion. A non-chill rim ensures child comfort during exams, while latex- and phthalate-free materials provide added safety for sensitive skin. The 29-inch flexible tubing resists cracking and staining, and soft-sealing ear tips with an adjustable headset ensure comfort and noise isolation. Ideal for pediatricians, nurses, medical students, and home healthcare professionals, backed by durable doctor-grade construction. &nbsp; Key Features Dual-head stainless steel chestpiece for pediatric use Two diaphragm sizes for infants and children Tunable diaphragms for high and low frequency sounds Accurate detection of heart, lung, and BP sounds 29-inch flexible tubing for easy handling Ideal for pediatricians and nursing professionals	in_stock	https://oticamart.com/au/pediatric-stethoscope-dual-head-stainless-steel-chestpiece-tunable-diaphragms-29-11.html?color=grey	21.94 AUD				OTICA	https://oticamart.com/media/catalog/product/8/1/81nblnqhagl._sl1500__6.jpg, https://oticamart.com/media/catalog/product/8/1/81lfjqyinpl._sl1500__6.jpg, https://oticamart.com/media/catalog/product/7/1/713ep83pszl._sl1500__6.jpg, https://oticamart.com/media/catalog/product/5/1/51ee3eogtdl.jpg, https://oticamart.com/media/catalog/product/6/1/616ygjjpmrl._sl1500_.jpg, https://oticamart.com/media/catalog/product/8/1/81g1hj31n9l._sl1500__6.jpg	new	no				grey	adult		https://oticamart.com/media/catalog/product/7/1/71ys_hjazil._sl1500_.jpg		Pediatric Stethoscope	yes	0
OST-61 pedineos black stethoscope	Pedineos Pediatric Dual Head Stainless Steel Stethoscope with Tunable Diaphragm Black	Product Info The OTICA Pediatric Stethoscope delivers reliable, high-sensitivity auscultation for infants, neonates, and growing children. Its precision-machined dual-head stainless steel chestpiece includes two tunable diaphragm sizes, allowing accurate detection of both high and low frequency heart, lung, and blood pressure sounds with simple pressure adjustment. Unlike aluminum or alloy alternatives, the solid stainless steel design maximizes sound transmission without distortion. A non-chill rim ensures child comfort during exams, while latex- and phthalate-free materials provide added safety for sensitive skin. The 29-inch flexible tubing resists cracking and staining, and soft-sealing ear tips with an adjustable headset ensure comfort and noise isolation. Ideal for pediatricians, nurses, medical students, and home healthcare professionals, backed by durable doctor-grade construction. &nbsp; Key Features Dual-head stainless steel chestpiece for pediatric use Two diaphragm sizes for infants and children Tunable diaphragms for high and low frequency sounds Accurate detection of heart, lung, and BP sounds 29-inch flexible tubing for easy handling Ideal for pediatricians and nursing professionals	in_stock	https://oticamart.com/au/pediatric-stethoscope-dual-head-stainless-steel-chestpiece-tunable-diaphragms-29-11.html?color=black	21.94 AUD				OTICA	https://oticamart.com/media/catalog/product/8/1/81lfjqyinpl._sl1500__4.jpg, https://oticamart.com/media/catalog/product/8/1/81nblnqhagl._sl1500__4.jpg, https://oticamart.com/media/catalog/product/7/1/713ep83pszl._sl1500__4.jpg, https://oticamart.com/media/catalog/product/6/1/610y64pnstl._sl1500_.jpg, https://oticamart.com/media/catalog/product/6/1/6103vnznynl._sl1500_.jpg, https://oticamart.com/media/catalog/product/8/1/81g1hj31n9l._sl1500__4.jpg	new	no				black	adult		https://oticamart.com/media/catalog/product/7/1/71yhb4z4m8l._sl1500_.jpg		Pediatric Stethoscope	yes	0
OST-68 pedineos green stethoscope	Pedineos Pediatric Dual Head Stainless Steel Stethoscope with Tunable Diaphragm Green	Product Info The OTICA Pediatric Stethoscope delivers reliable, high-sensitivity auscultation for infants, neonates, and growing children. Its precision-machined dual-head stainless steel chestpiece includes two tunable diaphragm sizes, allowing accurate detection of both high and low frequency heart, lung, and blood pressure sounds with simple pressure adjustment. Unlike aluminum or alloy alternatives, the solid stainless steel design maximizes sound transmission without distortion. A non-chill rim ensures child comfort during exams, while latex- and phthalate-free materials provide added safety for sensitive skin. The 29-inch flexible tubing resists cracking and staining, and soft-sealing ear tips with an adjustable headset ensure comfort and noise isolation. Ideal for pediatricians, nurses, medical students, and home healthcare professionals, backed by durable doctor-grade construction. &nbsp; Key Features Dual-head stainless steel chestpiece for pediatric use Two diaphragm sizes for infants and children Tunable diaphragms for high and low frequency sounds Accurate detection of heart, lung, and BP sounds 29-inch flexible tubing for easy handling Ideal for pediatricians and nursing professionals	in_stock	https://oticamart.com/au/pediatric-stethoscope-dual-head-stainless-steel-chestpiece-tunable-diaphragms-29-11.html?color=green	21.94 AUD				OTICA	https://oticamart.com/media/catalog/product/8/1/81nblnqhagl._sl1500__5.jpg, https://oticamart.com/media/catalog/product/8/1/81lfjqyinpl._sl1500__5.jpg, https://oticamart.com/media/catalog/product/7/1/713ep83pszl._sl1500__5.jpg, https://oticamart.com/media/catalog/product/5/1/51ult3unhhl.jpg, https://oticamart.com/media/catalog/product/6/1/617nukjt1bl._sl1500_.jpg, https://oticamart.com/media/catalog/product/8/1/81g1hj31n9l._sl1500__5.jpg	new	no				green	adult		https://oticamart.com/media/catalog/product/7/1/71iyugd7pul._sl1500_.jpg		Pediatric Stethoscope	yes	0
OST-64 pedineos red stethoscope	Pedineos Pediatric Dual Head Stainless Steel Stethoscope with Tunable Diaphragm Red	Product Info The OTICA Pediatric Stethoscope delivers reliable, high-sensitivity auscultation for infants, neonates, and growing children. Its precision-machined dual-head stainless steel chestpiece includes two tunable diaphragm sizes, allowing accurate detection of both high and low frequency heart, lung, and blood pressure sounds with simple pressure adjustment. Unlike aluminum or alloy alternatives, the solid stainless steel design maximizes sound transmission without distortion. A non-chill rim ensures child comfort during exams, while latex- and phthalate-free materials provide added safety for sensitive skin. The 29-inch flexible tubing resists cracking and staining, and soft-sealing ear tips with an adjustable headset ensure comfort and noise isolation. Ideal for pediatricians, nurses, medical students, and home healthcare professionals, backed by durable doctor-grade construction. &nbsp; Key Features Dual-head stainless steel chestpiece for pediatric use Two diaphragm sizes for infants and children Tunable diaphragms for high and low frequency sounds Accurate detection of heart, lung, and BP sounds 29-inch flexible tubing for easy handling Ideal for pediatricians and nursing professionals	in_stock	https://oticamart.com/au/pediatric-stethoscope-dual-head-stainless-steel-chestpiece-tunable-diaphragms-29-11.html?color=red	21.94 AUD				OTICA	https://oticamart.com/media/catalog/product/8/1/81nblnqhagl._sl1500__8.jpg, https://oticamart.com/media/catalog/product/8/1/81lfjqyinpl._sl1500__8.jpg, https://oticamart.com/media/catalog/product/7/1/713ep83pszl._sl1500__8.jpg, https://oticamart.com/media/catalog/product/5/1/51p_eeiosdl.jpg, https://oticamart.com/media/catalog/product/6/1/61yhe4n5zil._sl1500_.jpg, https://oticamart.com/media/catalog/product/8/1/81g1hj31n9l._sl1500__8.jpg	new	no				red	adult		https://oticamart.com/media/catalog/product/7/1/71mw1r7rl2l._sl1500_.jpg		Pediatric Stethoscope	yes	0
OST-65 pedineos blue stethoscope	Pedineos Pediatric Dual Head Stainless Steel Stethoscope with Tunable Diaphragm Blue	Product Info The OTICA Pediatric Stethoscope delivers reliable, high-sensitivity auscultation for infants, neonates, and growing children. Its precision-machined dual-head stainless steel chestpiece includes two tunable diaphragm sizes, allowing accurate detection of both high and low frequency heart, lung, and blood pressure sounds with simple pressure adjustment. Unlike aluminum or alloy alternatives, the solid stainless steel design maximizes sound transmission without distortion. A non-chill rim ensures child comfort during exams, while latex- and phthalate-free materials provide added safety for sensitive skin. The 29-inch flexible tubing resists cracking and staining, and soft-sealing ear tips with an adjustable headset ensure comfort and noise isolation. Ideal for pediatricians, nurses, medical students, and home healthcare professionals, backed by durable doctor-grade construction. &nbsp; Key Features Dual-head stainless steel chestpiece for pediatric use Two diaphragm sizes for infants and children Tunable diaphragms for high and low frequency sounds Accurate detection of heart, lung, and BP sounds 29-inch flexible tubing for easy handling Ideal for pediatricians and nursing professionals	in_stock	https://oticamart.com/au/pediatric-stethoscope-dual-head-stainless-steel-chestpiece-tunable-diaphragms-29-11.html?color=blue	21.94 AUD				OTICA	https://oticamart.com/media/catalog/product/8/1/81lfjqyinpl._sl1500__2.jpg, https://oticamart.com/media/catalog/product/8/1/81nblnqhagl._sl1500__2.jpg, https://oticamart.com/media/catalog/product/7/1/713ep83pszl._sl1500__2.jpg, https://oticamart.com/media/catalog/product/5/1/512lfarg1rl.jpg, https://oticamart.com/media/catalog/product/4/1/416miwbccgl.jpg, https://oticamart.com/media/catalog/product/8/1/81g1hj31n9l._sl1500__2.jpg	new	no				blue	adult		https://oticamart.com/media/catalog/product/7/1/71kyvwtef6l._sl1500_.jpg		Pediatric Stethoscope	yes	0
OST-66 pedineos brown stethoscope	Pedineos Pediatric Dual Head Stainless Steel Stethoscope with Tunable Diaphragm Brown	Product Info The OTICA Pediatric Stethoscope delivers reliable, high-sensitivity auscultation for infants, neonates, and growing children. Its precision-machined dual-head stainless steel chestpiece includes two tunable diaphragm sizes, allowing accurate detection of both high and low frequency heart, lung, and blood pressure sounds with simple pressure adjustment. Unlike aluminum or alloy alternatives, the solid stainless steel design maximizes sound transmission without distortion. A non-chill rim ensures child comfort during exams, while latex- and phthalate-free materials provide added safety for sensitive skin. The 29-inch flexible tubing resists cracking and staining, and soft-sealing ear tips with an adjustable headset ensure comfort and noise isolation. Ideal for pediatricians, nurses, medical students, and home healthcare professionals, backed by durable doctor-grade construction. &nbsp; Key Features Dual-head stainless steel chestpiece for pediatric use Two diaphragm sizes for infants and children Tunable diaphragms for high and low frequency sounds Accurate detection of heart, lung, and BP sounds 29-inch flexible tubing for easy handling Ideal for pediatricians and nursing professionals	in_stock	https://oticamart.com/au/pediatric-stethoscope-dual-head-stainless-steel-chestpiece-tunable-diaphragms-29-11.html?color=brown	21.94 AUD				OTICA	https://oticamart.com/media/catalog/product/8/1/81lfjqyinpl._sl1500__7.jpg, https://oticamart.com/media/catalog/product/7/1/713ep83pszl._sl1500__7.jpg, https://oticamart.com/media/catalog/product/8/1/81nblnqhagl._sl1500__7.jpg, https://oticamart.com/media/catalog/product/5/1/51fq0hpq6il.jpg, https://oticamart.com/media/catalog/product/6/1/61avzccsowl._sl1500_.jpg, https://oticamart.com/media/catalog/product/8/1/81g1hj31n9l._sl1500__7.jpg	new	no				brown	adult		https://oticamart.com/media/catalog/product/7/1/71kfyjuh56l._sl1500_.jpg		Pediatric Stethoscope	yes	0
OST-63 pedineos plum stethoscope	Pedineos Pediatric Dual Head Stainless Steel Stethoscope with Tunable Diaphragm Plum	Product Info The OTICA Pediatric Stethoscope delivers reliable, high-sensitivity auscultation for infants, neonates, and growing children. Its precision-machined dual-head stainless steel chestpiece includes two tunable diaphragm sizes, allowing accurate detection of both high and low frequency heart, lung, and blood pressure sounds with simple pressure adjustment. Unlike aluminum or alloy alternatives, the solid stainless steel design maximizes sound transmission without distortion. A non-chill rim ensures child comfort during exams, while latex- and phthalate-free materials provide added safety for sensitive skin. The 29-inch flexible tubing resists cracking and staining, and soft-sealing ear tips with an adjustable headset ensure comfort and noise isolation. Ideal for pediatricians, nurses, medical students, and home healthcare professionals, backed by durable doctor-grade construction. &nbsp; Key Features Dual-head stainless steel chestpiece for pediatric use Two diaphragm sizes for infants and children Tunable diaphragms for high and low frequency sounds Accurate detection of heart, lung, and BP sounds 29-inch flexible tubing for easy handling Ideal for pediatricians and nursing professionals	in_stock	https://oticamart.com/au/pediatric-stethoscope-dual-head-stainless-steel-chestpiece-tunable-diaphragms-29-11.html?color=purple	21.94 AUD				OTICA	https://oticamart.com/media/catalog/product/8/1/81lfjqyinpl._sl1500__3.jpg, https://oticamart.com/media/catalog/product/8/1/81nblnqhagl._sl1500__3.jpg, https://oticamart.com/media/catalog/product/7/1/713ep83pszl._sl1500__3.jpg, https://oticamart.com/media/catalog/product/5/1/51fx_cnhdml.jpg, https://oticamart.com/media/catalog/product/6/1/61om6aw3vtl._sl1500_.jpg, https://oticamart.com/media/catalog/product/8/1/81g1hj31n9l._sl1500__3.jpg	new	no				purple	adult		https://oticamart.com/media/catalog/product/7/1/71c2_dpdwsl._sl1500_.jpg		Pediatric Stethoscope	yes	0
OST-70 pedineos white stethoscope	Pedineos Pediatric Dual Head Stainless Steel Stethoscope with Tunable Diaphragm White	Product Info The OTICA Pediatric Stethoscope delivers reliable, high-sensitivity auscultation for infants, neonates, and growing children. Its precision-machined dual-head stainless steel chestpiece includes two tunable diaphragm sizes, allowing accurate detection of both high and low frequency heart, lung, and blood pressure sounds with simple pressure adjustment. Unlike aluminum or alloy alternatives, the solid stainless steel design maximizes sound transmission without distortion. A non-chill rim ensures child comfort during exams, while latex- and phthalate-free materials provide added safety for sensitive skin. The 29-inch flexible tubing resists cracking and staining, and soft-sealing ear tips with an adjustable headset ensure comfort and noise isolation. Ideal for pediatricians, nurses, medical students, and home healthcare professionals, backed by durable doctor-grade construction. &nbsp; Key Features Dual-head stainless steel chestpiece for pediatric use Two diaphragm sizes for infants and children Tunable diaphragms for high and low frequency sounds Accurate detection of heart, lung, and BP sounds 29-inch flexible tubing for easy handling Ideal for pediatricians and nursing professionals	in_stock	https://oticamart.com/au/pediatric-stethoscope-dual-head-stainless-steel-chestpiece-tunable-diaphragms-29-11.html?color=white	21.94 AUD				OTICA	https://oticamart.com/media/catalog/product/8/1/81lfjqyinpl._sl1500__1.jpg, https://oticamart.com/media/catalog/product/8/1/81nblnqhagl._sl1500__1.jpg, https://oticamart.com/media/catalog/product/7/1/713ep83pszl._sl1500__1.jpg, https://oticamart.com/media/catalog/product/5/1/51nq09uopkl_1.jpg, https://oticamart.com/media/catalog/product/6/1/61eah0anjzl._sl1500__1.jpg, https://oticamart.com/media/catalog/product/8/1/81g1hj31n9l._sl1500__1.jpg	new	no				white	adult		https://oticamart.com/media/catalog/product/7/3/739ecb43-0cdb-4a78-b287-d9ce2b0983fc_1.jpg		Pediatric Stethoscope	yes	0
OST-59 zerascope SS Yellow stethoscope	Zerascope Classic Dual Head Stainless Steel Stethoscope with Tunable Diaphragm Yellow	Product Info The OTICA Classic Dual Head Stainless Steel Stethoscope is engineered for precise auscultation across adult and pediatric patients. Its dual tunable diaphragms allow seamless detection of high and low frequency heart, lung, and blood pressure sounds using simple pressure changes. The solid stainless steel chestpiece with elegant SS rings on both sides offers superior durability, sound transmission, and a polished professional appearance. Adjustable headset tension and soft-sealing ear tips provide a secure, comfortable fit with excellent noise isolation during long shifts. Latex-free, flexible tubing resists skin oils and alcohol for long-term use. Ideal for doctors, nurses, EMTs, medical students, and home healthcare professionals, and backed by a 5-year limited warranty with lifetime OTICA support. &nbsp; Key Features Dual tunable diaphragms for precise auscultation High and low frequency sound detection with pressure control Stainless steel chestpiece for superior sound clarity Accurate detection of heart, lung, and BP sounds Clear identification of murmurs and Korotkoff sounds Backed by 5-year warranty with lifetime OTICA support	in_stock	https://oticamart.com/au/classic-dual-head-stainless-steel-stethoscope-tunable-diaphragm-premium-acoustics-11.html?color=yellow	34.85 AUD				OTICA	https://oticamart.com/media/catalog/product/c/o/common_6_2_11.jpg, https://oticamart.com/media/catalog/product/c/o/common_3_2_11.jpg, https://oticamart.com/media/catalog/product/c/o/common_5_8_10.jpg, https://oticamart.com/media/catalog/product/c/o/common_2_2_11.jpg, https://oticamart.com/media/catalog/product/c/o/common_4_7_10.jpg, https://oticamart.com/media/catalog/product/c/o/common_1_2_11.jpg, https://oticamart.com/media/catalog/product/c/o/common_7_2_11.jpg	new	no				yellow	adult		https://oticamart.com/media/catalog/product/y/e/yellow_1_1_1.jpg		Master Style Stethoscope - Steel Finish	yes	0
OST-52 zerascope SS Grey stethoscope	Zerascope Classic Dual Head Stainless Steel Stethoscope with Tunable Diaphragm Grey	Product Info The OTICA Classic Dual Head Stainless Steel Stethoscope is engineered for precise auscultation across adult and pediatric patients. Its dual tunable diaphragms allow seamless detection of high and low frequency heart, lung, and blood pressure sounds using simple pressure changes. The solid stainless steel chestpiece with elegant SS rings on both sides offers superior durability, sound transmission, and a polished professional appearance. Adjustable headset tension and soft-sealing ear tips provide a secure, comfortable fit with excellent noise isolation during long shifts. Latex-free, flexible tubing resists skin oils and alcohol for long-term use. Ideal for doctors, nurses, EMTs, medical students, and home healthcare professionals, and backed by a 5-year limited warranty with lifetime OTICA support. &nbsp; Key Features Dual tunable diaphragms for precise auscultation High and low frequency sound detection with pressure control Stainless steel chestpiece for superior sound clarity Accurate detection of heart, lung, and BP sounds Clear identification of murmurs and Korotkoff sounds Backed by 5-year warranty with lifetime OTICA support	in_stock	https://oticamart.com/au/classic-dual-head-stainless-steel-stethoscope-tunable-diaphragm-premium-acoustics-11.html?color=grey	34.85 AUD				OTICA	https://oticamart.com/media/catalog/product/c/o/common_5_8_7.jpg, https://oticamart.com/media/catalog/product/c/o/common_3_2_8.jpg, https://oticamart.com/media/catalog/product/c/o/common_6_2_8.jpg, https://oticamart.com/media/catalog/product/c/o/common_4_7_7.jpg, https://oticamart.com/media/catalog/product/c/o/common_2_2_8.jpg, https://oticamart.com/media/catalog/product/c/o/common_1_2_8.jpg, https://oticamart.com/media/catalog/product/c/o/common_7_2_8.jpg	new	no				grey	adult		https://oticamart.com/media/catalog/product/g/r/grey_1_1_2.jpg		Master Style Stethoscope - Steel Finish	yes	0
OST-57 zerascope SS Pink stethoscope	Zerascope Classic Dual Head Stainless Steel Stethoscope with Tunable Diaphragm Pink	Product Info The OTICA Classic Dual Head Stainless Steel Stethoscope is engineered for precise auscultation across adult and pediatric patients. Its dual tunable diaphragms allow seamless detection of high and low frequency heart, lung, and blood pressure sounds using simple pressure changes. The solid stainless steel chestpiece with elegant SS rings on both sides offers superior durability, sound transmission, and a polished professional appearance. Adjustable headset tension and soft-sealing ear tips provide a secure, comfortable fit with excellent noise isolation during long shifts. Latex-free, flexible tubing resists skin oils and alcohol for long-term use. Ideal for doctors, nurses, EMTs, medical students, and home healthcare professionals, and backed by a 5-year limited warranty with lifetime OTICA support. &nbsp; Key Features Dual tunable diaphragms for precise auscultation High and low frequency sound detection with pressure control Stainless steel chestpiece for superior sound clarity Accurate detection of heart, lung, and BP sounds Clear identification of murmurs and Korotkoff sounds Backed by 5-year warranty with lifetime OTICA support	in_stock	https://oticamart.com/au/classic-dual-head-stainless-steel-stethoscope-tunable-diaphragm-premium-acoustics-11.html?color=pink	46.10 AUD				OTICA	https://oticamart.com/media/catalog/product/c/o/common_5_8_3.jpg, https://oticamart.com/media/catalog/product/c/o/common_6_2_4.jpg, https://oticamart.com/media/catalog/product/c/o/common_3_2_4.jpg, https://oticamart.com/media/catalog/product/c/o/common_1_2_4.jpg, https://oticamart.com/media/catalog/product/c/o/common_2_2_4.jpg, https://oticamart.com/media/catalog/product/c/o/common_7_2_4.jpg, https://oticamart.com/media/catalog/product/c/o/common_4_7_3.jpg	new	no				pink	adult		https://oticamart.com/media/catalog/product/p/i/pink_1_2.jpg		Master Style Stethoscope - Steel Finish	yes	0
OST-58 zerascope SS Green stethoscope	Zerascope Classic Dual Head Stainless Steel Stethoscope with Tunable Diaphragm Green	Product Info The OTICA Classic Dual Head Stainless Steel Stethoscope is engineered for precise auscultation across adult and pediatric patients. Its dual tunable diaphragms allow seamless detection of high and low frequency heart, lung, and blood pressure sounds using simple pressure changes. The solid stainless steel chestpiece with elegant SS rings on both sides offers superior durability, sound transmission, and a polished professional appearance. Adjustable headset tension and soft-sealing ear tips provide a secure, comfortable fit with excellent noise isolation during long shifts. Latex-free, flexible tubing resists skin oils and alcohol for long-term use. Ideal for doctors, nurses, EMTs, medical students, and home healthcare professionals, and backed by a 5-year limited warranty with lifetime OTICA support. &nbsp; Key Features Dual tunable diaphragms for precise auscultation High and low frequency sound detection with pressure control Stainless steel chestpiece for superior sound clarity Accurate detection of heart, lung, and BP sounds Clear identification of murmurs and Korotkoff sounds Backed by 5-year warranty with lifetime OTICA support	in_stock	https://oticamart.com/au/classic-dual-head-stainless-steel-stethoscope-tunable-diaphragm-premium-acoustics-11.html?color=green	46.10 AUD				OTICA	https://oticamart.com/media/catalog/product/c/o/common_5_8_6.jpg, https://oticamart.com/media/catalog/product/c/o/common_3_2_7.jpg, https://oticamart.com/media/catalog/product/c/o/common_6_2_7.jpg, https://oticamart.com/media/catalog/product/c/o/common_2_2_7.jpg, https://oticamart.com/media/catalog/product/c/o/common_1_2_7.jpg, https://oticamart.com/media/catalog/product/c/o/common_4_7_6.jpg, https://oticamart.com/media/catalog/product/c/o/common_7_2_7.jpg	new	no				green	adult		https://oticamart.com/media/catalog/product/g/r/green_1_1.jpg		Master Style Stethoscope - Steel Finish	yes	0
OST-54 zerascope SS Red stethoscope	Zerascope Classic Dual Head Stainless Steel Stethoscope with Tunable Diaphragm Red	Product Info The OTICA Classic Dual Head Stainless Steel Stethoscope is engineered for precise auscultation across adult and pediatric patients. Its dual tunable diaphragms allow seamless detection of high and low frequency heart, lung, and blood pressure sounds using simple pressure changes. The solid stainless steel chestpiece with elegant SS rings on both sides offers superior durability, sound transmission, and a polished professional appearance. Adjustable headset tension and soft-sealing ear tips provide a secure, comfortable fit with excellent noise isolation during long shifts. Latex-free, flexible tubing resists skin oils and alcohol for long-term use. Ideal for doctors, nurses, EMTs, medical students, and home healthcare professionals, and backed by a 5-year limited warranty with lifetime OTICA support. &nbsp; Key Features Dual tunable diaphragms for precise auscultation High and low frequency sound detection with pressure control Stainless steel chestpiece for superior sound clarity Accurate detection of heart, lung, and BP sounds Clear identification of murmurs and Korotkoff sounds Backed by 5-year warranty with lifetime OTICA support	in_stock	https://oticamart.com/au/classic-dual-head-stainless-steel-stethoscope-tunable-diaphragm-premium-acoustics-11.html?color=red	46.10 AUD				OTICA	https://oticamart.com/media/catalog/product/c/o/common_6_2_10.jpg, https://oticamart.com/media/catalog/product/c/o/common_5_8_9.jpg, https://oticamart.com/media/catalog/product/c/o/common_3_2_10.jpg, https://oticamart.com/media/catalog/product/c/o/common_2_2_10.jpg, https://oticamart.com/media/catalog/product/c/o/common_1_2_10.jpg, https://oticamart.com/media/catalog/product/c/o/common_4_7_9.jpg, https://oticamart.com/media/catalog/product/c/o/common_7_2_10.jpg	new	no				red	adult		https://oticamart.com/media/catalog/product/r/e/red_1_2.jpg		Master Style Stethoscope - Steel Finish	yes	0
OST-51 zerascope SS Black stethoscope	Zerascope Classic Dual Head Stainless Steel Stethoscope with Tunable Diaphragm Black	Product Info The OTICA Classic Dual Head Stainless Steel Stethoscope is engineered for precise auscultation across adult and pediatric patients. Its dual tunable diaphragms allow seamless detection of high and low frequency heart, lung, and blood pressure sounds using simple pressure changes. The solid stainless steel chestpiece with elegant SS rings on both sides offers superior durability, sound transmission, and a polished professional appearance. Adjustable headset tension and soft-sealing ear tips provide a secure, comfortable fit with excellent noise isolation during long shifts. Latex-free, flexible tubing resists skin oils and alcohol for long-term use. Ideal for doctors, nurses, EMTs, medical students, and home healthcare professionals, and backed by a 5-year limited warranty with lifetime OTICA support. &nbsp; Key Features Dual tunable diaphragms for precise auscultation High and low frequency sound detection with pressure control Stainless steel chestpiece for superior sound clarity Accurate detection of heart, lung, and BP sounds Clear identification of murmurs and Korotkoff sounds Backed by 5-year warranty with lifetime OTICA support	in_stock	https://oticamart.com/au/classic-dual-head-stainless-steel-stethoscope-tunable-diaphragm-premium-acoustics-11.html?color=black	34.85 AUD				OTICA	https://oticamart.com/media/catalog/product/c/o/common_6_2_6.jpg, https://oticamart.com/media/catalog/product/c/o/common_5_8_5.jpg, https://oticamart.com/media/catalog/product/c/o/common_3_2_6.jpg, https://oticamart.com/media/catalog/product/c/o/common_1_2_6.jpg, https://oticamart.com/media/catalog/product/c/o/common_2_2_6.jpg, https://oticamart.com/media/catalog/product/c/o/common_4_7_5.jpg, https://oticamart.com/media/catalog/product/c/o/common_7_2_6.jpg	new	no				black	adult		https://oticamart.com/media/catalog/product/b/l/black_1_1_1.jpg		Master Style Stethoscope - Steel Finish	yes	0
OST-55 zerascope SS Blue stethoscope	Zerascope Classic Dual Head Stainless Steel Stethoscope with Tunable Diaphragm Blue	Product Info The OTICA Classic Dual Head Stainless Steel Stethoscope is engineered for precise auscultation across adult and pediatric patients. Its dual tunable diaphragms allow seamless detection of high and low frequency heart, lung, and blood pressure sounds using simple pressure changes. The solid stainless steel chestpiece with elegant SS rings on both sides offers superior durability, sound transmission, and a polished professional appearance. Adjustable headset tension and soft-sealing ear tips provide a secure, comfortable fit with excellent noise isolation during long shifts. Latex-free, flexible tubing resists skin oils and alcohol for long-term use. Ideal for doctors, nurses, EMTs, medical students, and home healthcare professionals, and backed by a 5-year limited warranty with lifetime OTICA support. &nbsp; Key Features Dual tunable diaphragms for precise auscultation High and low frequency sound detection with pressure control Stainless steel chestpiece for superior sound clarity Accurate detection of heart, lung, and BP sounds Clear identification of murmurs and Korotkoff sounds Backed by 5-year warranty with lifetime OTICA support	in_stock	https://oticamart.com/au/classic-dual-head-stainless-steel-stethoscope-tunable-diaphragm-premium-acoustics-11.html?color=blue	34.85 AUD				OTICA	https://oticamart.com/media/catalog/product/c/o/common_6_2_3.jpg, https://oticamart.com/media/catalog/product/c/o/common_5_8_2.jpg, https://oticamart.com/media/catalog/product/c/o/common_2_2_3.jpg, https://oticamart.com/media/catalog/product/c/o/common_4_7_2.jpg, https://oticamart.com/media/catalog/product/c/o/common_3_2_3.jpg, https://oticamart.com/media/catalog/product/c/o/common_1_2_3.jpg, https://oticamart.com/media/catalog/product/c/o/common_7_2_3.jpg	new	no				blue	adult		https://oticamart.com/media/catalog/product/b/l/blue_1_2.jpg		Master Style Stethoscope - Steel Finish	yes	0
OST-56 zerascope SS Brown stethoscope	Zerascope Classic Dual Head Stainless Steel Stethoscope with Tunable Diaphragm Brown	Product Info The OTICA Classic Dual Head Stainless Steel Stethoscope is engineered for precise auscultation across adult and pediatric patients. Its dual tunable diaphragms allow seamless detection of high and low frequency heart, lung, and blood pressure sounds using simple pressure changes. The solid stainless steel chestpiece with elegant SS rings on both sides offers superior durability, sound transmission, and a polished professional appearance. Adjustable headset tension and soft-sealing ear tips provide a secure, comfortable fit with excellent noise isolation during long shifts. Latex-free, flexible tubing resists skin oils and alcohol for long-term use. Ideal for doctors, nurses, EMTs, medical students, and home healthcare professionals, and backed by a 5-year limited warranty with lifetime OTICA support. &nbsp; Key Features Dual tunable diaphragms for precise auscultation High and low frequency sound detection with pressure control Stainless steel chestpiece for superior sound clarity Accurate detection of heart, lung, and BP sounds Clear identification of murmurs and Korotkoff sounds Backed by 5-year warranty with lifetime OTICA support	in_stock	https://oticamart.com/au/classic-dual-head-stainless-steel-stethoscope-tunable-diaphragm-premium-acoustics-11.html?color=brown	34.85 AUD				OTICA	https://oticamart.com/media/catalog/product/c/o/common_5_8_8.jpg, https://oticamart.com/media/catalog/product/c/o/common_6_2_9.jpg, https://oticamart.com/media/catalog/product/c/o/common_3_2_9.jpg, https://oticamart.com/media/catalog/product/c/o/common_4_7_8.jpg, https://oticamart.com/media/catalog/product/c/o/common_1_2_9.jpg, https://oticamart.com/media/catalog/product/c/o/common_2_2_9.jpg, https://oticamart.com/media/catalog/product/c/o/common_7_2_9.jpg	new	no				brown	adult		https://oticamart.com/media/catalog/product/b/r/brown_1_2.jpg		Master Style Stethoscope - Steel Finish	yes	0
OST-53 zerascope SS Purple stethoscope	Zerascope Classic Dual Head Stainless Steel Stethoscope with Tunable Diaphragm Purple	Product Info The OTICA Classic Dual Head Stainless Steel Stethoscope is engineered for precise auscultation across adult and pediatric patients. Its dual tunable diaphragms allow seamless detection of high and low frequency heart, lung, and blood pressure sounds using simple pressure changes. The solid stainless steel chestpiece with elegant SS rings on both sides offers superior durability, sound transmission, and a polished professional appearance. Adjustable headset tension and soft-sealing ear tips provide a secure, comfortable fit with excellent noise isolation during long shifts. Latex-free, flexible tubing resists skin oils and alcohol for long-term use. Ideal for doctors, nurses, EMTs, medical students, and home healthcare professionals, and backed by a 5-year limited warranty with lifetime OTICA support. &nbsp; Key Features Dual tunable diaphragms for precise auscultation High and low frequency sound detection with pressure control Stainless steel chestpiece for superior sound clarity Accurate detection of heart, lung, and BP sounds Clear identification of murmurs and Korotkoff sounds Backed by 5-year warranty with lifetime OTICA support	in_stock	https://oticamart.com/au/classic-dual-head-stainless-steel-stethoscope-tunable-diaphragm-premium-acoustics-11.html?color=purple	34.85 AUD				OTICA	https://oticamart.com/media/catalog/product/c/o/common_6_2_5.jpg, https://oticamart.com/media/catalog/product/c/o/common_5_8_4.jpg, https://oticamart.com/media/catalog/product/c/o/common_2_2_5.jpg, https://oticamart.com/media/catalog/product/c/o/common_3_2_5.jpg, https://oticamart.com/media/catalog/product/c/o/common_4_7_4.jpg, https://oticamart.com/media/catalog/product/c/o/common_1_2_5.jpg, https://oticamart.com/media/catalog/product/c/o/common_7_2_5.jpg	new	no				purple	adult		https://oticamart.com/media/catalog/product/p/l/plum_1.jpg		Master Style Stethoscope - Steel Finish	yes	0
OST-60 zerascope SS White stethoscope	Zerascope Classic Dual Head Stainless Steel Stethoscope with Tunable Diaphragm White	Product Info The OTICA Classic Dual Head Stainless Steel Stethoscope is engineered for precise auscultation across adult and pediatric patients. Its dual tunable diaphragms allow seamless detection of high and low frequency heart, lung, and blood pressure sounds using simple pressure changes. The solid stainless steel chestpiece with elegant SS rings on both sides offers superior durability, sound transmission, and a polished professional appearance. Adjustable headset tension and soft-sealing ear tips provide a secure, comfortable fit with excellent noise isolation during long shifts. Latex-free, flexible tubing resists skin oils and alcohol for long-term use. Ideal for doctors, nurses, EMTs, medical students, and home healthcare professionals, and backed by a 5-year limited warranty with lifetime OTICA support. &nbsp; Key Features Dual tunable diaphragms for precise auscultation High and low frequency sound detection with pressure control Stainless steel chestpiece for superior sound clarity Accurate detection of heart, lung, and BP sounds Clear identification of murmurs and Korotkoff sounds Backed by 5-year warranty with lifetime OTICA support	in_stock	https://oticamart.com/au/classic-dual-head-stainless-steel-stethoscope-tunable-diaphragm-premium-acoustics-11.html?color=white	46.10 AUD				OTICA	https://oticamart.com/media/catalog/product/c/o/common_1_2_2.jpg, https://oticamart.com/media/catalog/product/c/o/common_6_2_2.jpg, https://oticamart.com/media/catalog/product/c/o/common_3_2_2.jpg, https://oticamart.com/media/catalog/product/c/o/common_2_2_2.jpg, https://oticamart.com/media/catalog/product/c/o/common_5_8_1.jpg, https://oticamart.com/media/catalog/product/c/o/common_4_7_1.jpg, https://oticamart.com/media/catalog/product/c/o/common_7_2_2.jpg	new	no				white	adult		https://oticamart.com/media/catalog/product/w/h/white_1.jpg		Master Style Stethoscope - Steel Finish	yes	0
OST-99 zerascope rainbow yellow stetho	Zerascope Rainbow Finish Double Sided Cardiology Stethoscope High Acoustic Performance Yellow	Product Info The OTICA Rainbow/Kaleidoscope Finish Master Style Cardiology Stethoscope combines bold aesthetics with exceptional acoustic performance. Crafted with a heavy-duty stainless steel double-sided chestpiece, it features dual tunable diaphragms that allow accurate detection of both high and low frequency sounds through simple pressure adjustment. Next-generation latex-free tubing resists skin oils, alcohol, and staining for long-term durability. Soft-sealing eartips and an adjustable headset provide a secure, fatigue-free fit with excellent noise isolation during long shifts. Lightweight yet sturdy, it is ideal for doctors, nurses, veterinarians, EMTs, medical students, and home healthcare professionals. Designed for adult and pediatric assessments and backed by a 5-year limited warranty with lifetime OTICA support. &nbsp; Key Features Rainbow/kaleidoscope finish chestpiece and headset Double-sided stainless steel master style chestpiece Accurate heart, lung, and blood pressure sound detection Soft-sealing eartips for superior noise isolation Suitable for adult and pediatric patients Backed by 5-year warranty with lifetime OTICA support	in_stock	https://oticamart.com/au/double-sided-stainless-steel-master-style-cardiology-stethoscope-exceptional-acoustic-11.html?color=yellow	46.10 AUD				OTICA	https://oticamart.com/media/catalog/product/c/o/common_3_1_11.jpg, https://oticamart.com/media/catalog/product/c/o/common_2_1_11.jpg, https://oticamart.com/media/catalog/product/c/o/common_1_1_11.jpg, https://oticamart.com/media/catalog/product/c/o/common_5_7_10.jpg, https://oticamart.com/media/catalog/product/c/o/common_4_6_10.jpg, https://oticamart.com/media/catalog/product/c/o/common_6_1_11.jpg, https://oticamart.com/media/catalog/product/c/o/common_7_1_11.jpg	new	no				yellow	adult		https://oticamart.com/media/catalog/product/y/e/yellow_1_2.jpg		Master Style Stethoscope - Rainbow Finish	yes	0
OST-92 zerascope rainbow grey stetho	Zerascope Rainbow Finish Double Sided Cardiology Stethoscope High Acoustic Performance Grey	Product Info The OTICA Rainbow/Kaleidoscope Finish Master Style Cardiology Stethoscope combines bold aesthetics with exceptional acoustic performance. Crafted with a heavy-duty stainless steel double-sided chestpiece, it features dual tunable diaphragms that allow accurate detection of both high and low frequency sounds through simple pressure adjustment. Next-generation latex-free tubing resists skin oils, alcohol, and staining for long-term durability. Soft-sealing eartips and an adjustable headset provide a secure, fatigue-free fit with excellent noise isolation during long shifts. Lightweight yet sturdy, it is ideal for doctors, nurses, veterinarians, EMTs, medical students, and home healthcare professionals. Designed for adult and pediatric assessments and backed by a 5-year limited warranty with lifetime OTICA support. &nbsp; Key Features Rainbow/kaleidoscope finish chestpiece and headset Double-sided stainless steel master style chestpiece Accurate heart, lung, and blood pressure sound detection Soft-sealing eartips for superior noise isolation Suitable for adult and pediatric patients Backed by 5-year warranty with lifetime OTICA support	in_stock	https://oticamart.com/au/double-sided-stainless-steel-master-style-cardiology-stethoscope-exceptional-acoustic-11.html?color=grey	46.10 AUD				OTICA	https://oticamart.com/media/catalog/product/c/o/common_3_1_8.jpg, https://oticamart.com/media/catalog/product/c/o/common_2_1_8.jpg, https://oticamart.com/media/catalog/product/c/o/common_1_1_8.jpg, https://oticamart.com/media/catalog/product/c/o/common_4_6_7.jpg, https://oticamart.com/media/catalog/product/c/o/common_6_1_8.jpg, https://oticamart.com/media/catalog/product/c/o/common_5_7_7.jpg, https://oticamart.com/media/catalog/product/c/o/common_7_1_8.jpg	new	no				grey	adult		https://oticamart.com/media/catalog/product/g/r/grey_1_1.jpg		Master Style Stethoscope - Rainbow Finish	yes	0
OST-97 zerascope rainbow pink stetho	Zerascope Rainbow Finish Double Sided Cardiology Stethoscope High Acoustic Performance Pink	Product Info The OTICA Rainbow/Kaleidoscope Finish Master Style Cardiology Stethoscope combines bold aesthetics with exceptional acoustic performance. Crafted with a heavy-duty stainless steel double-sided chestpiece, it features dual tunable diaphragms that allow accurate detection of both high and low frequency sounds through simple pressure adjustment. Next-generation latex-free tubing resists skin oils, alcohol, and staining for long-term durability. Soft-sealing eartips and an adjustable headset provide a secure, fatigue-free fit with excellent noise isolation during long shifts. Lightweight yet sturdy, it is ideal for doctors, nurses, veterinarians, EMTs, medical students, and home healthcare professionals. Designed for adult and pediatric assessments and backed by a 5-year limited warranty with lifetime OTICA support. &nbsp; Key Features Rainbow/kaleidoscope finish chestpiece and headset Double-sided stainless steel master style chestpiece Accurate heart, lung, and blood pressure sound detection Soft-sealing eartips for superior noise isolation Suitable for adult and pediatric patients Backed by 5-year warranty with lifetime OTICA support	in_stock	https://oticamart.com/au/double-sided-stainless-steel-master-style-cardiology-stethoscope-exceptional-acoustic-11.html?color=pink	36.70 AUD				OTICA	https://oticamart.com/media/catalog/product/c/o/common_3_1_4.jpg, https://oticamart.com/media/catalog/product/c/o/common_2_1_4.jpg, https://oticamart.com/media/catalog/product/c/o/common_1_1_4.jpg, https://oticamart.com/media/catalog/product/c/o/common_4_6_3.jpg, https://oticamart.com/media/catalog/product/c/o/common_6_1_4.jpg, https://oticamart.com/media/catalog/product/c/o/common_5_7_3.jpg, https://oticamart.com/media/catalog/product/c/o/common_7_1_4.jpg	new	no				pink	adult		https://oticamart.com/media/catalog/product/p/i/pink_1_1.jpg		Master Style Stethoscope - Rainbow Finish	yes	0
OST-94 zerascope rainbow red stetho	Zerascope Rainbow Finish Double Sided Cardiology Stethoscope High Acoustic Performance Red	Product Info The OTICA Rainbow/Kaleidoscope Finish Master Style Cardiology Stethoscope combines bold aesthetics with exceptional acoustic performance. Crafted with a heavy-duty stainless steel double-sided chestpiece, it features dual tunable diaphragms that allow accurate detection of both high and low frequency sounds through simple pressure adjustment. Next-generation latex-free tubing resists skin oils, alcohol, and staining for long-term durability. Soft-sealing eartips and an adjustable headset provide a secure, fatigue-free fit with excellent noise isolation during long shifts. Lightweight yet sturdy, it is ideal for doctors, nurses, veterinarians, EMTs, medical students, and home healthcare professionals. Designed for adult and pediatric assessments and backed by a 5-year limited warranty with lifetime OTICA support. &nbsp; Key Features Rainbow/kaleidoscope finish chestpiece and headset Double-sided stainless steel master style chestpiece Accurate heart, lung, and blood pressure sound detection Soft-sealing eartips for superior noise isolation Suitable for adult and pediatric patients Backed by 5-year warranty with lifetime OTICA support	in_stock	https://oticamart.com/au/double-sided-stainless-steel-master-style-cardiology-stethoscope-exceptional-acoustic-11.html?color=red	36.70 AUD				OTICA	https://oticamart.com/media/catalog/product/c/o/common_3_1_10.jpg, https://oticamart.com/media/catalog/product/c/o/common_1_1_10.jpg, https://oticamart.com/media/catalog/product/c/o/common_2_1_10.jpg, https://oticamart.com/media/catalog/product/c/o/common_5_7_9.jpg, https://oticamart.com/media/catalog/product/c/o/common_6_1_10.jpg, https://oticamart.com/media/catalog/product/c/o/common_4_6_9.jpg, https://oticamart.com/media/catalog/product/c/o/common_7_1_10.jpg	new	no				red	adult		https://oticamart.com/media/catalog/product/r/e/red_1_1.jpg		Master Style Stethoscope - Rainbow Finish	yes	0
OST-98 zerascope rainbow green stetho	Zerascope Rainbow Finish Double Sided Cardiology Stethoscope High Acoustic Performance Green	Product Info The OTICA Rainbow/Kaleidoscope Finish Master Style Cardiology Stethoscope combines bold aesthetics with exceptional acoustic performance. Crafted with a heavy-duty stainless steel double-sided chestpiece, it features dual tunable diaphragms that allow accurate detection of both high and low frequency sounds through simple pressure adjustment. Next-generation latex-free tubing resists skin oils, alcohol, and staining for long-term durability. Soft-sealing eartips and an adjustable headset provide a secure, fatigue-free fit with excellent noise isolation during long shifts. Lightweight yet sturdy, it is ideal for doctors, nurses, veterinarians, EMTs, medical students, and home healthcare professionals. Designed for adult and pediatric assessments and backed by a 5-year limited warranty with lifetime OTICA support. &nbsp; Key Features Rainbow/kaleidoscope finish chestpiece and headset Double-sided stainless steel master style chestpiece Accurate heart, lung, and blood pressure sound detection Soft-sealing eartips for superior noise isolation Suitable for adult and pediatric patients Backed by 5-year warranty with lifetime OTICA support	in_stock	https://oticamart.com/au/double-sided-stainless-steel-master-style-cardiology-stethoscope-exceptional-acoustic-11.html?color=green	46.10 AUD				OTICA	https://oticamart.com/media/catalog/product/c/o/common_3_1_7.jpg, https://oticamart.com/media/catalog/product/c/o/common_2_1_7.jpg, https://oticamart.com/media/catalog/product/c/o/common_1_1_7.jpg, https://oticamart.com/media/catalog/product/c/o/common_4_6_6.jpg, https://oticamart.com/media/catalog/product/c/o/common_5_7_6.jpg, https://oticamart.com/media/catalog/product/c/o/common_6_1_7.jpg, https://oticamart.com/media/catalog/product/c/o/common_7_1_7.jpg	new	no				green	adult		https://oticamart.com/media/catalog/product/g/r/green_2.jpg		Master Style Stethoscope - Rainbow Finish	yes	0
OST-091 zerascope rainbow black stetho	Zerascope Rainbow Finish Double Sided Cardiology Stethoscope High Acoustic Performance Black	Product Info The OTICA Rainbow/Kaleidoscope Finish Master Style Cardiology Stethoscope combines bold aesthetics with exceptional acoustic performance. Crafted with a heavy-duty stainless steel double-sided chestpiece, it features dual tunable diaphragms that allow accurate detection of both high and low frequency sounds through simple pressure adjustment. Next-generation latex-free tubing resists skin oils, alcohol, and staining for long-term durability. Soft-sealing eartips and an adjustable headset provide a secure, fatigue-free fit with excellent noise isolation during long shifts. Lightweight yet sturdy, it is ideal for doctors, nurses, veterinarians, EMTs, medical students, and home healthcare professionals. Designed for adult and pediatric assessments and backed by a 5-year limited warranty with lifetime OTICA support. &nbsp; Key Features Rainbow/kaleidoscope finish chestpiece and headset Double-sided stainless steel master style chestpiece Accurate heart, lung, and blood pressure sound detection Soft-sealing eartips for superior noise isolation Suitable for adult and pediatric patients Backed by 5-year warranty with lifetime OTICA support	in_stock	https://oticamart.com/au/double-sided-stainless-steel-master-style-cardiology-stethoscope-exceptional-acoustic-11.html?color=black	36.70 AUD				OTICA	https://oticamart.com/media/catalog/product/c/o/common_3_1_6.jpg, https://oticamart.com/media/catalog/product/c/o/common_2_1_6.jpg, https://oticamart.com/media/catalog/product/c/o/common_1_1_6.jpg, https://oticamart.com/media/catalog/product/c/o/common_4_6_5.jpg, https://oticamart.com/media/catalog/product/c/o/common_5_7_5.jpg, https://oticamart.com/media/catalog/product/c/o/common_6_1_6.jpg, https://oticamart.com/media/catalog/product/c/o/common_7_1_6.jpg	new	no				black	adult		https://oticamart.com/media/catalog/product/b/l/black_1_1.jpg		Master Style Stethoscope - Rainbow Finish	yes	0
OST-95 zerascope rainbow blue stetho	Zerascope Rainbow Finish Double Sided Cardiology Stethoscope High Acoustic Performance Blue	Product Info The OTICA Rainbow/Kaleidoscope Finish Master Style Cardiology Stethoscope combines bold aesthetics with exceptional acoustic performance. Crafted with a heavy-duty stainless steel double-sided chestpiece, it features dual tunable diaphragms that allow accurate detection of both high and low frequency sounds through simple pressure adjustment. Next-generation latex-free tubing resists skin oils, alcohol, and staining for long-term durability. Soft-sealing eartips and an adjustable headset provide a secure, fatigue-free fit with excellent noise isolation during long shifts. Lightweight yet sturdy, it is ideal for doctors, nurses, veterinarians, EMTs, medical students, and home healthcare professionals. Designed for adult and pediatric assessments and backed by a 5-year limited warranty with lifetime OTICA support. &nbsp; Key Features Rainbow/kaleidoscope finish chestpiece and headset Double-sided stainless steel master style chestpiece Accurate heart, lung, and blood pressure sound detection Soft-sealing eartips for superior noise isolation Suitable for adult and pediatric patients Backed by 5-year warranty with lifetime OTICA support	in_stock	https://oticamart.com/au/double-sided-stainless-steel-master-style-cardiology-stethoscope-exceptional-acoustic-11.html?color=blue	36.70 AUD				OTICA	https://oticamart.com/media/catalog/product/c/o/common_3_1_3.jpg, https://oticamart.com/media/catalog/product/c/o/common_2_1_3.jpg, https://oticamart.com/media/catalog/product/c/o/common_1_1_3.jpg, https://oticamart.com/media/catalog/product/c/o/common_6_1_3.jpg, https://oticamart.com/media/catalog/product/c/o/common_4_6_2.jpg, https://oticamart.com/media/catalog/product/c/o/common_5_7_2.jpg, https://oticamart.com/media/catalog/product/c/o/common_7_1_3.jpg	new	no				blue	adult		https://oticamart.com/media/catalog/product/b/l/blue_1_1.jpg		Master Style Stethoscope - Rainbow Finish	yes	0
OST-96 zerascope rainbow brown stetho	Zerascope Rainbow Finish Double Sided Cardiology Stethoscope High Acoustic Performance Brown	Product Info The OTICA Rainbow/Kaleidoscope Finish Master Style Cardiology Stethoscope combines bold aesthetics with exceptional acoustic performance. Crafted with a heavy-duty stainless steel double-sided chestpiece, it features dual tunable diaphragms that allow accurate detection of both high and low frequency sounds through simple pressure adjustment. Next-generation latex-free tubing resists skin oils, alcohol, and staining for long-term durability. Soft-sealing eartips and an adjustable headset provide a secure, fatigue-free fit with excellent noise isolation during long shifts. Lightweight yet sturdy, it is ideal for doctors, nurses, veterinarians, EMTs, medical students, and home healthcare professionals. Designed for adult and pediatric assessments and backed by a 5-year limited warranty with lifetime OTICA support. &nbsp; Key Features Rainbow/kaleidoscope finish chestpiece and headset Double-sided stainless steel master style chestpiece Accurate heart, lung, and blood pressure sound detection Soft-sealing eartips for superior noise isolation Suitable for adult and pediatric patients Backed by 5-year warranty with lifetime OTICA support	in_stock	https://oticamart.com/au/double-sided-stainless-steel-master-style-cardiology-stethoscope-exceptional-acoustic-11.html?color=brown	36.70 AUD				OTICA	https://oticamart.com/media/catalog/product/c/o/common_3_1_9.jpg, https://oticamart.com/media/catalog/product/c/o/common_2_1_9.jpg, https://oticamart.com/media/catalog/product/c/o/common_1_1_9.jpg, https://oticamart.com/media/catalog/product/c/o/common_6_1_9.jpg, https://oticamart.com/media/catalog/product/c/o/common_4_6_8.jpg, https://oticamart.com/media/catalog/product/c/o/common_5_7_8.jpg, https://oticamart.com/media/catalog/product/c/o/common_7_1_9.jpg	new	no				brown	adult		https://oticamart.com/media/catalog/product/b/r/brown_1_1.jpg		Master Style Stethoscope - Rainbow Finish	yes	0
OST-93 zerascope rainbow plum stetho	Zerascope Rainbow Finish Double Sided Cardiology Stethoscope High Acoustic Performance Plum	Product Info The OTICA Rainbow/Kaleidoscope Finish Master Style Cardiology Stethoscope combines bold aesthetics with exceptional acoustic performance. Crafted with a heavy-duty stainless steel double-sided chestpiece, it features dual tunable diaphragms that allow accurate detection of both high and low frequency sounds through simple pressure adjustment. Next-generation latex-free tubing resists skin oils, alcohol, and staining for long-term durability. Soft-sealing eartips and an adjustable headset provide a secure, fatigue-free fit with excellent noise isolation during long shifts. Lightweight yet sturdy, it is ideal for doctors, nurses, veterinarians, EMTs, medical students, and home healthcare professionals. Designed for adult and pediatric assessments and backed by a 5-year limited warranty with lifetime OTICA support. &nbsp; Key Features Rainbow/kaleidoscope finish chestpiece and headset Double-sided stainless steel master style chestpiece Accurate heart, lung, and blood pressure sound detection Soft-sealing eartips for superior noise isolation Suitable for adult and pediatric patients Backed by 5-year warranty with lifetime OTICA support	in_stock	https://oticamart.com/au/double-sided-stainless-steel-master-style-cardiology-stethoscope-exceptional-acoustic-11.html?color=purple	36.70 AUD				OTICA	https://oticamart.com/media/catalog/product/c/o/common_3_1_5.jpg, https://oticamart.com/media/catalog/product/c/o/common_2_1_5.jpg, https://oticamart.com/media/catalog/product/c/o/common_1_1_5.jpg, https://oticamart.com/media/catalog/product/c/o/common_6_1_5.jpg, https://oticamart.com/media/catalog/product/c/o/common_4_6_4.jpg, https://oticamart.com/media/catalog/product/c/o/common_5_7_4.jpg, https://oticamart.com/media/catalog/product/c/o/common_7_1_5.jpg	new	no				purple	adult		https://oticamart.com/media/catalog/product/p/l/plum.jpg		Master Style Stethoscope - Rainbow Finish	yes	0
OST-100 zerascope rainbow white stetho	Zerascope Rainbow Finish Double Sided Cardiology Stethoscope High Acoustic Performance White	Product Info The OTICA Rainbow/Kaleidoscope Finish Master Style Cardiology Stethoscope combines bold aesthetics with exceptional acoustic performance. Crafted with a heavy-duty stainless steel double-sided chestpiece, it features dual tunable diaphragms that allow accurate detection of both high and low frequency sounds through simple pressure adjustment. Next-generation latex-free tubing resists skin oils, alcohol, and staining for long-term durability. Soft-sealing eartips and an adjustable headset provide a secure, fatigue-free fit with excellent noise isolation during long shifts. Lightweight yet sturdy, it is ideal for doctors, nurses, veterinarians, EMTs, medical students, and home healthcare professionals. Designed for adult and pediatric assessments and backed by a 5-year limited warranty with lifetime OTICA support. &nbsp; Key Features Rainbow/kaleidoscope finish chestpiece and headset Double-sided stainless steel master style chestpiece Accurate heart, lung, and blood pressure sound detection Soft-sealing eartips for superior noise isolation Suitable for adult and pediatric patients Backed by 5-year warranty with lifetime OTICA support	in_stock	https://oticamart.com/au/double-sided-stainless-steel-master-style-cardiology-stethoscope-exceptional-acoustic-11.html?color=white	36.70 AUD				OTICA	https://oticamart.com/media/catalog/product/c/o/common_3_1_2.jpg, https://oticamart.com/media/catalog/product/c/o/common_2_1_2.jpg, https://oticamart.com/media/catalog/product/c/o/common_1_1_2.jpg, https://oticamart.com/media/catalog/product/c/o/common_6_1_2.jpg, https://oticamart.com/media/catalog/product/c/o/common_4_6_1.jpg, https://oticamart.com/media/catalog/product/c/o/common_5_7_1.jpg, https://oticamart.com/media/catalog/product/c/o/common_7_1_2.jpg	new	no				white	adult		https://oticamart.com/media/catalog/product/w/h/white.jpg		Master Style Stethoscope - Rainbow Finish	yes	0
OST-89 zerascope Gold Yellow stethoscope	OTICA Gold Finish Master-Style Cardiology Stethoscope, Premium Acoustic Performance, Durable Design, Ideal for Doctors, Nurses, EMTs, Medical Students-Yellow	Product Info The OTICA Gold Finish Master-Style Cardiology Stethoscope combines luxury design with professional-grade acoustic performance. Its elegant gold-plated chestpiece is built over a robust stainless steel core, offering excellent sound conduction, corrosion resistance, and durability for daily clinical use. The master-style double-sided tunable diaphragm allows seamless detection of both low and high frequency sounds through pressure adjustment, eliminating the need to flip sides. Adjustable headset and soft-sealing ear tips provide a secure, comfortable fit with superior noise isolation during long shifts. Constructed with latex-free materials, it is safe for users and patients with allergies. Ideal for doctors, nurses, EMTs, medical students, and home healthcare professionals, and backed by a 5-year limited warranty with lifetime OTICA support. &nbsp; Key Features Premium gold-finish chestpiece with professional appearance Stainless steel core for durability and sound accuracy Captures high and low frequency heart and lung sounds Superior acoustic sensitivity for subtle murmurs Excellent for hospital, ICU, ER, and clinic use Backed by 5-year warranty and lifetime OTICA support	in_stock	https://oticamart.com/au/gold-finish-master-style-cardiology-stethoscope-premium-acoustic-performance-durable-11.html?color=yellow	46.10 AUD				OTICA	https://oticamart.com/media/catalog/product/c/o/common_2_32.jpg, https://oticamart.com/media/catalog/product/c/o/common_1_32.jpg, https://oticamart.com/media/catalog/product/c/o/common_3_32.jpg, https://oticamart.com/media/catalog/product/c/o/common_6_32.jpg, https://oticamart.com/media/catalog/product/c/o/common_5_6_21.jpg, https://oticamart.com/media/catalog/product/c/o/common_4_5_23.jpg, https://oticamart.com/media/catalog/product/7/1/71jcny1e27l._sl1500__1.jpg	new	no				yellow	adult		https://oticamart.com/media/catalog/product/8/1/81hdkavrhfl._sl1500_.jpg		Master Style Stethoscope - Gold Finish	yes	0
OST-82 zerascope Gold Grey stethoscope	OTICA Gold Finish Master-Style Cardiology Stethoscope, Premium Acoustic Performance, Durable Design, Ideal for Doctors, Nurses, EMTs, Medical Students-Grey	Product Info The OTICA Gold Finish Master-Style Cardiology Stethoscope combines luxury design with professional-grade acoustic performance. Its elegant gold-plated chestpiece is built over a robust stainless steel core, offering excellent sound conduction, corrosion resistance, and durability for daily clinical use. The master-style double-sided tunable diaphragm allows seamless detection of both low and high frequency sounds through pressure adjustment, eliminating the need to flip sides. Adjustable headset and soft-sealing ear tips provide a secure, comfortable fit with superior noise isolation during long shifts. Constructed with latex-free materials, it is safe for users and patients with allergies. Ideal for doctors, nurses, EMTs, medical students, and home healthcare professionals, and backed by a 5-year limited warranty with lifetime OTICA support. &nbsp; Key Features Premium gold-finish chestpiece with professional appearance Stainless steel core for durability and sound accuracy Captures high and low frequency heart and lung sounds Superior acoustic sensitivity for subtle murmurs Excellent for hospital, ICU, ER, and clinic use Backed by 5-year warranty and lifetime OTICA support	in_stock	https://oticamart.com/au/gold-finish-master-style-cardiology-stethoscope-premium-acoustic-performance-durable-11.html?color=grey	46.10 AUD				OTICA	https://oticamart.com/media/catalog/product/c/o/common_2_29.jpg, https://oticamart.com/media/catalog/product/c/o/common_1_29.jpg, https://oticamart.com/media/catalog/product/c/o/common_3_29.jpg, https://oticamart.com/media/catalog/product/c/o/common_6_29.jpg, https://oticamart.com/media/catalog/product/c/o/common_5_6_18.jpg, https://oticamart.com/media/catalog/product/c/o/common_4_5_20.jpg, https://oticamart.com/media/catalog/product/6/1/61tgeljij4l.jpg	new	no				grey	adult		https://oticamart.com/media/catalog/product/8/1/81wme4sa1fl.jpg		Master Style Stethoscope - Gold Finish	yes	0
OST-87 zerascope Gold Pink stethoscope	OTICA Gold Finish Master-Style Cardiology Stethoscope, Premium Acoustic Performance, Durable Design, Ideal for Doctors, Nurses, EMTs, Medical Students-Pink	Product Info The OTICA Gold Finish Master-Style Cardiology Stethoscope combines luxury design with professional-grade acoustic performance. Its elegant gold-plated chestpiece is built over a robust stainless steel core, offering excellent sound conduction, corrosion resistance, and durability for daily clinical use. The master-style double-sided tunable diaphragm allows seamless detection of both low and high frequency sounds through pressure adjustment, eliminating the need to flip sides. Adjustable headset and soft-sealing ear tips provide a secure, comfortable fit with superior noise isolation during long shifts. Constructed with latex-free materials, it is safe for users and patients with allergies. Ideal for doctors, nurses, EMTs, medical students, and home healthcare professionals, and backed by a 5-year limited warranty with lifetime OTICA support. &nbsp; Key Features Premium gold-finish chestpiece with professional appearance Stainless steel core for durability and sound accuracy Captures high and low frequency heart and lung sounds Superior acoustic sensitivity for subtle murmurs Excellent for hospital, ICU, ER, and clinic use Backed by 5-year warranty and lifetime OTICA support	in_stock	https://oticamart.com/au/gold-finish-master-style-cardiology-stethoscope-premium-acoustic-performance-durable-11.html?color=pink	46.10 AUD				OTICA	https://oticamart.com/media/catalog/product/c/o/common_2_25.jpg, https://oticamart.com/media/catalog/product/c/o/common_1_25.jpg, https://oticamart.com/media/catalog/product/c/o/common_3_25.jpg, https://oticamart.com/media/catalog/product/c/o/common_5_6_14.jpg, https://oticamart.com/media/catalog/product/c/o/common_6_25.jpg, https://oticamart.com/media/catalog/product/c/o/common_4_5_16.jpg, https://oticamart.com/media/catalog/product/7/1/71nhtzlik5l.jpg	new	no				pink	adult		https://oticamart.com/media/catalog/product/8/1/81lrbfkd26l.jpg		Master Style Stethoscope - Gold Finish	yes	0
OST-84 zerascope Gold Red stethoscope	OTICA Gold Finish Master-Style Cardiology Stethoscope, Premium Acoustic Performance, Durable Design, Ideal for Doctors, Nurses, EMTs, Medical Students-Red	Product Info The OTICA Gold Finish Master-Style Cardiology Stethoscope combines luxury design with professional-grade acoustic performance. Its elegant gold-plated chestpiece is built over a robust stainless steel core, offering excellent sound conduction, corrosion resistance, and durability for daily clinical use. The master-style double-sided tunable diaphragm allows seamless detection of both low and high frequency sounds through pressure adjustment, eliminating the need to flip sides. Adjustable headset and soft-sealing ear tips provide a secure, comfortable fit with superior noise isolation during long shifts. Constructed with latex-free materials, it is safe for users and patients with allergies. Ideal for doctors, nurses, EMTs, medical students, and home healthcare professionals, and backed by a 5-year limited warranty with lifetime OTICA support. &nbsp; Key Features Premium gold-finish chestpiece with professional appearance Stainless steel core for durability and sound accuracy Captures high and low frequency heart and lung sounds Superior acoustic sensitivity for subtle murmurs Excellent for hospital, ICU, ER, and clinic use Backed by 5-year warranty and lifetime OTICA support	in_stock	https://oticamart.com/au/gold-finish-master-style-cardiology-stethoscope-premium-acoustic-performance-durable-11.html?color=red	46.10 AUD				OTICA	https://oticamart.com/media/catalog/product/c/o/common_2_31.jpg, https://oticamart.com/media/catalog/product/c/o/common_1_31.jpg, https://oticamart.com/media/catalog/product/c/o/common_3_31.jpg, https://oticamart.com/media/catalog/product/c/o/common_6_31.jpg, https://oticamart.com/media/catalog/product/c/o/common_5_6_20.jpg, https://oticamart.com/media/catalog/product/c/o/common_4_5_22.jpg, https://oticamart.com/media/catalog/product/7/1/71ysfzkra6l.jpg	new	no				red	adult		https://oticamart.com/media/catalog/product/8/1/8150yh2m1ll.jpg		Master Style Stethoscope - Gold Finish	yes	0
OST-88 zerascope Gold Green stethoscope	OTICA Gold Finish Master-Style Cardiology Stethoscope, Premium Acoustic Performance, Durable Design, Ideal for Doctors, Nurses, EMTs, Medical Students-Green	Product Info The OTICA Gold Finish Master-Style Cardiology Stethoscope combines luxury design with professional-grade acoustic performance. Its elegant gold-plated chestpiece is built over a robust stainless steel core, offering excellent sound conduction, corrosion resistance, and durability for daily clinical use. The master-style double-sided tunable diaphragm allows seamless detection of both low and high frequency sounds through pressure adjustment, eliminating the need to flip sides. Adjustable headset and soft-sealing ear tips provide a secure, comfortable fit with superior noise isolation during long shifts. Constructed with latex-free materials, it is safe for users and patients with allergies. Ideal for doctors, nurses, EMTs, medical students, and home healthcare professionals, and backed by a 5-year limited warranty with lifetime OTICA support. &nbsp; Key Features Premium gold-finish chestpiece with professional appearance Stainless steel core for durability and sound accuracy Captures high and low frequency heart and lung sounds Superior acoustic sensitivity for subtle murmurs Excellent for hospital, ICU, ER, and clinic use Backed by 5-year warranty and lifetime OTICA support	in_stock	https://oticamart.com/au/gold-finish-master-style-cardiology-stethoscope-premium-acoustic-performance-durable-11.html?color=green	46.10 AUD				OTICA	https://oticamart.com/media/catalog/product/c/o/common_2_28.jpg, https://oticamart.com/media/catalog/product/c/o/common_1_28.jpg, https://oticamart.com/media/catalog/product/c/o/common_3_28.jpg, https://oticamart.com/media/catalog/product/c/o/common_6_28.jpg, https://oticamart.com/media/catalog/product/c/o/common_5_6_17.jpg, https://oticamart.com/media/catalog/product/c/o/common_4_5_19.jpg, https://oticamart.com/media/catalog/product/8/1/81ap8q9pijl._sl1500_.jpg, https://oticamart.com/media/catalog/product/7/1/71ylqt1uyml._sl1500_.jpg	new	no				green	adult		https://oticamart.com/media/catalog/product/8/1/81cnma1hcfl._sl1500_.jpg		Master Style Stethoscope - Gold Finish	yes	0
OST-81 zerascope Gold Black stethoscope	OTICA Gold Finish Master-Style Cardiology Stethoscope, Premium Acoustic Performance, Durable Design, Ideal for Doctors, Nurses, EMTs, Medical Students-Black	Product Info The OTICA Gold Finish Master-Style Cardiology Stethoscope combines luxury design with professional-grade acoustic performance. Its elegant gold-plated chestpiece is built over a robust stainless steel core, offering excellent sound conduction, corrosion resistance, and durability for daily clinical use. The master-style double-sided tunable diaphragm allows seamless detection of both low and high frequency sounds through pressure adjustment, eliminating the need to flip sides. Adjustable headset and soft-sealing ear tips provide a secure, comfortable fit with superior noise isolation during long shifts. Constructed with latex-free materials, it is safe for users and patients with allergies. Ideal for doctors, nurses, EMTs, medical students, and home healthcare professionals, and backed by a 5-year limited warranty with lifetime OTICA support. &nbsp; Key Features Premium gold-finish chestpiece with professional appearance Stainless steel core for durability and sound accuracy Captures high and low frequency heart and lung sounds Superior acoustic sensitivity for subtle murmurs Excellent for hospital, ICU, ER, and clinic use Backed by 5-year warranty and lifetime OTICA support	in_stock	https://oticamart.com/au/gold-finish-master-style-cardiology-stethoscope-premium-acoustic-performance-durable-11.html?color=black	36.70 AUD				OTICA	https://oticamart.com/media/catalog/product/c/o/common_1_27.jpg, https://oticamart.com/media/catalog/product/c/o/common_2_27.jpg, https://oticamart.com/media/catalog/product/c/o/common_3_27.jpg, https://oticamart.com/media/catalog/product/c/o/common_5_6_16.jpg, https://oticamart.com/media/catalog/product/c/o/common_6_27.jpg, https://oticamart.com/media/catalog/product/c/o/common_4_5_18.jpg, https://oticamart.com/media/catalog/product/7/1/71nt3xfyotl._sl1500_.jpg	new	no				black	adult		https://oticamart.com/media/catalog/product/8/1/81c-p9v2gal._sl1500_.jpg		Master Style Stethoscope - Gold Finish	yes	0
OST-85 zerascope Gold Blue stethoscope	OTICA Gold Finish Master-Style Cardiology Stethoscope, Premium Acoustic Performance, Durable Design, Ideal for Doctors, Nurses, EMTs, Medical Students-Blue	Product Info The OTICA Gold Finish Master-Style Cardiology Stethoscope combines luxury design with professional-grade acoustic performance. Its elegant gold-plated chestpiece is built over a robust stainless steel core, offering excellent sound conduction, corrosion resistance, and durability for daily clinical use. The master-style double-sided tunable diaphragm allows seamless detection of both low and high frequency sounds through pressure adjustment, eliminating the need to flip sides. Adjustable headset and soft-sealing ear tips provide a secure, comfortable fit with superior noise isolation during long shifts. Constructed with latex-free materials, it is safe for users and patients with allergies. Ideal for doctors, nurses, EMTs, medical students, and home healthcare professionals, and backed by a 5-year limited warranty with lifetime OTICA support. &nbsp; Key Features Premium gold-finish chestpiece with professional appearance Stainless steel core for durability and sound accuracy Captures high and low frequency heart and lung sounds Superior acoustic sensitivity for subtle murmurs Excellent for hospital, ICU, ER, and clinic use Backed by 5-year warranty and lifetime OTICA support	in_stock	https://oticamart.com/au/gold-finish-master-style-cardiology-stethoscope-premium-acoustic-performance-durable-11.html?color=blue	36.70 AUD				OTICA	https://oticamart.com/media/catalog/product/c/o/common_2_24.jpg, https://oticamart.com/media/catalog/product/c/o/common_1_24.jpg, https://oticamart.com/media/catalog/product/c/o/common_3_24.jpg, https://oticamart.com/media/catalog/product/c/o/common_6_24.jpg, https://oticamart.com/media/catalog/product/c/o/common_5_6_13.jpg, https://oticamart.com/media/catalog/product/c/o/common_4_5_15.jpg, https://oticamart.com/media/catalog/product/7/1/717soendtsl._sl1500_.jpg	new	no				blue	adult		https://oticamart.com/media/catalog/product/8/1/81-7rvrky9l._sl1500_.jpg		Master Style Stethoscope - Gold Finish	yes	0
OST-86 zerascope Gold Brown stethoscope	OTICA Gold Finish Master-Style Cardiology Stethoscope, Premium Acoustic Performance, Durable Design, Ideal for Doctors, Nurses, EMTs, Medical Students-Brown	Product Info The OTICA Gold Finish Master-Style Cardiology Stethoscope combines luxury design with professional-grade acoustic performance. Its elegant gold-plated chestpiece is built over a robust stainless steel core, offering excellent sound conduction, corrosion resistance, and durability for daily clinical use. The master-style double-sided tunable diaphragm allows seamless detection of both low and high frequency sounds through pressure adjustment, eliminating the need to flip sides. Adjustable headset and soft-sealing ear tips provide a secure, comfortable fit with superior noise isolation during long shifts. Constructed with latex-free materials, it is safe for users and patients with allergies. Ideal for doctors, nurses, EMTs, medical students, and home healthcare professionals, and backed by a 5-year limited warranty with lifetime OTICA support. &nbsp; Key Features Premium gold-finish chestpiece with professional appearance Stainless steel core for durability and sound accuracy Captures high and low frequency heart and lung sounds Superior acoustic sensitivity for subtle murmurs Excellent for hospital, ICU, ER, and clinic use Backed by 5-year warranty and lifetime OTICA support	in_stock	https://oticamart.com/au/gold-finish-master-style-cardiology-stethoscope-premium-acoustic-performance-durable-11.html?color=brown	46.10 AUD				OTICA	https://oticamart.com/media/catalog/product/c/o/common_1_30.jpg, https://oticamart.com/media/catalog/product/c/o/common_2_30.jpg, https://oticamart.com/media/catalog/product/c/o/common_3_30.jpg, https://oticamart.com/media/catalog/product/c/o/common_6_30.jpg, https://oticamart.com/media/catalog/product/c/o/common_5_6_19.jpg, https://oticamart.com/media/catalog/product/c/o/common_4_5_21.jpg, https://oticamart.com/media/catalog/product/7/1/71bascuobsl._sl1500_.jpg, https://oticamart.com/media/catalog/product/7/1/71sv3vqzwvl._sl1500_.jpg	new	no				brown	adult		https://oticamart.com/media/catalog/product/8/1/81yguuitzll._sl1500_.jpg		Master Style Stethoscope - Gold Finish	yes	0
OST-83 zerascope Gold Purple stethoscope	OTICA Gold Finish Master-Style Cardiology Stethoscope, Premium Acoustic Performance, Durable Design, Ideal for Doctors, Nurses, EMTs, Medical Students-Purple	Product Info The OTICA Gold Finish Master-Style Cardiology Stethoscope combines luxury design with professional-grade acoustic performance. Its elegant gold-plated chestpiece is built over a robust stainless steel core, offering excellent sound conduction, corrosion resistance, and durability for daily clinical use. The master-style double-sided tunable diaphragm allows seamless detection of both low and high frequency sounds through pressure adjustment, eliminating the need to flip sides. Adjustable headset and soft-sealing ear tips provide a secure, comfortable fit with superior noise isolation during long shifts. Constructed with latex-free materials, it is safe for users and patients with allergies. Ideal for doctors, nurses, EMTs, medical students, and home healthcare professionals, and backed by a 5-year limited warranty with lifetime OTICA support. &nbsp; Key Features Premium gold-finish chestpiece with professional appearance Stainless steel core for durability and sound accuracy Captures high and low frequency heart and lung sounds Superior acoustic sensitivity for subtle murmurs Excellent for hospital, ICU, ER, and clinic use Backed by 5-year warranty and lifetime OTICA support	in_stock	https://oticamart.com/au/gold-finish-master-style-cardiology-stethoscope-premium-acoustic-performance-durable-11.html?color=purple	36.70 AUD				OTICA	https://oticamart.com/media/catalog/product/c/o/common_1_26.jpg, https://oticamart.com/media/catalog/product/c/o/common_2_26.jpg, https://oticamart.com/media/catalog/product/c/o/common_3_26.jpg, https://oticamart.com/media/catalog/product/c/o/common_6_26.jpg, https://oticamart.com/media/catalog/product/c/o/common_5_6_15.jpg, https://oticamart.com/media/catalog/product/c/o/common_4_5_17.jpg, https://oticamart.com/media/catalog/product/7/1/71vvodxqiel._sl1500_.jpg	new	no				purple	adult		https://oticamart.com/media/catalog/product/8/1/81siuhmko_l._sl1500_.jpg		Master Style Stethoscope - Gold Finish	yes	0
OST-90 zerascope Gold White stethoscope	OTICA Gold Finish Master-Style Cardiology Stethoscope, Premium Acoustic Performance, Durable Design, Ideal for Doctors, Nurses, EMTs, Medical Students-White	Product Info The OTICA Gold Finish Master-Style Cardiology Stethoscope combines luxury design with professional-grade acoustic performance. Its elegant gold-plated chestpiece is built over a robust stainless steel core, offering excellent sound conduction, corrosion resistance, and durability for daily clinical use. The master-style double-sided tunable diaphragm allows seamless detection of both low and high frequency sounds through pressure adjustment, eliminating the need to flip sides. Adjustable headset and soft-sealing ear tips provide a secure, comfortable fit with superior noise isolation during long shifts. Constructed with latex-free materials, it is safe for users and patients with allergies. Ideal for doctors, nurses, EMTs, medical students, and home healthcare professionals, and backed by a 5-year limited warranty with lifetime OTICA support. &nbsp; Key Features Premium gold-finish chestpiece with professional appearance Stainless steel core for durability and sound accuracy Captures high and low frequency heart and lung sounds Superior acoustic sensitivity for subtle murmurs Excellent for hospital, ICU, ER, and clinic use Backed by 5-year warranty and lifetime OTICA support	in_stock	https://oticamart.com/au/gold-finish-master-style-cardiology-stethoscope-premium-acoustic-performance-durable-11.html?color=white	36.70 AUD				OTICA	https://oticamart.com/media/catalog/product/c/o/common_1_23.jpg, https://oticamart.com/media/catalog/product/c/o/common_2_23.jpg, https://oticamart.com/media/catalog/product/c/o/common_3_23.jpg, https://oticamart.com/media/catalog/product/c/o/common_6_23.jpg, https://oticamart.com/media/catalog/product/c/o/common_5_6_12.jpg, https://oticamart.com/media/catalog/product/c/o/common_4_5_14.jpg, https://oticamart.com/media/catalog/product/7/1/71bdwj0mfkl._sl1500_.jpg, https://oticamart.com/media/catalog/product/6/1/61zywtzf8fl._sl1500_.jpg	new	no				white	adult		https://oticamart.com/media/catalog/product/7/1/71g2o5go0yl._sl1500_.jpg		Master Style Stethoscope - Gold Finish	yes	0
OST-79 zerascope Copper Yellow stethoscope	OTICA Copper Finish Master-Style Cardiology Stethoscope – Premium Acoustic Performance, Durable Design, Ideal for Doctors, Nurses, EMTs, Medical Students-Yellow	Product Info The OTICA Copper Finish Master-Style Cardiology Stethoscope delivers superior acoustic clarity with a stylish copper-plated chestpiece built over a solid stainless steel core for durability and longevity. Its double-sided tunable diaphragm allows detection of both high and low frequency sounds with exceptional precision, ensuring subtle murmurs, lung sounds, and blood pressure readings are heard clearly. Latex-free tubing is safe for users and patients with allergies, while adjustable headsets and snap-tight, soft-sealing ear tips ensure all-day comfort and noise isolation. Lightweight and portable, it is perfect for doctors, nurses, EMTs, medical students, and home healthcare professionals. The small bell side is ideal for pediatric examinations, and the stethoscope is backed by a 5-year limited warranty with lifetime OTICA support. &nbsp; Key Features Copper-plated chestpiece over stainless steel core Double-sided tunable diaphragm for high and low frequencies Superior acoustic sensitivity for heart, lung, and BP sounds Comfort-fit snap-tight ear tips for excellent acoustic seal Suitable for hospital, clinic, and home healthcare use Backed by 5-year limited warranty and lifetime OTICA support	in_stock	https://oticamart.com/au/otica-copper-finish-master-style-cardiology-stethoscope-premium-acoustic-performance-durable-design-ideal-for-doctors-nurses-emts-medical-students.html?color=yellow	46.10 AUD				OTICA	https://oticamart.com/media/catalog/product/c/o/common_2_21.jpg, https://oticamart.com/media/catalog/product/c/o/common_1_21.jpg, https://oticamart.com/media/catalog/product/c/o/common_3_21.jpg, https://oticamart.com/media/catalog/product/c/o/common_4_5_12.jpg, https://oticamart.com/media/catalog/product/c/o/common_5_6_10.jpg, https://oticamart.com/media/catalog/product/c/o/common_6_21.jpg, https://oticamart.com/media/catalog/product/5/1/51yhfh19hkl.jpg, https://oticamart.com/media/catalog/product/7/1/718qqjd0wvl._sl1500_.jpg	new	no				yellow	adult		https://oticamart.com/media/catalog/product/7/1/719ayn7mtfl._sl1500_.jpg		Master Style Stethoscope - Copper Finish	yes	0
OST-72 zerascope Copper Gray stethoscope	OTICA Copper Finish Master-Style Cardiology Stethoscope – Premium Acoustic Performance, Durable Design, Ideal for Doctors, Nurses, EMTs, Medical Students-Grey	Product Info The OTICA Copper Finish Master-Style Cardiology Stethoscope delivers superior acoustic clarity with a stylish copper-plated chestpiece built over a solid stainless steel core for durability and longevity. Its double-sided tunable diaphragm allows detection of both high and low frequency sounds with exceptional precision, ensuring subtle murmurs, lung sounds, and blood pressure readings are heard clearly. Latex-free tubing is safe for users and patients with allergies, while adjustable headsets and snap-tight, soft-sealing ear tips ensure all-day comfort and noise isolation. Lightweight and portable, it is perfect for doctors, nurses, EMTs, medical students, and home healthcare professionals. The small bell side is ideal for pediatric examinations, and the stethoscope is backed by a 5-year limited warranty with lifetime OTICA support. &nbsp; Key Features Copper-plated chestpiece over stainless steel core Double-sided tunable diaphragm for high and low frequencies Superior acoustic sensitivity for heart, lung, and BP sounds Comfort-fit snap-tight ear tips for excellent acoustic seal Suitable for hospital, clinic, and home healthcare use Backed by 5-year limited warranty and lifetime OTICA support	in_stock	https://oticamart.com/au/otica-copper-finish-master-style-cardiology-stethoscope-premium-acoustic-performance-durable-design-ideal-for-doctors-nurses-emts-medical-students.html?color=grey	36.70 AUD				OTICA	https://oticamart.com/media/catalog/product/c/o/common_2_18.jpg, https://oticamart.com/media/catalog/product/c/o/common_1_18.jpg, https://oticamart.com/media/catalog/product/c/o/common_3_18.jpg, https://oticamart.com/media/catalog/product/c/o/common_5_6_7.jpg, https://oticamart.com/media/catalog/product/c/o/common_6_18.jpg, https://oticamart.com/media/catalog/product/c/o/common_4_5_9.jpg, https://oticamart.com/media/catalog/product/6/1/61gn_g9cg2l._sl1500_.jpg, https://oticamart.com/media/catalog/product/5/1/515lvkmdu5l.jpg	new	no				grey	adult		https://oticamart.com/media/catalog/product/8/1/81bazagbkrl._sl1500_.jpg		Master Style Stethoscope - Copper Finish	yes	0
OST-77 zerascope Copper Pink stethoscope	OTICA Copper Finish Master-Style Cardiology Stethoscope – Premium Acoustic Performance, Durable Design, Ideal for Doctors, Nurses, EMTs, Medical Students-Pink	Product Info The OTICA Copper Finish Master-Style Cardiology Stethoscope delivers superior acoustic clarity with a stylish copper-plated chestpiece built over a solid stainless steel core for durability and longevity. Its double-sided tunable diaphragm allows detection of both high and low frequency sounds with exceptional precision, ensuring subtle murmurs, lung sounds, and blood pressure readings are heard clearly. Latex-free tubing is safe for users and patients with allergies, while adjustable headsets and snap-tight, soft-sealing ear tips ensure all-day comfort and noise isolation. Lightweight and portable, it is perfect for doctors, nurses, EMTs, medical students, and home healthcare professionals. The small bell side is ideal for pediatric examinations, and the stethoscope is backed by a 5-year limited warranty with lifetime OTICA support. &nbsp; Key Features Copper-plated chestpiece over stainless steel core Double-sided tunable diaphragm for high and low frequencies Superior acoustic sensitivity for heart, lung, and BP sounds Comfort-fit snap-tight ear tips for excellent acoustic seal Suitable for hospital, clinic, and home healthcare use Backed by 5-year limited warranty and lifetime OTICA support	in_stock	https://oticamart.com/au/otica-copper-finish-master-style-cardiology-stethoscope-premium-acoustic-performance-durable-design-ideal-for-doctors-nurses-emts-medical-students.html?color=pink	36.70 AUD				OTICA	https://oticamart.com/media/catalog/product/c/o/common_2_14.jpg, https://oticamart.com/media/catalog/product/c/o/common_1_14.jpg, https://oticamart.com/media/catalog/product/c/o/common_3_14.jpg, https://oticamart.com/media/catalog/product/c/o/common_5_6_3.jpg, https://oticamart.com/media/catalog/product/c/o/common_6_14.jpg, https://oticamart.com/media/catalog/product/c/o/common_4_5_5.jpg, https://oticamart.com/media/catalog/product/5/1/51dgnft-msl.jpg, https://oticamart.com/media/catalog/product/7/1/71wcmjf7gul._sl1500_.jpg	new	no				pink	adult		https://oticamart.com/media/catalog/product/8/1/81fg47hayxl._sl1500_.jpg		Master Style Stethoscope - Copper Finish	yes	0
OST-74 zerascope Copper Red stethoscope	OTICA Copper Finish Master-Style Cardiology Stethoscope – Premium Acoustic Performance, Durable Design, Ideal for Doctors, Nurses, EMTs, Medical Students-Red	Product Info The OTICA Copper Finish Master-Style Cardiology Stethoscope delivers superior acoustic clarity with a stylish copper-plated chestpiece built over a solid stainless steel core for durability and longevity. Its double-sided tunable diaphragm allows detection of both high and low frequency sounds with exceptional precision, ensuring subtle murmurs, lung sounds, and blood pressure readings are heard clearly. Latex-free tubing is safe for users and patients with allergies, while adjustable headsets and snap-tight, soft-sealing ear tips ensure all-day comfort and noise isolation. Lightweight and portable, it is perfect for doctors, nurses, EMTs, medical students, and home healthcare professionals. The small bell side is ideal for pediatric examinations, and the stethoscope is backed by a 5-year limited warranty with lifetime OTICA support. &nbsp; Key Features Copper-plated chestpiece over stainless steel core Double-sided tunable diaphragm for high and low frequencies Superior acoustic sensitivity for heart, lung, and BP sounds Comfort-fit snap-tight ear tips for excellent acoustic seal Suitable for hospital, clinic, and home healthcare use Backed by 5-year limited warranty and lifetime OTICA support	in_stock	https://oticamart.com/au/otica-copper-finish-master-style-cardiology-stethoscope-premium-acoustic-performance-durable-design-ideal-for-doctors-nurses-emts-medical-students.html?color=red	36.70 AUD				OTICA	https://oticamart.com/media/catalog/product/c/o/common_1_20.jpg, https://oticamart.com/media/catalog/product/c/o/common_2_20.jpg, https://oticamart.com/media/catalog/product/c/o/common_3_20.jpg, https://oticamart.com/media/catalog/product/c/o/common_5_6_9.jpg, https://oticamart.com/media/catalog/product/c/o/common_6_20.jpg, https://oticamart.com/media/catalog/product/c/o/common_4_5_11.jpg, https://oticamart.com/media/catalog/product/5/1/513j4qdr7wl.jpg, https://oticamart.com/media/catalog/product/7/1/71rbdvr_9wl._sl1500_.jpg	new	no				red	adult		https://oticamart.com/media/catalog/product/8/1/81ndkxg-knl._sl1500_.jpg		Master Style Stethoscope - Copper Finish	yes	0
OST-78 zerascope Copper Green stethoscope	OTICA Copper Finish Master-Style Cardiology Stethoscope – Premium Acoustic Performance, Durable Design, Ideal for Doctors, Nurses, EMTs, Medical Students-Green	Product Info The OTICA Copper Finish Master-Style Cardiology Stethoscope delivers superior acoustic clarity with a stylish copper-plated chestpiece built over a solid stainless steel core for durability and longevity. Its double-sided tunable diaphragm allows detection of both high and low frequency sounds with exceptional precision, ensuring subtle murmurs, lung sounds, and blood pressure readings are heard clearly. Latex-free tubing is safe for users and patients with allergies, while adjustable headsets and snap-tight, soft-sealing ear tips ensure all-day comfort and noise isolation. Lightweight and portable, it is perfect for doctors, nurses, EMTs, medical students, and home healthcare professionals. The small bell side is ideal for pediatric examinations, and the stethoscope is backed by a 5-year limited warranty with lifetime OTICA support. &nbsp; Key Features Copper-plated chestpiece over stainless steel core Double-sided tunable diaphragm for high and low frequencies Superior acoustic sensitivity for heart, lung, and BP sounds Comfort-fit snap-tight ear tips for excellent acoustic seal Suitable for hospital, clinic, and home healthcare use Backed by 5-year limited warranty and lifetime OTICA support	in_stock	https://oticamart.com/au/otica-copper-finish-master-style-cardiology-stethoscope-premium-acoustic-performance-durable-design-ideal-for-doctors-nurses-emts-medical-students.html?color=green	36.70 AUD				OTICA	https://oticamart.com/media/catalog/product/c/o/common_2_17.jpg, https://oticamart.com/media/catalog/product/c/o/common_1_17.jpg, https://oticamart.com/media/catalog/product/c/o/common_3_17.jpg, https://oticamart.com/media/catalog/product/c/o/common_5_6_6.jpg, https://oticamart.com/media/catalog/product/c/o/common_6_17.jpg, https://oticamart.com/media/catalog/product/c/o/common_4_5_8.jpg, https://oticamart.com/media/catalog/product/5/1/51fbanjy7il.jpg, https://oticamart.com/media/catalog/product/7/1/71ofplagvtl._sl1500_.jpg	new	no				green	adult		https://oticamart.com/media/catalog/product/8/1/81q1lqcr3ol._sl1500_.jpg		Master Style Stethoscope - Copper Finish	yes	0
OST-71 zerascope Copper Black stethoscope	OTICA Copper Finish Master-Style Cardiology Stethoscope – Premium Acoustic Performance, Durable Design, Ideal for Doctors, Nurses, EMTs, Medical Students-Black	Product Info The OTICA Copper Finish Master-Style Cardiology Stethoscope delivers superior acoustic clarity with a stylish copper-plated chestpiece built over a solid stainless steel core for durability and longevity. Its double-sided tunable diaphragm allows detection of both high and low frequency sounds with exceptional precision, ensuring subtle murmurs, lung sounds, and blood pressure readings are heard clearly. Latex-free tubing is safe for users and patients with allergies, while adjustable headsets and snap-tight, soft-sealing ear tips ensure all-day comfort and noise isolation. Lightweight and portable, it is perfect for doctors, nurses, EMTs, medical students, and home healthcare professionals. The small bell side is ideal for pediatric examinations, and the stethoscope is backed by a 5-year limited warranty with lifetime OTICA support. &nbsp; Key Features Copper-plated chestpiece over stainless steel core Double-sided tunable diaphragm for high and low frequencies Superior acoustic sensitivity for heart, lung, and BP sounds Comfort-fit snap-tight ear tips for excellent acoustic seal Suitable for hospital, clinic, and home healthcare use Backed by 5-year limited warranty and lifetime OTICA support	in_stock	https://oticamart.com/au/otica-copper-finish-master-style-cardiology-stethoscope-premium-acoustic-performance-durable-design-ideal-for-doctors-nurses-emts-medical-students.html?color=black	36.70 AUD				OTICA	https://oticamart.com/media/catalog/product/c/o/common_2_16.jpg, https://oticamart.com/media/catalog/product/c/o/common_1_16.jpg, https://oticamart.com/media/catalog/product/c/o/common_3_16.jpg, https://oticamart.com/media/catalog/product/c/o/common_5_6_5.jpg, https://oticamart.com/media/catalog/product/c/o/common_6_16.jpg, https://oticamart.com/media/catalog/product/c/o/common_4_5_7.jpg, https://oticamart.com/media/catalog/product/7/1/71nfuecpfol._sl1500_.jpg, https://oticamart.com/media/catalog/product/5/1/51ay7-mmrml.jpg	new	no				black	adult		https://oticamart.com/media/catalog/product/8/1/81j0nrwhhol._sl1500_.jpg		Master Style Stethoscope - Copper Finish	yes	0
OST-75 zerascope Copper Blue stethoscope	OTICA Copper Finish Master-Style Cardiology Stethoscope – Premium Acoustic Performance, Durable Design, Ideal for Doctors, Nurses, EMTs, Medical Students-Blue	Product Info The OTICA Copper Finish Master-Style Cardiology Stethoscope delivers superior acoustic clarity with a stylish copper-plated chestpiece built over a solid stainless steel core for durability and longevity. Its double-sided tunable diaphragm allows detection of both high and low frequency sounds with exceptional precision, ensuring subtle murmurs, lung sounds, and blood pressure readings are heard clearly. Latex-free tubing is safe for users and patients with allergies, while adjustable headsets and snap-tight, soft-sealing ear tips ensure all-day comfort and noise isolation. Lightweight and portable, it is perfect for doctors, nurses, EMTs, medical students, and home healthcare professionals. The small bell side is ideal for pediatric examinations, and the stethoscope is backed by a 5-year limited warranty with lifetime OTICA support. &nbsp; Key Features Copper-plated chestpiece over stainless steel core Double-sided tunable diaphragm for high and low frequencies Superior acoustic sensitivity for heart, lung, and BP sounds Comfort-fit snap-tight ear tips for excellent acoustic seal Suitable for hospital, clinic, and home healthcare use Backed by 5-year limited warranty and lifetime OTICA support	in_stock	https://oticamart.com/au/otica-copper-finish-master-style-cardiology-stethoscope-premium-acoustic-performance-durable-design-ideal-for-doctors-nurses-emts-medical-students.html?color=blue	46.10 AUD				OTICA	https://oticamart.com/media/catalog/product/c/o/common_2_13.jpg, https://oticamart.com/media/catalog/product/c/o/common_1_13.jpg, https://oticamart.com/media/catalog/product/c/o/common_3_13.jpg, https://oticamart.com/media/catalog/product/c/o/common_5_6_2.jpg, https://oticamart.com/media/catalog/product/c/o/common_6_13.jpg, https://oticamart.com/media/catalog/product/c/o/common_4_5_4.jpg, https://oticamart.com/media/catalog/product/7/1/71ekwho-5tl._sl1500_.jpg	new	no				blue	adult		https://oticamart.com/media/catalog/product/8/1/816cztkz_vl._sl1500_.jpg		Master Style Stethoscope - Copper Finish	yes	0
OST-73 zerascope Copper Plum stethoscope	OTICA Copper Finish Master-Style Cardiology Stethoscope – Premium Acoustic Performance, Durable Design, Ideal for Doctors, Nurses, EMTs, Medical Students-Purple	Product Info The OTICA Copper Finish Master-Style Cardiology Stethoscope delivers superior acoustic clarity with a stylish copper-plated chestpiece built over a solid stainless steel core for durability and longevity. Its double-sided tunable diaphragm allows detection of both high and low frequency sounds with exceptional precision, ensuring subtle murmurs, lung sounds, and blood pressure readings are heard clearly. Latex-free tubing is safe for users and patients with allergies, while adjustable headsets and snap-tight, soft-sealing ear tips ensure all-day comfort and noise isolation. Lightweight and portable, it is perfect for doctors, nurses, EMTs, medical students, and home healthcare professionals. The small bell side is ideal for pediatric examinations, and the stethoscope is backed by a 5-year limited warranty with lifetime OTICA support. &nbsp; Key Features Copper-plated chestpiece over stainless steel core Double-sided tunable diaphragm for high and low frequencies Superior acoustic sensitivity for heart, lung, and BP sounds Comfort-fit snap-tight ear tips for excellent acoustic seal Suitable for hospital, clinic, and home healthcare use Backed by 5-year limited warranty and lifetime OTICA support	in_stock	https://oticamart.com/au/otica-copper-finish-master-style-cardiology-stethoscope-premium-acoustic-performance-durable-design-ideal-for-doctors-nurses-emts-medical-students.html?color=purple	36.70 AUD				OTICA	https://oticamart.com/media/catalog/product/c/o/common_2_15.jpg, https://oticamart.com/media/catalog/product/c/o/common_1_15.jpg, https://oticamart.com/media/catalog/product/c/o/common_3_15.jpg, https://oticamart.com/media/catalog/product/c/o/common_5_6_4.jpg, https://oticamart.com/media/catalog/product/c/o/common_6_15.jpg, https://oticamart.com/media/catalog/product/c/o/common_4_5_6.jpg, https://oticamart.com/media/catalog/product/5/1/51g_wt28y7l.jpg, https://oticamart.com/media/catalog/product/7/1/71qxmkicanl._sl1500_.jpg	new	no				purple	adult		https://oticamart.com/media/catalog/product/8/1/8174pukrval._sl1500_.jpg		Master Style Stethoscope - Copper Finish	yes	0
OST-76 zerascope Copper Brown stethoscope	OTICA Copper Finish Master-Style Cardiology Stethoscope – Premium Acoustic Performance, Durable Design, Ideal for Doctors, Nurses, EMTs, Medical Students-Brown	Product Info The OTICA Copper Finish Master-Style Cardiology Stethoscope delivers superior acoustic clarity with a stylish copper-plated chestpiece built over a solid stainless steel core for durability and longevity. Its double-sided tunable diaphragm allows detection of both high and low frequency sounds with exceptional precision, ensuring subtle murmurs, lung sounds, and blood pressure readings are heard clearly. Latex-free tubing is safe for users and patients with allergies, while adjustable headsets and snap-tight, soft-sealing ear tips ensure all-day comfort and noise isolation. Lightweight and portable, it is perfect for doctors, nurses, EMTs, medical students, and home healthcare professionals. The small bell side is ideal for pediatric examinations, and the stethoscope is backed by a 5-year limited warranty with lifetime OTICA support. &nbsp; Key Features Copper-plated chestpiece over stainless steel core Double-sided tunable diaphragm for high and low frequencies Superior acoustic sensitivity for heart, lung, and BP sounds Comfort-fit snap-tight ear tips for excellent acoustic seal Suitable for hospital, clinic, and home healthcare use Backed by 5-year limited warranty and lifetime OTICA support	in_stock	https://oticamart.com/au/otica-copper-finish-master-style-cardiology-stethoscope-premium-acoustic-performance-durable-design-ideal-for-doctors-nurses-emts-medical-students.html?color=brown	36.70 AUD				OTICA	https://oticamart.com/media/catalog/product/c/o/common_2_19.jpg, https://oticamart.com/media/catalog/product/c/o/common_1_19.jpg, https://oticamart.com/media/catalog/product/c/o/common_3_19.jpg, https://oticamart.com/media/catalog/product/c/o/common_6_19.jpg, https://oticamart.com/media/catalog/product/c/o/common_4_5_10.jpg, https://oticamart.com/media/catalog/product/c/o/common_5_6_8.jpg, https://oticamart.com/media/catalog/product/5/1/51r1qwsw6el.jpg, https://oticamart.com/media/catalog/product/7/1/713xivjoqkl._sl1500_.jpg	new	no				brown	adult		https://oticamart.com/media/catalog/product/8/1/81kva_forol._sl1500_.jpg		Master Style Stethoscope - Copper Finish	yes	0
OST-80 zerascope Copper White stethoscope	OTICA Copper Finish Master-Style Cardiology Stethoscope – Premium Acoustic Performance, Durable Design, Ideal for Doctors, Nurses, EMTs, Medical Students-White	Product Info The OTICA Copper Finish Master-Style Cardiology Stethoscope delivers superior acoustic clarity with a stylish copper-plated chestpiece built over a solid stainless steel core for durability and longevity. Its double-sided tunable diaphragm allows detection of both high and low frequency sounds with exceptional precision, ensuring subtle murmurs, lung sounds, and blood pressure readings are heard clearly. Latex-free tubing is safe for users and patients with allergies, while adjustable headsets and snap-tight, soft-sealing ear tips ensure all-day comfort and noise isolation. Lightweight and portable, it is perfect for doctors, nurses, EMTs, medical students, and home healthcare professionals. The small bell side is ideal for pediatric examinations, and the stethoscope is backed by a 5-year limited warranty with lifetime OTICA support. &nbsp; Key Features Copper-plated chestpiece over stainless steel core Double-sided tunable diaphragm for high and low frequencies Superior acoustic sensitivity for heart, lung, and BP sounds Comfort-fit snap-tight ear tips for excellent acoustic seal Suitable for hospital, clinic, and home healthcare use Backed by 5-year limited warranty and lifetime OTICA support	in_stock	https://oticamart.com/au/otica-copper-finish-master-style-cardiology-stethoscope-premium-acoustic-performance-durable-design-ideal-for-doctors-nurses-emts-medical-students.html?color=white	36.70 AUD				OTICA	https://oticamart.com/media/catalog/product/c/o/common_1_12.jpg, https://oticamart.com/media/catalog/product/c/o/common_2_12.jpg, https://oticamart.com/media/catalog/product/c/o/common_3_12.jpg, https://oticamart.com/media/catalog/product/c/o/common_5_6_1.jpg, https://oticamart.com/media/catalog/product/c/o/common_6_12.jpg, https://oticamart.com/media/catalog/product/c/o/common_4_5_3.jpg, https://oticamart.com/media/catalog/product/5/1/51ytrgqfall.jpg, https://oticamart.com/media/catalog/product/6/1/61_x97t-0-l._sl1500_.jpg	new	no				white	adult		https://oticamart.com/media/catalog/product/7/1/712ris2jz-l._sl1500_.jpg		Master Style Stethoscope - Copper Finish	yes	0
OST-33 celestiac plum stethoscope	Celestiac Professional EMT Dual Head Stainless Steel Stethoscope for Clinical Use Plum	Product Info The OTICA Dual Head Stainless Steel Stethoscope delivers professional-grade acoustic performance for clinical, emergency, and educational use. Its dual-side stainless steel chestpiece with an accurate diaphragm enables precise detection of high and low frequency heart and lung sounds. The ultra-light stainless steel construction reduces neck strain during extended shifts, while clear acoustic tubing ensures minimal sound loss for reliable diagnostics. Comfort-fit silicone eartips provide a soft, secure seal that reduces ear fatigue during long hours. Designed for doctors, nurses, paramedics, EMTs, medical and nursing students, as well as home healthcare professionals, this versatile stethoscope is built for demanding environments and backed by a 5-year limited warranty with lifetime OTICA support. &nbsp; Key Features Dual-head stainless steel chestpiece for precise auscultation Captures both high and low frequency sounds accurately Comfort-fit silicone eartips for all-day comfort Secure ear seal improves noise isolation Suitable for doctors, nurses, and EMTs Suitable for clinics, hospitals, and home healthcare	in_stock	https://oticamart.com/au/otica-dual-head-stainless-steel-stethoscope-stethoscopes-for-nurses-medical-nursing-students-paramedics-emt.html?color=purple	27.66 AUD				OTICA	https://oticamart.com/media/catalog/product/c/o/common_2_4.jpg, https://oticamart.com/media/catalog/product/c/o/common_1_4.jpg, https://oticamart.com/media/catalog/product/c/o/common_3_4.jpg, https://oticamart.com/media/catalog/product/c/o/common_7_4.jpg, https://oticamart.com/media/catalog/product/c/o/common_6_4.jpg, https://oticamart.com/media/catalog/product/c/o/common_5_3.jpg, https://oticamart.com/media/catalog/product/5/1/51pmd2pysml.jpg, https://oticamart.com/media/catalog/product/6/1/61bg29qolol.jpg	new	no				purple	adult		https://oticamart.com/media/catalog/product/8/1/81xaois0trl.jpg		Classic Style Stethoscope - Stainless Steel	yes	0
OST-40 celestiac white stethoscope	Celestiac Professional EMT Dual Head Stainless Steel Stethoscope for Clinical Use White	Product Info The OTICA Dual Head Stainless Steel Stethoscope delivers professional-grade acoustic performance for clinical, emergency, and educational use. Its dual-side stainless steel chestpiece with an accurate diaphragm enables precise detection of high and low frequency heart and lung sounds. The ultra-light stainless steel construction reduces neck strain during extended shifts, while clear acoustic tubing ensures minimal sound loss for reliable diagnostics. Comfort-fit silicone eartips provide a soft, secure seal that reduces ear fatigue during long hours. Designed for doctors, nurses, paramedics, EMTs, medical and nursing students, as well as home healthcare professionals, this versatile stethoscope is built for demanding environments and backed by a 5-year limited warranty with lifetime OTICA support. &nbsp; Key Features Dual-head stainless steel chestpiece for precise auscultation Captures both high and low frequency sounds accurately Comfort-fit silicone eartips for all-day comfort Secure ear seal improves noise isolation Suitable for doctors, nurses, and EMTs Suitable for clinics, hospitals, and home healthcare	in_stock	https://oticamart.com/au/otica-dual-head-stainless-steel-stethoscope-stethoscopes-for-nurses-medical-nursing-students-paramedics-emt.html?color=white	27.66 AUD				OTICA	https://oticamart.com/media/catalog/product/c/o/common_2_1.jpg, https://oticamart.com/media/catalog/product/c/o/common_1_1.jpg, https://oticamart.com/media/catalog/product/c/o/common_3_1.jpg, https://oticamart.com/media/catalog/product/c/o/common_7_1.jpg, https://oticamart.com/media/catalog/product/c/o/common_6_1.jpg, https://oticamart.com/media/catalog/product/c/o/common_4_1.jpg, https://oticamart.com/media/catalog/product/6/1/61pecbenivl.jpg, https://oticamart.com/media/catalog/product/5/1/51vkvrlmpil.jpg	new	no				white	adult		https://oticamart.com/media/catalog/product/7/1/71p3jcu3ofl.jpg		Classic Style Stethoscope - Stainless Steel	yes	0
OST-39 celestiac yellow stethoscope	Celestiac Professional EMT Dual Head Stainless Steel Stethoscope for Clinical Use Yellow	Product Info The OTICA Dual Head Stainless Steel Stethoscope delivers professional-grade acoustic performance for clinical, emergency, and educational use. Its dual-side stainless steel chestpiece with an accurate diaphragm enables precise detection of high and low frequency heart and lung sounds. The ultra-light stainless steel construction reduces neck strain during extended shifts, while clear acoustic tubing ensures minimal sound loss for reliable diagnostics. Comfort-fit silicone eartips provide a soft, secure seal that reduces ear fatigue during long hours. Designed for doctors, nurses, paramedics, EMTs, medical and nursing students, as well as home healthcare professionals, this versatile stethoscope is built for demanding environments and backed by a 5-year limited warranty with lifetime OTICA support. &nbsp; Key Features Dual-head stainless steel chestpiece for precise auscultation Captures both high and low frequency sounds accurately Comfort-fit silicone eartips for all-day comfort Secure ear seal improves noise isolation Suitable for doctors, nurses, and EMTs Suitable for clinics, hospitals, and home healthcare	in_stock	https://oticamart.com/au/otica-dual-head-stainless-steel-stethoscope-stethoscopes-for-nurses-medical-nursing-students-paramedics-emt.html?color=yellow	27.66 AUD				OTICA	https://oticamart.com/media/catalog/product/c/o/common_2_10.jpg, https://oticamart.com/media/catalog/product/c/o/common_1_10.jpg, https://oticamart.com/media/catalog/product/c/o/common_3_10.jpg, https://oticamart.com/media/catalog/product/c/o/common_7_10.jpg, https://oticamart.com/media/catalog/product/c/o/common_6_10.jpg, https://oticamart.com/media/catalog/product/c/o/common_4_5_1.jpg, https://oticamart.com/media/catalog/product/5/1/51k4nowq-xl.jpg, https://oticamart.com/media/catalog/product/6/1/61bsmhim_il.jpg	new	no				yellow	adult		https://oticamart.com/media/catalog/product/8/1/81tj_rnokcl.jpg		Classic Style Stethoscope - Stainless Steel	yes	0
OST-36 celestiac brown stethoscope	Celestiac Professional EMT Dual Head Stainless Steel Stethoscope for Clinical Use Brown	Product Info The OTICA Dual Head Stainless Steel Stethoscope delivers professional-grade acoustic performance for clinical, emergency, and educational use. Its dual-side stainless steel chestpiece with an accurate diaphragm enables precise detection of high and low frequency heart and lung sounds. The ultra-light stainless steel construction reduces neck strain during extended shifts, while clear acoustic tubing ensures minimal sound loss for reliable diagnostics. Comfort-fit silicone eartips provide a soft, secure seal that reduces ear fatigue during long hours. Designed for doctors, nurses, paramedics, EMTs, medical and nursing students, as well as home healthcare professionals, this versatile stethoscope is built for demanding environments and backed by a 5-year limited warranty with lifetime OTICA support. &nbsp; Key Features Dual-head stainless steel chestpiece for precise auscultation Captures both high and low frequency sounds accurately Comfort-fit silicone eartips for all-day comfort Secure ear seal improves noise isolation Suitable for doctors, nurses, and EMTs Suitable for clinics, hospitals, and home healthcare	in_stock	https://oticamart.com/au/otica-dual-head-stainless-steel-stethoscope-stethoscopes-for-nurses-medical-nursing-students-paramedics-emt.html?color=brown	27.66 AUD				OTICA	https://oticamart.com/media/catalog/product/c/o/common_2_8.jpg, https://oticamart.com/media/catalog/product/c/o/common_1_8.jpg, https://oticamart.com/media/catalog/product/c/o/common_3_8.jpg, https://oticamart.com/media/catalog/product/c/o/common_7_8.jpg, https://oticamart.com/media/catalog/product/c/o/common_6_8.jpg, https://oticamart.com/media/catalog/product/c/o/common_5_4_2.jpg, https://oticamart.com/media/catalog/product/6/1/61zuujlbkzl.jpg, https://oticamart.com/media/catalog/product/5/1/51k3ifjcdml.jpg	new	no				brown	adult		https://oticamart.com/media/catalog/product/8/1/81-_vfxzjzl.jpg		Classic Style Stethoscope - Stainless Steel	yes	0
OST-34 celestiac red stethoscope	Celestiac Professional EMT Dual Head Stainless Steel Stethoscope for Clinical Use Red	Product Info The OTICA Dual Head Stainless Steel Stethoscope delivers professional-grade acoustic performance for clinical, emergency, and educational use. Its dual-side stainless steel chestpiece with an accurate diaphragm enables precise detection of high and low frequency heart and lung sounds. The ultra-light stainless steel construction reduces neck strain during extended shifts, while clear acoustic tubing ensures minimal sound loss for reliable diagnostics. Comfort-fit silicone eartips provide a soft, secure seal that reduces ear fatigue during long hours. Designed for doctors, nurses, paramedics, EMTs, medical and nursing students, as well as home healthcare professionals, this versatile stethoscope is built for demanding environments and backed by a 5-year limited warranty with lifetime OTICA support. &nbsp; Key Features Dual-head stainless steel chestpiece for precise auscultation Captures both high and low frequency sounds accurately Comfort-fit silicone eartips for all-day comfort Secure ear seal improves noise isolation Suitable for doctors, nurses, and EMTs Suitable for clinics, hospitals, and home healthcare	in_stock	https://oticamart.com/au/otica-dual-head-stainless-steel-stethoscope-stethoscopes-for-nurses-medical-nursing-students-paramedics-emt.html?color=red	27.66 AUD				OTICA	https://oticamart.com/media/catalog/product/c/o/common_2_9.jpg, https://oticamart.com/media/catalog/product/c/o/common_1_9.jpg, https://oticamart.com/media/catalog/product/c/o/common_3_9.jpg, https://oticamart.com/media/catalog/product/c/o/common_6_9.jpg, https://oticamart.com/media/catalog/product/c/o/common_7_9.jpg, https://oticamart.com/media/catalog/product/c/o/common_4_5.jpg, https://oticamart.com/media/catalog/product/6/1/61xubyjmmml._sl1500_.jpg	new	no				red	adult		https://oticamart.com/media/catalog/product/8/1/813muqgbg3l._sl1500_.jpg		Classic Style Stethoscope - Stainless Steel	yes	0
OST-37 celestiac pink stethoscope	Celestiac Professional EMT Dual Head Stainless Steel Stethoscope for Clinical Use Pink	Product Info The OTICA Dual Head Stainless Steel Stethoscope delivers professional-grade acoustic performance for clinical, emergency, and educational use. Its dual-side stainless steel chestpiece with an accurate diaphragm enables precise detection of high and low frequency heart and lung sounds. The ultra-light stainless steel construction reduces neck strain during extended shifts, while clear acoustic tubing ensures minimal sound loss for reliable diagnostics. Comfort-fit silicone eartips provide a soft, secure seal that reduces ear fatigue during long hours. Designed for doctors, nurses, paramedics, EMTs, medical and nursing students, as well as home healthcare professionals, this versatile stethoscope is built for demanding environments and backed by a 5-year limited warranty with lifetime OTICA support. &nbsp; Key Features Dual-head stainless steel chestpiece for precise auscultation Captures both high and low frequency sounds accurately Comfort-fit silicone eartips for all-day comfort Secure ear seal improves noise isolation Suitable for doctors, nurses, and EMTs Suitable for clinics, hospitals, and home healthcare	in_stock	https://oticamart.com/au/otica-dual-head-stainless-steel-stethoscope-stethoscopes-for-nurses-medical-nursing-students-paramedics-emt.html?color=pink	21.58 AUD				OTICA	https://oticamart.com/media/catalog/product/c/o/common_2_3.jpg, https://oticamart.com/media/catalog/product/c/o/common_1_3.jpg, https://oticamart.com/media/catalog/product/c/o/common_3_3.jpg, https://oticamart.com/media/catalog/product/c/o/common_7_3.jpg, https://oticamart.com/media/catalog/product/c/o/common_6_3.jpg, https://oticamart.com/media/catalog/product/c/o/common_4_1_2.jpg, https://oticamart.com/media/catalog/product/7/1/71cnd3dvjxl._sl1500_.jpg, https://oticamart.com/media/catalog/product/5/1/51qxpuwpn4l.jpg	new	no				pink	adult		https://oticamart.com/media/catalog/product/8/1/81hdeminmll._sl1500_.jpg		Classic Style Stethoscope - Stainless Steel	yes	0
OST-32 celestiac grey stethoscope	Celestiac Professional EMT Dual Head Stainless Steel Stethoscope for Clinical Use Grey	Product Info The OTICA Dual Head Stainless Steel Stethoscope delivers professional-grade acoustic performance for clinical, emergency, and educational use. Its dual-side stainless steel chestpiece with an accurate diaphragm enables precise detection of high and low frequency heart and lung sounds. The ultra-light stainless steel construction reduces neck strain during extended shifts, while clear acoustic tubing ensures minimal sound loss for reliable diagnostics. Comfort-fit silicone eartips provide a soft, secure seal that reduces ear fatigue during long hours. Designed for doctors, nurses, paramedics, EMTs, medical and nursing students, as well as home healthcare professionals, this versatile stethoscope is built for demanding environments and backed by a 5-year limited warranty with lifetime OTICA support. &nbsp; Key Features Dual-head stainless steel chestpiece for precise auscultation Captures both high and low frequency sounds accurately Comfort-fit silicone eartips for all-day comfort Secure ear seal improves noise isolation Suitable for doctors, nurses, and EMTs Suitable for clinics, hospitals, and home healthcare	in_stock	https://oticamart.com/au/otica-dual-head-stainless-steel-stethoscope-stethoscopes-for-nurses-medical-nursing-students-paramedics-emt.html?color=grey	27.66 AUD				OTICA	https://oticamart.com/media/catalog/product/c/o/common_2_7.jpg, https://oticamart.com/media/catalog/product/c/o/common_1_7.jpg, https://oticamart.com/media/catalog/product/c/o/common_3_7.jpg, https://oticamart.com/media/catalog/product/c/o/common_6_7.jpg, https://oticamart.com/media/catalog/product/c/o/common_7_7.jpg, https://oticamart.com/media/catalog/product/c/o/common_5_4_1.jpg, https://oticamart.com/media/catalog/product/6/1/61upc4hxgcl._sl1500_.jpg	new	no				grey	adult		https://oticamart.com/media/catalog/product/7/1/71l516t5g4l._sl1500_.jpg		Classic Style Stethoscope - Stainless Steel	yes	0
OST-38 celestiac green stethoscope	Celestiac Professional EMT Dual Head Stainless Steel Stethoscope for Clinical Use Green	Product Info The OTICA Dual Head Stainless Steel Stethoscope delivers professional-grade acoustic performance for clinical, emergency, and educational use. Its dual-side stainless steel chestpiece with an accurate diaphragm enables precise detection of high and low frequency heart and lung sounds. The ultra-light stainless steel construction reduces neck strain during extended shifts, while clear acoustic tubing ensures minimal sound loss for reliable diagnostics. Comfort-fit silicone eartips provide a soft, secure seal that reduces ear fatigue during long hours. Designed for doctors, nurses, paramedics, EMTs, medical and nursing students, as well as home healthcare professionals, this versatile stethoscope is built for demanding environments and backed by a 5-year limited warranty with lifetime OTICA support. &nbsp; Key Features Dual-head stainless steel chestpiece for precise auscultation Captures both high and low frequency sounds accurately Comfort-fit silicone eartips for all-day comfort Secure ear seal improves noise isolation Suitable for doctors, nurses, and EMTs Suitable for clinics, hospitals, and home healthcare	in_stock	https://oticamart.com/au/otica-dual-head-stainless-steel-stethoscope-stethoscopes-for-nurses-medical-nursing-students-paramedics-emt.html?color=green	21.58 AUD				OTICA	https://oticamart.com/media/catalog/product/c/o/common_2_6.jpg, https://oticamart.com/media/catalog/product/c/o/common_1_6.jpg, https://oticamart.com/media/catalog/product/c/o/common_3_6.jpg, https://oticamart.com/media/catalog/product/c/o/common_6_6.jpg, https://oticamart.com/media/catalog/product/c/o/common_7_6.jpg, https://oticamart.com/media/catalog/product/c/o/common_5_4.jpg, https://oticamart.com/media/catalog/product/5/1/51vnxzuobel.jpg, https://oticamart.com/media/catalog/product/6/1/6176zkvhghl._sl1500_.jpg	new	no				green	adult		https://oticamart.com/media/catalog/product/8/1/8185bzg4rol._sl1500_.jpg		Classic Style Stethoscope - Stainless Steel	yes	0
OST-35 celestiac blue stethoscope	Celestiac Professional EMT Dual Head Stainless Steel Stethoscope for Clinical Use Blue	Product Info The OTICA Dual Head Stainless Steel Stethoscope delivers professional-grade acoustic performance for clinical, emergency, and educational use. Its dual-side stainless steel chestpiece with an accurate diaphragm enables precise detection of high and low frequency heart and lung sounds. The ultra-light stainless steel construction reduces neck strain during extended shifts, while clear acoustic tubing ensures minimal sound loss for reliable diagnostics. Comfort-fit silicone eartips provide a soft, secure seal that reduces ear fatigue during long hours. Designed for doctors, nurses, paramedics, EMTs, medical and nursing students, as well as home healthcare professionals, this versatile stethoscope is built for demanding environments and backed by a 5-year limited warranty with lifetime OTICA support. &nbsp; Key Features Dual-head stainless steel chestpiece for precise auscultation Captures both high and low frequency sounds accurately Comfort-fit silicone eartips for all-day comfort Secure ear seal improves noise isolation Suitable for doctors, nurses, and EMTs Suitable for clinics, hospitals, and home healthcare	in_stock	https://oticamart.com/au/otica-dual-head-stainless-steel-stethoscope-stethoscopes-for-nurses-medical-nursing-students-paramedics-emt.html?color=blue	21.58 AUD				OTICA	https://oticamart.com/media/catalog/product/c/o/common_2_2.jpg, https://oticamart.com/media/catalog/product/c/o/common_1_2.jpg, https://oticamart.com/media/catalog/product/c/o/common_3_2.jpg, https://oticamart.com/media/catalog/product/c/o/common_7_2.jpg, https://oticamart.com/media/catalog/product/c/o/common_6_2.jpg, https://oticamart.com/media/catalog/product/c/o/common_4_1_1.jpg, https://oticamart.com/media/catalog/product/b/l/blue-2_1.jpg, https://oticamart.com/media/catalog/product/b/l/blue-3_1.jpg	new	no				blue	adult		https://oticamart.com/media/catalog/product/b/l/blue-1_1.jpg		Classic Style Stethoscope - Stainless Steel	yes	0
OST-031 celestiac black stethoscope	Celestiac Professional EMT Dual Head Stainless Steel Stethoscope for Clinical Use Black	Product Info The OTICA Dual Head Stainless Steel Stethoscope delivers professional-grade acoustic performance for clinical, emergency, and educational use. Its dual-side stainless steel chestpiece with an accurate diaphragm enables precise detection of high and low frequency heart and lung sounds. The ultra-light stainless steel construction reduces neck strain during extended shifts, while clear acoustic tubing ensures minimal sound loss for reliable diagnostics. Comfort-fit silicone eartips provide a soft, secure seal that reduces ear fatigue during long hours. Designed for doctors, nurses, paramedics, EMTs, medical and nursing students, as well as home healthcare professionals, this versatile stethoscope is built for demanding environments and backed by a 5-year limited warranty with lifetime OTICA support. &nbsp; Key Features Dual-head stainless steel chestpiece for precise auscultation Captures both high and low frequency sounds accurately Comfort-fit silicone eartips for all-day comfort Secure ear seal improves noise isolation Suitable for doctors, nurses, and EMTs Suitable for clinics, hospitals, and home healthcare	in_stock	https://oticamart.com/au/otica-dual-head-stainless-steel-stethoscope-stethoscopes-for-nurses-medical-nursing-students-paramedics-emt.html?color=black	21.58 AUD				OTICA	https://oticamart.com/media/catalog/product/c/o/common_2_5.jpg, https://oticamart.com/media/catalog/product/c/o/common_1_5.jpg, https://oticamart.com/media/catalog/product/c/o/common_3_5.jpg, https://oticamart.com/media/catalog/product/c/o/common_7_5.jpg, https://oticamart.com/media/catalog/product/c/o/common_6_5.jpg, https://oticamart.com/media/catalog/product/c/o/common_4_2.jpg, https://oticamart.com/media/catalog/product/6/1/61c6rp1ysvl._sl1500_.jpg	new	no				black	adult		https://oticamart.com/media/catalog/product/8/1/81c4_rgxul._sl1500_.jpg		Classic Style Stethoscope - Stainless Steel	yes	0
OST-43 vitalecho plum stethoscope	Vitalecho Lightweight Acoustic Stethoscope for Adults with Dual Head Aluminum Chestpiece Plum	Product Info The OTICA Acoustic Lightweight Stethoscope is engineered for reliable and accurate auscultation in clinical, academic, and home healthcare settings. Its 360° dual-head aluminum chestpiece allows smooth switching between diaphragm and bell to capture both high and low frequency sounds with clarity. The tunable floating diaphragm enhances acoustic sensitivity, enabling detection of subtle heart and lung sounds. Clear, reinforced latex-free tubing resists oil, sweat, and stains for long-term durability. Comfort-fit silicone ear tips, non-chill chestpiece, and lightweight construction reduce ear pressure and fatigue during extended shifts. Suitable for doctors, nurses, medical students, emergency responders, and home health users, and backed by a 5-year warranty with lifetime OTICA support. &nbsp; Key Features 360° rotating dual-head aluminum chestpiece Tunable diaphragm and bell for high and low frequency sounds Accurate detection of subtle sounds like Korotkoff and murmurs Comfort-fit silicone ear tips reduce ear pressure Suitable for adults, pediatric, and infant examination Suitable for hospital, clinic, and home healthcare use	in_stock	https://oticamart.com/au/acoustic-lightweight-stethoscope-doctors-nurses-students-home-health-use-adult.html?color=purple	14.73 AUD				OTICA	https://oticamart.com/media/catalog/product/c/o/common_1__8.jpg, https://oticamart.com/media/catalog/product/c/o/common_6__8.jpg, https://oticamart.com/media/catalog/product/c/o/common_5__8.jpg, https://oticamart.com/media/catalog/product/c/o/common_4__8.jpg, https://oticamart.com/media/catalog/product/c/o/common_3__8.jpg, https://oticamart.com/media/catalog/product/c/o/common_2__8.jpg, https://oticamart.com/media/catalog/product/6/1/61d4u8_edhl.jpg	new	no				purple	adult		https://oticamart.com/media/catalog/product/8/1/81nebbshhjl.jpg		Classic Style Stethoscope - Aluminium	yes	0
OST-50 vitalecho white stethoscope	Vitalecho Lightweight Acoustic Stethoscope for Adults with Dual Head Aluminum Chestpiece White	Product Info The OTICA Acoustic Lightweight Stethoscope is engineered for reliable and accurate auscultation in clinical, academic, and home healthcare settings. Its 360° dual-head aluminum chestpiece allows smooth switching between diaphragm and bell to capture both high and low frequency sounds with clarity. The tunable floating diaphragm enhances acoustic sensitivity, enabling detection of subtle heart and lung sounds. Clear, reinforced latex-free tubing resists oil, sweat, and stains for long-term durability. Comfort-fit silicone ear tips, non-chill chestpiece, and lightweight construction reduce ear pressure and fatigue during extended shifts. Suitable for doctors, nurses, medical students, emergency responders, and home health users, and backed by a 5-year warranty with lifetime OTICA support. &nbsp; Key Features 360° rotating dual-head aluminum chestpiece Tunable diaphragm and bell for high and low frequency sounds Accurate detection of subtle sounds like Korotkoff and murmurs Comfort-fit silicone ear tips reduce ear pressure Suitable for adults, pediatric, and infant examination Suitable for hospital, clinic, and home healthcare use	in_stock	https://oticamart.com/au/acoustic-lightweight-stethoscope-doctors-nurses-students-home-health-use-adult.html?color=white	14.73 AUD				OTICA	https://oticamart.com/media/catalog/product/c/o/common_6__9.jpg, https://oticamart.com/media/catalog/product/c/o/common_1__9.jpg, https://oticamart.com/media/catalog/product/c/o/common_5__9.jpg, https://oticamart.com/media/catalog/product/c/o/common_4__9.jpg, https://oticamart.com/media/catalog/product/c/o/common_3__9.jpg, https://oticamart.com/media/catalog/product/c/o/common_2__9.jpg, https://oticamart.com/media/catalog/product/6/1/61xunqz95rl.jpg, https://oticamart.com/media/catalog/product/7/1/71yn5igunql.jpg	new	no				white	adult		https://oticamart.com/media/catalog/product/7/1/71ubwsr0pgl.jpg		Classic Style Stethoscope - Aluminium	yes	0
OST-47 vitalecho pink stethoscope	Vitalecho Lightweight Acoustic Stethoscope for Adults with Dual Head Aluminum Chestpiece Pink	Product Info The OTICA Acoustic Lightweight Stethoscope is engineered for reliable and accurate auscultation in clinical, academic, and home healthcare settings. Its 360° dual-head aluminum chestpiece allows smooth switching between diaphragm and bell to capture both high and low frequency sounds with clarity. The tunable floating diaphragm enhances acoustic sensitivity, enabling detection of subtle heart and lung sounds. Clear, reinforced latex-free tubing resists oil, sweat, and stains for long-term durability. Comfort-fit silicone ear tips, non-chill chestpiece, and lightweight construction reduce ear pressure and fatigue during extended shifts. Suitable for doctors, nurses, medical students, emergency responders, and home health users, and backed by a 5-year warranty with lifetime OTICA support. &nbsp; Key Features 360° rotating dual-head aluminum chestpiece Tunable diaphragm and bell for high and low frequency sounds Accurate detection of subtle sounds like Korotkoff and murmurs Comfort-fit silicone ear tips reduce ear pressure Suitable for adults, pediatric, and infant examination Suitable for hospital, clinic, and home healthcare use	in_stock	https://oticamart.com/au/acoustic-lightweight-stethoscope-doctors-nurses-students-home-health-use-adult.html?color=pink	14.73 AUD				OTICA	https://oticamart.com/media/catalog/product/c/o/common_1__1.jpg, https://oticamart.com/media/catalog/product/c/o/common_6__1.jpg, https://oticamart.com/media/catalog/product/c/o/common_5__1.jpg, https://oticamart.com/media/catalog/product/c/o/common_4__1.jpg, https://oticamart.com/media/catalog/product/c/o/common_3__1.jpg, https://oticamart.com/media/catalog/product/c/o/common_2__1.jpg, https://oticamart.com/media/catalog/product/7/1/71_9lsf2exl._sl1500_.jpg, https://oticamart.com/media/catalog/product/7/1/71qw6t0qfjl._sl1500_.jpg	new	no				pink	adult		https://oticamart.com/media/catalog/product/p/i/pink_1.jpg		Classic Style Stethoscope - Aluminium	yes	0
OST-42 vitalecho grey stethoscope	Vitalecho Lightweight Acoustic Stethoscope for Adults with Dual Head Aluminum Chestpiece Grey	Product Info The OTICA Acoustic Lightweight Stethoscope is engineered for reliable and accurate auscultation in clinical, academic, and home healthcare settings. Its 360° dual-head aluminum chestpiece allows smooth switching between diaphragm and bell to capture both high and low frequency sounds with clarity. The tunable floating diaphragm enhances acoustic sensitivity, enabling detection of subtle heart and lung sounds. Clear, reinforced latex-free tubing resists oil, sweat, and stains for long-term durability. Comfort-fit silicone ear tips, non-chill chestpiece, and lightweight construction reduce ear pressure and fatigue during extended shifts. Suitable for doctors, nurses, medical students, emergency responders, and home health users, and backed by a 5-year warranty with lifetime OTICA support. &nbsp; Key Features 360° rotating dual-head aluminum chestpiece Tunable diaphragm and bell for high and low frequency sounds Accurate detection of subtle sounds like Korotkoff and murmurs Comfort-fit silicone ear tips reduce ear pressure Suitable for adults, pediatric, and infant examination Suitable for hospital, clinic, and home healthcare use	in_stock	https://oticamart.com/au/acoustic-lightweight-stethoscope-doctors-nurses-students-home-health-use-adult.html?color=grey	14.73 AUD				OTICA	https://oticamart.com/media/catalog/product/c/o/common_6__4.jpg, https://oticamart.com/media/catalog/product/c/o/common_1__4.jpg, https://oticamart.com/media/catalog/product/c/o/common_5__4.jpg, https://oticamart.com/media/catalog/product/c/o/common_4__4.jpg, https://oticamart.com/media/catalog/product/c/o/common_3__4.jpg, https://oticamart.com/media/catalog/product/c/o/common_2__4.jpg, https://oticamart.com/media/catalog/product/6/1/616xmalm3ql._sl1500_.jpg, https://oticamart.com/media/catalog/product/7/1/716uj8c2jil._sl1500_.jpg	new	no				grey	adult		https://oticamart.com/media/catalog/product/g/r/grey_1.jpg		Classic Style Stethoscope - Aluminium	yes	0
OST-49 vitalecho yellow stethoscope	Vitalecho Lightweight Acoustic Stethoscope for Adults with Dual Head Aluminum Chestpiece Yellow	Product Info The OTICA Acoustic Lightweight Stethoscope is engineered for reliable and accurate auscultation in clinical, academic, and home healthcare settings. Its 360° dual-head aluminum chestpiece allows smooth switching between diaphragm and bell to capture both high and low frequency sounds with clarity. The tunable floating diaphragm enhances acoustic sensitivity, enabling detection of subtle heart and lung sounds. Clear, reinforced latex-free tubing resists oil, sweat, and stains for long-term durability. Comfort-fit silicone ear tips, non-chill chestpiece, and lightweight construction reduce ear pressure and fatigue during extended shifts. Suitable for doctors, nurses, medical students, emergency responders, and home health users, and backed by a 5-year warranty with lifetime OTICA support. &nbsp; Key Features 360° rotating dual-head aluminum chestpiece Tunable diaphragm and bell for high and low frequency sounds Accurate detection of subtle sounds like Korotkoff and murmurs Comfort-fit silicone ear tips reduce ear pressure Suitable for adults, pediatric, and infant examination Suitable for hospital, clinic, and home healthcare use	in_stock	https://oticamart.com/au/acoustic-lightweight-stethoscope-doctors-nurses-students-home-health-use-adult.html?color=yellow	14.73 AUD				OTICA	https://oticamart.com/media/catalog/product/c/o/common_6__7.jpg, https://oticamart.com/media/catalog/product/c/o/common_1__7.jpg, https://oticamart.com/media/catalog/product/c/o/common_5__7.jpg, https://oticamart.com/media/catalog/product/c/o/common_4__7.jpg, https://oticamart.com/media/catalog/product/c/o/common_3__7.jpg, https://oticamart.com/media/catalog/product/c/o/common_2__7.jpg, https://oticamart.com/media/catalog/product/7/1/71wt3xjlrvl._sl1500_.jpg	new	no				yellow	adult		https://oticamart.com/media/catalog/product/y/e/yellow_1.jpg		Classic Style Stethoscope - Aluminium	yes	0
OST-44 vitalecho red stethoscope	Vitalecho Lightweight Acoustic Stethoscope for Adults with Dual Head Aluminum Chestpiece Red	Product Info The OTICA Acoustic Lightweight Stethoscope is engineered for reliable and accurate auscultation in clinical, academic, and home healthcare settings. Its 360° dual-head aluminum chestpiece allows smooth switching between diaphragm and bell to capture both high and low frequency sounds with clarity. The tunable floating diaphragm enhances acoustic sensitivity, enabling detection of subtle heart and lung sounds. Clear, reinforced latex-free tubing resists oil, sweat, and stains for long-term durability. Comfort-fit silicone ear tips, non-chill chestpiece, and lightweight construction reduce ear pressure and fatigue during extended shifts. Suitable for doctors, nurses, medical students, emergency responders, and home health users, and backed by a 5-year warranty with lifetime OTICA support. &nbsp; Key Features 360° rotating dual-head aluminum chestpiece Tunable diaphragm and bell for high and low frequency sounds Accurate detection of subtle sounds like Korotkoff and murmurs Comfort-fit silicone ear tips reduce ear pressure Suitable for adults, pediatric, and infant examination Suitable for hospital, clinic, and home healthcare use	in_stock	https://oticamart.com/au/acoustic-lightweight-stethoscope-doctors-nurses-students-home-health-use-adult.html?color=red	14.73 AUD				OTICA	https://oticamart.com/media/catalog/product/c/o/common_1__6.jpg, https://oticamart.com/media/catalog/product/c/o/common_6__6.jpg, https://oticamart.com/media/catalog/product/c/o/common_5__6.jpg, https://oticamart.com/media/catalog/product/c/o/common_3__6.jpg, https://oticamart.com/media/catalog/product/c/o/common_4__6.jpg, https://oticamart.com/media/catalog/product/c/o/common_2__6.jpg, https://oticamart.com/media/catalog/product/7/1/713u4letkfl._sl1500_.jpg, https://oticamart.com/media/catalog/product/6/1/61rybsxkwrl._sl1500_.jpg	new	no				red	adult		https://oticamart.com/media/catalog/product/r/e/red_1.jpg		Classic Style Stethoscope - Aluminium	yes	0
OST-48 vitalecho green stethoscope	Vitalecho Lightweight Acoustic Stethoscope for Adults with Dual Head Aluminum Chestpiece Green	Product Info The OTICA Acoustic Lightweight Stethoscope is engineered for reliable and accurate auscultation in clinical, academic, and home healthcare settings. Its 360° dual-head aluminum chestpiece allows smooth switching between diaphragm and bell to capture both high and low frequency sounds with clarity. The tunable floating diaphragm enhances acoustic sensitivity, enabling detection of subtle heart and lung sounds. Clear, reinforced latex-free tubing resists oil, sweat, and stains for long-term durability. Comfort-fit silicone ear tips, non-chill chestpiece, and lightweight construction reduce ear pressure and fatigue during extended shifts. Suitable for doctors, nurses, medical students, emergency responders, and home health users, and backed by a 5-year warranty with lifetime OTICA support. &nbsp; Key Features 360° rotating dual-head aluminum chestpiece Tunable diaphragm and bell for high and low frequency sounds Accurate detection of subtle sounds like Korotkoff and murmurs Comfort-fit silicone ear tips reduce ear pressure Suitable for adults, pediatric, and infant examination Suitable for hospital, clinic, and home healthcare use	in_stock	https://oticamart.com/au/acoustic-lightweight-stethoscope-doctors-nurses-students-home-health-use-adult.html?color=green	14.73 AUD				OTICA	https://oticamart.com/media/catalog/product/c/o/common_6__3.jpg, https://oticamart.com/media/catalog/product/c/o/common_1__3.jpg, https://oticamart.com/media/catalog/product/c/o/common_5__3.jpg, https://oticamart.com/media/catalog/product/c/o/common_3__3.jpg, https://oticamart.com/media/catalog/product/c/o/common_4__3.jpg, https://oticamart.com/media/catalog/product/c/o/common_2__3.jpg, https://oticamart.com/media/catalog/product/g/r/green_2__1_1.jpg, https://oticamart.com/media/catalog/product/g/r/green_3_.jpg	new	no				green	adult		https://oticamart.com/media/catalog/product/g/r/green_1.jpg		Classic Style Stethoscope - Aluminium	yes	0
Water Bed	Water Bed Sores Prevention Ridden Patient Long Term Hospitalization	Product Info The Medical Waterbed&nbsp;Is A Specially Designed Therapeutic Mattress That Offers Superior Comfort And Support For Individuals Requiring Extended Bed Rest Or Pressure Sore Prevention. Ideal For Use In Hospitals, Nursing Homes, Or At Home, This Waterbed Helps Distribute Body Weight Evenly, Minimizing Pressure On Sensitive Areas Like The Hips, Back, And Heels. Made From Durable, Medical-Grade Pvc, The Mattress Is Leak-Resistant, Easy To Clean, And Compatible With Most Hospital Or Regular Beds. It Conforms To The User’S Body Shape, Reducing The Risk Of Pressure Ulcers And Improving Blood Circulation. Whether You'Re A Caregiver, Hospital Staff, Or Home User, This Waterbed Is A Reliable Choice For Improving Patient Comfort, Especially In Cases Of Paralysis, Injury Recovery, Or Elderly Care. . &nbsp; Key Features Pressure Relief Support :&nbsp;Helps Prevent Bedsores And Ulcers High-Quality Pvc Material :&nbsp;Leak-Proof, Durable, And Medical-Grade Comfortable &amp; Therapeutic :&nbsp;Evenly Distributes Weight And Reduces Stress On Joints Easy To Fill &amp; Use :&nbsp;Standard Water Fill With Secure Cap System Compatible With Most Beds :&nbsp;Fits Hospital, Adjustable, Or Standard Home Beds Ideal For :&nbsp;Elderly Patients, Post-Surgery Recovery, Paralysis, Long-Term Care	in_stock	https://oticamart.com/au/water-bed-sores-prevention-ridden-patient-long-term-hospitalization.html	27.64 AUD				OTICA	https://oticamart.com/media/catalog/product/5/_/5_4_1_1.jpg, https://oticamart.com/media/catalog/product/1/_/1_6_1_1.jpg, https://oticamart.com/media/catalog/product/2/_/2_5_1_1.jpg, https://oticamart.com/media/catalog/product/3/_/3_6_1_1.jpg	new	no					adult		https://oticamart.com/media/catalog/product/w/a/waterbed_1.jpg		Water Bed	yes	0
Medical Air Bed Large-Beige	Medical Air Bed Anti Decubitus Bedsore Mattress Ridden Patient-Beige (Large)	Product Info OTICA Medical Air Bed provides clinical-grade pressure relief for patients who are confined to bed for extended periods. Its alternating pressure cycle continuously redistributes body weight, enhancing blood circulation and minimizing the risk of pressure ulcers. The mattress is made from durable, anti-bacterial PVC with reinforced heat-sealed air cells for long-term reliability. The included low-noise pump operates smoothly with adjustable pressure settings to suit patient weight and comfort needs. Designed for hospitals, nursing homes, and home caregivers, this therapeutic air bed fits most standard hospital beds and installs quickly with secure straps. OTICA ensures a stable, breathable, and supportive surface that enhances patient comfort and aids in faster recovery.. &nbsp; Key Features Alternating pressure therapy reduces bedsores effectively Low-noise pump ensures peaceful rest for patients Adjustable pressure level for customized comfort Medical-grade PVC construction for long-term durability Includes repair kit for quick maintenance	in_stock	https://oticamart.com/au/medical-air-bed-anti-decubitus-bedsore-mattress-ridden-patient-large.html?color=beige	23.03 AUD				OTICA	https://oticamart.com/media/catalog/product/6/1/614bvnraoyl_1.jpg, https://oticamart.com/media/catalog/product/6/1/612ddxu8jwl_1.jpg, https://oticamart.com/media/catalog/product/5/1/51p-aavrpgl_1.jpg, https://oticamart.com/media/catalog/product/6/1/61ygj5yppbl_1.jpg, https://oticamart.com/media/catalog/product/6/1/61y7nfxpujl_1.jpg	new	no				beige	adult		https://oticamart.com/media/catalog/product/5/1/51zh3pajjkl_1.jpg		Medical Air Bed Large	yes	0
Medical Air Bed Large-Blue	Medical Air Bed Anti Decubitus Bedsore Mattress Ridden Patient-Blue (Large)	Product Info OTICA Medical Air Bed provides clinical-grade pressure relief for patients who are confined to bed for extended periods. Its alternating pressure cycle continuously redistributes body weight, enhancing blood circulation and minimizing the risk of pressure ulcers. The mattress is made from durable, anti-bacterial PVC with reinforced heat-sealed air cells for long-term reliability. The included low-noise pump operates smoothly with adjustable pressure settings to suit patient weight and comfort needs. Designed for hospitals, nursing homes, and home caregivers, this therapeutic air bed fits most standard hospital beds and installs quickly with secure straps. OTICA ensures a stable, breathable, and supportive surface that enhances patient comfort and aids in faster recovery.. &nbsp; Key Features Alternating pressure therapy reduces bedsores effectively Low-noise pump ensures peaceful rest for patients Adjustable pressure level for customized comfort Medical-grade PVC construction for long-term durability Includes repair kit for quick maintenance	in_stock	https://oticamart.com/au/medical-air-bed-anti-decubitus-bedsore-mattress-ridden-patient-large.html?color=blue	23.03 AUD				OTICA	https://oticamart.com/media/catalog/product/8/1/81o9y5gppol._sl1500__1_1.jpg, https://oticamart.com/media/catalog/product/8/1/81l5jq70unl._sl1500__1_1.jpg, https://oticamart.com/media/catalog/product/8/1/81jhz5wbatl._sl1500__1_1.jpg, https://oticamart.com/media/catalog/product/8/1/81ersei5ygl._sl1500__1_1.jpg, https://oticamart.com/media/catalog/product/8/1/81a_lotjc2l._sl1500__1_1.jpg	new	no				blue	adult		https://oticamart.com/media/catalog/product/7/1/71j-xygprzl._sl1500__1_1.jpg		Medical Air Bed Large	yes	0
Ampoule Cutter-Green	Ampoule Cutter Doctors Nurse Glass Bottle Cap Remover Ampule Breaker Hospital Clinic-Green	Product Info The Ampoule Cutter (Blue) Is A Must-Have Tool For Any Healthcare Professional Or Caregiver Who Regularly Works With Glass Ampoules. Designed To Ensure Clean, Precise Breaks Every Time, This Cutter Reduces The Risk Of Glass Injuries, Contamination, And Wasted Medication. Compact And Easy To Use, This Device Features A Built-In Blade Housed In A Protective Body, Allowing For Safe And Quick Ampoule Opening With Just One Twist. Suitable For Ampoules Of Various Sizes, It Is Perfect For Use In Hospitals, Clinics, Labs, Ambulances, Or Even At-Home Injections. The Blue-Colored Body Is Made From Durable Plastic For Long-Lasting Use, And Its Lightweight, Pocket-Sized Design Makes It Convenient For Daily Medical Routines. Key Features Safe Ampoule Opening : Avoids Sharp Edges And Hand Injuries Universal Fit : Works With Most Standard Glass Ampoules One-Handed Operation : Fast And Easy Twist-To-Cut Action Built-In Stainless Blade : Delivers Clean And Smooth Breaks Durable &amp; Reusable : High-Quality, Long-Lasting Plastic Body Ideal For : Hospitals, Nurses, Lab Technicians, Emergency Care, Home Injections	in_stock	https://oticamart.com/au/ampoule-cutter-doctors-nurse-glass-bottle-cap-remover-ampule-breaker-5.html?color=green	3.67 AUD				OTICA	https://oticamart.com/media/catalog/product/7/1/71psu9lq0jl._sl1500__1_1.jpg, https://oticamart.com/media/catalog/product/8/1/81rjghfwfil._sl1500__1_1.jpg, https://oticamart.com/media/catalog/product/7/1/71g3rmq2p3l._sl1500__1_1.jpg, https://oticamart.com/media/catalog/product/7/1/7110y6skn-l._sl1500__1_1.jpg, https://oticamart.com/media/catalog/product/7/1/71rqdhxfhsl._sl1500__1_1.jpg, https://oticamart.com/media/catalog/product/8/1/81rruinprrl._sl1500__1_1.jpg	new	no				green	adult		https://oticamart.com/media/catalog/product/7/1/71rqdhxfhsl._sl1500__2_1.jpg		Ampoule Cutter	yes	0
Ampoule Cutter-Pink	Ampoule Cutter Doctors Nurse Glass Bottle Cap Remover Ampule Breaker Hospital Clinic-Pink	Product Info The Ampoule Cutter (Blue) Is A Must-Have Tool For Any Healthcare Professional Or Caregiver Who Regularly Works With Glass Ampoules. Designed To Ensure Clean, Precise Breaks Every Time, This Cutter Reduces The Risk Of Glass Injuries, Contamination, And Wasted Medication. Compact And Easy To Use, This Device Features A Built-In Blade Housed In A Protective Body, Allowing For Safe And Quick Ampoule Opening With Just One Twist. Suitable For Ampoules Of Various Sizes, It Is Perfect For Use In Hospitals, Clinics, Labs, Ambulances, Or Even At-Home Injections. The Blue-Colored Body Is Made From Durable Plastic For Long-Lasting Use, And Its Lightweight, Pocket-Sized Design Makes It Convenient For Daily Medical Routines. Key Features Safe Ampoule Opening : Avoids Sharp Edges And Hand Injuries Universal Fit : Works With Most Standard Glass Ampoules One-Handed Operation : Fast And Easy Twist-To-Cut Action Built-In Stainless Blade : Delivers Clean And Smooth Breaks Durable &amp; Reusable : High-Quality, Long-Lasting Plastic Body Ideal For : Hospitals, Nurses, Lab Technicians, Emergency Care, Home Injections	in_stock	https://oticamart.com/au/ampoule-cutter-doctors-nurse-glass-bottle-cap-remover-ampule-breaker-5.html?color=pink	3.67 AUD				OTICA	https://oticamart.com/media/catalog/product/7/1/71jxb9xi9ul._sl1500__1_1.jpg, https://oticamart.com/media/catalog/product/7/1/71ql_50kjql._sl1500__1_1.jpg, https://oticamart.com/media/catalog/product/8/1/819wjp2_dyl._sl1500__1_1.jpg, https://oticamart.com/media/catalog/product/7/1/71ow2tgngjl._sl1500__1_1.jpg, https://oticamart.com/media/catalog/product/8/1/81csrmemcwl._sl1500__1_1.jpg, https://oticamart.com/media/catalog/product/7/1/715vhfy48ol._sl1500__1_1.jpg	new	no				pink	adult		https://oticamart.com/media/catalog/product/8/1/81ea9ftao0l._sl1500__1_1.jpg		Ampoule Cutter	yes	0
Ampoule Cutter-White	Ampoule Cutter Doctors Nurse Glass Bottle Cap Remover Ampule Breaker Hospital Clinic-White	Product Info The Ampoule Cutter (Blue) Is A Must-Have Tool For Any Healthcare Professional Or Caregiver Who Regularly Works With Glass Ampoules. Designed To Ensure Clean, Precise Breaks Every Time, This Cutter Reduces The Risk Of Glass Injuries, Contamination, And Wasted Medication. Compact And Easy To Use, This Device Features A Built-In Blade Housed In A Protective Body, Allowing For Safe And Quick Ampoule Opening With Just One Twist. Suitable For Ampoules Of Various Sizes, It Is Perfect For Use In Hospitals, Clinics, Labs, Ambulances, Or Even At-Home Injections. The Blue-Colored Body Is Made From Durable Plastic For Long-Lasting Use, And Its Lightweight, Pocket-Sized Design Makes It Convenient For Daily Medical Routines. Key Features Safe Ampoule Opening : Avoids Sharp Edges And Hand Injuries Universal Fit : Works With Most Standard Glass Ampoules One-Handed Operation : Fast And Easy Twist-To-Cut Action Built-In Stainless Blade : Delivers Clean And Smooth Breaks Durable &amp; Reusable : High-Quality, Long-Lasting Plastic Body Ideal For : Hospitals, Nurses, Lab Technicians, Emergency Care, Home Injections	in_stock	https://oticamart.com/au/ampoule-cutter-doctors-nurse-glass-bottle-cap-remover-ampule-breaker-5.html?color=white	3.67 AUD				OTICA	https://oticamart.com/media/catalog/product/7/1/719skw6kg5l._sl1500__1_1.jpg, https://oticamart.com/media/catalog/product/7/1/71mr4ozkc-l._sl1500__1_1.jpg, https://oticamart.com/media/catalog/product/7/1/71nbxv7aftl._sl1500__1_1.jpg, https://oticamart.com/media/catalog/product/7/1/712iq-mftql._sl1500__1_1.jpg, https://oticamart.com/media/catalog/product/8/1/81ttf7dudcl._sl1500__1_1.jpg, https://oticamart.com/media/catalog/product/8/1/819htua0j3l._sl1500__1_1.jpg	new	no				white	adult		https://oticamart.com/media/catalog/product/8/1/81pi5ljqtll._sl1500__1_1.jpg		Ampoule Cutter	yes	0
Ampoule Cutter-Blue	Ampoule Cutter Doctors Nurse Glass Bottle Cap Remover Ampule Breaker Hospital Clinic-Blue	Product Info The Ampoule Cutter (Blue) Is A Must-Have Tool For Any Healthcare Professional Or Caregiver Who Regularly Works With Glass Ampoules. Designed To Ensure Clean, Precise Breaks Every Time, This Cutter Reduces The Risk Of Glass Injuries, Contamination, And Wasted Medication. Compact And Easy To Use, This Device Features A Built-In Blade Housed In A Protective Body, Allowing For Safe And Quick Ampoule Opening With Just One Twist. Suitable For Ampoules Of Various Sizes, It Is Perfect For Use In Hospitals, Clinics, Labs, Ambulances, Or Even At-Home Injections. The Blue-Colored Body Is Made From Durable Plastic For Long-Lasting Use, And Its Lightweight, Pocket-Sized Design Makes It Convenient For Daily Medical Routines. Key Features Safe Ampoule Opening : Avoids Sharp Edges And Hand Injuries Universal Fit : Works With Most Standard Glass Ampoules One-Handed Operation : Fast And Easy Twist-To-Cut Action Built-In Stainless Blade : Delivers Clean And Smooth Breaks Durable &amp; Reusable : High-Quality, Long-Lasting Plastic Body Ideal For : Hospitals, Nurses, Lab Technicians, Emergency Care, Home Injections	in_stock	https://oticamart.com/au/ampoule-cutter-doctors-nurse-glass-bottle-cap-remover-ampule-breaker-5.html?color=blue	3.67 AUD				OTICA	https://oticamart.com/media/catalog/product/7/1/71vcdsnj4al._sl1500__1_1.jpg, https://oticamart.com/media/catalog/product/7/1/712bs1mpqql._sl1500__1_1.jpg, https://oticamart.com/media/catalog/product/7/1/71fxfrijgnl._sl1500__1_1.jpg, https://oticamart.com/media/catalog/product/7/1/71idmwimytl._sl1500__1_1.jpg, https://oticamart.com/media/catalog/product/8/1/81pj9o51h-l._sl1500__1_1.jpg, https://oticamart.com/media/catalog/product/8/1/81ol0dypkhl._sl1500__1_1.jpg	new	no				blue	adult		https://oticamart.com/media/catalog/product/8/1/81c4jcyv1bl._sl1500__2.jpg		Ampoule Cutter	yes	0
Vein Finder	Pediatric LED Wrist Vein Finder, Premium Vein Detector for Neonates and Infants, USFDA Approved	Product Info Finding Veins In Children Can Be Challenging. The Pediatric Vein Finder With Ampule Is Designed Specifically To Help Healthcare Providers And Caregivers Locate Veins Quickly And Accurately In Young Patients. This Device Uses A Soft Amber Or Red Ampule Light To Gently Illuminate Veins Through The Skin, Making Iv Insertions, Blood Draws, And Injections More Precise And Less Stressful. The Child-Friendly Design Helps Ease Anxiety For Both The Child And The Parent, Improving The Overall Care Experience. Compact, Lightweight, And Easy To Use, It’S Perfect For Pediatricians, Hospitals, Emergency Rooms, And Even At-Home Care. &nbsp; Key Features Designed For Pediatrics : Safe And Effective For Infants, Toddlers, And Children Ampule Light Technology : Bright But Gentle Light For Vein Visualization Non-Invasive &amp; Radiation-Free : Uses Led Light, No Lasers Or Heat Reduces Failed Iv Attempts : Helps Locate Veins Quickly And Accurately Portable &amp; Easy To Use : Battery-Operated And Lightweight For Mobile Use Ideal For Clinics, Hospitals &amp; Home Care	in_stock	https://oticamart.com/au/pediatric-led-wrist-vein-finder-premium-detector-neonatal-locator-infant.html?color=blue	23.03 AUD				OTICA	https://oticamart.com/media/catalog/product/7/1/71s_nukds1l._sl1500_.jpg, https://oticamart.com/media/catalog/product/6/1/61qswjgu-ll._sl1500_.jpg, https://oticamart.com/media/catalog/product/6/1/6115dsmiknl._sl1500_.jpg, https://oticamart.com/media/catalog/product/8/1/81rmhxjxpgl._sl1500_.jpg, https://oticamart.com/media/catalog/product/6/1/61pcrm7h8vl._sl1500__1_.jpg, https://oticamart.com/media/catalog/product/8/1/81ltfe9d8nl._sl1500_.jpg, https://oticamart.com/media/catalog/product/8/1/81rxxlbbgfl._sl1500_.jpg	new	no				blue	adult		https://oticamart.com/media/catalog/product/8/1/81z2xjjzjrl._sl1500_.jpg		Vein Finder	yes	0
Tablet Crusher-Blue	Tablet Crusher and Pill Grinder, Medicine Pulverizer for Kids, Pets, and Feeding Tube-Blue	Product Info The OTICA Tablet Crusher is a practical and essential tool for anyone needing to convert solid tablets into easily swallowable powder — ideal for elderly patients, children, people with swallowing difficulties, or those using feeding tubes. Built with robust ABS plastic and engineered with a sharp, efficient grinding mechanism, it crushes tablets into a fine, uniform powder with minimal effort. Its compact and lightweight design makes it easy to carry during travel or keep at home for everyday use. With this crusher, you avoid manually breaking tablets (which can yield uneven fragments), ensuring consistent powder texture for safe consumption. The OTICA Tablet Crusher is particularly useful when pills need to be mixed into water, milk, juice, or soft food — offering convenience and improved compliance, especially in pediatric, geriatric, or veterinary use. It is easy to use and clean, reducing the hassle of medication administration and making life easier for caregivers and patients alike. &nbsp; Key Features Efficient grinding mechanism that crushes tablets into fine powder Suitable for elderly, children, pets, or people with swallowing difficulties Ideal for feeding-tube use or mixing medicine with food or drink Easy to operate with minimal hand effort Hygienic and easy to clean after use	in_stock	https://oticamart.com/au/tablet-crusher-pill-grinder-pulverizer-medicine-powder-form-great-feeding-3.html?color=blue	3.67 AUD				OTICA	https://oticamart.com/media/catalog/product/8/1/8157qpppyxl._sl1500__1.jpg, https://oticamart.com/media/catalog/product/8/1/81hxve2murl._sl1500__1.jpg, https://oticamart.com/media/catalog/product/7/1/71io8_hzapl._sl1500__1.jpg, https://oticamart.com/media/catalog/product/7/1/71vkwgennyl._sl1500__1.jpg, https://oticamart.com/media/catalog/product/7/1/71ccko_5xpl._sl1500__1.jpg, https://oticamart.com/media/catalog/product/7/1/71bxdj9rcjl._sl1500__1.jpg, https://oticamart.com/media/catalog/product/8/1/81u12-wp8cl._sl1500__1.jpg	new	no				blue	adult		https://oticamart.com/media/catalog/product/6/1/61vwq0f40jl._sl1500__2.jpg		Tablet Crusher	yes	0
Tablet Crusher-Green	Tablet Crusher and Pill Grinder, Medicine Pulverizer for Kids, Pets, and Feeding Tube-Green	Product Info The OTICA Tablet Crusher is a practical and essential tool for anyone needing to convert solid tablets into easily swallowable powder — ideal for elderly patients, children, people with swallowing difficulties, or those using feeding tubes. Built with robust ABS plastic and engineered with a sharp, efficient grinding mechanism, it crushes tablets into a fine, uniform powder with minimal effort. Its compact and lightweight design makes it easy to carry during travel or keep at home for everyday use. With this crusher, you avoid manually breaking tablets (which can yield uneven fragments), ensuring consistent powder texture for safe consumption. The OTICA Tablet Crusher is particularly useful when pills need to be mixed into water, milk, juice, or soft food — offering convenience and improved compliance, especially in pediatric, geriatric, or veterinary use. It is easy to use and clean, reducing the hassle of medication administration and making life easier for caregivers and patients alike. &nbsp; Key Features Efficient grinding mechanism that crushes tablets into fine powder Suitable for elderly, children, pets, or people with swallowing difficulties Ideal for feeding-tube use or mixing medicine with food or drink Easy to operate with minimal hand effort Hygienic and easy to clean after use	in_stock	https://oticamart.com/au/tablet-crusher-pill-grinder-pulverizer-medicine-powder-form-great-feeding-3.html?color=green	3.67 AUD				OTICA	https://oticamart.com/media/catalog/product/5/1/51vap1roqll_1.jpg, https://oticamart.com/media/catalog/product/5/1/51l2krkiqel_1.jpg, https://oticamart.com/media/catalog/product/6/1/61feha29kcl_1.jpg, https://oticamart.com/media/catalog/product/5/1/51ecfvt1kyl_1.jpg, https://oticamart.com/media/catalog/product/5/1/519msvhyvjl_1.jpg, https://oticamart.com/media/catalog/product/6/1/61bcrzjxbtl_1.jpg, https://oticamart.com/media/catalog/product/5/1/5137odgfdxl_1.jpg, https://oticamart.com/media/catalog/product/5/1/51rapu1zmal_1.jpg	new	no				green	adult		https://oticamart.com/media/catalog/product/4/1/41e0ovrha2l_1.jpg		Tablet Crusher	yes	0
Bidet Bottle-Green	Portable Bidet Spray Toilet 500ML Handheld Peri Bottle Angled Nozzle Anti Slip Water Spray-Green	Product Info The OTICA Portable Bidet is engineered for users who prefer advanced hygiene wherever they go. Built with a medical-grade squeezable bottle and an angled extended nozzle, it delivers precise, comfortable cleansing with controlled water pressure. The leak-proof design prevents spills during travel, while the collapsible nozzle allows convenient storage in bags or luggage. Ideal for postpartum mothers, patients with mobility challenges, sensitive skin users, and frequent travelers, this portable bidet offers a clean, refreshing wash without relying on local restroom facilities. Its easy-fill wide mouth and durable construction make it suitable for everyday use and repeated cleaning cycles. OTICA ensures a practical, hygienic, and eco-friendly alternative to tissue-only cleaning. &nbsp; Key Features High-pressure manual spray for efficient cleansing Soft squeezable bottle for easy pressure control Angled ergonomic nozzle for targeted cleaning Leak-proof cap and nozzle to prevent spills Collapsible nozzle design for compact storage Wide-mouth bottle for fast water filling	in_stock	https://oticamart.com/au/portable-bidet-spray-toilet-500ml-handheld-personal-hygiene-peri-bottle-3.html?color=green	3.67 AUD				OTICA	https://oticamart.com/media/catalog/product/7/1/71iafgzokzl._sl1500__1.jpg, https://oticamart.com/media/catalog/product/8/1/81e9rqeugal._sl1500__1.jpg, https://oticamart.com/media/catalog/product/8/1/81uee3l1mwl._sl1500__1.jpg, https://oticamart.com/media/catalog/product/8/1/81zb8mirzel._sl1500__1.jpg, https://oticamart.com/media/catalog/product/8/1/81eja0apd4l._sl1500__1.jpg, https://oticamart.com/media/catalog/product/8/1/81rubjefu6l._sl1500__1.jpg, https://oticamart.com/media/catalog/product/8/1/810upn4ckhl._sl1500__1.jpg	new	no				green	adult		https://oticamart.com/media/catalog/product/8/1/81ab9blft-l._sl1500__2.jpg		Bidet Bottle	yes	0
Bidet Bottle-Pink	Portable Bidet Spray Toilet 500ML Handheld Peri Bottle Angled Nozzle Anti Slip Water Spray-Pink	Product Info The OTICA Portable Bidet is engineered for users who prefer advanced hygiene wherever they go. Built with a medical-grade squeezable bottle and an angled extended nozzle, it delivers precise, comfortable cleansing with controlled water pressure. The leak-proof design prevents spills during travel, while the collapsible nozzle allows convenient storage in bags or luggage. Ideal for postpartum mothers, patients with mobility challenges, sensitive skin users, and frequent travelers, this portable bidet offers a clean, refreshing wash without relying on local restroom facilities. Its easy-fill wide mouth and durable construction make it suitable for everyday use and repeated cleaning cycles. OTICA ensures a practical, hygienic, and eco-friendly alternative to tissue-only cleaning. &nbsp; Key Features High-pressure manual spray for efficient cleansing Soft squeezable bottle for easy pressure control Angled ergonomic nozzle for targeted cleaning Leak-proof cap and nozzle to prevent spills Collapsible nozzle design for compact storage Wide-mouth bottle for fast water filling	in_stock	https://oticamart.com/au/portable-bidet-spray-toilet-500ml-handheld-personal-hygiene-peri-bottle-3.html?color=pink	3.67 AUD				OTICA	https://oticamart.com/media/catalog/product/7/1/715aec6fccl._sl1500__1.jpg, https://oticamart.com/media/catalog/product/a/r/artboard_4_2_2.png, https://oticamart.com/media/catalog/product/a/r/artboard_5_3_1.png, https://oticamart.com/media/catalog/product/a/r/artboard_2_2.png, https://oticamart.com/media/catalog/product/a/r/artboard_6.jpg, https://oticamart.com/media/catalog/product/a/r/artboard_8_2.png, https://oticamart.com/media/catalog/product/a/r/artboard_7.jpg, https://oticamart.com/media/catalog/product/a/r/artboard_3_3_1.png	new	no				pink	adult		https://oticamart.com/media/catalog/product/8/1/810yg0m37wl._sl1500__1.jpg		Bidet Bottle	yes	0
ENT Head Light-Non Adjustable Focus-Black	10 Watt ENT Surgical LED Headlight Doctors Hospital Multi Purpose Non Adjustable Focus Head Light-Black	Product Info The OTICA ENT HeadLight is engineered for clinicians who require precise, shadow-free illumination during ENT examinations and procedures. Its advanced LED module generates bright, consistent light with minimal heat, enabling clear visualization of ear, nose, and throat anatomy. The adjustable beam focus allows fine tuning of spot size, while the balanced, cushioned headband ensures comfort during extended use. A lightweight power pack delivers long operational hours with stable output, making it ideal for hospitals, clinics, and outpatient settings. Designed for reliability, portability, and superior optical performance, this headlight supports accurate diagnostics and improved workflow efficiency.. &nbsp; Key Features High-intensity medical-grade LED illumination Adjustable beam focus for narrow or wide spot size Consistent, stable brightness with flicker-free output Rechargeable power pack with long runtime Adjustable tilt and angle for targeted illumination Uniform light distribution with minimal shadowing	in_stock	https://oticamart.com/au/10-watt-ent-surgical-led-headlight-doctors-hospital-multi-purpose-9.html?color=black	36.86 AUD				OTICA	https://oticamart.com/media/catalog/product/7/1/71hs9smxcal._sl1500_.jpg, https://oticamart.com/media/catalog/product/8/1/81pjfwtpcwl._sl1500_.jpg, https://oticamart.com/media/catalog/product/8/1/81mzyrlw6ql._sl1500_.jpg, https://oticamart.com/media/catalog/product/7/1/71v7re27ogl._sl1500_.jpg, https://oticamart.com/media/catalog/product/7/1/71kjd2polcl._sl1500_.jpg, https://oticamart.com/media/catalog/product/7/1/71m0kyhia8l._sl1500_.jpg, https://oticamart.com/media/catalog/product/8/1/81kgvkyruvl._sl1500_.jpg, https://oticamart.com/media/catalog/product/8/1/81l02wafhwl._sl1500_.jpg	new	no				black	adult		https://oticamart.com/media/catalog/product/6/1/61q1xlz7oul._sl1500_.jpg		ENT Head Light	yes	0
ENT Head Light-Non Adjustable Focus-Green	10 Watt ENT Surgical LED Headlight Doctors Hospital Multi Purpose Non Adjustable Focus Head Light-Green	Product Info The OTICA ENT HeadLight is engineered for clinicians who require precise, shadow-free illumination during ENT examinations and procedures. Its advanced LED module generates bright, consistent light with minimal heat, enabling clear visualization of ear, nose, and throat anatomy. The adjustable beam focus allows fine tuning of spot size, while the balanced, cushioned headband ensures comfort during extended use. A lightweight power pack delivers long operational hours with stable output, making it ideal for hospitals, clinics, and outpatient settings. Designed for reliability, portability, and superior optical performance, this headlight supports accurate diagnostics and improved workflow efficiency.. &nbsp; Key Features High-intensity medical-grade LED illumination Adjustable beam focus for narrow or wide spot size Consistent, stable brightness with flicker-free output Rechargeable power pack with long runtime Adjustable tilt and angle for targeted illumination Uniform light distribution with minimal shadowing	in_stock	https://oticamart.com/au/10-watt-ent-surgical-led-headlight-doctors-hospital-multi-purpose-9.html?color=green	36.86 AUD				OTICA	https://oticamart.com/media/catalog/product/7/1/71cejavbnol._sl1500_.jpg, https://oticamart.com/media/catalog/product/7/1/71oxw3hhjxl._sl1500_.jpg, https://oticamart.com/media/catalog/product/8/1/81vkoj0syrl._sl1500_.jpg, https://oticamart.com/media/catalog/product/7/1/71r07qswrgl._sl1500_.jpg, https://oticamart.com/media/catalog/product/7/1/71ftzqitiil._sl1500_.jpg, https://oticamart.com/media/catalog/product/8/1/81s5gx4bwul._sl1500_.jpg, https://oticamart.com/media/catalog/product/8/1/81dzczs2gul._sl1500_.jpg, https://oticamart.com/media/catalog/product/7/1/71dqgymk5xl._sl1500_.jpg	new	no				green	adult		https://oticamart.com/media/catalog/product/7/1/71p3ajpckml._sl1500_.jpg		ENT Head Light	yes	0
ENT Head Light-Non Adjustable Focus-Blue	10 Watt ENT Surgical LED Headlight Doctors Hospital Multi Purpose Non Adjustable Focus Head Light-Blue	Product Info The OTICA ENT HeadLight is engineered for clinicians who require precise, shadow-free illumination during ENT examinations and procedures. Its advanced LED module generates bright, consistent light with minimal heat, enabling clear visualization of ear, nose, and throat anatomy. The adjustable beam focus allows fine tuning of spot size, while the balanced, cushioned headband ensures comfort during extended use. A lightweight power pack delivers long operational hours with stable output, making it ideal for hospitals, clinics, and outpatient settings. Designed for reliability, portability, and superior optical performance, this headlight supports accurate diagnostics and improved workflow efficiency.. &nbsp; Key Features High-intensity medical-grade LED illumination Adjustable beam focus for narrow or wide spot size Consistent, stable brightness with flicker-free output Rechargeable power pack with long runtime Adjustable tilt and angle for targeted illumination Uniform light distribution with minimal shadowing	in_stock	https://oticamart.com/au/10-watt-ent-surgical-led-headlight-doctors-hospital-multi-purpose-9.html?color=blue	36.86 AUD				OTICA	https://oticamart.com/media/catalog/product/8/1/81agbeskghl._sl1500_.jpg, https://oticamart.com/media/catalog/product/9/1/91ygiq7bwjl._sl1500_.jpg, https://oticamart.com/media/catalog/product/8/1/81vs2swenzl._sl1500_.jpg, https://oticamart.com/media/catalog/product/8/1/815owatiarl._sl1500_.jpg, https://oticamart.com/media/catalog/product/7/1/71j3levfzul._sl1500_.jpg, https://oticamart.com/media/catalog/product/7/1/71fz6nbc5ml._sl1500_.jpg, https://oticamart.com/media/catalog/product/7/1/71x6mm0kucl._sl1500_.jpg	new	no				blue	adult		https://oticamart.com/media/catalog/product/6/1/61ylqxucewl._sl1500_.jpg		ENT Head Light	yes	0
ENT Head Light-Non Adjustable Focus-White	10 Watt ENT Surgical LED Headlight Doctors Hospital Multi Purpose Non Adjustable Focus Head Light-White	Product Info The OTICA ENT HeadLight is engineered for clinicians who require precise, shadow-free illumination during ENT examinations and procedures. Its advanced LED module generates bright, consistent light with minimal heat, enabling clear visualization of ear, nose, and throat anatomy. The adjustable beam focus allows fine tuning of spot size, while the balanced, cushioned headband ensures comfort during extended use. A lightweight power pack delivers long operational hours with stable output, making it ideal for hospitals, clinics, and outpatient settings. Designed for reliability, portability, and superior optical performance, this headlight supports accurate diagnostics and improved workflow efficiency.. &nbsp; Key Features High-intensity medical-grade LED illumination Adjustable beam focus for narrow or wide spot size Consistent, stable brightness with flicker-free output Rechargeable power pack with long runtime Adjustable tilt and angle for targeted illumination Uniform light distribution with minimal shadowing	in_stock	https://oticamart.com/au/10-watt-ent-surgical-led-headlight-doctors-hospital-multi-purpose-9.html?color=white	36.86 AUD				OTICA	https://oticamart.com/media/catalog/product/7/1/71o1icadxkl._sl1500_.jpg, https://oticamart.com/media/catalog/product/8/1/81xidzdgwel._sl1500_.jpg, https://oticamart.com/media/catalog/product/8/1/81zdkj680bl._sl1500_.jpg, https://oticamart.com/media/catalog/product/8/1/81av-r9rzml._sl1500_.jpg, https://oticamart.com/media/catalog/product/7/1/71zwsfaa7kl._sl1500_.jpg, https://oticamart.com/media/catalog/product/8/1/81jokj6wazl._sl1500_.jpg, https://oticamart.com/media/catalog/product/8/1/81k-xhykvvl._sl1500_.jpg, https://oticamart.com/media/catalog/product/8/1/81gnla4yw5l._sl1500_.jpg	new	no				white	adult		https://oticamart.com/media/catalog/product/7/1/71ylg5jdhul._sl1500_.jpg		ENT Head Light	yes	0
ENT Head Light-Adjustable Focus-Black	10 Watt ENT Surgical LED Headlight Doctors Hospital Multi Purpose Adjustable Focus Head Light-Black	Product Info The OTICA ENT HeadLight is engineered for clinicians who require precise, shadow-free illumination during ENT examinations and procedures. Its advanced LED module generates bright, consistent light with minimal heat, enabling clear visualization of ear, nose, and throat anatomy. The adjustable beam focus allows fine tuning of spot size, while the balanced, cushioned headband ensures comfort during extended use. A lightweight power pack delivers long operational hours with stable output, making it ideal for hospitals, clinics, and outpatient settings. Designed for reliability, portability, and superior optical performance, this headlight supports accurate diagnostics and improved workflow efficiency.. &nbsp; Key Features High-intensity medical-grade LED illumination Adjustable beam focus for narrow or wide spot size Consistent, stable brightness with flicker-free output Rechargeable power pack with long runtime Adjustable tilt and angle for targeted illumination Uniform light distribution with minimal shadowing	in_stock	https://oticamart.com/au/10-watt-ent-surgical-led-headlight-doctors-hospital-multi-purpose-9.html?color=black	55.30 AUD				OTICA	https://oticamart.com/media/catalog/product/5/_/5_5_1.jpg, https://oticamart.com/media/catalog/product/2/_/2_8_1.jpg, https://oticamart.com/media/catalog/product/1/_/1_8_1.jpg, https://oticamart.com/media/catalog/product/4/_/4_7_1.jpg, https://oticamart.com/media/catalog/product/6/_/6_4.jpg, https://oticamart.com/media/catalog/product/7/_/7_4.jpg, https://oticamart.com/media/catalog/product/3/_/3_8_1.jpg, https://oticamart.com/media/catalog/product/8/_/8_4_1.jpg	new	no				black	adult		https://oticamart.com/media/catalog/product/9/_/9_4.jpg		ENT Head Light	yes	0
ENT Head Light-Adjustable Focus-Green	10 Watt ENT Surgical LED Headlight Doctors Hospital Multi Purpose Adjustable Focus Head Light-Green	Product Info The OTICA ENT HeadLight is engineered for clinicians who require precise, shadow-free illumination during ENT examinations and procedures. Its advanced LED module generates bright, consistent light with minimal heat, enabling clear visualization of ear, nose, and throat anatomy. The adjustable beam focus allows fine tuning of spot size, while the balanced, cushioned headband ensures comfort during extended use. A lightweight power pack delivers long operational hours with stable output, making it ideal for hospitals, clinics, and outpatient settings. Designed for reliability, portability, and superior optical performance, this headlight supports accurate diagnostics and improved workflow efficiency.. &nbsp; Key Features High-intensity medical-grade LED illumination Adjustable beam focus for narrow or wide spot size Consistent, stable brightness with flicker-free output Rechargeable power pack with long runtime Adjustable tilt and angle for targeted illumination Uniform light distribution with minimal shadowing	in_stock	https://oticamart.com/au/10-watt-ent-surgical-led-headlight-doctors-hospital-multi-purpose-9.html?color=green	55.30 AUD				OTICA	https://oticamart.com/media/catalog/product/7/1/71bbmhqytsl._sl1500_.jpg, https://oticamart.com/media/catalog/product/7/1/71yuq2id7rl._sl1500_.jpg, https://oticamart.com/media/catalog/product/7/1/71u4en3hcml._sl1500_.jpg, https://oticamart.com/media/catalog/product/8/1/8190535qgbl._sl1500_.jpg, https://oticamart.com/media/catalog/product/8/1/81c7zqr3mwl._sl1500_.jpg, https://oticamart.com/media/catalog/product/8/1/81ejbyxh2il._sl1500_.jpg, https://oticamart.com/media/catalog/product/7/1/71rah-mpm2l._sl1500_.jpg, https://oticamart.com/media/catalog/product/8/1/81lf63gg_nl._sl1500_.jpg	new	no				green	adult		https://oticamart.com/media/catalog/product/7/1/71c2ceubm7l._sl1500_.jpg		ENT Head Light	yes	0
ENT Head Light-Adjustable Focus-Blue	10 Watt ENT Surgical LED Headlight Doctors Hospital Multi Purpose Adjustable Focus Head Light-Blue	Product Info The OTICA ENT HeadLight is engineered for clinicians who require precise, shadow-free illumination during ENT examinations and procedures. Its advanced LED module generates bright, consistent light with minimal heat, enabling clear visualization of ear, nose, and throat anatomy. The adjustable beam focus allows fine tuning of spot size, while the balanced, cushioned headband ensures comfort during extended use. A lightweight power pack delivers long operational hours with stable output, making it ideal for hospitals, clinics, and outpatient settings. Designed for reliability, portability, and superior optical performance, this headlight supports accurate diagnostics and improved workflow efficiency.. &nbsp; Key Features High-intensity medical-grade LED illumination Adjustable beam focus for narrow or wide spot size Consistent, stable brightness with flicker-free output Rechargeable power pack with long runtime Adjustable tilt and angle for targeted illumination Uniform light distribution with minimal shadowing	in_stock	https://oticamart.com/au/10-watt-ent-surgical-led-headlight-doctors-hospital-multi-purpose-9.html?color=blue	55.30 AUD				OTICA	https://oticamart.com/media/catalog/product/7/1/71rpfmklnzl._sl1500_.jpg, https://oticamart.com/media/catalog/product/7/1/71yh9if8k1l._sl1500_.jpg, https://oticamart.com/media/catalog/product/7/1/716ujtkatgl._sl1500_.jpg, https://oticamart.com/media/catalog/product/8/1/81i8ckuchrl._sl1500_.jpg, https://oticamart.com/media/catalog/product/8/1/814l7lscjul._sl1500_.jpg, https://oticamart.com/media/catalog/product/8/1/81rja4pmr2l._sl1500_.jpg, https://oticamart.com/media/catalog/product/8/1/811xqqqnchl._sl1500_.jpg, https://oticamart.com/media/catalog/product/8/1/81dfw6tuxtl._sl1500_.jpg	new	no				blue	adult		https://oticamart.com/media/catalog/product/7/1/71a2ngtjqul._sl1500_.jpg		ENT Head Light	yes	0
ENT Head Light-Adjustable Focus-White	10 Watt ENT Surgical LED Headlight Doctors Hospital Multi Purpose Adjustable Focus Head Light-White	Product Info The OTICA ENT HeadLight is engineered for clinicians who require precise, shadow-free illumination during ENT examinations and procedures. Its advanced LED module generates bright, consistent light with minimal heat, enabling clear visualization of ear, nose, and throat anatomy. The adjustable beam focus allows fine tuning of spot size, while the balanced, cushioned headband ensures comfort during extended use. A lightweight power pack delivers long operational hours with stable output, making it ideal for hospitals, clinics, and outpatient settings. Designed for reliability, portability, and superior optical performance, this headlight supports accurate diagnostics and improved workflow efficiency.. &nbsp; Key Features High-intensity medical-grade LED illumination Adjustable beam focus for narrow or wide spot size Consistent, stable brightness with flicker-free output Rechargeable power pack with long runtime Adjustable tilt and angle for targeted illumination Uniform light distribution with minimal shadowing	in_stock	https://oticamart.com/au/10-watt-ent-surgical-led-headlight-doctors-hospital-multi-purpose-9.html?color=white	55.30 AUD				OTICA	https://oticamart.com/media/catalog/product/7/1/71x6cy8mjml._sl1500__1.jpg, https://oticamart.com/media/catalog/product/7/1/71j5fylkjxl._sl1500__1.jpg, https://oticamart.com/media/catalog/product/8/1/81km_mbn1al._sl1500__1.jpg, https://oticamart.com/media/catalog/product/8/1/81shp-shzvl._sl1500__1.jpg, https://oticamart.com/media/catalog/product/8/1/81vwf2kdlyl._sl1500__1.jpg, https://oticamart.com/media/catalog/product/8/1/811czf4zqsl._sl1500__1.jpg, https://oticamart.com/media/catalog/product/8/1/81y-fgjxwol._sl1500__1.jpg, https://oticamart.com/media/catalog/product/8/1/81zlzfe33bl._sl1500__1.jpg	new	no				white	adult		https://oticamart.com/media/catalog/product/7/1/7187a9qmokl._sl1500__2.jpg		ENT Head Light	yes	0
25282 C LED	Welch Allyn Diagnostic Otoscope 3.5 V LED illumination Fiber Optic Professional Full Set 25282 C LED	Product Info The Welch Allyn 25282-CL LED Otoscope is designed for clinical professionals who require precision, reliability, and versatility in ENT examinations. The fiber-optic illumination system, paired with SureColor™ LED lighting, provides a bright, white, and colour-accurate view of internal ear anatomy — ensuring diagnostically useful images with minimal glare or reflection. The wide-angle viewing lens enhances visibility under magnification, making it easier to inspect the ear canal and tympanic membrane in detail. A built-in throat illuminator / penlight adds extra functionality for throat or oropharyngeal inspection. The device also supports pneumatic otoscopy via a dedicated port, enabling assessment of tympanic membrane mobility — a key diagnostic step in conditions such as otitis media. The set includes multiple reusable ear specula (various sizes), making it suitable for patients of different age groups. As a rechargeable 3.5 V unit, it provides reliable power for repeated examinations without frequent battery changes, reducing long-term operating cost. With its durable construction and ergonomic design, the 25282-CL is suited to busy clinics, ENT practices, hospitals, and general physician offices.. &nbsp; Key Features Model 25282-CL uses fiber-optic illumination with SureColor™ LED for bright, white, true-colour light Wide-angle viewing lens for improved visibility under magnification Rechargeable 3.5 V power handle — suitable for repeated clinical use Reusable specula reduce consumable costs over time	in_stock	https://oticamart.com/au/welch-allyn-diagnostic-otoscope-3-5-v-led-illumination-fiber-optic.html	829.85 AUD				Welch Allyn	https://oticamart.com/media/catalog/product/5/1/51fpwd16fml._sl1000__1.jpg, https://oticamart.com/media/catalog/product/6/1/618zdoekuml._sl1500_.jpg, https://oticamart.com/media/catalog/product/4/1/41hg-mvtmwl_1.jpg, https://oticamart.com/media/catalog/product/4/1/41acuyzqtcl_1.jpg, https://oticamart.com/media/catalog/product/4/1/41lk-dd1qml_1.jpg, https://oticamart.com/media/catalog/product/4/1/41bv-xb23rl._sl1183__1.jpg, https://oticamart.com/media/catalog/product/5/1/51lhaabgxol._sl1200__1.jpg	new	no					adult		https://oticamart.com/media/catalog/product/6/1/61n17ow-fjl._sl1500__1.jpg		25282 C LED	yes	0
25282-C	Welch Allyn Diagnostic 3.5 V Halogen HPX illumination Fiber Optic Otoscope Professional Full Set 25282 C	Product Info The Welch Allyn OTOSCOPE 25282-C is a professional-grade diagnostic otoscope designed for accurate, reliable ear examinations in clinical settings. It combines fibre-optic technology with a Halogen HPX lamp to deliver a 360° “cool light” ring that avoids reflections or obstructions, ensuring a clear, detailed view of ear canal and tympanic membrane. The high-output Halogen HPX lamp delivers 30 % more light for true tissue-color visualization and consistent, long-lasting illumination. &nbsp; Key Features Designed For Pediatrics : Safe And Effective For Infants, Toddlers, And Children Fibre-optic illumination ensuring 360° cool light ring with no reflections or obstructions Halogen HPX™ lamp delivering bright, tissue-true coloration and long lamp life Wide-angle viewing lens for enhanced visibility under magnification Sealed system with port for pneumatic otoscopy	in_stock	https://oticamart.com/au/welch-allyn-diagnostic-3-5-v-halogen-hpx-illumination-fiber-optic.html	829.85 AUD				Welch Allyn	https://oticamart.com/media/catalog/product/4/1/41bv-xb23rl._sl1183_.jpg, https://oticamart.com/media/catalog/product/5/1/51fpwd16fml._sl1000_.jpg, https://oticamart.com/media/catalog/product/4/1/41hg-mvtmwl.jpg, https://oticamart.com/media/catalog/product/4/1/41acuyzqtcl.jpg, https://oticamart.com/media/catalog/product/4/1/41lk-dd1qml.jpg, https://oticamart.com/media/catalog/product/5/1/51lhaabgxol._sl1200_.jpg, https://oticamart.com/media/catalog/product/h/q/hqdefault_5_11.jpg	new	no					adult		https://oticamart.com/media/catalog/product/6/1/61n17ow-fjl._sl1500_.jpg		25282-C	yes	0
12870-Black	Welch Allyn Pocket LED Ophthalmoscope, Professional Eye Diagnostic Instrument Black- 12870	Product Info The Welch Allyn 12870 Pocket LED Ophthalmoscope is engineered for clinicians who require dependable diagnostic clarity in a compact form. Its advanced TrueTone LED provides bright, consistent illumination with exceptional color accuracy to support precise fundus and media examination. The instrument includes a full aperture set—large, small, micro spot, slit, and fixation target—along with red-free and cobalt-blue filters to enhance lesion visibility and corneal assessment. The wide dioptre adjustment range of −20 to +20 enables clear visualization across different refractive requirements. Designed with Welch Allyn’s renowned durability, this lightweight ophthalmoscope is ideal for outpatient clinics, bedside assessment, emergency use, and medical teaching environments. Its ergonomic construction and long LED life ensure reliable performance with minimal maintenance. . &nbsp; Key Features TrueTone LED illumination for accurate color rendering Long-life LED requiring minimal maintenance Cobalt-blue filter supports corneal and fluorescein examinations Wide dioptre range from −20 to +20 for flexible focusing Lightweight body reduces hand fatigue during examination Designed for ophthalmic, general, and emergency care	in_stock	https://oticamart.com/au/welch-allyn-ophthalmoscope-pocket-led-professional-diagnostic-eye-examination-instrument-5.html?color=black	230.49 AUD				Welch Allyn		new	no				black	adult		https://oticamart.com/media/catalog/product/w/e/welch-allyn-ophthalmoscope-pocket-model-2-5v_1.jpg		12870	yes	0
12870-Blue	Welch Allyn Pocket LED Ophthalmoscope, Professional Eye Diagnostic Instrument Blue- 12870	Product Info The Welch Allyn 12870 Pocket LED Ophthalmoscope is engineered for clinicians who require dependable diagnostic clarity in a compact form. Its advanced TrueTone LED provides bright, consistent illumination with exceptional color accuracy to support precise fundus and media examination. The instrument includes a full aperture set—large, small, micro spot, slit, and fixation target—along with red-free and cobalt-blue filters to enhance lesion visibility and corneal assessment. The wide dioptre adjustment range of −20 to +20 enables clear visualization across different refractive requirements. Designed with Welch Allyn’s renowned durability, this lightweight ophthalmoscope is ideal for outpatient clinics, bedside assessment, emergency use, and medical teaching environments. Its ergonomic construction and long LED life ensure reliable performance with minimal maintenance. . &nbsp; Key Features TrueTone LED illumination for accurate color rendering Long-life LED requiring minimal maintenance Cobalt-blue filter supports corneal and fluorescein examinations Wide dioptre range from −20 to +20 for flexible focusing Lightweight body reduces hand fatigue during examination Designed for ophthalmic, general, and emergency care	in_stock	https://oticamart.com/au/welch-allyn-ophthalmoscope-pocket-led-professional-diagnostic-eye-examination-instrument-5.html?color=blue	230.49 AUD				Welch Allyn	https://oticamart.com/media/catalog/product/4/1/41p0efv1etl_1__1.jpg, https://oticamart.com/media/catalog/product/4/1/41ad7gifaal_1.jpg, https://oticamart.com/media/catalog/product/3/1/31tb3krftyl_1.jpg	new	no				blue	adult		https://oticamart.com/media/catalog/product/3/1/31v9gbapbml_1.jpg		12870	yes	0
12870-Purple	Welch Allyn Pocket LED Ophthalmoscope, Professional Eye Diagnostic Instrument Purple- 12870	Product Info The Welch Allyn 12870 Pocket LED Ophthalmoscope is engineered for clinicians who require dependable diagnostic clarity in a compact form. Its advanced TrueTone LED provides bright, consistent illumination with exceptional color accuracy to support precise fundus and media examination. The instrument includes a full aperture set—large, small, micro spot, slit, and fixation target—along with red-free and cobalt-blue filters to enhance lesion visibility and corneal assessment. The wide dioptre adjustment range of −20 to +20 enables clear visualization across different refractive requirements. Designed with Welch Allyn’s renowned durability, this lightweight ophthalmoscope is ideal for outpatient clinics, bedside assessment, emergency use, and medical teaching environments. Its ergonomic construction and long LED life ensure reliable performance with minimal maintenance. . &nbsp; Key Features TrueTone LED illumination for accurate color rendering Long-life LED requiring minimal maintenance Cobalt-blue filter supports corneal and fluorescein examinations Wide dioptre range from −20 to +20 for flexible focusing Lightweight body reduces hand fatigue during examination Designed for ophthalmic, general, and emergency care	in_stock	https://oticamart.com/au/welch-allyn-ophthalmoscope-pocket-led-professional-diagnostic-eye-examination-instrument-5.html?color=purple	230.49 AUD				Welch Allyn	https://oticamart.com/media/catalog/product/3/1/31_ykpfyw1l_1.jpg, https://oticamart.com/media/catalog/product/4/1/41p0efv1etl_1.jpg, https://oticamart.com/media/catalog/product/3/1/31zxrzpkyil_1.jpg, https://oticamart.com/media/catalog/product/6/1/61lsh4ptjal._sl1500__1.jpg	new	no				purple	adult		https://oticamart.com/media/catalog/product/3/1/31e1d_omswl_1.jpg		12870	yes	0
12870-White	Welch Allyn Pocket LED Ophthalmoscope, Professional Eye Diagnostic Instrument White- 12870	Product Info The Welch Allyn 12870 Pocket LED Ophthalmoscope is engineered for clinicians who require dependable diagnostic clarity in a compact form. Its advanced TrueTone LED provides bright, consistent illumination with exceptional color accuracy to support precise fundus and media examination. The instrument includes a full aperture set—large, small, micro spot, slit, and fixation target—along with red-free and cobalt-blue filters to enhance lesion visibility and corneal assessment. The wide dioptre adjustment range of −20 to +20 enables clear visualization across different refractive requirements. Designed with Welch Allyn’s renowned durability, this lightweight ophthalmoscope is ideal for outpatient clinics, bedside assessment, emergency use, and medical teaching environments. Its ergonomic construction and long LED life ensure reliable performance with minimal maintenance. . &nbsp; Key Features TrueTone LED illumination for accurate color rendering Long-life LED requiring minimal maintenance Cobalt-blue filter supports corneal and fluorescein examinations Wide dioptre range from −20 to +20 for flexible focusing Lightweight body reduces hand fatigue during examination Designed for ophthalmic, general, and emergency care	in_stock	https://oticamart.com/au/welch-allyn-ophthalmoscope-pocket-led-professional-diagnostic-eye-examination-instrument-5.html?color=white	230.49 AUD				Welch Allyn	https://oticamart.com/media/catalog/product/6/1/61shvkflx-l._sl1500__1.jpg, https://oticamart.com/media/catalog/product/4/1/41p0efv1etl_2__1.jpg, https://oticamart.com/media/catalog/product/2/1/21w4vc1plyl_1.jpg	new	no				white	adult		https://oticamart.com/media/catalog/product/3/1/3159zm6fkzl_1.jpg		12870	yes	0
22880-Black	Welch Allyn Otoscope LED Fiber Optic with Case 22880 Black	Product Info The Welch Allyn 22880 LED Otoscope is a professional-grade diagnostic instrument engineered for superior clarity, reliability, and long-term clinical use. Its advanced LED illumination offers bright, white, and uniform light output with minimal heat, ensuring clear visualization of ear structures without discomfort for the patient. The fiber-optic pathway provides unobstructed, shadow-free illumination, while precision optical lenses deliver enhanced detail and accurate color rendering. The adjustable focus system allows practitioners to fine-tune the view based on examination needs. Designed with durable medical-grade materials, the 22880 otoscope supports repeated sterilization and heavy daily use in ENT clinics, hospitals, emergency care, and general practice. With reduced maintenance needs and long lamp life, it ensures dependable performance and consistent diagnostics. &nbsp; Key Features LED illumination provides bright, white clinical light Fiber-optic design delivers unobstructed, shadow-free visibility Precision optical lens enhances clarity and detail Designed for ENT, pediatric, and general practice examinations Compact and lightweight for easy handling Ideal for examination of tympanic membrane and ear canal 3× magnification for clear ear canal and tympanic membrane view SureColor LED lamp technology for accurate, natural-color illumination Fiber-optic light transmission providing cool, reflection-free light LED lamp life up to 20,000 hours — long-lasting and cost-effective Operates at 2.5 V using standard AA batteries (included) Pocket-style, compact and portable for use in clinic or mobile settings Ideal for routine ENT examinations — ear canal, tympanic membrane, files	in_stock	https://oticamart.com/au/welch-allyn-otoscope-led-fiber-optic-pocket-case-22880.html?color=black	221.27 AUD				Welch Allyn	https://oticamart.com/media/catalog/product/4/1/41urilyjiml_1.jpg, https://oticamart.com/media/catalog/product/3/1/31rsgnpycwl_1.jpg, https://oticamart.com/media/catalog/product/3/1/31dkunsoc4l_1.jpg, https://oticamart.com/media/catalog/product/5/1/517a7mylnbl_1__1.jpg	new	no				black	adult		https://oticamart.com/media/catalog/product/4/1/41ajezaxj3l_1.jpg		22880	yes	0
22880-Blue	Welch Allyn Otoscope LED Fiber Optic with Case 22880 Blue	Product Info The Welch Allyn 22880 LED Otoscope is a professional-grade diagnostic instrument engineered for superior clarity, reliability, and long-term clinical use. Its advanced LED illumination offers bright, white, and uniform light output with minimal heat, ensuring clear visualization of ear structures without discomfort for the patient. The fiber-optic pathway provides unobstructed, shadow-free illumination, while precision optical lenses deliver enhanced detail and accurate color rendering. The adjustable focus system allows practitioners to fine-tune the view based on examination needs. Designed with durable medical-grade materials, the 22880 otoscope supports repeated sterilization and heavy daily use in ENT clinics, hospitals, emergency care, and general practice. With reduced maintenance needs and long lamp life, it ensures dependable performance and consistent diagnostics. &nbsp; Key Features LED illumination provides bright, white clinical light Fiber-optic design delivers unobstructed, shadow-free visibility Precision optical lens enhances clarity and detail Designed for ENT, pediatric, and general practice examinations Compact and lightweight for easy handling Ideal for examination of tympanic membrane and ear canal 3× magnification for clear ear canal and tympanic membrane view SureColor LED lamp technology for accurate, natural-color illumination Fiber-optic light transmission providing cool, reflection-free light LED lamp life up to 20,000 hours — long-lasting and cost-effective Operates at 2.5 V using standard AA batteries (included) Pocket-style, compact and portable for use in clinic or mobile settings Ideal for routine ENT examinations — ear canal, tympanic membrane, files	in_stock	https://oticamart.com/au/welch-allyn-otoscope-led-fiber-optic-pocket-case-22880.html?color=blue	221.27 AUD				Welch Allyn	https://oticamart.com/media/catalog/product/4/1/41trlh86qkl_1.jpg, https://oticamart.com/media/catalog/product/4/1/41ifbq1p2tl._sl1010__1.jpg, https://oticamart.com/media/catalog/product/7/1/71t7pw2ar6l._sl1444__2__1.jpg, https://oticamart.com/media/catalog/product/5/1/51jshtdjmil._sl1000__1.jpg, https://oticamart.com/media/catalog/product/5/1/51edy38nwol._sl1000__1.jpg	new	no				blue	adult		https://oticamart.com/media/catalog/product/6/1/610v3yhdfnl._sl1500__2.jpg		22880	yes	0
22880-Purple	Welch Allyn Otoscope LED Fiber Optic with Case 22880 Purple	Product Info The Welch Allyn 22880 LED Otoscope is a professional-grade diagnostic instrument engineered for superior clarity, reliability, and long-term clinical use. Its advanced LED illumination offers bright, white, and uniform light output with minimal heat, ensuring clear visualization of ear structures without discomfort for the patient. The fiber-optic pathway provides unobstructed, shadow-free illumination, while precision optical lenses deliver enhanced detail and accurate color rendering. The adjustable focus system allows practitioners to fine-tune the view based on examination needs. Designed with durable medical-grade materials, the 22880 otoscope supports repeated sterilization and heavy daily use in ENT clinics, hospitals, emergency care, and general practice. With reduced maintenance needs and long lamp life, it ensures dependable performance and consistent diagnostics. &nbsp; Key Features LED illumination provides bright, white clinical light Fiber-optic design delivers unobstructed, shadow-free visibility Precision optical lens enhances clarity and detail Designed for ENT, pediatric, and general practice examinations Compact and lightweight for easy handling Ideal for examination of tympanic membrane and ear canal 3× magnification for clear ear canal and tympanic membrane view SureColor LED lamp technology for accurate, natural-color illumination Fiber-optic light transmission providing cool, reflection-free light LED lamp life up to 20,000 hours — long-lasting and cost-effective Operates at 2.5 V using standard AA batteries (included) Pocket-style, compact and portable for use in clinic or mobile settings Ideal for routine ENT examinations — ear canal, tympanic membrane, files	in_stock	https://oticamart.com/au/welch-allyn-otoscope-led-fiber-optic-pocket-case-22880.html?color=purple	221.27 AUD				Welch Allyn	https://oticamart.com/media/catalog/product/5/1/51hiyo_laol._sl1000__1__1.jpg, https://oticamart.com/media/catalog/product/4/1/41ishfinopl_1__1.jpg, https://oticamart.com/media/catalog/product/5/1/51edy38nwol._sl1000__1__1.jpg, https://oticamart.com/media/catalog/product/7/1/71t7pw2ar6l._sl1444__3__1.jpg	new	no				purple	adult		https://oticamart.com/media/catalog/product/6/1/61v2pgps2tl._sl1500__1.jpg		22880	yes	0
22880-White	Welch Allyn Otoscope LED Fiber Optic with Case 22880 White	Product Info The Welch Allyn 22880 LED Otoscope is a professional-grade diagnostic instrument engineered for superior clarity, reliability, and long-term clinical use. Its advanced LED illumination offers bright, white, and uniform light output with minimal heat, ensuring clear visualization of ear structures without discomfort for the patient. The fiber-optic pathway provides unobstructed, shadow-free illumination, while precision optical lenses deliver enhanced detail and accurate color rendering. The adjustable focus system allows practitioners to fine-tune the view based on examination needs. Designed with durable medical-grade materials, the 22880 otoscope supports repeated sterilization and heavy daily use in ENT clinics, hospitals, emergency care, and general practice. With reduced maintenance needs and long lamp life, it ensures dependable performance and consistent diagnostics. &nbsp; Key Features LED illumination provides bright, white clinical light Fiber-optic design delivers unobstructed, shadow-free visibility Precision optical lens enhances clarity and detail Designed for ENT, pediatric, and general practice examinations Compact and lightweight for easy handling Ideal for examination of tympanic membrane and ear canal 3× magnification for clear ear canal and tympanic membrane view SureColor LED lamp technology for accurate, natural-color illumination Fiber-optic light transmission providing cool, reflection-free light LED lamp life up to 20,000 hours — long-lasting and cost-effective Operates at 2.5 V using standard AA batteries (included) Pocket-style, compact and portable for use in clinic or mobile settings Ideal for routine ENT examinations — ear canal, tympanic membrane, files	in_stock	https://oticamart.com/au/welch-allyn-otoscope-led-fiber-optic-pocket-case-22880.html?color=white	221.27 AUD				Welch Allyn	https://oticamart.com/media/catalog/product/3/1/31ml6pu2b6l_2__1.jpg, https://oticamart.com/media/catalog/product/5/1/51nqijrqtrl._sl1000__2__1.jpg, https://oticamart.com/media/catalog/product/7/1/71t7pw2ar6l._sl1444__4__1.jpg, https://oticamart.com/media/catalog/product/5/1/51edy38nwol._sl1000__2__1.jpg	new	no				white	adult		https://oticamart.com/media/catalog/product/6/1/61gsydsgl8l._sl1500__1.jpg		22880	yes	0
22870-White	Welch Allyn Pocket LED Otoscope Fiber Optic Professional AA Battery Handle 22870 White	Product Info The Welch Allyn 22870 LED Otoscope combines portability, durability, and high-quality optics for reliable ear examinations in a compact, pocket-size form factor. Powered by a 2.5 V handle (with 2 AA alkaline batteries), this otoscope uses advanced fiber-optic illumination and SureColor LED technology to emit a cool, natural light that enhances tissue visualization without reflections or glare. The 3× magnification lens delivers clear, detailed images of the ear canal and tympanic membrane, facilitating accurate diagnosis. With an LED lamp rated for up to 20,000 hours of continuous use, the device is built for long-term clinical service. Its ergonomic design, light weight, and robust build make it suitable for busy clinics, mobile practice, or field use — enabling reliable ear inspections wherever needed. The 22870 model does not include a carrying case by default but comes with the standard lens guard, tail guard, and battery handle. Overall, it is a durable, convenient, and highly effective otoscope trusted by medical professionals worldwide.. &nbsp; Key Features 3× magnification for clear ear canal and tympanic membrane view SureColor LED lamp technology for accurate, natural-color illumination Fiber-optic light transmission providing cool, reflection-free light LED lamp life up to 20,000 hours — long-lasting and cost-effective Operates at 2.5 V using standard AA batteries (included) Pocket-style, compact and portable for use in clinic or mobile settings Ideal for routine ENT examinations — ear canal, tympanic membrane, files	in_stock	https://oticamart.com/au/welch-allyn-pocket-led-otoscope-fiber-optic-professional-22870.html?color=white	202.83 AUD				Welch Allyn	https://oticamart.com/media/catalog/product/3/1/31ml6pu2b6l_1__1.jpg, https://oticamart.com/media/catalog/product/3/1/318oklhvhnl_1.jpg, https://oticamart.com/media/catalog/product/3/1/31ml6pu2b6l_1.jpg, https://oticamart.com/media/catalog/product/3/1/31y_0ik5rsl_1.jpg, https://oticamart.com/media/catalog/product/7/1/71t7pw2ar6l._sl1444__1__1.jpg, https://oticamart.com/media/catalog/product/5/1/51nqijrqtrl._sl1000__1__1.jpg, https://oticamart.com/media/catalog/product/5/1/51nqijrqtrl._sl1000__1.jpg	new	no				white	adult		https://oticamart.com/media/catalog/product/6/1/61asftpaa8l._sl1500__1.jpg		22870	yes	0
22870-Black	Welch Allyn Pocket LED Otoscope Fiber Optic Professional AA Battery Handle 22870 Black	Product Info The Welch Allyn 22870 LED Otoscope combines portability, durability, and high-quality optics for reliable ear examinations in a compact, pocket-size form factor. Powered by a 2.5 V handle (with 2 AA alkaline batteries), this otoscope uses advanced fiber-optic illumination and SureColor LED technology to emit a cool, natural light that enhances tissue visualization without reflections or glare. The 3× magnification lens delivers clear, detailed images of the ear canal and tympanic membrane, facilitating accurate diagnosis. With an LED lamp rated for up to 20,000 hours of continuous use, the device is built for long-term clinical service. Its ergonomic design, light weight, and robust build make it suitable for busy clinics, mobile practice, or field use — enabling reliable ear inspections wherever needed. The 22870 model does not include a carrying case by default but comes with the standard lens guard, tail guard, and battery handle. Overall, it is a durable, convenient, and highly effective otoscope trusted by medical professionals worldwide.. &nbsp; Key Features 3× magnification for clear ear canal and tympanic membrane view SureColor LED lamp technology for accurate, natural-color illumination Fiber-optic light transmission providing cool, reflection-free light LED lamp life up to 20,000 hours — long-lasting and cost-effective Operates at 2.5 V using standard AA batteries (included) Pocket-style, compact and portable for use in clinic or mobile settings Ideal for routine ENT examinations — ear canal, tympanic membrane, files	in_stock	https://oticamart.com/au/welch-allyn-pocket-led-otoscope-fiber-optic-professional-22870.html?color=black	202.83 AUD				Welch Allyn	https://oticamart.com/media/catalog/product/4/1/41_pee0q_al._sl1200__1__1.jpg, https://oticamart.com/media/catalog/product/3/1/31kqvjs9oul_1.jpg, https://oticamart.com/media/catalog/product/4/1/41_pee0q_al._sl1200__1.jpg, https://oticamart.com/media/catalog/product/5/1/51dn80lopsl._sl1000__1.jpg, https://oticamart.com/media/catalog/product/7/1/71t7pw2ar6l._sl1444__1.jpg	new	no				black	adult		https://oticamart.com/media/catalog/product/6/1/61aqvyricel._sl1500__1.jpg		22870	yes	0
22870-Purple	Welch Allyn Pocket LED Otoscope Fiber Optic Professional AA Battery Handle 22870 Purple	Product Info The Welch Allyn 22870 LED Otoscope combines portability, durability, and high-quality optics for reliable ear examinations in a compact, pocket-size form factor. Powered by a 2.5 V handle (with 2 AA alkaline batteries), this otoscope uses advanced fiber-optic illumination and SureColor LED technology to emit a cool, natural light that enhances tissue visualization without reflections or glare. The 3× magnification lens delivers clear, detailed images of the ear canal and tympanic membrane, facilitating accurate diagnosis. With an LED lamp rated for up to 20,000 hours of continuous use, the device is built for long-term clinical service. Its ergonomic design, light weight, and robust build make it suitable for busy clinics, mobile practice, or field use — enabling reliable ear inspections wherever needed. The 22870 model does not include a carrying case by default but comes with the standard lens guard, tail guard, and battery handle. Overall, it is a durable, convenient, and highly effective otoscope trusted by medical professionals worldwide.. &nbsp; Key Features 3× magnification for clear ear canal and tympanic membrane view SureColor LED lamp technology for accurate, natural-color illumination Fiber-optic light transmission providing cool, reflection-free light LED lamp life up to 20,000 hours — long-lasting and cost-effective Operates at 2.5 V using standard AA batteries (included) Pocket-style, compact and portable for use in clinic or mobile settings Ideal for routine ENT examinations — ear canal, tympanic membrane, files	in_stock	https://oticamart.com/au/welch-allyn-pocket-led-otoscope-fiber-optic-professional-22870.html?color=purple	202.83 AUD				Welch Allyn	https://oticamart.com/media/catalog/product/4/1/41hrc6ctgal._sl1000__1__2.jpg, https://oticamart.com/media/catalog/product/4/1/41p6p3irrul_1.jpg, https://oticamart.com/media/catalog/product/6/1/61aeyrqfhwl._sl1024__1.jpg, https://oticamart.com/media/catalog/product/4/1/41hrc6ctgal._sl1000__1.jpg, https://oticamart.com/media/catalog/product/5/1/51hiyo_laol._sl1000__1.jpg, https://oticamart.com/media/catalog/product/4/1/41ishfinopl_1.jpg	new	no				purple	adult		https://oticamart.com/media/catalog/product/6/1/61yfsb-jqml._sl1500__1.jpg		22870	yes	0
22870-Blue	Welch Allyn Pocket LED Otoscope Fiber Optic Professional AA Battery Handle 22870 Blue	Product Info The Welch Allyn 22870 LED Otoscope combines portability, durability, and high-quality optics for reliable ear examinations in a compact, pocket-size form factor. Powered by a 2.5 V handle (with 2 AA alkaline batteries), this otoscope uses advanced fiber-optic illumination and SureColor LED technology to emit a cool, natural light that enhances tissue visualization without reflections or glare. The 3× magnification lens delivers clear, detailed images of the ear canal and tympanic membrane, facilitating accurate diagnosis. With an LED lamp rated for up to 20,000 hours of continuous use, the device is built for long-term clinical service. Its ergonomic design, light weight, and robust build make it suitable for busy clinics, mobile practice, or field use — enabling reliable ear inspections wherever needed. The 22870 model does not include a carrying case by default but comes with the standard lens guard, tail guard, and battery handle. Overall, it is a durable, convenient, and highly effective otoscope trusted by medical professionals worldwide.. &nbsp; Key Features 3× magnification for clear ear canal and tympanic membrane view SureColor LED lamp technology for accurate, natural-color illumination Fiber-optic light transmission providing cool, reflection-free light LED lamp life up to 20,000 hours — long-lasting and cost-effective Operates at 2.5 V using standard AA batteries (included) Pocket-style, compact and portable for use in clinic or mobile settings Ideal for routine ENT examinations — ear canal, tympanic membrane, files	in_stock	https://oticamart.com/au/welch-allyn-pocket-led-otoscope-fiber-optic-professional-22870.html?color=blue	202.83 AUD				Welch Allyn	https://oticamart.com/media/catalog/product/5/1/517a7mylnbl_1.jpg, https://oticamart.com/media/catalog/product/3/1/312gf9jcw_l_1.jpg, https://oticamart.com/media/catalog/product/2/1/21qok7wu0nl_1.jpg, https://oticamart.com/media/catalog/product/3/1/31kn_retd_l_1.jpg, https://oticamart.com/media/catalog/product/3/1/311oomjc3cl_1.jpg, https://oticamart.com/media/catalog/product/3/1/31avghxdnel_1.jpg	new	no				blue	adult		https://oticamart.com/media/catalog/product/6/1/61ffmmumcgl._sl1500__1.jpg		22870	yes	0
OTICA Home Nebulizer for Child and Adults ONEB-7	Home Nebulizer Child Adults-ONEB 7	Product Info The OTICA NEBULIZER ONEB 7 is a precision-built compressor nebulizer developed to support effective management of asthma, COPD, bronchitis, and other respiratory conditions. Its advanced atomization technology produces ultra-fine aerosol particles that reach the lower respiratory tract, ensuring maximum absorption of inhaled medication. Engineered with a powerful yet quiet motor, the device maintains steady airflow for uninterrupted nebulization. The robust medical-grade construction enhances reliability, while the intuitive one-button operation makes it suitable for home, clinical, and travel use. With fast conversion rate, reduced treatment time, and compatibility with a wide range of liquid medications, OTICA ONEB 7 provides dependable respiratory care for all age groups. . &nbsp; Key Features • High-efficiency compressor for rapid medication delivery• Ultra-fine particle output for deeper lung reach• Stable airflow ensuring consistent nebulization• Low-noise operation ideal for home and night use• Durable medical-grade build for long service life• Suitable for asthma, COPD, and chronic bronchitis• Fast nebulization rate to shorten therapy time• Works with most prescribed and OTC nebulizer medications• User-friendly one-button operation• Compact and lightweight for portability• Overheat protection for enhanced safety	in_stock	https://oticamart.com/au/home-nebulizer-child-adults-oneb-7.html?color=white	14.73 AUD				OTICA	https://oticamart.com/media/catalog/product/8/1/81jgt3peo7l._sl1500_.jpg, https://oticamart.com/media/catalog/product/8/1/81v2c7sbowl._sl1500_.jpg, https://oticamart.com/media/catalog/product/8/1/81vwrgvx-fl._sl1500_.jpg, https://oticamart.com/media/catalog/product/8/1/811fcez4qwl._sl1500_.jpg, https://oticamart.com/media/catalog/product/8/1/81qf2nbqnzl._sl1500_.jpg, https://oticamart.com/media/catalog/product/8/1/81rgkfqqf6l._sl1500_.jpg, https://oticamart.com/media/catalog/product/7/1/71ao91ykkql._sl1500_.jpg, https://oticamart.com/media/catalog/product/8/1/81dn5cdys5l._sl1500_.jpg	new	no				white	adult		https://oticamart.com/media/catalog/product/7/1/71r7-r1oi6l._sl1500__1_.jpg		OTICA Home Nebulizer for Child and Adults ONEB-7	yes	0
VeinHunter Pro	Portable Vein Finder Handheld Device for IV Access Phlebotomy, Nurses, Clinics, & Homes	Product Info OTICA Vein Hunter Pro is an advanced LED-based vein locator designed to simplify and improve the success rate of intravenous access and phlebotomy procedures. It utilises powerful LED illumination to make subcutaneous veins visible on the skin surface — thereby reducing the guesswork and discomfort associated with blind needle insertion. Equipped with 30 bright LEDs (22 in orange spectrum and 8 in high-density red), the device offers up to 9 different illumination intensity settings, enabling adaptation to varying skin tones, ages, and vein visibility conditions. Weighing only around 90 grams and designed to be handheld and portable, Vein Hunter Pro is rechargeable and provides a long battery backup — making it suitable for sustained use in busy clinical environments. Whether you are working in paediatrics, oncology, anaesthetics, nephrology, blood banks, ICU/NICU, or general wards, this device supports efficient venous access even for difficult patients: obese, dark-skinned, elderly, paediatric, or those with fragile veins. By clearly highlighting vein paths and bifurcations, it reduces multiple needle-sticks, repeated attempts, and associated discomfort — thereby enhancing patient comfort and clinical workflow. The product is especially useful in settings where quick, accurate IV access or blood draw is critical. With its compact handheld design, adjustable light intensity, portability, and robust performance across all age groups, OTICA Vein Hunter Pro represents a valuable investment for hospitals, clinics, diagnostic labs, and nursing care settings seeking to improve first-attempt success rates and patient experience. &nbsp; Key Features 30 ultra-bright LEDs (22 orange + 8 red) for clear vein visualization under skin 9 adjustable intensity modes to adapt to different skin tones and vein visibility Handheld and ultra-lightweight (~90 g) for portable, easy use Rechargeable battery — long continuous operation suitable for busy clinical use Effective for adults, children, and geriatric patients — all age groups Suitable for all skin types including dark skin, obese patients, or difficult veins Improves first-attempt success for IV insertion / blood draws / cannulation Highlights vein bifurcations and branching for accurate site selection Reduces multiple needle-pricks — improves patient comfort and reduces anxiety Useful across specialties: Anaesthetics, Paediatrics, Oncology, Nephrology, ICU/NICU, Blood-bank, Pathology labs Helps in emergency setups requiring fast IV access Compact, ergonomic design — easy handling with one hand Enables better visualization in dark / low-light environments (wards, ICU) Decreases procedure time for venipuncture / intravenous access Reduces risk of complications (hematoma, extravasation) by enabling accurate vein selection Minimizes needle-related trauma in children, elderly or patients with fragile veins Improves efficiency for nurses, phlebotomists and other healthcare workers Suitable for both routine and difficult-case vascular access scenarios	in_stock	https://oticamart.com/au/vein-hunter-pro-finder-iv-access-phlebotomy-nurse-clinics-homes.html	119.85 AUD				OTICA	https://oticamart.com/media/catalog/product/7/1/71tx23dm93l._sl1500_.jpg, https://oticamart.com/media/catalog/product/8/1/810qcpkgkfl._sl1500_.jpg, https://oticamart.com/media/catalog/product/7/1/71zma00ntnl._sl1500__1_.jpg, https://oticamart.com/media/catalog/product/7/1/71ahmux1kbl._sl1500_.jpg, https://oticamart.com/media/catalog/product/7/1/71nwbhxzdql._sl1500_.jpg, https://oticamart.com/media/catalog/product/8/1/81ivohtc5yl._sl1500_.jpg, https://oticamart.com/media/catalog/product/7/1/71zma00ntnl._sl1500_.jpg, https://oticamart.com/media/catalog/product/7/1/71a6erpazyl._sl1500_.jpg, https://oticamart.com/media/catalog/product/h/q/hqdefault_5_4.jpg	new	no					adult		https://oticamart.com/media/catalog/product/7/1/71yiumz66wl._sl1500_.jpg		VeinHunter Pro	yes	0
ECG CLAMP SET OF 4	ECG EKG Clamp Electrode Premium Quality Universal Limb Electrodes Adults Set 4 Suitable All Types Machines	Product Info The OTICA ECG Clamp Set of 4 is a professional-grade collection of reusable limb electrode clamps intended for diagnostic and monitoring ECG procedures. Each clamp is engineered to provide secure attachment to patient limbs while maintaining consistent conductivity for accurate waveform capture. Built with durable, medical-safe materials, the clamps minimize motion artifacts and environmental noise, helping clinicians obtain clean, high-quality signals. Compatible with standard snap or banana connector ECG lead cables, the set is suitable for hospitals, clinics, veterinary use, and training environments where reusable electrodes are preferred. The clamps are color-coded to match conventional ECG limb lead placement, allowing fast identification and reducing setup errors. The corrosion-resistant conductive plates and optimized spring pressure ensure long service life even under frequent disinfection cycles. &nbsp; Key Features Set includes 4 limb clamps: RA, LA, RL, LL configuration standard Universal compatibility with standard ECG lead cables (snap/banana connectors) Stable conductivity for high-fidelity, low-noise signal capture Spring-loaded design with calibrated pressure to reduce motion artifacts Color-coded (red, yellow, green, black) for accurate limb lead placement Reusable and built from durable, medical-safe, corrosion-resistant materials Easy to clean and disinfect, supporting frequent clinical use Suitable for diagnostic, monitoring, training, and veterinary ECG applications&nbsp;	in_stock	https://oticamart.com/au/ecg-ekg-clamp-electrode-premium-quality-universal-limb-electrodes-adults.html	7.36 AUD				OTICA	https://oticamart.com/media/catalog/product/6/1/61ydhxw7xrl._sl1500_.jpg, https://oticamart.com/media/catalog/product/7/1/719iyseikhl._sl1500_.jpg, https://oticamart.com/media/catalog/product/7/1/7163uymg2dl._sl1500_.jpg, https://oticamart.com/media/catalog/product/6/1/61q0gjiv9tl._sl1500_.jpg, https://oticamart.com/media/catalog/product/8/1/81kqmezgqjl._sl1500_.jpg, https://oticamart.com/media/catalog/product/7/1/71qq2hxljzl._sl1500_.jpg, https://oticamart.com/media/catalog/product/h/q/hqdefault_4_1.jpg	new	no					adult		https://oticamart.com/media/catalog/product/6/1/61sou3u1ghl._sl1500__1_.jpg		ECG CLAMP SET OF 4	yes	0
Veinhunter	VeinHunter Adult LED Vein Finder Detector All Age Skin Type Locator Viewer Doctors Hospital	Product Info The OTICA Veinhunter is handheld portable Finding machine Designed with maximum viewing area and optimum achieved contrast to meet maximum success rate in first insertion of the injection. as we know that today's generation has become more dependent on machines work rather than physical work. Physical activities help to make the visible that makes it easier to track our makes it easy for any type of test. But due to fast food and fewer body activities, it has become hard to track the and this is where comes into the picture. This device is a handy device to track the for easy use of injection and fewer chances of misses and completes the task in one go. Due to its illumination and large scale tracking the are visible to the medical personnel easily and don’t require multiple trials. It also helps to decrease the number of errors and clears the work in one go. &nbsp; Key Features Powerful illumination: This Vein finder vein locator vein detector help user to Cleary highlight the vein Rechargeable and Long Battery Life: The VeinHunter Vein finder includes a built-in rechargeable and long battery life up to 3 hours of continuous ON. and around a week time if you use intermediately 9 Adjustable Intensity Modes: Our Vein Finder features 9 customizable brightness levels and lighting combinations. This allows user to adjust the light intensity according to the skin type, lighting conditions, and depth of the veins Portable &amp; User-Friendly Operation: The device's lightweight and portable design allow for convenient use in various location and Simple to operate, with intuitive controls that enable efficient vein location and viewing. Suitable for All Ages &amp; Uses: make sure you dim the room light for better view. After Sale Support: The Otica Vein Hunter comes with a 2-year warranty with ensuring durability, performance, and peace of mind.	in_stock	https://oticamart.com/au/veinhunter-adult-led-vein-finder-detector-all-age-skin-type.html?color=blue	92.19 AUD				OTICA	https://oticamart.com/media/catalog/product/7/1/7103yjegpfl._sl1500_.jpg, https://oticamart.com/media/catalog/product/7/1/71s5xukvnwl._sl1500_.jpg, https://oticamart.com/media/catalog/product/6/1/61rueiql46l._sl1500_.jpg, https://oticamart.com/media/catalog/product/7/1/71ku1usce-l._sl1500_.jpg, https://oticamart.com/media/catalog/product/7/1/71epjjwut7l._sl1500_.jpg, https://oticamart.com/media/catalog/product/7/1/71ziaywz9wl._sl1500_.jpg, https://oticamart.com/media/catalog/product/h/q/hqdefault_1.jpg	new	no				blue	adult		https://oticamart.com/media/catalog/product/6/1/61j9318ushl._sl1500_.jpg		Veinhunter	yes	0
Tablet Cutter-Blue	Pill Cutter and Splitter Daily Use Safely Cut Tablets Vitamins Precise Centering- Blue	Product Info The OTICA Tablet Cutter is a practical medical-accessory designed to simplify and secure the process of splitting or cutting tablets and pills — whether they are small or large. Crafted from tough ABS plastic and featuring a razor-sharp stainless-steel blade, this manual cutter delivers clean, accurate splits with minimal effort. Its compact size makes it suitable for home use, traveling, or carrying in a medicine kit. The cutter’s design ensures pills are held securely in place during cutting, reducing fragmentation or dosage inconsistency. This makes the OTICA cutter particularly suited for patients requiring dose adjustments, people with difficulty swallowing large pills, or households managing multiple medications. The durable construction ensures it withstands repeated daily use, offering long-term reliability at an affordable price point. According to regulatory classifications, such tablet-cutters are considered devices for pill splitting/crushing — intended for medications that are labeled safe for splitting or crushing.. &nbsp; Key Features Sharp stainless-steel blade for consistent, precise cuts. Designed to split tablets into halves, quarters, or eighths. Suitable for a wide range of pill sizes and shapes. Secure pill-holding base prevents pills from slipping during cut. Compact and portable — ideal for home, travel, or daily use. Easy to clean and maintain with simple rinse/wipe. Safe and stable for repeated daily use without blade degradation. Simple operation — suitable for elderly or users with limited hand strength.	in_stock	https://oticamart.com/au/best-pill-cutter-splitter-daily-usage-safely-cut-pills-vitamins-3.html?color=blue&material=medical+grade	3.67 AUD				OTICA	https://oticamart.com/media/catalog/product/a/r/artboard_1_1.png, https://oticamart.com/media/catalog/product/6/1/61_htaqcssl_1.jpg, https://oticamart.com/media/catalog/product/5/1/51i-czc1dll_1.jpg, https://oticamart.com/media/catalog/product/a/r/artboard_3_3.png, https://oticamart.com/media/catalog/product/5/1/51axfg0xvpl_1.jpg, https://oticamart.com/media/catalog/product/5/1/5119e5fkzfl_1.jpg, https://oticamart.com/media/catalog/product/5/1/513i8zksevl_1.jpg, https://oticamart.com/media/catalog/product/5/1/51gh6zgdj7l_1.jpg, https://oticamart.com/media/catalog/product/6/1/61vg1kytrnl_1.jpg, https://oticamart.com/media/catalog/product/6/1/61tms671yrl_1.jpg	new	no	medical grade			blue	adult		https://oticamart.com/media/catalog/product/4/1/41z7waj0kjl_1.jpg		Tablet Cutter OHPL	yes	0
Tablet Cutter-Green	Best Pill Cutter Splitter for Daily Use Cut Pills Vitamins Precise Separation Stainless Steel- Green	Product Info The OTICA Tablet Cutter is a practical medical-accessory designed to simplify and secure the process of splitting or cutting tablets and pills — whether they are small or large. Crafted from tough ABS plastic and featuring a razor-sharp stainless-steel blade, this manual cutter delivers clean, accurate splits with minimal effort. Its compact size makes it suitable for home use, traveling, or carrying in a medicine kit. The cutter’s design ensures pills are held securely in place during cutting, reducing fragmentation or dosage inconsistency. This makes the OTICA cutter particularly suited for patients requiring dose adjustments, people with difficulty swallowing large pills, or households managing multiple medications. The durable construction ensures it withstands repeated daily use, offering long-term reliability at an affordable price point. According to regulatory classifications, such tablet-cutters are considered devices for pill splitting/crushing — intended for medications that are labeled safe for splitting or crushing.. &nbsp; Key Features Sharp stainless-steel blade for consistent, precise cuts. Designed to split tablets into halves, quarters, or eighths. Suitable for a wide range of pill sizes and shapes. Secure pill-holding base prevents pills from slipping during cut. Compact and portable — ideal for home, travel, or daily use. Easy to clean and maintain with simple rinse/wipe. Safe and stable for repeated daily use without blade degradation. Simple operation — suitable for elderly or users with limited hand strength.	in_stock	https://oticamart.com/au/best-pill-cutter-splitter-daily-usage-safely-cut-pills-vitamins-3.html?color=green	3.67 AUD				OTICA	https://oticamart.com/media/catalog/product/t/a/tablet-cutter-ohpl-1-unit-waifu2x-photo-noise2-scale.png, https://oticamart.com/media/catalog/product/8/1/81t0tt5nwzl._sl1500__2__1.jpg, https://oticamart.com/media/catalog/product/8/1/81euj1ra82l._sl1500__2__1.jpg, https://oticamart.com/media/catalog/product/7/1/71nqww6dzwl._sl1500__2__1.jpg, https://oticamart.com/media/catalog/product/7/1/71nhkhatvpl._sl1500__1__1.jpg, https://oticamart.com/media/catalog/product/7/1/71qhys1sewl._sl1500__1.jpg, https://oticamart.com/media/catalog/product/8/1/81xwwqvjkfl._sl1500__1__1.jpg, https://oticamart.com/media/catalog/product/8/1/810ou7zhhul._sl1500__1.jpg, https://oticamart.com/media/catalog/product/8/1/81dx_-jk1bl._sl1500__2__1.jpg	new	no				green	adult		https://oticamart.com/media/catalog/product/7/1/719qqwmjvsl._sl1500__2__1.jpg		Tablet Cutter OHPL	yes	0
OHPL Nasal Cannula 25Ft Adult-Pack Of 6	Nasal Cannula Oxygen 25 Feet Soft Touch Tubing Universal Connector Adults (Pack Of 6)	Product Info The Nasal Cannula For Oxygen (Pack Of 6) Is Designed For Comfortable, Continuous Oxygen Therapy In Both Clinical And Home Care Settings. Made With Extra-Soft, Kink-Resistant Tubing, The 25-Foot Length Offers Flexibility And Freedom Of Movement While Ensuring Secure Oxygen Flow For Adult Patients. This Cannula Features A Universal Connector That Fits All Standard Oxygen Concentrators, Cylinders, And Wall Outlets. The Dual-Prong Nasal Design Ensures Efficient Oxygen Delivery With Minimal Discomfort, Even During Extended Wear. The Soft-Touch Material Reduces Skin Irritation Around The Ears And Face, Making It Ideal For Long-Term Use. Each Pack Includes One Individually Wrapped Nasal Cannulas, Ensuring Hygiene And Convenience. Key Features Pack Of 6 : Individually Sealed Nasal Cannulas For Hygiene And Convenience Length : 25 Feet – Allows Mobility While Receiving Oxygen Soft Touch Tubing : Skin-Friendly, Kink-Resistant Material For Patient Comfort Universal Connector : Compatible With All Standard Oxygen Concentrators And Cylinders Adult Size : Designed For Adult Nasal Passages And Facial Dimensions Comfortable Fit : Lightweight With Curved Nasal Prongs For Low-Pressure Oxygen Delivery Applications : Hospitals, Nursing Homes, Home Oxygen Therapy, Emergency Kits	in_stock	https://oticamart.com/au/nasal-cannula-oxygen-soft-touch-tubing-universal-connector-adults-ohpl.html?size=25+feet	41.99 AUD				OTICA	https://oticamart.com/media/catalog/product/8/1/81ul-zbh2zl._sl1500__12.jpg, https://oticamart.com/media/catalog/product/8/1/81bo7n-berl._sl1500__12.jpg, https://oticamart.com/media/catalog/product/8/1/81kx0uv2xnl._sl1500__12.jpg, https://oticamart.com/media/catalog/product/7/1/71e0r9acial._sl1500__1__3.jpg, https://oticamart.com/media/catalog/product/o/h/ohpl-nasal-cannula-25-ft-adult-pack-of-4_2_4.jpg	new	no		25 Feet			adult		https://oticamart.com/media/catalog/product/7/1/7147ksrx2dl._sl1500_.jpg		OHPL Nasal Cannula Adult	yes	0
OHPL Nasal Cannula 25Ft Adult-Pack Of 4	Nasal Cannula Oxygen 25 Feet Soft Touch Tubing Universal Connector Adults (Pack Of 4)	Product Info The Nasal Cannula For Oxygen (Pack Of 4) Is Designed For Comfortable, Continuous Oxygen Therapy In Both Clinical And Home Care Settings. Made With Extra-Soft, Kink-Resistant Tubing, The 25-Foot Length Offers Flexibility And Freedom Of Movement While Ensuring Secure Oxygen Flow For Adult Patients. This Cannula Features A Universal Connector That Fits All Standard Oxygen Concentrators, Cylinders, And Wall Outlets. The Dual-Prong Nasal Design Ensures Efficient Oxygen Delivery With Minimal Discomfort, Even During Extended Wear. The Soft-Touch Material Reduces Skin Irritation Around The Ears And Face, Making It Ideal For Long-Term Use. Each Pack Includes One Individually Wrapped Nasal Cannulas, Ensuring Hygiene And Convenience. Key Features Pack Of 4 : Individually Sealed Nasal Cannulas For Hygiene And Convenience Length : 25 Feet – Allows Mobility While Receiving Oxygen Soft Touch Tubing : Skin-Friendly, Kink-Resistant Material For Patient Comfort Universal Connector : Compatible With All Standard Oxygen Concentrators And Cylinders Adult Size : Designed For Adult Nasal Passages And Facial Dimensions Comfortable Fit : Lightweight With Curved Nasal Prongs For Low-Pressure Oxygen Delivery Applications : Hospitals, Nursing Homes, Home Oxygen Therapy, Emergency Kits	in_stock	https://oticamart.com/au/nasal-cannula-oxygen-soft-touch-tubing-universal-connector-adults-ohpl.html?size=25+feet	30.80 AUD				OTICA	https://oticamart.com/media/catalog/product/8/1/81bo7n-berl._sl1500__11.jpg, https://oticamart.com/media/catalog/product/8/1/81kx0uv2xnl._sl1500__11.jpg, https://oticamart.com/media/catalog/product/8/1/81ul-zbh2zl._sl1500__11.jpg, https://oticamart.com/media/catalog/product/7/1/71e0r9acial._sl1500__3.jpg, https://oticamart.com/media/catalog/product/o/h/ohpl-nasal-cannula-25-ft-adult-pack-of-4_2_3.jpg	new	no		25 Feet			adult		https://oticamart.com/media/catalog/product/7/1/71c89qddzml._sl1500_.jpg		OHPL Nasal Cannula Adult	yes	0
OHPL Nasal Cannula 25Ft Adult-Pack Of 2	Nasal Cannula Oxygen 25 Feet Soft Touch Tubing Universal Connector Adults (Pack Of 2)	Product Info The Nasal Cannula For Oxygen (Pack Of 2) Is Designed For Comfortable, Continuous Oxygen Therapy In Both Clinical And Home Care Settings. Made With Extra-Soft, Kink-Resistant Tubing, The 25-Foot Length Offers Flexibility And Freedom Of Movement While Ensuring Secure Oxygen Flow For Adult Patients. This Cannula Features A Universal Connector That Fits All Standard Oxygen Concentrators, Cylinders, And Wall Outlets. The Dual-Prong Nasal Design Ensures Efficient Oxygen Delivery With Minimal Discomfort, Even During Extended Wear. The Soft-Touch Material Reduces Skin Irritation Around The Ears And Face, Making It Ideal For Long-Term Use. Each Pack Includes One Individually Wrapped Nasal Cannulas, Ensuring Hygiene And Convenience. Key Features Pack Of 2 : Individually Sealed Nasal Cannulas For Hygiene And Convenience Length : 25 Feet – Allows Mobility While Receiving Oxygen Soft Touch Tubing : Skin-Friendly, Kink-Resistant Material For Patient Comfort Universal Connector : Compatible With All Standard Oxygen Concentrators And Cylinders Adult Size : Designed For Adult Nasal Passages And Facial Dimensions Comfortable Fit : Lightweight With Curved Nasal Prongs For Low-Pressure Oxygen Delivery Applications : Hospitals, Nursing Homes, Home Oxygen Therapy, Emergency Kits	in_stock	https://oticamart.com/au/nasal-cannula-oxygen-soft-touch-tubing-universal-connector-adults-ohpl.html?size=25+feet	17.72 AUD				OTICA	https://oticamart.com/media/catalog/product/8/1/81bo7n-berl._sl1500__10.jpg, https://oticamart.com/media/catalog/product/8/1/81ul-zbh2zl._sl1500__10.jpg, https://oticamart.com/media/catalog/product/8/1/81kx0uv2xnl._sl1500__10.jpg, https://oticamart.com/media/catalog/product/7/1/71e0r9acial._sl1500__1__2.jpg, https://oticamart.com/media/catalog/product/o/h/ohpl-nasal-cannula-25-ft-adult-pack-of-4_2_2.jpg	new	no		25 Feet			adult		https://oticamart.com/media/catalog/product/7/1/71am20gpn_l._sl1500_.jpg		OHPL Nasal Cannula Adult	yes	0
OHPL Nasal Cannula 25Ft Adult-Pack Of 1	Nasal Cannula Oxygen 25 Feet Soft Touch Tubing Universal Connector Adults (Pack Of 1)	Product Info The Nasal Cannula For Oxygen (Pack Of 1) Is Designed For Comfortable, Continuous Oxygen Therapy In Both Clinical And Home Care Settings. Made With Extra-Soft, Kink-Resistant Tubing, The 25-Foot Length Offers Flexibility And Freedom Of Movement While Ensuring Secure Oxygen Flow For Adult Patients. This Cannula Features A Universal Connector That Fits All Standard Oxygen Concentrators, Cylinders, And Wall Outlets. The Dual-Prong Nasal Design Ensures Efficient Oxygen Delivery With Minimal Discomfort, Even During Extended Wear. The Soft-Touch Material Reduces Skin Irritation Around The Ears And Face, Making It Ideal For Long-Term Use. Each Pack Includes One Individually Wrapped Nasal Cannulas, Ensuring Hygiene And Convenience. Key Features Pack Of 1 : Individually Sealed Nasal Cannulas For Hygiene And Convenience Length : 25 Feet – Allows Mobility While Receiving Oxygen Soft Touch Tubing : Skin-Friendly, Kink-Resistant Material For Patient Comfort Universal Connector : Compatible With All Standard Oxygen Concentrators And Cylinders Adult Size : Designed For Adult Nasal Passages And Facial Dimensions Comfortable Fit : Lightweight With Curved Nasal Prongs For Low-Pressure Oxygen Delivery Applications : Hospitals, Nursing Homes, Home Oxygen Therapy, Emergency Kits	in_stock	https://oticamart.com/au/nasal-cannula-oxygen-soft-touch-tubing-universal-connector-adults-ohpl.html?size=25+feet	8.54 AUD				OTICA	https://oticamart.com/media/catalog/product/8/1/81ul-zbh2zl._sl1500__9.jpg, https://oticamart.com/media/catalog/product/8/1/81kx0uv2xnl._sl1500__9.jpg, https://oticamart.com/media/catalog/product/8/1/81bo7n-berl._sl1500__9.jpg, https://oticamart.com/media/catalog/product/7/1/71e0r9acial._sl1500__2.jpg, https://oticamart.com/media/catalog/product/o/h/ohpl-nasal-cannula-25-ft-adult-pack-of-4_2_1.jpg	new	no		25 Feet			adult		https://oticamart.com/media/catalog/product/7/1/71-qvtn5xml._sl1500_.jpg		OHPL Nasal Cannula Adult	yes	0
OHPL Nasal Cannula 14Ft Adult-Pack Of 6	Nasal Cannula Oxygen 14 Feet Soft Touch Tubing Universal Connector Adults (Pack Of 6)	Product Info The Nasal Cannula For Oxygen (Pack Of 6) Is Designed For Comfortable, Continuous Oxygen Therapy In Both Clinical And Home Care Settings. Made With Extra-Soft, Kink-Resistant Tubing, The 14-Foot Length Offers Flexibility And Freedom Of Movement While Ensuring Secure Oxygen Flow For Adult Patients. This Cannula Features A Universal Connector That Fits All Standard Oxygen Concentrators, Cylinders, And Wall Outlets. The Dual-Prong Nasal Design Ensures Efficient Oxygen Delivery With Minimal Discomfort, Even During Extended Wear. The Soft-Touch Material Reduces Skin Irritation Around The Ears And Face, Making It Ideal For Long-Term Use. Each Pack Includes One Individually Wrapped Nasal Cannulas, Ensuring Hygiene And Convenience. Key Features Pack Of 6 : Individually Sealed Nasal Cannulas For Hygiene And Convenience Length : 14 Feet – Allows Mobility While Receiving Oxygen Soft Touch Tubing : Skin-Friendly, Kink-Resistant Material For Patient Comfort Universal Connector : Compatible With All Standard Oxygen Concentrators And Cylinders Adult Size : Designed For Adult Nasal Passages And Facial Dimensions Comfortable Fit : Lightweight With Curved Nasal Prongs For Low-Pressure Oxygen Delivery Applications : Hospitals, Nursing Homes, Home Oxygen Therapy, Emergency Kits	in_stock	https://oticamart.com/au/nasal-cannula-oxygen-soft-touch-tubing-universal-connector-adults-ohpl.html?size=14+feet	21.45 AUD				OTICA	https://oticamart.com/media/catalog/product/8/1/81bo7n-berl._sl1500__8.jpg, https://oticamart.com/media/catalog/product/8/1/81kx0uv2xnl._sl1500__8.jpg, https://oticamart.com/media/catalog/product/8/1/81ul-zbh2zl._sl1500__8.jpg, https://oticamart.com/media/catalog/product/7/1/71e0r9acial._sl1500__1__1.jpg, https://oticamart.com/media/catalog/product/o/h/ohpl-nasal-cannula-25-ft-adult-pack-of-4_1_4.jpg	new	no		14 Feet			adult		https://oticamart.com/media/catalog/product/7/1/7134_oyx55l._sl1500_.jpg		OHPL Nasal Cannula Adult	yes	0
OHPL Nasal Cannula 14Ft Adult-Pack Of 4	Nasal Cannula Oxygen 14 Feet Soft Touch Tubing Universal Connector Adults (Pack Of 4)	Product Info The Nasal Cannula For Oxygen (Pack Of 4) Is Designed For Comfortable, Continuous Oxygen Therapy In Both Clinical And Home Care Settings. Made With Extra-Soft, Kink-Resistant Tubing, The 14-Foot Length Offers Flexibility And Freedom Of Movement While Ensuring Secure Oxygen Flow For Adult Patients. This Cannula Features A Universal Connector That Fits All Standard Oxygen Concentrators, Cylinders, And Wall Outlets. The Dual-Prong Nasal Design Ensures Efficient Oxygen Delivery With Minimal Discomfort, Even During Extended Wear. The Soft-Touch Material Reduces Skin Irritation Around The Ears And Face, Making It Ideal For Long-Term Use. Each Pack Includes One Individually Wrapped Nasal Cannulas, Ensuring Hygiene And Convenience. Key Features Pack Of 4 : Individually Sealed Nasal Cannulas For Hygiene And Convenience Length : 14 Feet – Allows Mobility While Receiving Oxygen Soft Touch Tubing : Skin-Friendly, Kink-Resistant Material For Patient Comfort Universal Connector : Compatible With All Standard Oxygen Concentrators And Cylinders Adult Size : Designed For Adult Nasal Passages And Facial Dimensions Comfortable Fit : Lightweight With Curved Nasal Prongs For Low-Pressure Oxygen Delivery Applications : Hospitals, Nursing Homes, Home Oxygen Therapy, Emergency Kits	in_stock	https://oticamart.com/au/nasal-cannula-oxygen-soft-touch-tubing-universal-connector-adults-ohpl.html?size=14+feet	15.53 AUD				OTICA	https://oticamart.com/media/catalog/product/8/1/81ul-zbh2zl._sl1500__7.jpg, https://oticamart.com/media/catalog/product/8/1/81bo7n-berl._sl1500__7.jpg, https://oticamart.com/media/catalog/product/8/1/81kx0uv2xnl._sl1500__7.jpg, https://oticamart.com/media/catalog/product/7/1/71e0r9acial._sl1500__1.jpg, https://oticamart.com/media/catalog/product/o/h/ohpl-nasal-cannula-25-ft-adult-pack-of-4_1_3.jpg	new	no		14 Feet			adult		https://oticamart.com/media/catalog/product/7/1/7164_hkfn5l._sl1500_.jpg		OHPL Nasal Cannula Adult	yes	0
OHPL Nasal Cannula 14Ft Adult-Pack Of 2	Nasal Cannula Oxygen 14 Feet Soft Touch Tubing Universal Connector Adults (Pack Of 2)	Product Info The Nasal Cannula For Oxygen (Pack Of 2) Is Designed For Comfortable, Continuous Oxygen Therapy In Both Clinical And Home Care Settings. Made With Extra-Soft, Kink-Resistant Tubing, The 14-Foot Length Offers Flexibility And Freedom Of Movement While Ensuring Secure Oxygen Flow For Adult Patients. This Cannula Features A Universal Connector That Fits All Standard Oxygen Concentrators, Cylinders, And Wall Outlets. The Dual-Prong Nasal Design Ensures Efficient Oxygen Delivery With Minimal Discomfort, Even During Extended Wear. The Soft-Touch Material Reduces Skin Irritation Around The Ears And Face, Making It Ideal For Long-Term Use. Each Pack Includes One Individually Wrapped Nasal Cannulas, Ensuring Hygiene And Convenience. Key Features Pack Of 2 : Individually Sealed Nasal Cannulas For Hygiene And Convenience Length : 14 Feet – Allows Mobility While Receiving Oxygen Soft Touch Tubing : Skin-Friendly, Kink-Resistant Material For Patient Comfort Universal Connector : Compatible With All Standard Oxygen Concentrators And Cylinders Adult Size : Designed For Adult Nasal Passages And Facial Dimensions Comfortable Fit : Lightweight With Curved Nasal Prongs For Low-Pressure Oxygen Delivery Applications : Hospitals, Nursing Homes, Home Oxygen Therapy, Emergency Kits	in_stock	https://oticamart.com/au/nasal-cannula-oxygen-soft-touch-tubing-universal-connector-adults-ohpl.html?size=14+feet	8.56 AUD				OTICA	https://oticamart.com/media/catalog/product/8/1/81kx0uv2xnl._sl1500__6.jpg, https://oticamart.com/media/catalog/product/8/1/81ul-zbh2zl._sl1500__6.jpg, https://oticamart.com/media/catalog/product/8/1/81bo7n-berl._sl1500__6.jpg, https://oticamart.com/media/catalog/product/7/1/71e0r9acial._sl1500__1_.jpg, https://oticamart.com/media/catalog/product/o/h/ohpl-nasal-cannula-25-ft-adult-pack-of-4_1_2.jpg	new	no		14 Feet			adult		https://oticamart.com/media/catalog/product/7/1/710dceshesl._sl1500_.jpg		OHPL Nasal Cannula Adult	yes	0
OHPL Nasal Cannula 14Ft Adult-Pack Of 1	Nasal Cannula Oxygen 14 Feet Soft Touch Tubing Universal Connector Adults (Pack Of 1)	Product Info The Nasal Cannula For Oxygen (Pack Of 1) Is Designed For Comfortable, Continuous Oxygen Therapy In Both Clinical And Home Care Settings. Made With Extra-Soft, Kink-Resistant Tubing, The 14-Foot Length Offers Flexibility And Freedom Of Movement While Ensuring Secure Oxygen Flow For Adult Patients. This Cannula Features A Universal Connector That Fits All Standard Oxygen Concentrators, Cylinders, And Wall Outlets. The Dual-Prong Nasal Design Ensures Efficient Oxygen Delivery With Minimal Discomfort, Even During Extended Wear. The Soft-Touch Material Reduces Skin Irritation Around The Ears And Face, Making It Ideal For Long-Term Use. Each Pack Includes One Individually Wrapped Nasal Cannulas, Ensuring Hygiene And Convenience. Key Features Pack Of 1 : Individually Sealed Nasal Cannulas For Hygiene And Convenience Length : 14 Feet – Allows Mobility While Receiving Oxygen Soft Touch Tubing : Skin-Friendly, Kink-Resistant Material For Patient Comfort Universal Connector : Compatible With All Standard Oxygen Concentrators And Cylinders Adult Size : Designed For Adult Nasal Passages And Facial Dimensions Comfortable Fit : Lightweight With Curved Nasal Prongs For Low-Pressure Oxygen Delivery Applications : Hospitals, Nursing Homes, Home Oxygen Therapy, Emergency Kits	in_stock	https://oticamart.com/au/nasal-cannula-oxygen-soft-touch-tubing-universal-connector-adults-ohpl.html?size=14+feet	5.94 AUD				OTICA	https://oticamart.com/media/catalog/product/8/1/81ul-zbh2zl._sl1500__4.jpg, https://oticamart.com/media/catalog/product/8/1/81kx0uv2xnl._sl1500__4.jpg, https://oticamart.com/media/catalog/product/8/1/81bo7n-berl._sl1500__4.jpg, https://oticamart.com/media/catalog/product/7/1/71e0r9acial._sl1500_.jpg, https://oticamart.com/media/catalog/product/o/h/ohpl-nasal-cannula-25-ft-adult-pack-of-4_1_1.jpg	new	no		14 Feet			adult		https://oticamart.com/media/catalog/product/7/1/712xg9ofbul._sl1500_.jpg		OHPL Nasal Cannula Adult	yes	0
OHPL Nasal Cannula 7Ft Adult-Pack Of 6	Nasal Cannula Oxygen 7 Feet Soft Touch Tubing Universal Connector Adults (Pack Of 6)	Product Info The Nasal Cannula For Oxygen (Pack Of 6) Is Designed For Comfortable, Continuous Oxygen Therapy In Both Clinical And Home Care Settings. Made With Extra-Soft, Kink-Resistant Tubing, The 7-Foot Length Offers Flexibility And Freedom Of Movement While Ensuring Secure Oxygen Flow For Adult Patients. This Cannula Features A Universal Connector That Fits All Standard Oxygen Concentrators, Cylinders, And Wall Outlets. The Dual-Prong Nasal Design Ensures Efficient Oxygen Delivery With Minimal Discomfort, Even During Extended Wear. The Soft-Touch Material Reduces Skin Irritation Around The Ears And Face, Making It Ideal For Long-Term Use. Each Pack Includes One Individually Wrapped Nasal Cannulas, Ensuring Hygiene And Convenience. Key Features Pack Of 6 : Individually Sealed Nasal Cannulas For Hygiene And Convenience Length : 7 Feet – Allows Mobility While Receiving Oxygen Soft Touch Tubing : Skin-Friendly, Kink-Resistant Material For Patient Comfort Universal Connector : Compatible With All Standard Oxygen Concentrators And Cylinders Adult Size : Designed For Adult Nasal Passages And Facial Dimensions Comfortable Fit : Lightweight With Curved Nasal Prongs For Low-Pressure Oxygen Delivery Applications : Hospitals, Nursing Homes, Home Oxygen Therapy, Emergency Kits	in_stock	https://oticamart.com/au/nasal-cannula-oxygen-soft-touch-tubing-universal-connector-adults-ohpl.html?size=7+feet	9.50 AUD				OTICA	https://oticamart.com/media/catalog/product/8/1/81ul-zbh2zl._sl1500__3.jpg, https://oticamart.com/media/catalog/product/8/1/81bo7n-berl._sl1500__3.jpg, https://oticamart.com/media/catalog/product/8/1/81kx0uv2xnl._sl1500__3.jpg, https://oticamart.com/media/catalog/product/o/h/ohpl-nasal-cannula-25-ft-adult-pack-of-4_6.jpg	new	no		7 Feet			adult		https://oticamart.com/media/catalog/product/7/1/71c8xdtp_4l._sl1500_.jpg		OHPL Nasal Cannula Adult	yes	0
OHPL Nasal Cannula 7Ft Adult-Pack Of 4	Nasal Cannula Oxygen 7 Feet Soft Touch Tubing Universal Connector Adults (Pack Of 4)	Product Info The Nasal Cannula For Oxygen (Pack Of 4) Is Designed For Comfortable, Continuous Oxygen Therapy In Both Clinical And Home Care Settings. Made With Extra-Soft, Kink-Resistant Tubing, The 7-Foot Length Offers Flexibility And Freedom Of Movement While Ensuring Secure Oxygen Flow For Adult Patients. This Cannula Features A Universal Connector That Fits All Standard Oxygen Concentrators, Cylinders, And Wall Outlets. The Dual-Prong Nasal Design Ensures Efficient Oxygen Delivery With Minimal Discomfort, Even During Extended Wear. The Soft-Touch Material Reduces Skin Irritation Around The Ears And Face, Making It Ideal For Long-Term Use. Each Pack Includes One Individually Wrapped Nasal Cannulas, Ensuring Hygiene And Convenience. Key Features Pack Of 4 : Individually Sealed Nasal Cannulas For Hygiene And Convenience Length : 7 Feet – Allows Mobility While Receiving Oxygen Soft Touch Tubing : Skin-Friendly, Kink-Resistant Material For Patient Comfort Universal Connector : Compatible With All Standard Oxygen Concentrators And Cylinders Adult Size : Designed For Adult Nasal Passages And Facial Dimensions Comfortable Fit : Lightweight With Curved Nasal Prongs For Low-Pressure Oxygen Delivery Applications : Hospitals, Nursing Homes, Home Oxygen Therapy, Emergency Kits	in_stock	https://oticamart.com/au/nasal-cannula-oxygen-soft-touch-tubing-universal-connector-adults-ohpl.html?size=7+feet	8.63 AUD				OTICA	https://oticamart.com/media/catalog/product/8/1/81ul-zbh2zl._sl1500__2.jpg, https://oticamart.com/media/catalog/product/8/1/81bo7n-berl._sl1500__2.jpg, https://oticamart.com/media/catalog/product/8/1/81kx0uv2xnl._sl1500__2.jpg, https://oticamart.com/media/catalog/product/o/h/ohpl-nasal-cannula-25-ft-adult-pack-of-4_5.jpg	new	no		7 Feet			adult		https://oticamart.com/media/catalog/product/7/1/71qxgxql0il._sl1500_.jpg		OHPL Nasal Cannula Adult	yes	0
OHPL Nasal Cannula 7Ft Adult-Pack Of 2	Nasal Cannula Oxygen 7 Feet Soft Touch Tubing Universal Connector Adults (Pack Of 2)	Product Info The Nasal Cannula For Oxygen (Pack Of 2) Is Designed For Comfortable, Continuous Oxygen Therapy In Both Clinical And Home Care Settings. Made With Extra-Soft, Kink-Resistant Tubing, The 7-Foot Length Offers Flexibility And Freedom Of Movement While Ensuring Secure Oxygen Flow For Adult Patients. This Cannula Features A Universal Connector That Fits All Standard Oxygen Concentrators, Cylinders, And Wall Outlets. The Dual-Prong Nasal Design Ensures Efficient Oxygen Delivery With Minimal Discomfort, Even During Extended Wear. The Soft-Touch Material Reduces Skin Irritation Around The Ears And Face, Making It Ideal For Long-Term Use. Each Pack Includes One Individually Wrapped Nasal Cannulas, Ensuring Hygiene And Convenience. Key Features Pack Of 2 : Individually Sealed Nasal Cannulas For Hygiene And Convenience Length : 7 Feet – Allows Mobility While Receiving Oxygen Soft Touch Tubing : Skin-Friendly, Kink-Resistant Material For Patient Comfort Universal Connector : Compatible With All Standard Oxygen Concentrators And Cylinders Adult Size : Designed For Adult Nasal Passages And Facial Dimensions Comfortable Fit : Lightweight With Curved Nasal Prongs For Low-Pressure Oxygen Delivery Applications : Hospitals, Nursing Homes, Home Oxygen Therapy, Emergency Kits	in_stock	https://oticamart.com/au/nasal-cannula-oxygen-soft-touch-tubing-universal-connector-adults-ohpl.html?size=7+feet	3.67 AUD				OTICA	https://oticamart.com/media/catalog/product/8/1/81bo7n-berl._sl1500__1.jpg, https://oticamart.com/media/catalog/product/8/1/81ul-zbh2zl._sl1500__1.jpg, https://oticamart.com/media/catalog/product/8/1/81kx0uv2xnl._sl1500__1.jpg, https://oticamart.com/media/catalog/product/o/h/ohpl-nasal-cannula-25-ft-adult-pack-of-4_4.jpg	new	no		7 Feet			adult		https://oticamart.com/media/catalog/product/7/1/71a7giulx3l._sl1500_.jpg		OHPL Nasal Cannula Adult	yes	0
OHPL Nasal Cannula 7Ft Adult-Pack Of 1	Nasal Cannula Oxygen 7 Feet Soft Touch Tubing Universal Connector Adults (Pack Of 1)	Product Info The Nasal Cannula For Oxygen (Pack Of 1) Is Designed For Comfortable, Continuous Oxygen Therapy In Both Clinical And Home Care Settings. Made With Extra-Soft, Kink-Resistant Tubing, The 7-Foot Length Offers Flexibility And Freedom Of Movement While Ensuring Secure Oxygen Flow For Adult Patients. This Cannula Features A Universal Connector That Fits All Standard Oxygen Concentrators, Cylinders, And Wall Outlets. The Dual-Prong Nasal Design Ensures Efficient Oxygen Delivery With Minimal Discomfort, Even During Extended Wear. The Soft-Touch Material Reduces Skin Irritation Around The Ears And Face, Making It Ideal For Long-Term Use. Each Pack Includes One Individually Wrapped Nasal Cannulas, Ensuring Hygiene And Convenience. Key Features Pack Of 1 : Individually Sealed Nasal Cannulas For Hygiene And Convenience Length : 7 Feet – Allows Mobility While Receiving Oxygen Soft Touch Tubing : Skin-Friendly, Kink-Resistant Material For Patient Comfort Universal Connector : Compatible With All Standard Oxygen Concentrators And Cylinders Adult Size : Designed For Adult Nasal Passages And Facial Dimensions Comfortable Fit : Lightweight With Curved Nasal Prongs For Low-Pressure Oxygen Delivery Applications : Hospitals, Nursing Homes, Home Oxygen Therapy, Emergency Kits	in_stock	https://oticamart.com/au/nasal-cannula-oxygen-soft-touch-tubing-universal-connector-adults-ohpl.html?size=7+feet	2.75 AUD				OTICA	https://oticamart.com/media/catalog/product/8/1/81bo7n-berl._sl1500_.jpg, https://oticamart.com/media/catalog/product/8/1/81kx0uv2xnl._sl1500_.jpg, https://oticamart.com/media/catalog/product/8/1/81ul-zbh2zl._sl1500_.jpg, https://oticamart.com/media/catalog/product/o/h/ohpl-nasal-cannula-25-ft-adult-pack-of-4_3.jpg	new	no		7 Feet			adult		https://oticamart.com/media/catalog/product/7/1/71rov8mus_l._sl1500_.jpg		OHPL Nasal Cannula Adult	yes	0
Skin Marker-( Pack Of 3) OHPL	Skin Marker Ruler Surgical Stencil Pen & Tattoo Measuring Tool Set (Pack Of 3)	Product Info The Skin Marker With Ruler Set Is A Professional-Grade Tool Kit Designed For Accurate And Sterile Skin Marking Before Surgical Procedures, Cosmetic Treatments, Or Tattoo Applications. Each Marker Pen Is Equipped With Fine-Point, Non-Toxic Ink That Marks Clearly Without Smudging Or Fading During Prepping Or Cleaning. This Set Includes A Flexible Measuring Ruler For Precise Line And Angle Guidance, Helping Medical Professionals And Artists Maintain Symmetry And Accuracy. Ideal For Surgeons, Dermatologists, Tattoo Artists, And Cosmetic Professionals. Each Pack Includes 3 Skin Marker Pens With Sterile Caps And Disposable Measuring Rulers, Making It A Hygienic And Essential Part Of Any Clinical Or Artistic Toolset. Key Features Pack Of 3 : Includes 3 Surgical Skin Marker Pens + 3 Measuring Rulers Sterile &amp; Safe : Individually Sealed For Hygienic Medical Use Non-Toxic Ink : Safe For Skin Contact, Easy To See, Doesn’T Smear Precise Tip : Fine Tip For Detailed, Controlled Marking Ruler Included : Flexible Ruler Aids In Exact Spacing And Measurements Multi-Purpose Use : Surgical Prep, Cosmetic Procedures, Tattoo Design, Dermatology Disposable After Use : Maintains Hygiene And Reduces Cross-Contamination Risk	in_stock	https://oticamart.com/au/skin-marker-ruler-surgical-stencil-pen-tattoo-measuring-tool.html	3.67 AUD				OTICA	https://oticamart.com/media/catalog/product/6/1/61hg549msgl._sl1500__1_1_.jpg, https://oticamart.com/media/catalog/product/6/1/61iqztivgjl._sl1500__1_.jpg, https://oticamart.com/media/catalog/product/6/1/61o3bxg2u-l._sl1500__1_.jpg, https://oticamart.com/media/catalog/product/6/1/61g7m9dekol._sl1500__1_1_.jpg, https://oticamart.com/media/catalog/product/6/1/61nngwdkicl._sl1500__1_.jpg, https://oticamart.com/media/catalog/product/6/1/61yarrajewl._sl1500__1_1_.jpg, https://oticamart.com/media/catalog/product/4/1/41kdudlxbpl._sl1000__1_.jpg	new	no					adult		https://oticamart.com/media/catalog/product/s/k/skin-marker-pack-of-3-ohpl.jpg		Skin Marker-( Pack Of 3) OHPL	yes	0
Otica Nebulizer Mask Set	Nebulizer Mask Set Kid & Adults Flow Adjutsable	Product Info The Nebulizer Mask Set for Kids &amp; Adults is a complete, easy-to-use solution for delivering aerosol medication to patients of all ages. Designed for both home and hospital use, this set includes 2 soft, medical-grade masks (1 pediatric, 1 adult), oxygen tubing, and a medication chamber for efficient drug delivery. The flow-adjustable design allows users or caregivers to control the rate of mist output, ensuring comfort and proper dosage for every age group. The masks are made of non-toxic, latex-free materials, featuring an ergonomic shape that fits comfortably on the face and minimizes medication loss. Compatible with most standard nebulizer machines, this set is essential for managing asthma, bronchitis, COPD, and other respiratory conditions. Key Features Dual Mask Set : Includes 1 adult mask &amp; 1 pediatric mask Flow Adjustable : Easily control medication flow rate based on user need Universal Compatibility : Works with most tabletop and portable nebulizers Complete Set : Includes oxygen tubing and medication cup/chamber Soft, Comfortable Fit : Medical-grade PVC, latex-free and skin-safe Reusable (Non-Autoclavable) : Easy to clean and maintain Ideal For : Home therapy, hospitals, clinics, and respiratory centers	in_stock	https://oticamart.com/au/nebulizer-mask-set-kid-adults-flow-adjutsable.html	3.67 AUD				OTICA	https://oticamart.com/media/catalog/product/8/1/81ufk0u8jzl._sl1500_.jpg, https://oticamart.com/media/catalog/product/7/1/71oiavjcvll._sl1500_.jpg, https://oticamart.com/media/catalog/product/7/1/71yijfwgxgl._sl1500_.jpg, https://oticamart.com/media/catalog/product/7/1/715kndpqfml._sl1500_.jpg, https://oticamart.com/media/catalog/product/h/q/hqdefault_5_5.jpg	new	no					adult		https://oticamart.com/media/catalog/product/6/1/61fxu5eghul._sl1500_.jpg		Otica Nebulizer Mask Set	yes	100
Non-Rechargeable LED 25282-CL Set OHPL	Welch Allyn 3.5V Diagnostic LED Otoscope Fiber Optic Professional Full Set Non Rechargeable	Product Info The Welch Allyn 3.5V Diagnostic LED Otoscope (Non-Rechargeable Set) is a premium-grade medical diagnostic tool designed for clear, precise ear examinations. Powered by advanced 3.5V LED illumination, this otoscope provides consistent, bright, and white light through its fiber optic system, which ensures unobstructed viewing with no shadows or reflections. Built for clinical precision and durability, the otoscope features a high-quality optical lens with a wide-angle viewing window, allowing enhanced visualization of the tympanic membrane and external auditory canal. The non-rechargeable AA battery handle offers convenience, portability, and long-term usability—perfect for clinics, hospitals, or field work. Each unit is part of a complete professional set, including a hard storage case, interchangeable specula, and a user-friendly handle, making it suitable for ENT specialists, general physicians, pediatricians, and healthcare learners. Key Features Illumination : Bright, long-life 3.5V LED for clear, white light Fiber Optic Technology : Delivers light directly to the examination site without obstruction Non-Rechargeable Handle : Uses standard AA batteries (battery not included) Professional Grade Lens : Wide-view, scratch-resistant optical glass for accurate diagnostics Durable Build : Designed for long-lasting clinical use Portable &amp; Lightweight : Ideal for clinics, home visits, and on-the-go examinations Full Set : Includes otoscope head, non-rechargeable handle, reusable specula &amp; hard case	in_stock	https://oticamart.com/au/welch-allyn-3-5v-diagnostic-led-otoscope-fiber-optic-professional-full.html	516.33 AUD				Welch Allyn		new	no					adult		https://oticamart.com/media/catalog/product/n/o/noo-rechargeable-led-25282-cl-set.jpg		Non-Rechargeable LED 25282-CL Set OHPL	yes	0
Rechargeable LED 25282-CL Set OHPL	Welch Allyn 3.5V Professional LED Otoscope Fiber Optic Diagnostic Set Rechargeable Handle	Product Info The Welch Allyn 3.5V Diagnostic Otoscope (Model 25282-CL) is a premium, fiber optic otoscope designed for high-clarity visualization of the ear canal and tympanic membrane. It features advanced LED illumination that delivers consistent, bright, white light for accurate diagnosis without bulb replacement. Built for professional use, this full diagnostic set includes a rechargeable 3.5V power handle, interchangeable specula, and a protective hard case for portability and hygiene. The fiber optic light transmission eliminates shadows, while the wide viewing lens provides a large, clear field of view. Ideal for ENT specialists, general practitioners, pediatricians, and medical students, the 25282-CL is known for its reliability, precision, and long-term performance. Key Features 3.5V LED Illumination : Bright, white, long-lasting light with no bulb replacement Fiber Optic Technology : Delivers clear, shadow-free illumination to the exam site Rechargeable Handle : Includes high-capacity battery and universal charger Wide-Angle Viewing Lens : Allows for simultaneous magnification and instrumentation Durable Construction : Designed for daily clinical use Hard Protective Case : Secure, hygienic storage for mobility Ideal For : ENT clinics, hospitals, GPs, students, and diagnostic centers	in_stock	https://oticamart.com/au/welch-allyn-3-5v-professional-led-otoscope-fiber-optic-diagnostic-set.html	645.42 AUD				Welch Allyn		new	no					adult		https://oticamart.com/media/catalog/product/r/e/rechargeable-led-25282-cl-set-ohpl.jpg		Rechargeable LED 25282-CL Set OHPL	yes	0
New Buckle Tourniquet Band - 2 Unit	Medical Tourniquet Band Blood Collection Adjustable Quick Release Buckle - Pack of 2	Product Info The New Buckle Tourniquet Band (2 Units) Is A Professional-Grade Medical Tool Designed For Quick And Effective Restriction Of Blood Flow During Venipuncture, Iv Insertion, And First Aid Situations. Featuring A Buckle-Style Quick-Release Mechanism, It Allows Single-Handed Operation, Making It Ideal For Busy Clinics, Hospitals, Laboratories, Or Mobile Medical Teams. Each Band Is Made From Latex-Free, Skin-Safe Elastic Material That’S Gentle On The Skin But Firm Enough To Maintain Compression. The Reusable Design Makes It An Economical And Eco-Friendly Option For Healthcare Providers. Perfect For Phlebotomists, Nurses, Emts, And Even Home Caregivers, This Pack Of 6 Units Ensures You'Re Always Equipped For Routine Or Emergency Use. Key Features Pack Of 2 Units : Cost-Effective Multipack For Professionals And Facilities Quick-Release Buckle : Allows For Fast, One-Hand Application And Removal Durable &amp; Reusable : Made From High-Quality, Elastic Fabric Latex-Free Material : Safe For Patients With Allergies Or Sensitive Skin Comfortable Fit : Stretchable Band Provides Effective Pressure Without Pinching	in_stock	https://oticamart.com/au/medical-tourniquet-band-blood-collection-adjustable-quick-release-buckle-emergency.html?color=blue	3.67 AUD				OTICA	https://oticamart.com/media/catalog/product/8/1/81vlcsqzull._sl1500__1.jpg, https://oticamart.com/media/catalog/product/8/1/8176mpl67gl._sl1500__1.jpg, https://oticamart.com/media/catalog/product/8/1/81h3ilzi-1l._sl1500__1.jpg, https://oticamart.com/media/catalog/product/8/1/81kw6rlpb4l._sl1500__1.jpg, https://oticamart.com/media/catalog/product/h/q/hqdefault_4.jpg	new	no				blue	adult		https://oticamart.com/media/catalog/product/t/o/tourniquet-band-2-unit.jpg		New Buckle Tourniquet Band - 2 Unit	yes	0
Mouth Gag OHPL	Mouth Gag Stainless Steel Dental & Surgical Instrument Oral Procedures	Product Info The Mouth Gag Is A Professional-Grade Medical Instrument Used To Gently And Securely Keep The Mouth Open During Dental Exams, Oral Surgeries, Ent Procedures, Or Anesthesia Administration. It Is Widely Used In Hospitals, Clinics, And Surgical Settings To Ensure Accessibility And Safety During Treatment. Crafted From High-Quality Stainless Steel, This Reusable Mouth Gag Is Corrosion-Resistant, Autoclavable, And Designed To Last Through Repeated Sterilizations. The Adjustable Arms And Locking Mechanism Provide A Secure Yet Customizable Fit For Different Patient Sizes And Needs. Ideal For Use By Dentists, Oral Surgeons, Ent Specialists, And Anesthesiologists, This Mouth Gag Enhances Procedural Efficiency While Maintaining Patient Comfort And Control. Key Features Medical-Grade Stainless Steel : Rust-Proof And Reusable Adjustable Design : Fits Various Mouth Sizes Securely Locking Mechanism : Ensures Safe And Stable Positioning Autoclavable : Easy To Clean And Sterilize Between Uses Ideal For: Dental Surgery, Ent Procedures, Oral Examinations, And General Anesthesia	in_stock	https://oticamart.com/au/mouth-gag-stainless-steel-dental-surgical-instrument-oral-procedures.html	7.36 AUD				OTICA	https://oticamart.com/media/catalog/product/7/1/71ukezb7tbl._sl1500_.jpg, https://oticamart.com/media/catalog/product/8/1/81jitahwc1l._sl1500_.jpg, https://oticamart.com/media/catalog/product/7/1/71jye1lzwtl._sl1500_.jpg, https://oticamart.com/media/catalog/product/7/1/71tkmznmbol._sl1500_.jpg	new	no					adult		https://oticamart.com/media/catalog/product/m/o/mouth-gag.jpg		Mouth Gag OHPL	yes	0
