entity_type,entity_id,request_path,new_request_path,target_path,redirect_type,store_id,description,is_autogenerated,metadata
custom,,product-tag/ecg-electrodes-wire/,,medical-device/product/ecg-machine.html,301,7,,,
custom,,product-tag/ecg-machine-12-channel/,,medical-device/product/ecg-machine.html,301,1,,,
custom,,product-tag/ecg-machine-12-channel/,,medical-device/product/ecg-machine.html,301,2,,,
custom,,product-tag/ecg-machine-12-channel/,,medical-device/product/ecg-machine.html,301,3,,,
custom,,product-tag/ecg-machine-12-channel/,,medical-device/product/ecg-machine.html,301,4,,,
custom,,product-tag/ecg-machine-12-channel/,,medical-device/product/ecg-machine.html,301,5,,,
custom,,product-tag/ecg-machine-12-channel/,,medical-device/product/ecg-machine.html,301,6,,,
custom,,product-tag/ecg-machine-12-channel/,,medical-device/product/ecg-machine.html,301,7,,,
custom,,product-tag/ecg-machine-12-channel/feed/,,medical-device/product/ecg-machine.html,301,1,,,
custom,,product-tag/ecg-machine-12-channel/feed/,,medical-device/product/ecg-machine.html,301,2,,,
custom,,product-tag/ecg-machine-12-channel/feed/,,medical-device/product/ecg-machine.html,301,3,,,
custom,,product-tag/ecg-machine-12-channel/feed/,,medical-device/product/ecg-machine.html,301,4,,,
custom,,product-tag/ecg-machine-12-channel/feed/,,medical-device/product/ecg-machine.html,301,5,,,
custom,,product-tag/ecg-machine-12-channel/feed/,,medical-device/product/ecg-machine.html,301,6,,,
custom,,product-tag/ecg-machine-12-channel/feed/,,medical-device/product/ecg-machine.html,301,7,,,
custom,,product-tag/ecg-machine-12-channel-bpl/,,medical-device/product/ecg-machine.html,301,1,,,
custom,,product-tag/ecg-machine-12-channel-bpl/,,medical-device/product/ecg-machine.html,301,2,,,
custom,,product-tag/ecg-machine-12-channel-bpl/,,medical-device/product/ecg-machine.html,301,3,,,
custom,,product-tag/ecg-machine-12-channel-bpl/,,medical-device/product/ecg-machine.html,301,4,,,
custom,,product-tag/ecg-machine-12-channel-bpl/,,medical-device/product/ecg-machine.html,301,5,,,
custom,,product-tag/ecg-machine-12-channel-bpl/,,medical-device/product/ecg-machine.html,301,6,,,
custom,,product-tag/ecg-machine-12-channel-bpl/,,medical-device/product/ecg-machine.html,301,7,,,
custom,,product-tag/ecg-machine-3-channel-nidek/,,medical-device/product/ecg-machine.html,301,1,,,
custom,,product-tag/ecg-machine-3-channel-nidek/,,medical-device/product/ecg-machine.html,301,2,,,
custom,,product-tag/ecg-machine-3-channel-nidek/,,medical-device/product/ecg-machine.html,301,3,,,
custom,,product-tag/ecg-machine-3-channel-nidek/,,medical-device/product/ecg-machine.html,301,4,,,
custom,,product-tag/ecg-machine-3-channel-nidek/,,medical-device/product/ecg-machine.html,301,5,,,
custom,,product-tag/ecg-machine-3-channel-nidek/,,medical-device/product/ecg-machine.html,301,6,,,
custom,,product-tag/ecg-machine-3-channel-nidek/,,medical-device/product/ecg-machine.html,301,7,,,
custom,,product-tag/ecg-machine-3-channel-paper/,,medical-device/product/ecg-machine.html,301,1,,,
custom,,product-tag/ecg-machine-3-channel-paper/,,medical-device/product/ecg-machine.html,301,2,,,
custom,,product-tag/ecg-machine-3-channel-paper/,,medical-device/product/ecg-machine.html,301,3,,,
custom,,product-tag/ecg-machine-3-channel-paper/,,medical-device/product/ecg-machine.html,301,4,,,
custom,,product-tag/ecg-machine-3-channel-paper/,,medical-device/product/ecg-machine.html,301,5,,,
custom,,product-tag/ecg-machine-3-channel-paper/,,medical-device/product/ecg-machine.html,301,6,,,
custom,,product-tag/ecg-machine-3-channel-paper/,,medical-device/product/ecg-machine.html,301,7,,,
custom,,product-tag/ecg-machine-bag/,,medical-device/product/ecg-machine.html,301,1,,,
custom,,product-tag/ecg-machine-bag/,,medical-device/product/ecg-machine.html,301,2,,,
custom,,product-tag/ecg-machine-bag/,,medical-device/product/ecg-machine.html,301,3,,,
custom,,product-tag/ecg-machine-bag/,,medical-device/product/ecg-machine.html,301,4,,,
custom,,product-tag/ecg-machine-bag/,,medical-device/product/ecg-machine.html,301,5,,,
custom,,product-tag/ecg-machine-bag/,,medical-device/product/ecg-machine.html,301,6,,,
custom,,product-tag/ecg-machine-bag/,,medical-device/product/ecg-machine.html,301,7,,,
custom,,product-tag/ecg-machine-bpl/,,medical-device/product/ecg-machine.html,301,1,,,
custom,,product-tag/ecg-machine-bpl/,,medical-device/product/ecg-machine.html,301,2,,,
custom,,product-tag/ecg-machine-bpl/,,medical-device/product/ecg-machine.html,301,3,,,
custom,,product-tag/ecg-machine-bpl/,,medical-device/product/ecg-machine.html,301,4,,,
custom,,product-tag/ecg-machine-bpl/,,medical-device/product/ecg-machine.html,301,5,,,
custom,,product-tag/ecg-machine-bpl/,,medical-device/product/ecg-machine.html,301,6,,,
custom,,product-tag/ecg-machine-bpl/,,medical-device/product/ecg-machine.html,301,7,,,
custom,,product-tag/ecg-machine-bpl-12-channel-9108/,,medical-device/product/ecg-machine.html,301,1,,,
custom,,product-tag/ecg-machine-bpl-12-channel-9108/,,medical-device/product/ecg-machine.html,301,2,,,
custom,,product-tag/ecg-machine-bpl-12-channel-9108/,,medical-device/product/ecg-machine.html,301,3,,,
custom,,product-tag/ecg-machine-bpl-12-channel-9108/,,medical-device/product/ecg-machine.html,301,4,,,
custom,,product-tag/ecg-machine-bpl-12-channel-9108/,,medical-device/product/ecg-machine.html,301,5,,,
custom,,product-tag/ecg-machine-bpl-12-channel-9108/,,medical-device/product/ecg-machine.html,301,6,,,
custom,,product-tag/ecg-machine-bpl-12-channel-9108/,,medical-device/product/ecg-machine.html,301,7,,,
custom,,product-tag/ecg-machine-dr-trust/,,medical-device/product/ecg-machine.html,301,1,,,
custom,,product-tag/ecg-machine-dr-trust/,,medical-device/product/ecg-machine.html,301,2,,,
custom,,product-tag/ecg-machine-dr-trust/,,medical-device/product/ecg-machine.html,301,3,,,
custom,,product-tag/ecg-machine-dr-trust/,,medical-device/product/ecg-machine.html,301,4,,,
custom,,product-tag/ecg-machine-dr-trust/,,medical-device/product/ecg-machine.html,301,5,,,
custom,,product-tag/ecg-machine-dr-trust/,,medical-device/product/ecg-machine.html,301,6,,,
custom,,product-tag/ecg-machine-dr-trust/,,medical-device/product/ecg-machine.html,301,7,,,
custom,,product-tag/ecg-machine-portable-low-price-bpl/,,medical-device/product/ecg-machine.html,301,1,,,
custom,,product-tag/ecg-machine-portable-low-price-bpl/,,medical-device/product/ecg-machine.html,301,2,,,
custom,,product-tag/ecg-machine-portable-low-price-bpl/,,medical-device/product/ecg-machine.html,301,3,,,
custom,,product-tag/ecg-machine-portable-low-price-bpl/,,medical-device/product/ecg-machine.html,301,4,,,
custom,,product-tag/ecg-machine-portable-low-price-bpl/,,medical-device/product/ecg-machine.html,301,5,,,
custom,,product-tag/ecg-machine-portable-low-price-bpl/,,medical-device/product/ecg-machine.html,301,6,,,
custom,,product-tag/ecg-machine-portable-low-price-bpl/,,medical-device/product/ecg-machine.html,301,7,,,
custom,,product-tag/ecg-machine-rms/,,medical-device/product/ecg-machine.html,301,1,,,
custom,,product-tag/ecg-machine-rms/,,medical-device/product/ecg-machine.html,301,2,,,
custom,,product-tag/ecg-machine-rms/,,medical-device/product/ecg-machine.html,301,3,,,
custom,,product-tag/ecg-machine-rms/,,medical-device/product/ecg-machine.html,301,4,,,
custom,,product-tag/ecg-machine-rms/,,medical-device/product/ecg-machine.html,301,5,,,
custom,,product-tag/ecg-machine-rms/,,medical-device/product/ecg-machine.html,301,6,,,
custom,,product-tag/ecg-machine-rms/,,medical-device/product/ecg-machine.html,301,7,,,
custom,,product-tag/ecg-machine-wire/,,medical-device/product/ecg-machine.html,301,1,,,
custom,,product-tag/ecg-machine-wire/,,medical-device/product/ecg-machine.html,301,2,,,
custom,,product-tag/ecg-machine-wire/,,medical-device/product/ecg-machine.html,301,3,,,
custom,,product-tag/ecg-machine-wire/,,medical-device/product/ecg-machine.html,301,4,,,
custom,,product-tag/ecg-machine-wire/,,medical-device/product/ecg-machine.html,301,5,,,
custom,,product-tag/ecg-machine-wire/,,medical-device/product/ecg-machine.html,301,6,,,
custom,,product-tag/ecg-machine-wire/,,medical-device/product/ecg-machine.html,301,7,,,
custom,,product-tag/ecg-machine-with-reading/,,medical-device/product/ecg-machine.html,301,1,,,
custom,,product-tag/ecg-machine-with-reading/,,medical-device/product/ecg-machine.html,301,2,,,
custom,,product-tag/ecg-machine-with-reading/,,medical-device/product/ecg-machine.html,301,3,,,
custom,,product-tag/ecg-machine-with-reading/,,medical-device/product/ecg-machine.html,301,4,,,
custom,,product-tag/ecg-machine-with-reading/,,medical-device/product/ecg-machine.html,301,5,,,
custom,,product-tag/ecg-machine-with-reading/,,medical-device/product/ecg-machine.html,301,6,,,
custom,,product-tag/ecg-machine-with-reading/,,medical-device/product/ecg-machine.html,301,7,,,
custom,,product-tag/ecg-paper-a4-size/,,medical-device/product/ecg-machine.html,301,1,,,
custom,,product-tag/ecg-paper-a4-size/,,medical-device/product/ecg-machine.html,301,2,,,
custom,,product-tag/ecg-paper-a4-size/,,medical-device/product/ecg-machine.html,301,3,,,
custom,,product-tag/ecg-paper-a4-size/,,medical-device/product/ecg-machine.html,301,4,,,
custom,,product-tag/ecg-paper-a4-size/,,medical-device/product/ecg-machine.html,301,5,,,
custom,,product-tag/ecg-paper-a4-size/,,medical-device/product/ecg-machine.html,301,6,,,
custom,,product-tag/ecg-paper-a4-size/,,medical-device/product/ecg-machine.html,301,7,,,
custom,,product-tag/ecg-paper-bpl-9108-d/,,medical-device/product/ecg-machine.html,301,1,,,
custom,,product-tag/ecg-paper-bpl-9108-d/,,medical-device/product/ecg-machine.html,301,2,,,
custom,,product-tag/ecg-paper-bpl-9108-d/,,medical-device/product/ecg-machine.html,301,3,,,
custom,,product-tag/ecg-paper-bpl-9108-d/,,medical-device/product/ecg-machine.html,301,4,,,
custom,,product-tag/ecg-paper-bpl-9108-d/,,medical-device/product/ecg-machine.html,301,5,,,
custom,,product-tag/ecg-paper-bpl-9108-d/,,medical-device/product/ecg-machine.html,301,6,,,
custom,,product-tag/ecg-paper-bpl-9108-d/,,medical-device/product/ecg-machine.html,301,7,,,
custom,,product-tag/ecg-paper-mac-600/,,medical-device/product/ecg-machine.html,301,1,,,
custom,,product-tag/ecg-paper-mac-600/,,medical-device/product/ecg-machine.html,301,2,,,
custom,,product-tag/ecg-paper-mac-600/,,medical-device/product/ecg-machine.html,301,3,,,
custom,,product-tag/ecg-paper-mac-600/,,medical-device/product/ecg-machine.html,301,4,,,
custom,,product-tag/ecg-paper-mac-600/,,medical-device/product/ecg-machine.html,301,5,,,
custom,,product-tag/ecg-paper-mac-600/,,medical-device/product/ecg-machine.html,301,6,,,
custom,,product-tag/ecg-paper-mac-600/,,medical-device/product/ecg-machine.html,301,7,,,
custom,,product-tag/ecg-paper-roll-bpl-6108t/,,medical-device/product/ecg-machine.html,301,1,,,
custom,,product-tag/ecg-paper-roll-bpl-6108t/,,medical-device/product/ecg-machine.html,301,2,,,
custom,,product-tag/ecg-paper-roll-bpl-6108t/,,medical-device/product/ecg-machine.html,301,3,,,
custom,,product-tag/ecg-paper-roll-bpl-6108t/,,medical-device/product/ecg-machine.html,301,4,,,
custom,,product-tag/ecg-paper-roll-bpl-6108t/,,medical-device/product/ecg-machine.html,301,5,,,
custom,,product-tag/ecg-paper-roll-bpl-6108t/,,medical-device/product/ecg-machine.html,301,6,,,
custom,,product-tag/ecg-paper-roll-bpl-6108t/,,medical-device/product/ecg-machine.html,301,7,,,
custom,,product-tag/elko-stethoscope-for-doctors/,,professional-diagnostic-equipment/product/stethoscope.html,301,1,,,
custom,,product-tag/elko-stethoscope-for-doctors/,,professional-diagnostic-equipment/product/stethoscope.html,301,2,,,
custom,,product-tag/elko-stethoscope-for-doctors/,,professional-diagnostic-equipment/product/stethoscope.html,301,3,,,
custom,,product-tag/elko-stethoscope-for-doctors/,,professional-diagnostic-equipment/product/stethoscope.html,301,4,,,
custom,,product-tag/elko-stethoscope-for-doctors/,,professional-diagnostic-equipment/product/stethoscope.html,301,5,,,
custom,,product-tag/elko-stethoscope-for-doctors/,,professional-diagnostic-equipment/product/stethoscope.html,301,6,,,
custom,,product-tag/elko-stethoscope-for-doctors/,,professional-diagnostic-equipment/product/stethoscope.html,301,7,,,
custom,,product-tag/eneroid-bp-apparatus/,,all-products.html,301,1,,,
custom,,product-tag/eneroid-bp-apparatus/,,all-products.html,301,2,,,
custom,,product-tag/eneroid-bp-apparatus/,,all-products.html,301,3,,,
custom,,product-tag/eneroid-bp-apparatus/,,all-products.html,301,4,,,
custom,,product-tag/eneroid-bp-apparatus/,,all-products.html,301,5,,,
custom,,product-tag/eneroid-bp-apparatus/,,all-products.html,301,6,,,
custom,,product-tag/eneroid-bp-apparatus/,,all-products.html,301,7,,,
custom,,product-tag/everflo-oxygen-concentrator-5lpm/,,home-healthcare-devices/oxygen-concentrator.html,301,1,,,
custom,,product-tag/everflo-oxygen-concentrator-5lpm/,,home-healthcare-devices/oxygen-concentrator.html,301,2,,,
custom,,product-tag/everflo-oxygen-concentrator-5lpm/,,home-healthcare-devices/oxygen-concentrator.html,301,3,,,
custom,,product-tag/everflo-oxygen-concentrator-5lpm/,,home-healthcare-devices/oxygen-concentrator.html,301,4,,,
custom,,product-tag/everflo-oxygen-concentrator-5lpm/,,home-healthcare-devices/oxygen-concentrator.html,301,5,,,
custom,,product-tag/everflo-oxygen-concentrator-5lpm/,,home-healthcare-devices/oxygen-concentrator.html,301,6,,,
custom,,product-tag/everflo-oxygen-concentrator-5lpm/,,home-healthcare-devices/oxygen-concentrator.html,301,7,,,
custom,,product-tag/everflo-oxygen-concentrator-filter/,,home-healthcare-devices/oxygen-concentrator.html,301,1,,,
custom,,product-tag/everflo-oxygen-concentrator-filter/,,home-healthcare-devices/oxygen-concentrator.html,301,2,,,
custom,,product-tag/everflo-oxygen-concentrator-filter/,,home-healthcare-devices/oxygen-concentrator.html,301,3,,,
custom,,product-tag/everflo-oxygen-concentrator-filter/,,home-healthcare-devices/oxygen-concentrator.html,301,4,,,
custom,,product-tag/everflo-oxygen-concentrator-filter/,,home-healthcare-devices/oxygen-concentrator.html,301,5,,,
custom,,product-tag/everflo-oxygen-concentrator-filter/,,home-healthcare-devices/oxygen-concentrator.html,301,6,,,
custom,,product-tag/everflo-oxygen-concentrator-filter/,,home-healthcare-devices/oxygen-concentrator.html,301,7,,,
custom,,product-tag/everflo-oxygen-concentrator-of-philips/,,home-healthcare-devices/oxygen-concentrator.html,301,1,,,
custom,,product-tag/everflo-oxygen-concentrator-of-philips/,,home-healthcare-devices/oxygen-concentrator.html,301,2,,,
custom,,product-tag/everflo-oxygen-concentrator-of-philips/,,home-healthcare-devices/oxygen-concentrator.html,301,3,,,
custom,,product-tag/everflo-oxygen-concentrator-of-philips/,,home-healthcare-devices/oxygen-concentrator.html,301,4,,,
custom,,product-tag/everflo-oxygen-concentrator-of-philips/,,home-healthcare-devices/oxygen-concentrator.html,301,5,,,
custom,,product-tag/everflo-oxygen-concentrator-of-philips/,,home-healthcare-devices/oxygen-concentrator.html,301,6,,,
custom,,product-tag/everflo-oxygen-concentrator-of-philips/,,home-healthcare-devices/oxygen-concentrator.html,301,7,,,
custom,,product-tag/fetal-doppler-baby-heart-monitor/,,home-healthcare-devices/mother-and-child-care/fetal-doppler.html,301,1,,,
custom,,product-tag/fetal-doppler-baby-heart-monitor/,,home-healthcare-devices/mother-and-child-care/fetal-doppler.html,301,2,,,
custom,,product-tag/fetal-doppler-baby-heart-monitor/,,home-healthcare-devices/mother-and-child-care/fetal-doppler.html,301,3,,,
custom,,product-tag/fetal-doppler-baby-heart-monitor/,,home-healthcare-devices/mother-and-child-care/fetal-doppler.html,301,4,,,
custom,,product-tag/fetal-doppler-baby-heart-monitor/,,home-healthcare-devices/mother-and-child-care/fetal-doppler.html,301,5,,,
custom,,product-tag/fetal-doppler-baby-heart-monitor/,,home-healthcare-devices/mother-and-child-care/fetal-doppler.html,301,6,,,
custom,,product-tag/fetal-doppler-baby-heart-monitor/,,home-healthcare-devices/mother-and-child-care/fetal-doppler.html,301,7,,,
custom,,product-tag/fetal-doppler-baby-heart-monitor-bpl/,,home-healthcare-devices/mother-and-child-care/fetal-doppler.html,301,1,,,
custom,,product-tag/fetal-doppler-baby-heart-monitor-bpl/,,home-healthcare-devices/mother-and-child-care/fetal-doppler.html,301,2,,,
custom,,product-tag/fetal-doppler-baby-heart-monitor-bpl/,,home-healthcare-devices/mother-and-child-care/fetal-doppler.html,301,3,,,
custom,,product-tag/fetal-doppler-baby-heart-monitor-bpl/,,home-healthcare-devices/mother-and-child-care/fetal-doppler.html,301,4,,,
custom,,product-tag/fetal-doppler-baby-heart-monitor-bpl/,,home-healthcare-devices/mother-and-child-care/fetal-doppler.html,301,5,,,
custom,,product-tag/fetal-doppler-baby-heart-monitor-bpl/,,home-healthcare-devices/mother-and-child-care/fetal-doppler.html,301,6,,,
custom,,product-tag/fetal-doppler-baby-heart-monitor-bpl/,,home-healthcare-devices/mother-and-child-care/fetal-doppler.html,301,7,,,
custom,,product-tag/fetal-doppler-baby-heart-monitor-for-home/,,home-healthcare-devices/mother-and-child-care/fetal-doppler.html,301,1,,,
custom,,product-tag/fetal-doppler-baby-heart-monitor-for-home/,,home-healthcare-devices/mother-and-child-care/fetal-doppler.html,301,2,,,
custom,,product-tag/fetal-doppler-baby-heart-monitor-for-home/,,home-healthcare-devices/mother-and-child-care/fetal-doppler.html,301,3,,,
custom,,product-tag/fetal-doppler-baby-heart-monitor-for-home/,,home-healthcare-devices/mother-and-child-care/fetal-doppler.html,301,4,,,
custom,,product-tag/fetal-doppler-baby-heart-monitor-for-home/,,home-healthcare-devices/mother-and-child-care/fetal-doppler.html,301,5,,,
custom,,product-tag/fetal-doppler-baby-heart-monitor-for-home/,,home-healthcare-devices/mother-and-child-care/fetal-doppler.html,301,6,,,
custom,,product-tag/fetal-doppler-baby-heart-monitor-for-home/,,home-healthcare-devices/mother-and-child-care/fetal-doppler.html,301,7,,,
custom,,product-tag/fetal-doppler-bpl/,,home-healthcare-devices/mother-and-child-care/fetal-doppler.html,301,1,,,
custom,,product-tag/fetal-doppler-bpl/,,home-healthcare-devices/mother-and-child-care/fetal-doppler.html,301,2,,,
custom,,product-tag/fetal-doppler-bpl/,,home-healthcare-devices/mother-and-child-care/fetal-doppler.html,301,3,,,
custom,,product-tag/fetal-doppler-bpl/,,home-healthcare-devices/mother-and-child-care/fetal-doppler.html,301,4,,,
custom,,product-tag/fetal-doppler-bpl/,,home-healthcare-devices/mother-and-child-care/fetal-doppler.html,301,5,,,
custom,,product-tag/fetal-doppler-bpl/,,home-healthcare-devices/mother-and-child-care/fetal-doppler.html,301,6,,,
custom,,product-tag/fetal-doppler-bpl/,,home-healthcare-devices/mother-and-child-care/fetal-doppler.html,301,7,,,
custom,,product-tag/fetal-doppler-bpl-9714/,,home-healthcare-devices/mother-and-child-care/fetal-doppler.html,301,1,,,
custom,,product-tag/fetal-doppler-bpl-9714/,,home-healthcare-devices/mother-and-child-care/fetal-doppler.html,301,2,,,
custom,,product-tag/fetal-doppler-bpl-9714/,,home-healthcare-devices/mother-and-child-care/fetal-doppler.html,301,3,,,
custom,,product-tag/fetal-doppler-bpl-9714/,,home-healthcare-devices/mother-and-child-care/fetal-doppler.html,301,4,,,
custom,,product-tag/fetal-doppler-bpl-9714/,,home-healthcare-devices/mother-and-child-care/fetal-doppler.html,301,5,,,
custom,,product-tag/fetal-doppler-bpl-9714/,,home-healthcare-devices/mother-and-child-care/fetal-doppler.html,301,6,,,
custom,,product-tag/fetal-doppler-bpl-9714/,,home-healthcare-devices/mother-and-child-care/fetal-doppler.html,301,7,,,
custom,,product-tag/fetal-doppler-charger/,,home-healthcare-devices/mother-and-child-care/fetal-doppler.html,301,1,,,
custom,,product-tag/fetal-doppler-charger/,,home-healthcare-devices/mother-and-child-care/fetal-doppler.html,301,2,,,
custom,,product-tag/fetal-doppler-charger/,,home-healthcare-devices/mother-and-child-care/fetal-doppler.html,301,3,,,
custom,,product-tag/fetal-doppler-charger/,,home-healthcare-devices/mother-and-child-care/fetal-doppler.html,301,4,,,
custom,,product-tag/fetal-doppler-charger/,,home-healthcare-devices/mother-and-child-care/fetal-doppler.html,301,5,,,
custom,,product-tag/fetal-doppler-charger/,,home-healthcare-devices/mother-and-child-care/fetal-doppler.html,301,6,,,
custom,,product-tag/fetal-doppler-charger/,,home-healthcare-devices/mother-and-child-care/fetal-doppler.html,301,7,,,
custom,,product-tag/fetal-doppler-choicemmed/,,home-healthcare-devices/mother-and-child-care/fetal-doppler.html,301,1,,,
custom,,product-tag/fetal-doppler-choicemmed/,,home-healthcare-devices/mother-and-child-care/fetal-doppler.html,301,2,,,
custom,,product-tag/fetal-doppler-choicemmed/,,home-healthcare-devices/mother-and-child-care/fetal-doppler.html,301,3,,,
custom,,product-tag/fetal-doppler-choicemmed/,,home-healthcare-devices/mother-and-child-care/fetal-doppler.html,301,4,,,
custom,,product-tag/fetal-doppler-choicemmed/,,home-healthcare-devices/mother-and-child-care/fetal-doppler.html,301,5,,,
custom,,product-tag/fetal-doppler-choicemmed/,,home-healthcare-devices/mother-and-child-care/fetal-doppler.html,301,6,,,
custom,,product-tag/fetal-doppler-choicemmed/,,home-healthcare-devices/mother-and-child-care/fetal-doppler.html,301,7,,,
custom,,product-tag/fetal-doppler-contec/,,home-healthcare-devices/mother-and-child-care/fetal-doppler.html,301,1,,,
custom,,product-tag/fetal-doppler-contec/,,home-healthcare-devices/mother-and-child-care/fetal-doppler.html,301,2,,,
custom,,product-tag/fetal-doppler-contec/,,home-healthcare-devices/mother-and-child-care/fetal-doppler.html,301,3,,,
custom,,product-tag/fetal-doppler-contec/,,home-healthcare-devices/mother-and-child-care/fetal-doppler.html,301,4,,,
custom,,product-tag/fetal-doppler-contec/,,home-healthcare-devices/mother-and-child-care/fetal-doppler.html,301,5,,,
custom,,product-tag/fetal-doppler-contec/,,home-healthcare-devices/mother-and-child-care/fetal-doppler.html,301,6,,,
custom,,product-tag/fetal-doppler-contec/,,home-healthcare-devices/mother-and-child-care/fetal-doppler.html,301,7,,,
custom,,product-tag/fetal-doppler-easy-care/,,home-healthcare-devices/mother-and-child-care/fetal-doppler.html,301,1,,,
custom,,product-tag/fetal-doppler-easy-care/,,home-healthcare-devices/mother-and-child-care/fetal-doppler.html,301,2,,,
custom,,product-tag/fetal-doppler-easy-care/,,home-healthcare-devices/mother-and-child-care/fetal-doppler.html,301,3,,,
custom,,product-tag/fetal-doppler-easy-care/,,home-healthcare-devices/mother-and-child-care/fetal-doppler.html,301,4,,,
custom,,product-tag/fetal-doppler-easy-care/,,home-healthcare-devices/mother-and-child-care/fetal-doppler.html,301,5,,,
custom,,product-tag/fetal-doppler-easy-care/,,home-healthcare-devices/mother-and-child-care/fetal-doppler.html,301,6,,,
custom,,product-tag/fetal-doppler-easy-care/,,home-healthcare-devices/mother-and-child-care/fetal-doppler.html,301,7,,,
custom,,product-tag/fetal-doppler-gel/,,home-healthcare-devices/mother-and-child-care/fetal-doppler.html,301,1,,,
custom,,product-tag/fetal-doppler-gel/,,home-healthcare-devices/mother-and-child-care/fetal-doppler.html,301,2,,,
custom,,product-tag/fetal-doppler-gel/,,home-healthcare-devices/mother-and-child-care/fetal-doppler.html,301,3,,,
custom,,product-tag/fetal-doppler-gel/,,home-healthcare-devices/mother-and-child-care/fetal-doppler.html,301,4,,,
custom,,product-tag/fetal-doppler-gel/,,home-healthcare-devices/mother-and-child-care/fetal-doppler.html,301,5,,,
custom,,product-tag/fetal-doppler-gel/,,home-healthcare-devices/mother-and-child-care/fetal-doppler.html,301,6,,,
custom,,product-tag/fetal-doppler-gel/,,home-healthcare-devices/mother-and-child-care/fetal-doppler.html,301,7,,,
custom,,product-tag/fetal-doppler-machine/,,home-healthcare-devices/mother-and-child-care/fetal-doppler.html,301,1,,,
custom,,product-tag/fetal-doppler-machine/,,home-healthcare-devices/mother-and-child-care/fetal-doppler.html,301,2,,,
custom,,product-tag/fetal-doppler-machine/,,home-healthcare-devices/mother-and-child-care/fetal-doppler.html,301,3,,,
custom,,product-tag/fetal-doppler-machine/,,home-healthcare-devices/mother-and-child-care/fetal-doppler.html,301,4,,,
custom,,product-tag/fetal-doppler-machine/,,home-healthcare-devices/mother-and-child-care/fetal-doppler.html,301,5,,,
custom,,product-tag/fetal-doppler-machine/,,home-healthcare-devices/mother-and-child-care/fetal-doppler.html,301,6,,,
custom,,product-tag/fetal-doppler-machine/,,home-healthcare-devices/mother-and-child-care/fetal-doppler.html,301,7,,,
custom,,product-tag/fetal-doppler-rk-bpl/,,home-healthcare-devices/mother-and-child-care/fetal-doppler.html,301,1,,,
custom,,product-tag/fetal-doppler-rk-bpl/,,home-healthcare-devices/mother-and-child-care/fetal-doppler.html,301,2,,,
custom,,product-tag/fetal-doppler-rk-bpl/,,home-healthcare-devices/mother-and-child-care/fetal-doppler.html,301,3,,,
custom,,product-tag/fetal-doppler-rk-bpl/,,home-healthcare-devices/mother-and-child-care/fetal-doppler.html,301,4,,,
custom,,product-tag/fetal-doppler-rk-bpl/,,home-healthcare-devices/mother-and-child-care/fetal-doppler.html,301,5,,,
custom,,product-tag/fetal-doppler-rk-bpl/,,home-healthcare-devices/mother-and-child-care/fetal-doppler.html,301,6,,,
custom,,product-tag/fetal-doppler-rk-bpl/,,home-healthcare-devices/mother-and-child-care/fetal-doppler.html,301,7,,,
custom,,product-tag/fetal-doppler-with-ctg/,,home-healthcare-devices/mother-and-child-care/fetal-doppler.html,301,1,,,
custom,,product-tag/fetal-doppler-with-ctg/,,home-healthcare-devices/mother-and-child-care/fetal-doppler.html,301,2,,,
custom,,product-tag/fetal-doppler-with-ctg/,,home-healthcare-devices/mother-and-child-care/fetal-doppler.html,301,3,,,
custom,,product-tag/fetal-doppler-with-ctg/,,home-healthcare-devices/mother-and-child-care/fetal-doppler.html,301,4,,,
custom,,product-tag/fetal-doppler-with-ctg/,,home-healthcare-devices/mother-and-child-care/fetal-doppler.html,301,5,,,
custom,,product-tag/fetal-doppler-with-ctg/,,home-healthcare-devices/mother-and-child-care/fetal-doppler.html,301,6,,,
custom,,product-tag/fetal-doppler-with-ctg/,,home-healthcare-devices/mother-and-child-care/fetal-doppler.html,301,7,,,
custom,,product-tag/fetal-doppler-with-ctg/?add_to_wishlist=6285&_wpnonce=02cdd55a87,,home-healthcare-devices/mother-and-child-care/fetal-doppler.html,301,1,,,
custom,,product-tag/fetal-doppler-with-ctg/?add_to_wishlist=6285&_wpnonce=02cdd55a87,,home-healthcare-devices/mother-and-child-care/fetal-doppler.html,301,2,,,
custom,,product-tag/fetal-doppler-with-ctg/?add_to_wishlist=6285&_wpnonce=02cdd55a87,,home-healthcare-devices/mother-and-child-care/fetal-doppler.html,301,3,,,
custom,,product-tag/fetal-doppler-with-ctg/?add_to_wishlist=6285&_wpnonce=02cdd55a87,,home-healthcare-devices/mother-and-child-care/fetal-doppler.html,301,4,,,
custom,,product-tag/fetal-doppler-with-ctg/?add_to_wishlist=6285&_wpnonce=02cdd55a87,,home-healthcare-devices/mother-and-child-care/fetal-doppler.html,301,5,,,
custom,,product-tag/fetal-doppler-with-ctg/?add_to_wishlist=6285&_wpnonce=02cdd55a87,,home-healthcare-devices/mother-and-child-care/fetal-doppler.html,301,6,,,
custom,,product-tag/fetal-doppler-with-ctg/?add_to_wishlist=6285&_wpnonce=02cdd55a87,,home-healthcare-devices/mother-and-child-care/fetal-doppler.html,301,7,,,
custom,,product-tag/fetal-doppler-with-ctg/feed/,,home-healthcare-devices/mother-and-child-care/fetal-doppler.html,301,1,,,
custom,,product-tag/fetal-doppler-with-ctg/feed/,,home-healthcare-devices/mother-and-child-care/fetal-doppler.html,301,2,,,
custom,,product-tag/fetal-doppler-with-ctg/feed/,,home-healthcare-devices/mother-and-child-care/fetal-doppler.html,301,3,,,
custom,,product-tag/fetal-doppler-with-ctg/feed/,,home-healthcare-devices/mother-and-child-care/fetal-doppler.html,301,4,,,
custom,,product-tag/fetal-doppler-with-ctg/feed/,,home-healthcare-devices/mother-and-child-care/fetal-doppler.html,301,5,,,
custom,,product-tag/fetal-doppler-with-ctg/feed/,,home-healthcare-devices/mother-and-child-care/fetal-doppler.html,301,6,,,
custom,,product-tag/fetal-doppler-with-ctg/feed/,,home-healthcare-devices/mother-and-child-care/fetal-doppler.html,301,7,,,
custom,,product-tag/finger-tip/,,all-products.html,301,1,,,
custom,,product-tag/finger-tip/,,all-products.html,301,2,,,
custom,,product-tag/finger-tip/,,all-products.html,301,3,,,
custom,,product-tag/finger-tip/,,all-products.html,301,4,,,
custom,,product-tag/finger-tip/,,all-products.html,301,5,,,
custom,,product-tag/finger-tip/,,all-products.html,301,6,,,
custom,,product-tag/finger-tip/,,all-products.html,301,7,,,
custom,,product-tag/fingertip-pulse-oxymeter/,,all-products.html,301,1,,,
custom,,product-tag/fingertip-pulse-oxymeter/,,all-products.html,301,2,,,
custom,,product-tag/fingertip-pulse-oxymeter/,,all-products.html,301,3,,,
custom,,product-tag/fingertip-pulse-oxymeter/,,all-products.html,301,4,,,
custom,,product-tag/fingertip-pulse-oxymeter/,,all-products.html,301,5,,,
custom,,product-tag/fingertip-pulse-oxymeter/,,all-products.html,301,6,,,
custom,,product-tag/fingertip-pulse-oxymeter/,,all-products.html,301,7,,,
custom,,product-tag/formalin-chamber-18-inch/,,surgical-instrument/sterilization-tray/formalin-chamber.html,301,1,,,
custom,,product-tag/formalin-chamber-18-inch/,,surgical-instrument/sterilization-tray/formalin-chamber.html,301,2,,,
custom,,product-tag/formalin-chamber-18-inch/,,surgical-instrument/sterilization-tray/formalin-chamber.html,301,3,,,
custom,,product-tag/formalin-chamber-18-inch/,,surgical-instrument/sterilization-tray/formalin-chamber.html,301,4,,,
custom,,product-tag/formalin-chamber-18-inch/,,surgical-instrument/sterilization-tray/formalin-chamber.html,301,5,,,
custom,,product-tag/formalin-chamber-18-inch/,,surgical-instrument/sterilization-tray/formalin-chamber.html,301,6,,,
custom,,product-tag/formalin-chamber-18-inch/,,surgical-instrument/sterilization-tray/formalin-chamber.html,301,7,,,
custom,,product-tag/formalin-chamber-24-inch/,,surgical-instrument/sterilization-tray/formalin-chamber.html,301,1,,,
custom,,product-tag/formalin-chamber-24-inch/,,surgical-instrument/sterilization-tray/formalin-chamber.html,301,2,,,
custom,,product-tag/formalin-chamber-24-inch/,,surgical-instrument/sterilization-tray/formalin-chamber.html,301,3,,,
custom,,product-tag/formalin-chamber-24-inch/,,surgical-instrument/sterilization-tray/formalin-chamber.html,301,4,,,
custom,,product-tag/formalin-chamber-24-inch/,,surgical-instrument/sterilization-tray/formalin-chamber.html,301,5,,,
custom,,product-tag/formalin-chamber-24-inch/,,surgical-instrument/sterilization-tray/formalin-chamber.html,301,6,,,
custom,,product-tag/formalin-chamber-24-inch/,,surgical-instrument/sterilization-tray/formalin-chamber.html,301,7,,,
custom,,product-tag/good-otoscope/?add-to-cart=5554,,professional-diagnostic-equipment/product/otoscopes.html,301,1,,,
custom,,product-tag/good-otoscope/?add-to-cart=5554,,professional-diagnostic-equipment/product/otoscopes.html,301,2,,,
custom,,product-tag/good-otoscope/?add-to-cart=5554,,professional-diagnostic-equipment/product/otoscopes.html,301,3,,,
custom,,product-tag/good-otoscope/?add-to-cart=5554,,professional-diagnostic-equipment/product/otoscopes.html,301,4,,,
custom,,product-tag/good-otoscope/?add-to-cart=5554,,professional-diagnostic-equipment/product/otoscopes.html,301,5,,,
custom,,product-tag/good-otoscope/?add-to-cart=5554,,professional-diagnostic-equipment/product/otoscopes.html,301,6,,,
custom,,product-tag/good-otoscope/?add-to-cart=5554,,professional-diagnostic-equipment/product/otoscopes.html,301,7,,,
custom,,product-tag/gun-thermometer/,,home-healthcare-devices/mother-and-child-care/thermometer.html,301,1,,,
custom,,product-tag/gun-thermometer/,,home-healthcare-devices/mother-and-child-care/thermometer.html,301,2,,,
custom,,product-tag/gun-thermometer/,,home-healthcare-devices/mother-and-child-care/thermometer.html,301,3,,,
custom,,product-tag/gun-thermometer/,,home-healthcare-devices/mother-and-child-care/thermometer.html,301,4,,,
custom,,product-tag/gun-thermometer/,,home-healthcare-devices/mother-and-child-care/thermometer.html,301,5,,,
custom,,product-tag/gun-thermometer/,,home-healthcare-devices/mother-and-child-care/thermometer.html,301,6,,,
custom,,product-tag/gun-thermometer/,,home-healthcare-devices/mother-and-child-care/thermometer.html,301,7,,,
custom,,product-tag/gun-thermometer/?add_to_wishlist=5865&_wpnonce=f3bcf78185,,home-healthcare-devices/mother-and-child-care/thermometer.html,301,1,,,
custom,,product-tag/gun-thermometer/?add_to_wishlist=5865&_wpnonce=f3bcf78185,,home-healthcare-devices/mother-and-child-care/thermometer.html,301,2,,,
custom,,product-tag/gun-thermometer/?add_to_wishlist=5865&_wpnonce=f3bcf78185,,home-healthcare-devices/mother-and-child-care/thermometer.html,301,3,,,
custom,,product-tag/gun-thermometer/?add_to_wishlist=5865&_wpnonce=f3bcf78185,,home-healthcare-devices/mother-and-child-care/thermometer.html,301,4,,,
custom,,product-tag/gun-thermometer/?add_to_wishlist=5865&_wpnonce=f3bcf78185,,home-healthcare-devices/mother-and-child-care/thermometer.html,301,5,,,
custom,,product-tag/gun-thermometer/?add_to_wishlist=5865&_wpnonce=f3bcf78185,,home-healthcare-devices/mother-and-child-care/thermometer.html,301,6,,,
custom,,product-tag/gun-thermometer/?add_to_wishlist=5865&_wpnonce=f3bcf78185,,home-healthcare-devices/mother-and-child-care/thermometer.html,301,7,,,
custom,,product-tag/gun-thermometer/?add-to-cart=5861,,home-healthcare-devices/mother-and-child-care/thermometer.html,301,1,,,
custom,,product-tag/gun-thermometer/?add-to-cart=5861,,home-healthcare-devices/mother-and-child-care/thermometer.html,301,2,,,
custom,,product-tag/gun-thermometer/?add-to-cart=5861,,home-healthcare-devices/mother-and-child-care/thermometer.html,301,3,,,
custom,,product-tag/gun-thermometer/?add-to-cart=5861,,home-healthcare-devices/mother-and-child-care/thermometer.html,301,4,,,
custom,,product-tag/gun-thermometer/?add-to-cart=5861,,home-healthcare-devices/mother-and-child-care/thermometer.html,301,5,,,
custom,,product-tag/gun-thermometer/?add-to-cart=5861,,home-healthcare-devices/mother-and-child-care/thermometer.html,301,6,,,
custom,,product-tag/gun-thermometer/?add-to-cart=5861,,home-healthcare-devices/mother-and-child-care/thermometer.html,301,7,,,
custom,,product-tag/hand-sanitizer-asian-paints/,,home-healthcare-devices/hygiene-wellness.html,301,1,,,
custom,,product-tag/hand-sanitizer-asian-paints/,,home-healthcare-devices/hygiene-wellness.html,301,2,,,
custom,,product-tag/hand-sanitizer-asian-paints/,,home-healthcare-devices/hygiene-wellness.html,301,3,,,
custom,,product-tag/hand-sanitizer-asian-paints/,,home-healthcare-devices/hygiene-wellness.html,301,4,,,
custom,,product-tag/hand-sanitizer-asian-paints/,,home-healthcare-devices/hygiene-wellness.html,301,5,,,
custom,,product-tag/hand-sanitizer-asian-paints/,,home-healthcare-devices/hygiene-wellness.html,301,6,,,
custom,,product-tag/hand-sanitizer-asian-paints/,,home-healthcare-devices/hygiene-wellness.html,301,7,,,
custom,,product-tag/hand-sanitizer-automatic-dispenser/,,home-healthcare-devices/hygiene-wellness.html,301,1,,,
custom,,product-tag/hand-sanitizer-automatic-dispenser/,,home-healthcare-devices/hygiene-wellness.html,301,2,,,
custom,,product-tag/hand-sanitizer-automatic-dispenser/,,home-healthcare-devices/hygiene-wellness.html,301,3,,,
custom,,product-tag/hand-sanitizer-automatic-dispenser/,,home-healthcare-devices/hygiene-wellness.html,301,4,,,
custom,,product-tag/hand-sanitizer-automatic-dispenser/,,home-healthcare-devices/hygiene-wellness.html,301,5,,,
custom,,product-tag/hand-sanitizer-automatic-dispenser/,,home-healthcare-devices/hygiene-wellness.html,301,6,,,
custom,,product-tag/hand-sanitizer-automatic-dispenser/,,home-healthcare-devices/hygiene-wellness.html,301,7,,,
custom,,product-tag/hand-sanitizer-bottle-empty/,,home-healthcare-devices/hygiene-wellness.html,301,1,,,
custom,,product-tag/hand-sanitizer-bottle-empty/,,home-healthcare-devices/hygiene-wellness.html,301,2,,,
custom,,product-tag/hand-sanitizer-bottle-empty/,,home-healthcare-devices/hygiene-wellness.html,301,3,,,
custom,,product-tag/hand-sanitizer-bottle-empty/,,home-healthcare-devices/hygiene-wellness.html,301,4,,,
custom,,product-tag/hand-sanitizer-bottle-empty/,,home-healthcare-devices/hygiene-wellness.html,301,5,,,
custom,,product-tag/hand-sanitizer-bottle-empty/,,home-healthcare-devices/hygiene-wellness.html,301,6,,,
custom,,product-tag/hand-sanitizer-bottle-empty/,,home-healthcare-devices/hygiene-wellness.html,301,7,,,
custom,,product-tag/hand-sanitizer-dettol/,,home-healthcare-devices/hygiene-wellness.html,301,1,,,
custom,,product-tag/hand-sanitizer-dettol/,,home-healthcare-devices/hygiene-wellness.html,301,2,,,
custom,,product-tag/hand-sanitizer-dettol/,,home-healthcare-devices/hygiene-wellness.html,301,3,,,
custom,,product-tag/hand-sanitizer-dettol/,,home-healthcare-devices/hygiene-wellness.html,301,4,,,
custom,,product-tag/hand-sanitizer-dettol/,,home-healthcare-devices/hygiene-wellness.html,301,5,,,
custom,,product-tag/hand-sanitizer-dettol/,,home-healthcare-devices/hygiene-wellness.html,301,6,,,
custom,,product-tag/hand-sanitizer-dettol/,,home-healthcare-devices/hygiene-wellness.html,301,7,,,
custom,,product-tag/hand-sanitizer-for-kids/,,home-healthcare-devices/hygiene-wellness.html,301,1,,,
custom,,product-tag/hand-sanitizer-for-kids/,,home-healthcare-devices/hygiene-wellness.html,301,2,,,
custom,,product-tag/hand-sanitizer-for-kids/,,home-healthcare-devices/hygiene-wellness.html,301,3,,,
custom,,product-tag/hand-sanitizer-for-kids/,,home-healthcare-devices/hygiene-wellness.html,301,4,,,
custom,,product-tag/hand-sanitizer-for-kids/,,home-healthcare-devices/hygiene-wellness.html,301,5,,,
custom,,product-tag/hand-sanitizer-for-kids/,,home-healthcare-devices/hygiene-wellness.html,301,6,,,
custom,,product-tag/hand-sanitizer-for-kids/,,home-healthcare-devices/hygiene-wellness.html,301,7,,,
custom,,product-tag/hand-sanitizer-for-travel/,,home-healthcare-devices/hygiene-wellness.html,301,1,,,
custom,,product-tag/hand-sanitizer-for-travel/,,home-healthcare-devices/hygiene-wellness.html,301,2,,,
custom,,product-tag/hand-sanitizer-for-travel/,,home-healthcare-devices/hygiene-wellness.html,301,3,,,
custom,,product-tag/hand-sanitizer-for-travel/,,home-healthcare-devices/hygiene-wellness.html,301,4,,,
custom,,product-tag/hand-sanitizer-for-travel/,,home-healthcare-devices/hygiene-wellness.html,301,5,,,
custom,,product-tag/hand-sanitizer-for-travel/,,home-healthcare-devices/hygiene-wellness.html,301,6,,,
custom,,product-tag/hand-sanitizer-for-travel/,,home-healthcare-devices/hygiene-wellness.html,301,7,,,
custom,,product-tag/hand-sanitizer-jelly-doctor/,,home-healthcare-devices/hygiene-wellness.html,301,1,,,
custom,,product-tag/hand-sanitizer-jelly-doctor/,,home-healthcare-devices/hygiene-wellness.html,301,2,,,
custom,,product-tag/hand-sanitizer-jelly-doctor/,,home-healthcare-devices/hygiene-wellness.html,301,3,,,
custom,,product-tag/hand-sanitizer-jelly-doctor/,,home-healthcare-devices/hygiene-wellness.html,301,4,,,
custom,,product-tag/hand-sanitizer-jelly-doctor/,,home-healthcare-devices/hygiene-wellness.html,301,5,,,
custom,,product-tag/hand-sanitizer-jelly-doctor/,,home-healthcare-devices/hygiene-wellness.html,301,6,,,
custom,,product-tag/hand-sanitizer-jelly-doctor/,,home-healthcare-devices/hygiene-wellness.html,301,7,,,
custom,,product-tag/hand-sanitizer-stand/,,home-healthcare-devices/hygiene-wellness.html,301,1,,,
custom,,product-tag/hand-sanitizer-stand/,,home-healthcare-devices/hygiene-wellness.html,301,2,,,
custom,,product-tag/hand-sanitizer-stand/,,home-healthcare-devices/hygiene-wellness.html,301,3,,,
custom,,product-tag/hand-sanitizer-stand/,,home-healthcare-devices/hygiene-wellness.html,301,4,,,
custom,,product-tag/hand-sanitizer-stand/,,home-healthcare-devices/hygiene-wellness.html,301,5,,,
custom,,product-tag/hand-sanitizer-stand/,,home-healthcare-devices/hygiene-wellness.html,301,6,,,
custom,,product-tag/hand-sanitizer-stand/,,home-healthcare-devices/hygiene-wellness.html,301,7,,,
custom,,product-tag/hand-sanitizer-stand-foot-operated/,,home-healthcare-devices/hygiene-wellness.html,301,1,,,
custom,,product-tag/hand-sanitizer-stand-foot-operated/,,home-healthcare-devices/hygiene-wellness.html,301,2,,,
custom,,product-tag/hand-sanitizer-stand-foot-operated/,,home-healthcare-devices/hygiene-wellness.html,301,3,,,
custom,,product-tag/hand-sanitizer-stand-foot-operated/,,home-healthcare-devices/hygiene-wellness.html,301,4,,,
custom,,product-tag/hand-sanitizer-stand-foot-operated/,,home-healthcare-devices/hygiene-wellness.html,301,5,,,
custom,,product-tag/hand-sanitizer-stand-foot-operated/,,home-healthcare-devices/hygiene-wellness.html,301,6,,,
custom,,product-tag/hand-sanitizer-stand-foot-operated/,,home-healthcare-devices/hygiene-wellness.html,301,7,,,
custom,,product-tag/hand-sanitizer-stand-for-automatic-dispenser/,,home-healthcare-devices/hygiene-wellness.html,301,1,,,
custom,,product-tag/hand-sanitizer-stand-for-automatic-dispenser/,,home-healthcare-devices/hygiene-wellness.html,301,2,,,
custom,,product-tag/hand-sanitizer-stand-for-automatic-dispenser/,,home-healthcare-devices/hygiene-wellness.html,301,3,,,
custom,,product-tag/hand-sanitizer-stand-for-automatic-dispenser/,,home-healthcare-devices/hygiene-wellness.html,301,4,,,
custom,,product-tag/hand-sanitizer-stand-for-automatic-dispenser/,,home-healthcare-devices/hygiene-wellness.html,301,5,,,
custom,,product-tag/hand-sanitizer-stand-for-automatic-dispenser/,,home-healthcare-devices/hygiene-wellness.html,301,6,,,
custom,,product-tag/hand-sanitizer-stand-for-automatic-dispenser/,,home-healthcare-devices/hygiene-wellness.html,301,7,,,
custom,,product-tag/headlight/,,all-products.html,301,1,,,
custom,,product-tag/headlight/,,all-products.html,301,2,,,
custom,,product-tag/headlight/,,all-products.html,301,3,,,
custom,,product-tag/headlight/,,all-products.html,301,4,,,
custom,,product-tag/headlight/,,all-products.html,301,5,,,
custom,,product-tag/headlight/,,all-products.html,301,6,,,
custom,,product-tag/headlight/,,all-products.html,301,7,,,
custom,,product-tag/hospital-air-bed-for-patients-at-home/?add-to-cart=6278,,home-healthcare-devices/elderly-care/medical-mattress.html,301,1,,,
custom,,product-tag/hospital-air-bed-for-patients-at-home/?add-to-cart=6278,,home-healthcare-devices/elderly-care/medical-mattress.html,301,2,,,
custom,,product-tag/hospital-air-bed-for-patients-at-home/?add-to-cart=6278,,home-healthcare-devices/elderly-care/medical-mattress.html,301,3,,,
custom,,product-tag/hospital-air-bed-for-patients-at-home/?add-to-cart=6278,,home-healthcare-devices/elderly-care/medical-mattress.html,301,4,,,
custom,,product-tag/hospital-air-bed-for-patients-at-home/?add-to-cart=6278,,home-healthcare-devices/elderly-care/medical-mattress.html,301,5,,,
custom,,product-tag/hospital-air-bed-for-patients-at-home/?add-to-cart=6278,,home-healthcare-devices/elderly-care/medical-mattress.html,301,6,,,
custom,,product-tag/hospital-air-bed-for-patients-at-home/?add-to-cart=6278,,home-healthcare-devices/elderly-care/medical-mattress.html,301,7,,,
custom,,product-tag/hospital-monitor-stand/,,medical-device.html,301,1,,,
custom,,product-tag/hospital-monitor-stand/,,medical-device.html,301,2,,,
custom,,product-tag/hospital-monitor-stand/,,medical-device.html,301,3,,,
custom,,product-tag/hospital-monitor-stand/,,medical-device.html,301,4,,,
custom,,product-tag/hospital-monitor-stand/,,medical-device.html,301,5,,,
custom,,product-tag/hospital-monitor-stand/,,medical-device.html,301,6,,,
custom,,product-tag/hospital-monitor-stand/,,medical-device.html,301,7,,,
custom,,product-tag/humidifier-bottle-cap/,,all-products.html,301,1,,,
custom,,product-tag/humidifier-bottle-cap/,,all-products.html,301,2,,,
custom,,product-tag/humidifier-bottle-cap/,,all-products.html,301,3,,,
custom,,product-tag/humidifier-bottle-cap/,,all-products.html,301,4,,,
custom,,product-tag/humidifier-bottle-cap/,,all-products.html,301,5,,,
custom,,product-tag/humidifier-bottle-cap/,,all-products.html,301,6,,,
custom,,product-tag/humidifier-bottle-cap/,,all-products.html,301,7,,,
custom,,product-tag/humidifier-bottle-for-flow-meter/,,all-products.html,301,1,,,
custom,,product-tag/humidifier-bottle-for-flow-meter/,,all-products.html,301,2,,,
custom,,product-tag/humidifier-bottle-for-flow-meter/,,all-products.html,301,3,,,
custom,,product-tag/humidifier-bottle-for-flow-meter/,,all-products.html,301,4,,,
custom,,product-tag/humidifier-bottle-for-flow-meter/,,all-products.html,301,5,,,
custom,,product-tag/humidifier-bottle-for-flow-meter/,,all-products.html,301,6,,,
custom,,product-tag/humidifier-bottle-for-flow-meter/,,all-products.html,301,7,,,
custom,,product-tag/humidifier-bottle-for-oxygen-concentrator/,,all-products.html,301,1,,,
custom,,product-tag/humidifier-bottle-for-oxygen-concentrator/,,all-products.html,301,2,,,
custom,,product-tag/humidifier-bottle-for-oxygen-concentrator/,,all-products.html,301,3,,,
custom,,product-tag/humidifier-bottle-for-oxygen-concentrator/,,all-products.html,301,4,,,
custom,,product-tag/humidifier-bottle-for-oxygen-concentrator/,,all-products.html,301,5,,,
custom,,product-tag/humidifier-bottle-for-oxygen-concentrator/,,all-products.html,301,6,,,
custom,,product-tag/humidifier-bottle-for-oxygen-concentrator/,,all-products.html,301,7,,,
custom,,product-tag/humidifier-bottle-with-connector-for-oxygen-concentrator/,,all-products.html,301,1,,,
custom,,product-tag/humidifier-bottle-with-connector-for-oxygen-concentrator/,,all-products.html,301,2,,,
custom,,product-tag/humidifier-bottle-with-connector-for-oxygen-concentrator/,,all-products.html,301,3,,,
custom,,product-tag/humidifier-bottle-with-connector-for-oxygen-concentrator/,,all-products.html,301,4,,,
custom,,product-tag/humidifier-bottle-with-connector-for-oxygen-concentrator/,,all-products.html,301,5,,,
custom,,product-tag/humidifier-bottle-with-connector-for-oxygen-concentrator/,,all-products.html,301,6,,,
custom,,product-tag/humidifier-bottle-with-connector-for-oxygen-concentrator/,,all-products.html,301,7,,,
custom,,product-tag/humidifier-bottle-with-tube/,,all-products.html,301,1,,,
custom,,product-tag/humidifier-bottle-with-tube/,,all-products.html,301,2,,,
custom,,product-tag/humidifier-bottle-with-tube/,,all-products.html,301,3,,,
custom,,product-tag/humidifier-bottle-with-tube/,,all-products.html,301,4,,,
custom,,product-tag/humidifier-bottle-with-tube/,,all-products.html,301,5,,,
custom,,product-tag/humidifier-bottle-with-tube/,,all-products.html,301,6,,,
custom,,product-tag/humidifier-bottle-with-tube/,,all-products.html,301,7,,,
custom,,product-tag/humidifier-sensor/,,all-products.html,301,1,,,
custom,,product-tag/humidifier-sensor/,,all-products.html,301,2,,,
custom,,product-tag/humidifier-sensor/,,all-products.html,301,3,,,
custom,,product-tag/humidifier-sensor/,,all-products.html,301,4,,,
custom,,product-tag/humidifier-sensor/,,all-products.html,301,5,,,
custom,,product-tag/humidifier-sensor/,,all-products.html,301,6,,,
custom,,product-tag/humidifier-sensor/,,all-products.html,301,7,,,
custom,,product-tag/infrared-thermometer/,,home-healthcare-devices/mother-and-child-care/thermometer.html,301,1,,,
custom,,product-tag/infrared-thermometer/,,home-healthcare-devices/mother-and-child-care/thermometer.html,301,2,,,
custom,,product-tag/infrared-thermometer/,,home-healthcare-devices/mother-and-child-care/thermometer.html,301,3,,,
custom,,product-tag/infrared-thermometer/,,home-healthcare-devices/mother-and-child-care/thermometer.html,301,4,,,
custom,,product-tag/infrared-thermometer/,,home-healthcare-devices/mother-and-child-care/thermometer.html,301,5,,,
custom,,product-tag/infrared-thermometer/,,home-healthcare-devices/mother-and-child-care/thermometer.html,301,6,,,
custom,,product-tag/infrared-thermometer/,,home-healthcare-devices/mother-and-child-care/thermometer.html,301,7,,,
custom,,product-tag/kidney-tray-of-varied-size/,,surgical-instrument/product/kidney-tray.html,301,1,,,
custom,,product-tag/kidney-tray-of-varied-size/,,surgical-instrument/product/kidney-tray.html,301,2,,,
custom,,product-tag/kidney-tray-of-varied-size/,,surgical-instrument/product/kidney-tray.html,301,3,,,
custom,,product-tag/kidney-tray-of-varied-size/,,surgical-instrument/product/kidney-tray.html,301,4,,,
custom,,product-tag/kidney-tray-of-varied-size/,,surgical-instrument/product/kidney-tray.html,301,5,,,
custom,,product-tag/kidney-tray-of-varied-size/,,surgical-instrument/product/kidney-tray.html,301,6,,,
custom,,product-tag/kidney-tray-of-varied-size/,,surgical-instrument/product/kidney-tray.html,301,7,,,
custom,,product-tag/kidney-tray-surgical-10/,,surgical-instrument/product/kidney-tray.html,301,1,,,
custom,,product-tag/kidney-tray-surgical-10/,,surgical-instrument/product/kidney-tray.html,301,2,,,
custom,,product-tag/kidney-tray-surgical-10/,,surgical-instrument/product/kidney-tray.html,301,3,,,
custom,,product-tag/kidney-tray-surgical-10/,,surgical-instrument/product/kidney-tray.html,301,4,,,
custom,,product-tag/kidney-tray-surgical-10/,,surgical-instrument/product/kidney-tray.html,301,5,,,
custom,,product-tag/kidney-tray-surgical-10/,,surgical-instrument/product/kidney-tray.html,301,6,,,
custom,,product-tag/kidney-tray-surgical-10/,,surgical-instrument/product/kidney-tray.html,301,7,,,
custom,,product-tag/kidney-tray-surgical-300/,,surgical-instrument/product/kidney-tray.html,301,1,,,
custom,,product-tag/kidney-tray-surgical-300/,,surgical-instrument/product/kidney-tray.html,301,2,,,
custom,,product-tag/kidney-tray-surgical-300/,,surgical-instrument/product/kidney-tray.html,301,3,,,
custom,,product-tag/kidney-tray-surgical-300/,,surgical-instrument/product/kidney-tray.html,301,4,,,
custom,,product-tag/kidney-tray-surgical-300/,,surgical-instrument/product/kidney-tray.html,301,5,,,
custom,,product-tag/kidney-tray-surgical-300/,,surgical-instrument/product/kidney-tray.html,301,6,,,
custom,,product-tag/kidney-tray-surgical-300/,,surgical-instrument/product/kidney-tray.html,301,7,,,
custom,,product-tag/led-laryngoscope-set/,,professional-diagnostic-equipment/product/laryngoscope.html,301,1,,,
custom,,product-tag/led-laryngoscope-set/,,professional-diagnostic-equipment/product/laryngoscope.html,301,2,,,
custom,,product-tag/led-laryngoscope-set/,,professional-diagnostic-equipment/product/laryngoscope.html,301,3,,,
custom,,product-tag/led-laryngoscope-set/,,professional-diagnostic-equipment/product/laryngoscope.html,301,4,,,
custom,,product-tag/led-laryngoscope-set/,,professional-diagnostic-equipment/product/laryngoscope.html,301,5,,,
custom,,product-tag/led-laryngoscope-set/,,professional-diagnostic-equipment/product/laryngoscope.html,301,6,,,
custom,,product-tag/led-laryngoscope-set/,,professional-diagnostic-equipment/product/laryngoscope.html,301,7,,,
custom,,product-tag/littmann-classic-iii-diaphragm/,,all-products.html,301,1,,,
custom,,product-tag/littmann-classic-iii-diaphragm/,,all-products.html,301,2,,,
custom,,product-tag/littmann-classic-iii-diaphragm/,,all-products.html,301,3,,,
custom,,product-tag/littmann-classic-iii-diaphragm/,,all-products.html,301,4,,,
custom,,product-tag/littmann-classic-iii-diaphragm/,,all-products.html,301,5,,,
custom,,product-tag/littmann-classic-iii-diaphragm/,,all-products.html,301,6,,,
custom,,product-tag/littmann-classic-iii-diaphragm/,,all-products.html,301,7,,,
custom,,product-tag/littmann-stethoscope-accessories/,,professional-diagnostic-equipment/product/stethoscope.html,301,1,,,
custom,,product-tag/littmann-stethoscope-accessories/,,professional-diagnostic-equipment/product/stethoscope.html,301,2,,,
custom,,product-tag/littmann-stethoscope-accessories/,,professional-diagnostic-equipment/product/stethoscope.html,301,3,,,
custom,,product-tag/littmann-stethoscope-accessories/,,professional-diagnostic-equipment/product/stethoscope.html,301,4,,,
custom,,product-tag/littmann-stethoscope-accessories/,,professional-diagnostic-equipment/product/stethoscope.html,301,5,,,
custom,,product-tag/littmann-stethoscope-accessories/,,professional-diagnostic-equipment/product/stethoscope.html,301,6,,,
custom,,product-tag/littmann-stethoscope-accessories/,,professional-diagnostic-equipment/product/stethoscope.html,301,7,,,
custom,,product-tag/littmann-stethoscope-adult/,,professional-diagnostic-equipment/product/stethoscope.html,301,1,,,
custom,,product-tag/littmann-stethoscope-adult/,,professional-diagnostic-equipment/product/stethoscope.html,301,2,,,
custom,,product-tag/littmann-stethoscope-adult/,,professional-diagnostic-equipment/product/stethoscope.html,301,3,,,
custom,,product-tag/littmann-stethoscope-adult/,,professional-diagnostic-equipment/product/stethoscope.html,301,4,,,
custom,,product-tag/littmann-stethoscope-adult/,,professional-diagnostic-equipment/product/stethoscope.html,301,5,,,
custom,,product-tag/littmann-stethoscope-adult/,,professional-diagnostic-equipment/product/stethoscope.html,301,6,,,
custom,,product-tag/littmann-stethoscope-adult/,,professional-diagnostic-equipment/product/stethoscope.html,301,7,,,
custom,,product-tag/littmann-stethoscope-digital/,,professional-diagnostic-equipment/product/stethoscope.html,301,1,,,
custom,,product-tag/littmann-stethoscope-digital/,,professional-diagnostic-equipment/product/stethoscope.html,301,2,,,
custom,,product-tag/littmann-stethoscope-digital/,,professional-diagnostic-equipment/product/stethoscope.html,301,3,,,
custom,,product-tag/littmann-stethoscope-digital/,,professional-diagnostic-equipment/product/stethoscope.html,301,4,,,
custom,,product-tag/littmann-stethoscope-digital/,,professional-diagnostic-equipment/product/stethoscope.html,301,5,,,
custom,,product-tag/littmann-stethoscope-digital/,,professional-diagnostic-equipment/product/stethoscope.html,301,6,,,
custom,,product-tag/littmann-stethoscope-digital/,,professional-diagnostic-equipment/product/stethoscope.html,301,7,,,
custom,,product-tag/lr-44-thermometer-battery/,,home-healthcare-devices/mother-and-child-care/thermometer.html,301,1,,,
custom,,product-tag/lr-44-thermometer-battery/,,home-healthcare-devices/mother-and-child-care/thermometer.html,301,2,,,
custom,,product-tag/lr-44-thermometer-battery/,,home-healthcare-devices/mother-and-child-care/thermometer.html,301,3,,,
custom,,product-tag/lr-44-thermometer-battery/,,home-healthcare-devices/mother-and-child-care/thermometer.html,301,4,,,
custom,,product-tag/lr-44-thermometer-battery/,,home-healthcare-devices/mother-and-child-care/thermometer.html,301,5,,,
custom,,product-tag/lr-44-thermometer-battery/,,home-healthcare-devices/mother-and-child-care/thermometer.html,301,6,,,
custom,,product-tag/lr-44-thermometer-battery/,,home-healthcare-devices/mother-and-child-care/thermometer.html,301,7,,,
custom,,product-tag/medical-adjustable-overbed-bedside-table-with-wheels-hospital-and-home-use/,,hospital-consumables.html,301,1,,,
custom,,product-tag/medical-adjustable-overbed-bedside-table-with-wheels-hospital-and-home-use/,,hospital-consumables.html,301,2,,,
custom,,product-tag/medical-adjustable-overbed-bedside-table-with-wheels-hospital-and-home-use/,,hospital-consumables.html,301,3,,,
custom,,product-tag/medical-adjustable-overbed-bedside-table-with-wheels-hospital-and-home-use/,,hospital-consumables.html,301,4,,,
custom,,product-tag/medical-adjustable-overbed-bedside-table-with-wheels-hospital-and-home-use/,,hospital-consumables.html,301,5,,,
custom,,product-tag/medical-adjustable-overbed-bedside-table-with-wheels-hospital-and-home-use/,,hospital-consumables.html,301,6,,,
custom,,product-tag/medical-adjustable-overbed-bedside-table-with-wheels-hospital-and-home-use/,,hospital-consumables.html,301,7,,,
custom,,product-tag/medical-air-bed/,,hospital-consumables.html,301,1,,,
custom,,product-tag/medical-air-bed/,,hospital-consumables.html,301,2,,,
custom,,product-tag/medical-air-bed/,,hospital-consumables.html,301,3,,,
custom,,product-tag/medical-air-bed/,,hospital-consumables.html,301,4,,,
custom,,product-tag/medical-air-bed/,,hospital-consumables.html,301,5,,,
custom,,product-tag/medical-air-bed/,,hospital-consumables.html,301,6,,,
custom,,product-tag/medical-air-bed/,,hospital-consumables.html,301,7,,,
custom,,product-tag/medical-water-bed/,,hospital-consumables.html,301,1,,,
custom,,product-tag/medical-water-bed/,,hospital-consumables.html,301,2,,,
custom,,product-tag/medical-water-bed/,,hospital-consumables.html,301,3,,,
custom,,product-tag/medical-water-bed/,,hospital-consumables.html,301,4,,,
custom,,product-tag/medical-water-bed/,,hospital-consumables.html,301,5,,,
custom,,product-tag/medical-water-bed/,,hospital-consumables.html,301,6,,,
custom,,product-tag/medical-water-bed/,,hospital-consumables.html,301,7,,,
custom,,product-tag/mini-ophthalmoscope/,,professional-diagnostic-equipment/product/ophthalmoscope.html,301,1,,,
custom,,product-tag/mini-ophthalmoscope/,,professional-diagnostic-equipment/product/ophthalmoscope.html,301,2,,,
custom,,product-tag/mini-ophthalmoscope/,,professional-diagnostic-equipment/product/ophthalmoscope.html,301,3,,,
custom,,product-tag/mini-ophthalmoscope/,,professional-diagnostic-equipment/product/ophthalmoscope.html,301,4,,,
custom,,product-tag/mini-ophthalmoscope/,,professional-diagnostic-equipment/product/ophthalmoscope.html,301,5,,,
custom,,product-tag/mini-ophthalmoscope/,,professional-diagnostic-equipment/product/ophthalmoscope.html,301,6,,,
custom,,product-tag/mini-ophthalmoscope/,,professional-diagnostic-equipment/product/ophthalmoscope.html,301,7,,,
custom,,product-tag/monitor-stand/,,medical-device.html,301,1,,,
custom,,product-tag/monitor-stand/,,medical-device.html,301,2,,,
custom,,product-tag/monitor-stand/,,medical-device.html,301,3,,,
custom,,product-tag/monitor-stand/,,medical-device.html,301,4,,,
custom,,product-tag/monitor-stand/,,medical-device.html,301,5,,,
custom,,product-tag/monitor-stand/,,medical-device.html,301,6,,,
custom,,product-tag/monitor-stand/,,medical-device.html,301,7,,,
custom,,product-tag/nasal-mask/,,home-healthcare-devices/respiratory-mask/nasal-mask.html,301,1,,,
custom,,product-tag/nasal-mask/,,home-healthcare-devices/respiratory-mask/nasal-mask.html,301,2,,,
custom,,product-tag/nasal-mask/,,home-healthcare-devices/respiratory-mask/nasal-mask.html,301,3,,,
custom,,product-tag/nasal-mask/,,home-healthcare-devices/respiratory-mask/nasal-mask.html,301,4,,,
custom,,product-tag/nasal-mask/,,home-healthcare-devices/respiratory-mask/nasal-mask.html,301,5,,,
custom,,product-tag/nasal-mask/,,home-healthcare-devices/respiratory-mask/nasal-mask.html,301,6,,,
custom,,product-tag/nasal-mask/,,home-healthcare-devices/respiratory-mask/nasal-mask.html,301,7,,,
custom,,product-tag/nasal-mask-for-cpap-machine/,,home-healthcare-devices/respiratory-mask/nasal-mask.html,301,1,,,
custom,,product-tag/nasal-mask-for-cpap-machine/,,home-healthcare-devices/respiratory-mask/nasal-mask.html,301,2,,,
custom,,product-tag/nasal-mask-for-cpap-machine/,,home-healthcare-devices/respiratory-mask/nasal-mask.html,301,3,,,
custom,,product-tag/nasal-mask-for-cpap-machine/,,home-healthcare-devices/respiratory-mask/nasal-mask.html,301,4,,,
custom,,product-tag/nasal-mask-for-cpap-machine/,,home-healthcare-devices/respiratory-mask/nasal-mask.html,301,5,,,
custom,,product-tag/nasal-mask-for-cpap-machine/,,home-healthcare-devices/respiratory-mask/nasal-mask.html,301,6,,,
custom,,product-tag/nasal-mask-for-cpap-machine/,,home-healthcare-devices/respiratory-mask/nasal-mask.html,301,7,,,
custom,,product-tag/nebulizer/,,home-healthcare-devices/allergy-sinus-asthma.html,301,1,,,
custom,,product-tag/nebulizer/,,home-healthcare-devices/allergy-sinus-asthma.html,301,2,,,
custom,,product-tag/nebulizer/,,home-healthcare-devices/allergy-sinus-asthma.html,301,3,,,
custom,,product-tag/nebulizer/,,home-healthcare-devices/allergy-sinus-asthma.html,301,4,,,
custom,,product-tag/nebulizer/,,home-healthcare-devices/allergy-sinus-asthma.html,301,5,,,
custom,,product-tag/nebulizer/,,home-healthcare-devices/allergy-sinus-asthma.html,301,6,,,
custom,,product-tag/nebulizer/,,home-healthcare-devices/allergy-sinus-asthma.html,301,7,,,
custom,,product-tag/nebulizer-accusure-machine/,,home-healthcare-devices/allergy-sinus-asthma.html,301,1,,,
custom,,product-tag/nebulizer-accusure-machine/,,home-healthcare-devices/allergy-sinus-asthma.html,301,2,,,
custom,,product-tag/nebulizer-accusure-machine/,,home-healthcare-devices/allergy-sinus-asthma.html,301,3,,,
custom,,product-tag/nebulizer-accusure-machine/,,home-healthcare-devices/allergy-sinus-asthma.html,301,4,,,
custom,,product-tag/nebulizer-accusure-machine/,,home-healthcare-devices/allergy-sinus-asthma.html,301,5,,,
custom,,product-tag/nebulizer-accusure-machine/,,home-healthcare-devices/allergy-sinus-asthma.html,301,6,,,
custom,,product-tag/nebulizer-accusure-machine/,,home-healthcare-devices/allergy-sinus-asthma.html,301,7,,,
custom,,product-tag/nebulizer-device/,,home-healthcare-devices/allergy-sinus-asthma.html,301,1,,,
custom,,product-tag/nebulizer-device/,,home-healthcare-devices/allergy-sinus-asthma.html,301,2,,,
custom,,product-tag/nebulizer-device/,,home-healthcare-devices/allergy-sinus-asthma.html,301,3,,,
custom,,product-tag/nebulizer-device/,,home-healthcare-devices/allergy-sinus-asthma.html,301,4,,,
custom,,product-tag/nebulizer-device/,,home-healthcare-devices/allergy-sinus-asthma.html,301,5,,,
custom,,product-tag/nebulizer-device/,,home-healthcare-devices/allergy-sinus-asthma.html,301,6,,,
custom,,product-tag/nebulizer-device/,,home-healthcare-devices/allergy-sinus-asthma.html,301,7,,,
custom,,product-tag/nebulizer-kid/,,home-healthcare-devices/allergy-sinus-asthma.html,301,1,,,
custom,,product-tag/nebulizer-kid/,,home-healthcare-devices/allergy-sinus-asthma.html,301,2,,,
custom,,product-tag/nebulizer-kid/,,home-healthcare-devices/allergy-sinus-asthma.html,301,3,,,
custom,,product-tag/nebulizer-kid/,,home-healthcare-devices/allergy-sinus-asthma.html,301,4,,,
custom,,product-tag/nebulizer-kid/,,home-healthcare-devices/allergy-sinus-asthma.html,301,5,,,
custom,,product-tag/nebulizer-kid/,,home-healthcare-devices/allergy-sinus-asthma.html,301,6,,,
custom,,product-tag/nebulizer-kid/,,home-healthcare-devices/allergy-sinus-asthma.html,301,7,,,
custom,,product-tag/nebulizer-with-air-level-adjust/,,home-healthcare-devices/allergy-sinus-asthma.html,301,1,,,
custom,,product-tag/nebulizer-with-air-level-adjust/,,home-healthcare-devices/allergy-sinus-asthma.html,301,2,,,
custom,,product-tag/nebulizer-with-air-level-adjust/,,home-healthcare-devices/allergy-sinus-asthma.html,301,3,,,
custom,,product-tag/nebulizer-with-air-level-adjust/,,home-healthcare-devices/allergy-sinus-asthma.html,301,4,,,
custom,,product-tag/nebulizer-with-air-level-adjust/,,home-healthcare-devices/allergy-sinus-asthma.html,301,5,,,
custom,,product-tag/nebulizer-with-air-level-adjust/,,home-healthcare-devices/allergy-sinus-asthma.html,301,6,,,
custom,,product-tag/nebulizer-with-air-level-adjust/,,home-healthcare-devices/allergy-sinus-asthma.html,301,7,,,
custom,,product-tag/nebulizer-with-humidifier/,,home-healthcare-devices/allergy-sinus-asthma.html,301,1,,,
custom,,product-tag/nebulizer-with-humidifier/,,home-healthcare-devices/allergy-sinus-asthma.html,301,2,,,
custom,,product-tag/nebulizer-with-humidifier/,,home-healthcare-devices/allergy-sinus-asthma.html,301,3,,,
custom,,product-tag/nebulizer-with-humidifier/,,home-healthcare-devices/allergy-sinus-asthma.html,301,4,,,
custom,,product-tag/nebulizer-with-humidifier/,,home-healthcare-devices/allergy-sinus-asthma.html,301,5,,,
custom,,product-tag/nebulizer-with-humidifier/,,home-healthcare-devices/allergy-sinus-asthma.html,301,6,,,
custom,,product-tag/nebulizer-with-humidifier/,,home-healthcare-devices/allergy-sinus-asthma.html,301,7,,,
custom,,product-tag/nibp-adult-cuff/,,medical-device/accessories/nibp.html,301,1,,,
custom,,product-tag/nibp-adult-cuff/,,medical-device/accessories/nibp.html,301,2,,,
custom,,product-tag/nibp-adult-cuff/,,medical-device/accessories/nibp.html,301,3,,,
custom,,product-tag/nibp-adult-cuff/,,medical-device/accessories/nibp.html,301,4,,,
custom,,product-tag/nibp-adult-cuff/,,medical-device/accessories/nibp.html,301,5,,,
custom,,product-tag/nibp-adult-cuff/,,medical-device/accessories/nibp.html,301,6,,,
custom,,product-tag/nibp-adult-cuff/,,medical-device/accessories/nibp.html,301,7,,,
custom,,product-tag/nose-nebulizer-machine/,,home-healthcare-devices/allergy-sinus-asthma.html,301,1,,,
custom,,product-tag/nose-nebulizer-machine/,,home-healthcare-devices/allergy-sinus-asthma.html,301,2,,,
custom,,product-tag/nose-nebulizer-machine/,,home-healthcare-devices/allergy-sinus-asthma.html,301,3,,,
custom,,product-tag/nose-nebulizer-machine/,,home-healthcare-devices/allergy-sinus-asthma.html,301,4,,,
custom,,product-tag/nose-nebulizer-machine/,,home-healthcare-devices/allergy-sinus-asthma.html,301,5,,,
custom,,product-tag/nose-nebulizer-machine/,,home-healthcare-devices/allergy-sinus-asthma.html,301,6,,,
custom,,product-tag/nose-nebulizer-machine/,,home-healthcare-devices/allergy-sinus-asthma.html,301,7,,,
custom,,product-tag/ophthalmoscope-and-otoscope-set/,,professional-diagnostic-equipment/product.html,301,1,,,
custom,,product-tag/ophthalmoscope-and-otoscope-set/,,professional-diagnostic-equipment/product.html,301,2,,,
custom,,product-tag/ophthalmoscope-and-otoscope-set/,,professional-diagnostic-equipment/product.html,301,3,,,
custom,,product-tag/ophthalmoscope-and-otoscope-set/,,professional-diagnostic-equipment/product.html,301,4,,,
custom,,product-tag/ophthalmoscope-and-otoscope-set/,,professional-diagnostic-equipment/product.html,301,5,,,
custom,,product-tag/ophthalmoscope-and-otoscope-set/,,professional-diagnostic-equipment/product.html,301,6,,,
custom,,product-tag/ophthalmoscope-and-otoscope-set/,,professional-diagnostic-equipment/product.html,301,7,,,
custom,,product-tag/ophthlmoscope-head/,,professional-diagnostic-equipment/product/ophthalmoscope.html,301,1,,,
custom,,product-tag/ophthlmoscope-head/,,professional-diagnostic-equipment/product/ophthalmoscope.html,301,2,,,
custom,,product-tag/ophthlmoscope-head/,,professional-diagnostic-equipment/product/ophthalmoscope.html,301,3,,,
custom,,product-tag/ophthlmoscope-head/,,professional-diagnostic-equipment/product/ophthalmoscope.html,301,4,,,
custom,,product-tag/ophthlmoscope-head/,,professional-diagnostic-equipment/product/ophthalmoscope.html,301,5,,,
custom,,product-tag/ophthlmoscope-head/,,professional-diagnostic-equipment/product/ophthalmoscope.html,301,6,,,
custom,,product-tag/ophthlmoscope-head/,,professional-diagnostic-equipment/product/ophthalmoscope.html,301,7,,,
custom,,product-tag/otica-ishnee-overbed-table-hydraulic-in-601-branded-premium-quality/,,all-products.html,301,1,,,
custom,,product-tag/otica-ishnee-overbed-table-hydraulic-in-601-branded-premium-quality/,,all-products.html,301,2,,,
custom,,product-tag/otica-ishnee-overbed-table-hydraulic-in-601-branded-premium-quality/,,all-products.html,301,3,,,
custom,,product-tag/otica-ishnee-overbed-table-hydraulic-in-601-branded-premium-quality/,,all-products.html,301,4,,,
custom,,product-tag/otica-ishnee-overbed-table-hydraulic-in-601-branded-premium-quality/,,all-products.html,301,5,,,
custom,,product-tag/otica-ishnee-overbed-table-hydraulic-in-601-branded-premium-quality/,,all-products.html,301,6,,,
custom,,product-tag/otica-ishnee-overbed-table-hydraulic-in-601-branded-premium-quality/,,all-products.html,301,7,,,
custom,,product-tag/oxygen-concentrator/,,home-healthcare-devices/oxygen-concentrator.html,301,1,,,
custom,,product-tag/oxygen-concentrator/,,home-healthcare-devices/oxygen-concentrator.html,301,2,,,
custom,,product-tag/oxygen-concentrator/,,home-healthcare-devices/oxygen-concentrator.html,301,3,,,
custom,,product-tag/oxygen-concentrator/,,home-healthcare-devices/oxygen-concentrator.html,301,4,,,
custom,,product-tag/oxygen-concentrator/,,home-healthcare-devices/oxygen-concentrator.html,301,5,,,
custom,,product-tag/oxygen-concentrator/,,home-healthcare-devices/oxygen-concentrator.html,301,6,,,
custom,,product-tag/oxygen-concentrator/,,home-healthcare-devices/oxygen-concentrator.html,301,7,,,
custom,,product-tag/oxygen-concentrator-10/,,home-healthcare-devices/oxygen-concentrator.html,301,1,,,
custom,,product-tag/oxygen-concentrator-10/,,home-healthcare-devices/oxygen-concentrator.html,301,2,,,
custom,,product-tag/oxygen-concentrator-10/,,home-healthcare-devices/oxygen-concentrator.html,301,3,,,
custom,,product-tag/oxygen-concentrator-10/,,home-healthcare-devices/oxygen-concentrator.html,301,4,,,
custom,,product-tag/oxygen-concentrator-10/,,home-healthcare-devices/oxygen-concentrator.html,301,5,,,
custom,,product-tag/oxygen-concentrator-10/,,home-healthcare-devices/oxygen-concentrator.html,301,6,,,
custom,,product-tag/oxygen-concentrator-10/,,home-healthcare-devices/oxygen-concentrator.html,301,7,,,
custom,,product-tag/oxygen-concentrator-10l/,,home-healthcare-devices/oxygen-concentrator.html,301,1,,,
custom,,product-tag/oxygen-concentrator-10l/,,home-healthcare-devices/oxygen-concentrator.html,301,2,,,
custom,,product-tag/oxygen-concentrator-10l/,,home-healthcare-devices/oxygen-concentrator.html,301,3,,,
custom,,product-tag/oxygen-concentrator-10l/,,home-healthcare-devices/oxygen-concentrator.html,301,4,,,
custom,,product-tag/oxygen-concentrator-10l/,,home-healthcare-devices/oxygen-concentrator.html,301,5,,,
custom,,product-tag/oxygen-concentrator-10l/,,home-healthcare-devices/oxygen-concentrator.html,301,6,,,
custom,,product-tag/oxygen-concentrator-10l/,,home-healthcare-devices/oxygen-concentrator.html,301,7,,,
custom,,product-tag/oxygen-concentrator-10-ltr-for-home/,,home-healthcare-devices/oxygen-concentrator.html,301,1,,,
custom,,product-tag/oxygen-concentrator-10-ltr-for-home/,,home-healthcare-devices/oxygen-concentrator.html,301,2,,,
custom,,product-tag/oxygen-concentrator-10-ltr-for-home/,,home-healthcare-devices/oxygen-concentrator.html,301,3,,,
custom,,product-tag/oxygen-concentrator-10-ltr-for-home/,,home-healthcare-devices/oxygen-concentrator.html,301,4,,,
custom,,product-tag/oxygen-concentrator-10-ltr-for-home/,,home-healthcare-devices/oxygen-concentrator.html,301,5,,,
custom,,product-tag/oxygen-concentrator-10-ltr-for-home/,,home-healthcare-devices/oxygen-concentrator.html,301,6,,,
custom,,product-tag/oxygen-concentrator-10-ltr-for-home/,,home-healthcare-devices/oxygen-concentrator.html,301,7,,,
custom,,product-tag/oxygen-concentrator-20-ltr/,,home-healthcare-devices/oxygen-concentrator.html,301,1,,,
custom,,product-tag/oxygen-concentrator-20-ltr/,,home-healthcare-devices/oxygen-concentrator.html,301,2,,,
custom,,product-tag/oxygen-concentrator-20-ltr/,,home-healthcare-devices/oxygen-concentrator.html,301,3,,,
custom,,product-tag/oxygen-concentrator-20-ltr/,,home-healthcare-devices/oxygen-concentrator.html,301,4,,,
custom,,product-tag/oxygen-concentrator-20-ltr/,,home-healthcare-devices/oxygen-concentrator.html,301,5,,,
custom,,product-tag/oxygen-concentrator-20-ltr/,,home-healthcare-devices/oxygen-concentrator.html,301,6,,,
custom,,product-tag/oxygen-concentrator-20-ltr/,,home-healthcare-devices/oxygen-concentrator.html,301,7,,,
custom,,product-tag/oxygen-concentrator-25-litre/,,home-healthcare-devices/oxygen-concentrator.html,301,1,,,
custom,,product-tag/oxygen-concentrator-25-litre/,,home-healthcare-devices/oxygen-concentrator.html,301,2,,,
custom,,product-tag/oxygen-concentrator-25-litre/,,home-healthcare-devices/oxygen-concentrator.html,301,3,,,
custom,,product-tag/oxygen-concentrator-25-litre/,,home-healthcare-devices/oxygen-concentrator.html,301,4,,,
custom,,product-tag/oxygen-concentrator-25-litre/,,home-healthcare-devices/oxygen-concentrator.html,301,5,,,
custom,,product-tag/oxygen-concentrator-25-litre/,,home-healthcare-devices/oxygen-concentrator.html,301,6,,,
custom,,product-tag/oxygen-concentrator-25-litre/,,home-healthcare-devices/oxygen-concentrator.html,301,7,,,
custom,,product-tag/oxygen-concentrator-3-litre/,,home-healthcare-devices/oxygen-concentrator.html,301,1,,,
custom,,product-tag/oxygen-concentrator-3-litre/,,home-healthcare-devices/oxygen-concentrator.html,301,2,,,
custom,,product-tag/oxygen-concentrator-3-litre/,,home-healthcare-devices/oxygen-concentrator.html,301,3,,,
custom,,product-tag/oxygen-concentrator-3-litre/,,home-healthcare-devices/oxygen-concentrator.html,301,4,,,
custom,,product-tag/oxygen-concentrator-3-litre/,,home-healthcare-devices/oxygen-concentrator.html,301,5,,,
custom,,product-tag/oxygen-concentrator-3-litre/,,home-healthcare-devices/oxygen-concentrator.html,301,6,,,
custom,,product-tag/oxygen-concentrator-3-litre/,,home-healthcare-devices/oxygen-concentrator.html,301,7,,,
custom,,product-tag/oxygen-concentrator-5-litre-machine/,,home-healthcare-devices/oxygen-concentrator.html,301,1,,,
custom,,product-tag/oxygen-concentrator-5-litre-machine/,,home-healthcare-devices/oxygen-concentrator.html,301,2,,,
custom,,product-tag/oxygen-concentrator-5-litre-machine/,,home-healthcare-devices/oxygen-concentrator.html,301,3,,,
custom,,product-tag/oxygen-concentrator-5-litre-machine/,,home-healthcare-devices/oxygen-concentrator.html,301,4,,,
custom,,product-tag/oxygen-concentrator-5-litre-machine/,,home-healthcare-devices/oxygen-concentrator.html,301,5,,,
custom,,product-tag/oxygen-concentrator-5-litre-machine/,,home-healthcare-devices/oxygen-concentrator.html,301,6,,,
custom,,product-tag/oxygen-concentrator-5-litre-machine/,,home-healthcare-devices/oxygen-concentrator.html,301,7,,,
custom,,product-tag/oxygen-concentrator-5-ltr-philips/,,home-healthcare-devices/oxygen-concentrator.html,301,1,,,
custom,,product-tag/oxygen-concentrator-5-ltr-philips/,,home-healthcare-devices/oxygen-concentrator.html,301,2,,,
custom,,product-tag/oxygen-concentrator-5-ltr-philips/,,home-healthcare-devices/oxygen-concentrator.html,301,3,,,
custom,,product-tag/oxygen-concentrator-5-ltr-philips/,,home-healthcare-devices/oxygen-concentrator.html,301,4,,,
custom,,product-tag/oxygen-concentrator-5-ltr-philips/,,home-healthcare-devices/oxygen-concentrator.html,301,5,,,
custom,,product-tag/oxygen-concentrator-5-ltr-philips/,,home-healthcare-devices/oxygen-concentrator.html,301,6,,,
custom,,product-tag/oxygen-concentrator-5-ltr-philips/,,home-healthcare-devices/oxygen-concentrator.html,301,7,,,
custom,,product-tag/oxygen-concentrator-60-litre/,,home-healthcare-devices/oxygen-concentrator.html,301,1,,,
custom,,product-tag/oxygen-concentrator-60-litre/,,home-healthcare-devices/oxygen-concentrator.html,301,2,,,
custom,,product-tag/oxygen-concentrator-60-litre/,,home-healthcare-devices/oxygen-concentrator.html,301,3,,,
custom,,product-tag/oxygen-concentrator-60-litre/,,home-healthcare-devices/oxygen-concentrator.html,301,4,,,
custom,,product-tag/oxygen-concentrator-60-litre/,,home-healthcare-devices/oxygen-concentrator.html,301,5,,,
custom,,product-tag/oxygen-concentrator-60-litre/,,home-healthcare-devices/oxygen-concentrator.html,301,6,,,
custom,,product-tag/oxygen-concentrator-60-litre/,,home-healthcare-devices/oxygen-concentrator.html,301,7,,,
custom,,product-tag/oxygen-concentrator-6-litre/,,home-healthcare-devices/oxygen-concentrator.html,301,1,,,
custom,,product-tag/oxygen-concentrator-6-litre/,,home-healthcare-devices/oxygen-concentrator.html,301,2,,,
custom,,product-tag/oxygen-concentrator-6-litre/,,home-healthcare-devices/oxygen-concentrator.html,301,3,,,
custom,,product-tag/oxygen-concentrator-6-litre/,,home-healthcare-devices/oxygen-concentrator.html,301,4,,,
custom,,product-tag/oxygen-concentrator-6-litre/,,home-healthcare-devices/oxygen-concentrator.html,301,5,,,
custom,,product-tag/oxygen-concentrator-6-litre/,,home-healthcare-devices/oxygen-concentrator.html,301,6,,,
custom,,product-tag/oxygen-concentrator-6-litre/,,home-healthcare-devices/oxygen-concentrator.html,301,7,,,
custom,,product-tag/oxygen-concentrator-6lt/,,home-healthcare-devices/oxygen-concentrator.html,301,1,,,
custom,,product-tag/oxygen-concentrator-6lt/,,home-healthcare-devices/oxygen-concentrator.html,301,2,,,
custom,,product-tag/oxygen-concentrator-6lt/,,home-healthcare-devices/oxygen-concentrator.html,301,3,,,
custom,,product-tag/oxygen-concentrator-6lt/,,home-healthcare-devices/oxygen-concentrator.html,301,4,,,
custom,,product-tag/oxygen-concentrator-6lt/,,home-healthcare-devices/oxygen-concentrator.html,301,5,,,
custom,,product-tag/oxygen-concentrator-6lt/,,home-healthcare-devices/oxygen-concentrator.html,301,6,,,
custom,,product-tag/oxygen-concentrator-6lt/,,home-healthcare-devices/oxygen-concentrator.html,301,7,,,
custom,,product-tag/oxygen-concentrator-7l-for-home/,,home-healthcare-devices/oxygen-concentrator.html,301,1,,,
custom,,product-tag/oxygen-concentrator-7l-for-home/,,home-healthcare-devices/oxygen-concentrator.html,301,2,,,
custom,,product-tag/oxygen-concentrator-7l-for-home/,,home-healthcare-devices/oxygen-concentrator.html,301,3,,,
custom,,product-tag/oxygen-concentrator-7l-for-home/,,home-healthcare-devices/oxygen-concentrator.html,301,4,,,
custom,,product-tag/oxygen-concentrator-7l-for-home/,,home-healthcare-devices/oxygen-concentrator.html,301,5,,,
custom,,product-tag/oxygen-concentrator-7l-for-home/,,home-healthcare-devices/oxygen-concentrator.html,301,6,,,
custom,,product-tag/oxygen-concentrator-7l-for-home/,,home-healthcare-devices/oxygen-concentrator.html,301,7,,,
custom,,product-tag/oxygen-concentrator-7-litre/?add-to-cart=5880,,home-healthcare-devices/oxygen-concentrator.html,301,1,,,
custom,,product-tag/oxygen-concentrator-7-litre/?add-to-cart=5880,,home-healthcare-devices/oxygen-concentrator.html,301,2,,,
custom,,product-tag/oxygen-concentrator-7-litre/?add-to-cart=5880,,home-healthcare-devices/oxygen-concentrator.html,301,3,,,
custom,,product-tag/oxygen-concentrator-7-litre/?add-to-cart=5880,,home-healthcare-devices/oxygen-concentrator.html,301,4,,,
custom,,product-tag/oxygen-concentrator-7-litre/?add-to-cart=5880,,home-healthcare-devices/oxygen-concentrator.html,301,5,,,
custom,,product-tag/oxygen-concentrator-7-litre/?add-to-cart=5880,,home-healthcare-devices/oxygen-concentrator.html,301,6,,,
custom,,product-tag/oxygen-concentrator-7-litre/?add-to-cart=5880,,home-healthcare-devices/oxygen-concentrator.html,301,7,,,
custom,,product-tag/oxygen-concentrator-7-litre-machine/,,home-healthcare-devices/oxygen-concentrator.html,301,1,,,
custom,,product-tag/oxygen-concentrator-7-litre-machine/,,home-healthcare-devices/oxygen-concentrator.html,301,2,,,
custom,,product-tag/oxygen-concentrator-7-litre-machine/,,home-healthcare-devices/oxygen-concentrator.html,301,3,,,
custom,,product-tag/oxygen-concentrator-7-litre-machine/,,home-healthcare-devices/oxygen-concentrator.html,301,4,,,
custom,,product-tag/oxygen-concentrator-7-litre-machine/,,home-healthcare-devices/oxygen-concentrator.html,301,5,,,
custom,,product-tag/oxygen-concentrator-7-litre-machine/,,home-healthcare-devices/oxygen-concentrator.html,301,6,,,
custom,,product-tag/oxygen-concentrator-7-litre-machine/,,home-healthcare-devices/oxygen-concentrator.html,301,7,,,
custom,,product-tag/oxygen-concentrator-7-litre-machine-dedakj/,,home-healthcare-devices/oxygen-concentrator.html,301,1,,,
custom,,product-tag/oxygen-concentrator-7-litre-machine-dedakj/,,home-healthcare-devices/oxygen-concentrator.html,301,2,,,
custom,,product-tag/oxygen-concentrator-7-litre-machine-dedakj/,,home-healthcare-devices/oxygen-concentrator.html,301,3,,,
custom,,product-tag/oxygen-concentrator-7-litre-machine-dedakj/,,home-healthcare-devices/oxygen-concentrator.html,301,4,,,
custom,,product-tag/oxygen-concentrator-7-litre-machine-dedakj/,,home-healthcare-devices/oxygen-concentrator.html,301,5,,,
custom,,product-tag/oxygen-concentrator-7-litre-machine-dedakj/,,home-healthcare-devices/oxygen-concentrator.html,301,6,,,
custom,,product-tag/oxygen-concentrator-7-litre-machine-dedakj/,,home-healthcare-devices/oxygen-concentrator.html,301,7,,,
custom,,product-tag/oxygen-concentrator-8/,,home-healthcare-devices/oxygen-concentrator.html,301,1,,,
custom,,product-tag/oxygen-concentrator-8/,,home-healthcare-devices/oxygen-concentrator.html,301,2,,,
custom,,product-tag/oxygen-concentrator-8/,,home-healthcare-devices/oxygen-concentrator.html,301,3,,,
custom,,product-tag/oxygen-concentrator-8/,,home-healthcare-devices/oxygen-concentrator.html,301,4,,,
custom,,product-tag/oxygen-concentrator-8/,,home-healthcare-devices/oxygen-concentrator.html,301,5,,,
custom,,product-tag/oxygen-concentrator-8/,,home-healthcare-devices/oxygen-concentrator.html,301,6,,,
custom,,product-tag/oxygen-concentrator-8/,,home-healthcare-devices/oxygen-concentrator.html,301,7,,,
custom,,product-tag/oxygen-concentrator-8-litre/,,home-healthcare-devices/oxygen-concentrator.html,301,1,,,
custom,,product-tag/oxygen-concentrator-8-litre/,,home-healthcare-devices/oxygen-concentrator.html,301,2,,,
custom,,product-tag/oxygen-concentrator-8-litre/,,home-healthcare-devices/oxygen-concentrator.html,301,3,,,
custom,,product-tag/oxygen-concentrator-8-litre/,,home-healthcare-devices/oxygen-concentrator.html,301,4,,,
custom,,product-tag/oxygen-concentrator-8-litre/,,home-healthcare-devices/oxygen-concentrator.html,301,5,,,
custom,,product-tag/oxygen-concentrator-8-litre/,,home-healthcare-devices/oxygen-concentrator.html,301,6,,,
custom,,product-tag/oxygen-concentrator-8-litre/,,home-healthcare-devices/oxygen-concentrator.html,301,7,,,
custom,,product-tag/oxygen-concentrator-8-litre-machine/,,home-healthcare-devices/oxygen-concentrator.html,301,1,,,
custom,,product-tag/oxygen-concentrator-8-litre-machine/,,home-healthcare-devices/oxygen-concentrator.html,301,2,,,
custom,,product-tag/oxygen-concentrator-8-litre-machine/,,home-healthcare-devices/oxygen-concentrator.html,301,3,,,
custom,,product-tag/oxygen-concentrator-8-litre-machine/,,home-healthcare-devices/oxygen-concentrator.html,301,4,,,
custom,,product-tag/oxygen-concentrator-8-litre-machine/,,home-healthcare-devices/oxygen-concentrator.html,301,5,,,
custom,,product-tag/oxygen-concentrator-8-litre-machine/,,home-healthcare-devices/oxygen-concentrator.html,301,6,,,
custom,,product-tag/oxygen-concentrator-8-litre-machine/,,home-healthcare-devices/oxygen-concentrator.html,301,7,,,
custom,,product-tag/oxygen-concentrator-8lpm/,,home-healthcare-devices/oxygen-concentrator.html,301,1,,,
custom,,product-tag/oxygen-concentrator-8lpm/,,home-healthcare-devices/oxygen-concentrator.html,301,2,,,
custom,,product-tag/oxygen-concentrator-8lpm/,,home-healthcare-devices/oxygen-concentrator.html,301,3,,,
custom,,product-tag/oxygen-concentrator-8lpm/,,home-healthcare-devices/oxygen-concentrator.html,301,4,,,
custom,,product-tag/oxygen-concentrator-8lpm/,,home-healthcare-devices/oxygen-concentrator.html,301,5,,,
custom,,product-tag/oxygen-concentrator-8lpm/,,home-healthcare-devices/oxygen-concentrator.html,301,6,,,
custom,,product-tag/oxygen-concentrator-8lpm/,,home-healthcare-devices/oxygen-concentrator.html,301,7,,,
custom,,product-tag/oxygen-concentrator-8lpm/?add-to-cart=5880,,home-healthcare-devices/oxygen-concentrator.html,301,1,,,
custom,,product-tag/oxygen-concentrator-8lpm/?add-to-cart=5880,,home-healthcare-devices/oxygen-concentrator.html,301,2,,,
custom,,product-tag/oxygen-concentrator-8lpm/?add-to-cart=5880,,home-healthcare-devices/oxygen-concentrator.html,301,3,,,
custom,,product-tag/oxygen-concentrator-8lpm/?add-to-cart=5880,,home-healthcare-devices/oxygen-concentrator.html,301,4,,,
custom,,product-tag/oxygen-concentrator-8lpm/?add-to-cart=5880,,home-healthcare-devices/oxygen-concentrator.html,301,5,,,
custom,,product-tag/oxygen-concentrator-8lpm/?add-to-cart=5880,,home-healthcare-devices/oxygen-concentrator.html,301,6,,,
custom,,product-tag/oxygen-concentrator-8lpm/?add-to-cart=5880,,home-healthcare-devices/oxygen-concentrator.html,301,7,,,
custom,,product-tag/oxygen-concentrator-8-ltr/,,home-healthcare-devices/oxygen-concentrator.html,301,1,,,
custom,,product-tag/oxygen-concentrator-8-ltr/,,home-healthcare-devices/oxygen-concentrator.html,301,2,,,
custom,,product-tag/oxygen-concentrator-8-ltr/,,home-healthcare-devices/oxygen-concentrator.html,301,3,,,
custom,,product-tag/oxygen-concentrator-8-ltr/,,home-healthcare-devices/oxygen-concentrator.html,301,4,,,
custom,,product-tag/oxygen-concentrator-8-ltr/,,home-healthcare-devices/oxygen-concentrator.html,301,5,,,
custom,,product-tag/oxygen-concentrator-8-ltr/,,home-healthcare-devices/oxygen-concentrator.html,301,6,,,
custom,,product-tag/oxygen-concentrator-8-ltr/,,home-healthcare-devices/oxygen-concentrator.html,301,7,,,
custom,,product-tag/oxygen-concentrator-95/,,home-healthcare-devices/oxygen-concentrator.html,301,1,,,
custom,,product-tag/oxygen-concentrator-95/,,home-healthcare-devices/oxygen-concentrator.html,301,2,,,
custom,,product-tag/oxygen-concentrator-95/,,home-healthcare-devices/oxygen-concentrator.html,301,3,,,
custom,,product-tag/oxygen-concentrator-95/,,home-healthcare-devices/oxygen-concentrator.html,301,4,,,
custom,,product-tag/oxygen-concentrator-95/,,home-healthcare-devices/oxygen-concentrator.html,301,5,,,
custom,,product-tag/oxygen-concentrator-95/,,home-healthcare-devices/oxygen-concentrator.html,301,6,,,
custom,,product-tag/oxygen-concentrator-95/,,home-healthcare-devices/oxygen-concentrator.html,301,7,,,
custom,,product-tag/oxygen-concentrator-9lit/,,home-healthcare-devices/oxygen-concentrator.html,301,1,,,
custom,,product-tag/oxygen-concentrator-9lit/,,home-healthcare-devices/oxygen-concentrator.html,301,2,,,
custom,,product-tag/oxygen-concentrator-9lit/,,home-healthcare-devices/oxygen-concentrator.html,301,3,,,
custom,,product-tag/oxygen-concentrator-9lit/,,home-healthcare-devices/oxygen-concentrator.html,301,4,,,
custom,,product-tag/oxygen-concentrator-9lit/,,home-healthcare-devices/oxygen-concentrator.html,301,5,,,
custom,,product-tag/oxygen-concentrator-9lit/,,home-healthcare-devices/oxygen-concentrator.html,301,6,,,
custom,,product-tag/oxygen-concentrator-9lit/,,home-healthcare-devices/oxygen-concentrator.html,301,7,,,
custom,,product-tag/oxygen-concentrator-9-litre-93/,,home-healthcare-devices/oxygen-concentrator.html,301,1,,,
custom,,product-tag/oxygen-concentrator-9-litre-93/,,home-healthcare-devices/oxygen-concentrator.html,301,2,,,
custom,,product-tag/oxygen-concentrator-9-litre-93/,,home-healthcare-devices/oxygen-concentrator.html,301,3,,,
custom,,product-tag/oxygen-concentrator-9-litre-93/,,home-healthcare-devices/oxygen-concentrator.html,301,4,,,
custom,,product-tag/oxygen-concentrator-9-litre-93/,,home-healthcare-devices/oxygen-concentrator.html,301,5,,,
custom,,product-tag/oxygen-concentrator-9-litre-93/,,home-healthcare-devices/oxygen-concentrator.html,301,6,,,
custom,,product-tag/oxygen-concentrator-9-litre-93/,,home-healthcare-devices/oxygen-concentrator.html,301,7,,,
custom,,product-tag/oxygen-concentrator-9-ltr/,,home-healthcare-devices/oxygen-concentrator.html,301,1,,,
custom,,product-tag/oxygen-concentrator-9-ltr/,,home-healthcare-devices/oxygen-concentrator.html,301,2,,,
custom,,product-tag/oxygen-concentrator-9-ltr/,,home-healthcare-devices/oxygen-concentrator.html,301,3,,,
custom,,product-tag/oxygen-concentrator-9-ltr/,,home-healthcare-devices/oxygen-concentrator.html,301,4,,,
custom,,product-tag/oxygen-concentrator-9-ltr/,,home-healthcare-devices/oxygen-concentrator.html,301,5,,,
custom,,product-tag/oxygen-concentrator-9-ltr/,,home-healthcare-devices/oxygen-concentrator.html,301,6,,,
custom,,product-tag/oxygen-concentrator-9-ltr/,,home-healthcare-devices/oxygen-concentrator.html,301,7,,,
custom,,product-tag/oxygen-concentrator-accessories/,,home-healthcare-devices/oxygen-concentrator.html,301,1,,,
custom,,product-tag/oxygen-concentrator-accessories/,,home-healthcare-devices/oxygen-concentrator.html,301,2,,,
custom,,product-tag/oxygen-concentrator-accessories/,,home-healthcare-devices/oxygen-concentrator.html,301,3,,,
custom,,product-tag/oxygen-concentrator-accessories/,,home-healthcare-devices/oxygen-concentrator.html,301,4,,,
custom,,product-tag/oxygen-concentrator-accessories/,,home-healthcare-devices/oxygen-concentrator.html,301,5,,,
custom,,product-tag/oxygen-concentrator-accessories/,,home-healthcare-devices/oxygen-concentrator.html,301,6,,,
custom,,product-tag/oxygen-concentrator-accessories/,,home-healthcare-devices/oxygen-concentrator.html,301,7,,,
custom,,product-tag/oxygen-concentrator-accessories-pipe/,,home-healthcare-devices/oxygen-concentrator.html,301,1,,,
custom,,product-tag/oxygen-concentrator-accessories-pipe/,,home-healthcare-devices/oxygen-concentrator.html,301,2,,,
custom,,product-tag/oxygen-concentrator-accessories-pipe/,,home-healthcare-devices/oxygen-concentrator.html,301,3,,,
custom,,product-tag/oxygen-concentrator-accessories-pipe/,,home-healthcare-devices/oxygen-concentrator.html,301,4,,,
custom,,product-tag/oxygen-concentrator-accessories-pipe/,,home-healthcare-devices/oxygen-concentrator.html,301,5,,,
custom,,product-tag/oxygen-concentrator-accessories-pipe/,,home-healthcare-devices/oxygen-concentrator.html,301,6,,,
custom,,product-tag/oxygen-concentrator-accessories-pipe/,,home-healthcare-devices/oxygen-concentrator.html,301,7,,,
custom,,product-tag/oxygen-concentrator-amazon-fullfield/,,home-healthcare-devices/oxygen-concentrator.html,301,1,,,
custom,,product-tag/oxygen-concentrator-amazon-fullfield/,,home-healthcare-devices/oxygen-concentrator.html,301,2,,,
custom,,product-tag/oxygen-concentrator-amazon-fullfield/,,home-healthcare-devices/oxygen-concentrator.html,301,3,,,
custom,,product-tag/oxygen-concentrator-amazon-fullfield/,,home-healthcare-devices/oxygen-concentrator.html,301,4,,,
custom,,product-tag/oxygen-concentrator-amazon-fullfield/,,home-healthcare-devices/oxygen-concentrator.html,301,5,,,
custom,,product-tag/oxygen-concentrator-amazon-fullfield/,,home-healthcare-devices/oxygen-concentrator.html,301,6,,,
custom,,product-tag/oxygen-concentrator-amazon-fullfield/,,home-healthcare-devices/oxygen-concentrator.html,301,7,,,
custom,,product-tag/oxygen-concentrator-amonoy/,,home-healthcare-devices/oxygen-concentrator.html,301,1,,,
custom,,product-tag/oxygen-concentrator-amonoy/,,home-healthcare-devices/oxygen-concentrator.html,301,2,,,
custom,,product-tag/oxygen-concentrator-amonoy/,,home-healthcare-devices/oxygen-concentrator.html,301,3,,,
custom,,product-tag/oxygen-concentrator-amonoy/,,home-healthcare-devices/oxygen-concentrator.html,301,4,,,
custom,,product-tag/oxygen-concentrator-amonoy/,,home-healthcare-devices/oxygen-concentrator.html,301,5,,,
custom,,product-tag/oxygen-concentrator-amonoy/,,home-healthcare-devices/oxygen-concentrator.html,301,6,,,
custom,,product-tag/oxygen-concentrator-amonoy/,,home-healthcare-devices/oxygen-concentrator.html,301,7,,,
custom,,product-tag/oxygen-concentrator-ari/,,home-healthcare-devices/oxygen-concentrator.html,301,1,,,
custom,,product-tag/oxygen-concentrator-ari/,,home-healthcare-devices/oxygen-concentrator.html,301,2,,,
custom,,product-tag/oxygen-concentrator-ari/,,home-healthcare-devices/oxygen-concentrator.html,301,3,,,
custom,,product-tag/oxygen-concentrator-ari/,,home-healthcare-devices/oxygen-concentrator.html,301,4,,,
custom,,product-tag/oxygen-concentrator-ari/,,home-healthcare-devices/oxygen-concentrator.html,301,5,,,
custom,,product-tag/oxygen-concentrator-ari/,,home-healthcare-devices/oxygen-concentrator.html,301,6,,,
custom,,product-tag/oxygen-concentrator-ari/,,home-healthcare-devices/oxygen-concentrator.html,301,7,,,
custom,,product-tag/oxygen-concentrator-ari/?add-to-cart=5880,,home-healthcare-devices/oxygen-concentrator.html,301,1,,,
custom,,product-tag/oxygen-concentrator-ari/?add-to-cart=5880,,home-healthcare-devices/oxygen-concentrator.html,301,2,,,
custom,,product-tag/oxygen-concentrator-ari/?add-to-cart=5880,,home-healthcare-devices/oxygen-concentrator.html,301,3,,,
custom,,product-tag/oxygen-concentrator-ari/?add-to-cart=5880,,home-healthcare-devices/oxygen-concentrator.html,301,4,,,
custom,,product-tag/oxygen-concentrator-ari/?add-to-cart=5880,,home-healthcare-devices/oxygen-concentrator.html,301,5,,,
custom,,product-tag/oxygen-concentrator-ari/?add-to-cart=5880,,home-healthcare-devices/oxygen-concentrator.html,301,6,,,
custom,,product-tag/oxygen-concentrator-ari/?add-to-cart=5880,,home-healthcare-devices/oxygen-concentrator.html,301,7,,,
custom,,product-tag/oxygen-concentrator-battery/,,home-healthcare-devices/oxygen-concentrator.html,301,1,,,
custom,,product-tag/oxygen-concentrator-battery/,,home-healthcare-devices/oxygen-concentrator.html,301,2,,,
custom,,product-tag/oxygen-concentrator-battery/,,home-healthcare-devices/oxygen-concentrator.html,301,3,,,
custom,,product-tag/oxygen-concentrator-battery/,,home-healthcare-devices/oxygen-concentrator.html,301,4,,,
custom,,product-tag/oxygen-concentrator-battery/,,home-healthcare-devices/oxygen-concentrator.html,301,5,,,
custom,,product-tag/oxygen-concentrator-battery/,,home-healthcare-devices/oxygen-concentrator.html,301,6,,,
custom,,product-tag/oxygen-concentrator-battery/,,home-healthcare-devices/oxygen-concentrator.html,301,7,,,
custom,,product-tag/oxygen-concentrator-branded/,,home-healthcare-devices/oxygen-concentrator.html,301,1,,,
custom,,product-tag/oxygen-concentrator-branded/,,home-healthcare-devices/oxygen-concentrator.html,301,2,,,
custom,,product-tag/oxygen-concentrator-branded/,,home-healthcare-devices/oxygen-concentrator.html,301,3,,,
custom,,product-tag/oxygen-concentrator-branded/,,home-healthcare-devices/oxygen-concentrator.html,301,4,,,
custom,,product-tag/oxygen-concentrator-branded/,,home-healthcare-devices/oxygen-concentrator.html,301,5,,,
custom,,product-tag/oxygen-concentrator-branded/,,home-healthcare-devices/oxygen-concentrator.html,301,6,,,
custom,,product-tag/oxygen-concentrator-branded/,,home-healthcare-devices/oxygen-concentrator.html,301,7,,,
custom,,product-tag/oxygen-concentrator-car-adapter/?add-to-cart=5880,,home-healthcare-devices/oxygen-concentrator.html,301,1,,,
custom,,product-tag/oxygen-concentrator-car-adapter/?add-to-cart=5880,,home-healthcare-devices/oxygen-concentrator.html,301,2,,,
custom,,product-tag/oxygen-concentrator-car-adapter/?add-to-cart=5880,,home-healthcare-devices/oxygen-concentrator.html,301,3,,,
custom,,product-tag/oxygen-concentrator-car-adapter/?add-to-cart=5880,,home-healthcare-devices/oxygen-concentrator.html,301,4,,,
custom,,product-tag/oxygen-concentrator-car-adapter/?add-to-cart=5880,,home-healthcare-devices/oxygen-concentrator.html,301,5,,,
custom,,product-tag/oxygen-concentrator-car-adapter/?add-to-cart=5880,,home-healthcare-devices/oxygen-concentrator.html,301,6,,,
custom,,product-tag/oxygen-concentrator-car-adapter/?add-to-cart=5880,,home-healthcare-devices/oxygen-concentrator.html,301,7,,,
custom,,product-tag/oxygen-concentrator-connector-tube/,,home-healthcare-devices/oxygen-concentrator.html,301,1,,,
custom,,product-tag/oxygen-concentrator-connector-tube/,,home-healthcare-devices/oxygen-concentrator.html,301,2,,,
custom,,product-tag/oxygen-concentrator-connector-tube/,,home-healthcare-devices/oxygen-concentrator.html,301,3,,,
custom,,product-tag/oxygen-concentrator-connector-tube/,,home-healthcare-devices/oxygen-concentrator.html,301,4,,,
custom,,product-tag/oxygen-concentrator-connector-tube/,,home-healthcare-devices/oxygen-concentrator.html,301,5,,,
custom,,product-tag/oxygen-concentrator-connector-tube/,,home-healthcare-devices/oxygen-concentrator.html,301,6,,,
custom,,product-tag/oxygen-concentrator-connector-tube/,,home-healthcare-devices/oxygen-concentrator.html,301,7,,,
custom,,product-tag/oxygen-concentrator-cr-p5w/,,home-healthcare-devices/oxygen-concentrator.html,301,1,,,
custom,,product-tag/oxygen-concentrator-cr-p5w/,,home-healthcare-devices/oxygen-concentrator.html,301,2,,,
custom,,product-tag/oxygen-concentrator-cr-p5w/,,home-healthcare-devices/oxygen-concentrator.html,301,3,,,
custom,,product-tag/oxygen-concentrator-cr-p5w/,,home-healthcare-devices/oxygen-concentrator.html,301,4,,,
custom,,product-tag/oxygen-concentrator-cr-p5w/,,home-healthcare-devices/oxygen-concentrator.html,301,5,,,
custom,,product-tag/oxygen-concentrator-cr-p5w/,,home-healthcare-devices/oxygen-concentrator.html,301,6,,,
custom,,product-tag/oxygen-concentrator-cr-p5w/,,home-healthcare-devices/oxygen-concentrator.html,301,7,,,
custom,,product-tag/oxygen-concentrator-dedakj-de-1a/,,home-healthcare-devices/oxygen-concentrator.html,301,1,,,
custom,,product-tag/oxygen-concentrator-dedakj-de-1a/,,home-healthcare-devices/oxygen-concentrator.html,301,2,,,
custom,,product-tag/oxygen-concentrator-dedakj-de-1a/,,home-healthcare-devices/oxygen-concentrator.html,301,3,,,
custom,,product-tag/oxygen-concentrator-dedakj-de-1a/,,home-healthcare-devices/oxygen-concentrator.html,301,4,,,
custom,,product-tag/oxygen-concentrator-dedakj-de-1a/,,home-healthcare-devices/oxygen-concentrator.html,301,5,,,
custom,,product-tag/oxygen-concentrator-dedakj-de-1a/,,home-healthcare-devices/oxygen-concentrator.html,301,6,,,
custom,,product-tag/oxygen-concentrator-dedakj-de-1a/,,home-healthcare-devices/oxygen-concentrator.html,301,7,,,
custom,,product-tag/oxygen-concentrator-devilbiss/,,home-healthcare-devices/oxygen-concentrator.html,301,1,,,
custom,,product-tag/oxygen-concentrator-devilbiss/,,home-healthcare-devices/oxygen-concentrator.html,301,2,,,
custom,,product-tag/oxygen-concentrator-devilbiss/,,home-healthcare-devices/oxygen-concentrator.html,301,3,,,
custom,,product-tag/oxygen-concentrator-devilbiss/,,home-healthcare-devices/oxygen-concentrator.html,301,4,,,
custom,,product-tag/oxygen-concentrator-devilbiss/,,home-healthcare-devices/oxygen-concentrator.html,301,5,,,
custom,,product-tag/oxygen-concentrator-devilbiss/,,home-healthcare-devices/oxygen-concentrator.html,301,6,,,
custom,,product-tag/oxygen-concentrator-devilbiss/,,home-healthcare-devices/oxygen-concentrator.html,301,7,,,
custom,,product-tag/oxygen-concentrator-dr-morepen/,,home-healthcare-devices/oxygen-concentrator.html,301,1,,,
custom,,product-tag/oxygen-concentrator-dr-morepen/,,home-healthcare-devices/oxygen-concentrator.html,301,2,,,
custom,,product-tag/oxygen-concentrator-dr-morepen/,,home-healthcare-devices/oxygen-concentrator.html,301,3,,,
custom,,product-tag/oxygen-concentrator-dr-morepen/,,home-healthcare-devices/oxygen-concentrator.html,301,4,,,
custom,,product-tag/oxygen-concentrator-dr-morepen/,,home-healthcare-devices/oxygen-concentrator.html,301,5,,,
custom,,product-tag/oxygen-concentrator-dr-morepen/,,home-healthcare-devices/oxygen-concentrator.html,301,6,,,
custom,,product-tag/oxygen-concentrator-dr-morepen/,,home-healthcare-devices/oxygen-concentrator.html,301,7,,,
custom,,product-tag/oxygen-concentrator-dr-trust/,,home-healthcare-devices/oxygen-concentrator.html,301,1,,,
custom,,product-tag/oxygen-concentrator-dr-trust/,,home-healthcare-devices/oxygen-concentrator.html,301,2,,,
custom,,product-tag/oxygen-concentrator-dr-trust/,,home-healthcare-devices/oxygen-concentrator.html,301,3,,,
custom,,product-tag/oxygen-concentrator-dr-trust/,,home-healthcare-devices/oxygen-concentrator.html,301,4,,,
custom,,product-tag/oxygen-concentrator-dr-trust/,,home-healthcare-devices/oxygen-concentrator.html,301,5,,,
custom,,product-tag/oxygen-concentrator-dr-trust/,,home-healthcare-devices/oxygen-concentrator.html,301,6,,,
custom,,product-tag/oxygen-concentrator-dr-trust/,,home-healthcare-devices/oxygen-concentrator.html,301,7,,,
custom,,product-tag/oxygen-concentrator-dual/,,home-healthcare-devices/oxygen-concentrator.html,301,1,,,
custom,,product-tag/oxygen-concentrator-dual/,,home-healthcare-devices/oxygen-concentrator.html,301,2,,,
custom,,product-tag/oxygen-concentrator-dual/,,home-healthcare-devices/oxygen-concentrator.html,301,3,,,
custom,,product-tag/oxygen-concentrator-dual/,,home-healthcare-devices/oxygen-concentrator.html,301,4,,,
custom,,product-tag/oxygen-concentrator-dual/,,home-healthcare-devices/oxygen-concentrator.html,301,5,,,
custom,,product-tag/oxygen-concentrator-dual/,,home-healthcare-devices/oxygen-concentrator.html,301,6,,,
custom,,product-tag/oxygen-concentrator-dual/,,home-healthcare-devices/oxygen-concentrator.html,301,7,,,
custom,,product-tag/oxygen-concentrator-equipment/,,home-healthcare-devices/oxygen-concentrator.html,301,1,,,
custom,,product-tag/oxygen-concentrator-equipment/,,home-healthcare-devices/oxygen-concentrator.html,301,2,,,
custom,,product-tag/oxygen-concentrator-equipment/,,home-healthcare-devices/oxygen-concentrator.html,301,3,,,
custom,,product-tag/oxygen-concentrator-equipment/,,home-healthcare-devices/oxygen-concentrator.html,301,4,,,
custom,,product-tag/oxygen-concentrator-equipment/,,home-healthcare-devices/oxygen-concentrator.html,301,5,,,
custom,,product-tag/oxygen-concentrator-equipment/,,home-healthcare-devices/oxygen-concentrator.html,301,6,,,
custom,,product-tag/oxygen-concentrator-equipment/,,home-healthcare-devices/oxygen-concentrator.html,301,7,,,
custom,,product-tag/oxygen-concentrator-everflow/,,home-healthcare-devices/oxygen-concentrator.html,301,1,,,
custom,,product-tag/oxygen-concentrator-everflow/,,home-healthcare-devices/oxygen-concentrator.html,301,2,,,
custom,,product-tag/oxygen-concentrator-everflow/,,home-healthcare-devices/oxygen-concentrator.html,301,3,,,
custom,,product-tag/oxygen-concentrator-everflow/,,home-healthcare-devices/oxygen-concentrator.html,301,4,,,
custom,,product-tag/oxygen-concentrator-everflow/,,home-healthcare-devices/oxygen-concentrator.html,301,5,,,
custom,,product-tag/oxygen-concentrator-everflow/,,home-healthcare-devices/oxygen-concentrator.html,301,6,,,
custom,,product-tag/oxygen-concentrator-everflow/,,home-healthcare-devices/oxygen-concentrator.html,301,7,,,
custom,,product-tag/oxygen-concentrator-evox/,,home-healthcare-devices/oxygen-concentrator.html,301,1,,,
custom,,product-tag/oxygen-concentrator-evox/,,home-healthcare-devices/oxygen-concentrator.html,301,2,,,
custom,,product-tag/oxygen-concentrator-evox/,,home-healthcare-devices/oxygen-concentrator.html,301,3,,,
custom,,product-tag/oxygen-concentrator-evox/,,home-healthcare-devices/oxygen-concentrator.html,301,4,,,
custom,,product-tag/oxygen-concentrator-evox/,,home-healthcare-devices/oxygen-concentrator.html,301,5,,,
custom,,product-tag/oxygen-concentrator-evox/,,home-healthcare-devices/oxygen-concentrator.html,301,6,,,
custom,,product-tag/oxygen-concentrator-evox/,,home-healthcare-devices/oxygen-concentrator.html,301,7,,,
custom,,product-tag/oxygen-concentrator-evox-5-liters/,,home-healthcare-devices/oxygen-concentrator.html,301,1,,,
custom,,product-tag/oxygen-concentrator-evox-5-liters/,,home-healthcare-devices/oxygen-concentrator.html,301,2,,,
custom,,product-tag/oxygen-concentrator-evox-5-liters/,,home-healthcare-devices/oxygen-concentrator.html,301,3,,,
custom,,product-tag/oxygen-concentrator-evox-5-liters/,,home-healthcare-devices/oxygen-concentrator.html,301,4,,,
custom,,product-tag/oxygen-concentrator-evox-5-liters/,,home-healthcare-devices/oxygen-concentrator.html,301,5,,,
custom,,product-tag/oxygen-concentrator-evox-5-liters/,,home-healthcare-devices/oxygen-concentrator.html,301,6,,,
custom,,product-tag/oxygen-concentrator-evox-5-liters/,,home-healthcare-devices/oxygen-concentrator.html,301,7,,,
custom,,product-tag/oxygen-concentrator-exalta/,,home-healthcare-devices/oxygen-concentrator.html,301,1,,,
custom,,product-tag/oxygen-concentrator-exalta/,,home-healthcare-devices/oxygen-concentrator.html,301,2,,,
custom,,product-tag/oxygen-concentrator-exalta/,,home-healthcare-devices/oxygen-concentrator.html,301,3,,,
custom,,product-tag/oxygen-concentrator-exalta/,,home-healthcare-devices/oxygen-concentrator.html,301,4,,,
custom,,product-tag/oxygen-concentrator-exalta/,,home-healthcare-devices/oxygen-concentrator.html,301,5,,,
custom,,product-tag/oxygen-concentrator-exalta/,,home-healthcare-devices/oxygen-concentrator.html,301,6,,,
custom,,product-tag/oxygen-concentrator-exalta/,,home-healthcare-devices/oxygen-concentrator.html,301,7,,,
custom,,product-tag/oxygen-concentrator-filter/,,home-healthcare-devices/oxygen-concentrator.html,301,1,,,
custom,,product-tag/oxygen-concentrator-filter/,,home-healthcare-devices/oxygen-concentrator.html,301,2,,,
custom,,product-tag/oxygen-concentrator-filter/,,home-healthcare-devices/oxygen-concentrator.html,301,3,,,
custom,,product-tag/oxygen-concentrator-filter/,,home-healthcare-devices/oxygen-concentrator.html,301,4,,,
custom,,product-tag/oxygen-concentrator-filter/,,home-healthcare-devices/oxygen-concentrator.html,301,5,,,
custom,,product-tag/oxygen-concentrator-filter/,,home-healthcare-devices/oxygen-concentrator.html,301,6,,,
custom,,product-tag/oxygen-concentrator-filter/,,home-healthcare-devices/oxygen-concentrator.html,301,7,,,
custom,,product-tag/oxygen-concentrator-generator/,,home-healthcare-devices/oxygen-concentrator.html,301,1,,,
custom,,product-tag/oxygen-concentrator-generator/,,home-healthcare-devices/oxygen-concentrator.html,301,2,,,
custom,,product-tag/oxygen-concentrator-generator/,,home-healthcare-devices/oxygen-concentrator.html,301,3,,,
custom,,product-tag/oxygen-concentrator-generator/,,home-healthcare-devices/oxygen-concentrator.html,301,4,,,
custom,,product-tag/oxygen-concentrator-generator/,,home-healthcare-devices/oxygen-concentrator.html,301,5,,,
custom,,product-tag/oxygen-concentrator-generator/,,home-healthcare-devices/oxygen-concentrator.html,301,6,,,
custom,,product-tag/oxygen-concentrator-generator/,,home-healthcare-devices/oxygen-concentrator.html,301,7,,,
custom,,product-tag/oxygen-concentrator-german-technology/,,home-healthcare-devices/oxygen-concentrator.html,301,1,,,
custom,,product-tag/oxygen-concentrator-german-technology/,,home-healthcare-devices/oxygen-concentrator.html,301,2,,,
custom,,product-tag/oxygen-concentrator-german-technology/,,home-healthcare-devices/oxygen-concentrator.html,301,3,,,
custom,,product-tag/oxygen-concentrator-german-technology/,,home-healthcare-devices/oxygen-concentrator.html,301,4,,,
custom,,product-tag/oxygen-concentrator-german-technology/,,home-healthcare-devices/oxygen-concentrator.html,301,5,,,
custom,,product-tag/oxygen-concentrator-german-technology/,,home-healthcare-devices/oxygen-concentrator.html,301,6,,,
custom,,product-tag/oxygen-concentrator-german-technology/,,home-healthcare-devices/oxygen-concentrator.html,301,7,,,
custom,,product-tag/oxygen-concentrator-gvs/,,home-healthcare-devices/oxygen-concentrator.html,301,1,,,
custom,,product-tag/oxygen-concentrator-gvs/,,home-healthcare-devices/oxygen-concentrator.html,301,2,,,
custom,,product-tag/oxygen-concentrator-gvs/,,home-healthcare-devices/oxygen-concentrator.html,301,3,,,
custom,,product-tag/oxygen-concentrator-gvs/,,home-healthcare-devices/oxygen-concentrator.html,301,4,,,
custom,,product-tag/oxygen-concentrator-gvs/,,home-healthcare-devices/oxygen-concentrator.html,301,5,,,
