entity_type,entity_id,request_path,new_request_path,target_path,redirect_type,store_id,description,is_autogenerated,metadata
custom,,product-tag/oxygen-concentrator-gvs/,,home-healthcare-devices/oxygen-concentrator.html,301,6,,,
custom,,product-tag/oxygen-concentrator-gvs/,,home-healthcare-devices/oxygen-concentrator.html,301,7,,,
custom,,product-tag/oxygen-concentrator-home-medix/,,home-healthcare-devices/oxygen-concentrator.html,301,1,,,
custom,,product-tag/oxygen-concentrator-home-medix/,,home-healthcare-devices/oxygen-concentrator.html,301,2,,,
custom,,product-tag/oxygen-concentrator-home-medix/,,home-healthcare-devices/oxygen-concentrator.html,301,3,,,
custom,,product-tag/oxygen-concentrator-home-medix/,,home-healthcare-devices/oxygen-concentrator.html,301,4,,,
custom,,product-tag/oxygen-concentrator-home-medix/,,home-healthcare-devices/oxygen-concentrator.html,301,5,,,
custom,,product-tag/oxygen-concentrator-home-medix/,,home-healthcare-devices/oxygen-concentrator.html,301,6,,,
custom,,product-tag/oxygen-concentrator-home-medix/,,home-healthcare-devices/oxygen-concentrator.html,301,7,,,
custom,,product-tag/oxygen-concentrator-humidifier/,,home-healthcare-devices/oxygen-concentrator.html,301,1,,,
custom,,product-tag/oxygen-concentrator-humidifier/,,home-healthcare-devices/oxygen-concentrator.html,301,2,,,
custom,,product-tag/oxygen-concentrator-humidifier/,,home-healthcare-devices/oxygen-concentrator.html,301,3,,,
custom,,product-tag/oxygen-concentrator-humidifier/,,home-healthcare-devices/oxygen-concentrator.html,301,4,,,
custom,,product-tag/oxygen-concentrator-humidifier/,,home-healthcare-devices/oxygen-concentrator.html,301,5,,,
custom,,product-tag/oxygen-concentrator-humidifier/,,home-healthcare-devices/oxygen-concentrator.html,301,6,,,
custom,,product-tag/oxygen-concentrator-humidifier/,,home-healthcare-devices/oxygen-concentrator.html,301,7,,,
custom,,product-tag/oxygen-concentrator-humidifier-bottle/,,home-healthcare-devices/oxygen-concentrator.html,301,1,,,
custom,,product-tag/oxygen-concentrator-humidifier-bottle/,,home-healthcare-devices/oxygen-concentrator.html,301,2,,,
custom,,product-tag/oxygen-concentrator-humidifier-bottle/,,home-healthcare-devices/oxygen-concentrator.html,301,3,,,
custom,,product-tag/oxygen-concentrator-humidifier-bottle/,,home-healthcare-devices/oxygen-concentrator.html,301,4,,,
custom,,product-tag/oxygen-concentrator-humidifier-bottle/,,home-healthcare-devices/oxygen-concentrator.html,301,5,,,
custom,,product-tag/oxygen-concentrator-humidifier-bottle/,,home-healthcare-devices/oxygen-concentrator.html,301,6,,,
custom,,product-tag/oxygen-concentrator-humidifier-bottle/,,home-healthcare-devices/oxygen-concentrator.html,301,7,,,
custom,,product-tag/oxygen-concentrator-humidifier-tube/,,home-healthcare-devices/oxygen-concentrator.html,301,1,,,
custom,,product-tag/oxygen-concentrator-humidifier-tube/,,home-healthcare-devices/oxygen-concentrator.html,301,2,,,
custom,,product-tag/oxygen-concentrator-humidifier-tube/,,home-healthcare-devices/oxygen-concentrator.html,301,3,,,
custom,,product-tag/oxygen-concentrator-humidifier-tube/,,home-healthcare-devices/oxygen-concentrator.html,301,4,,,
custom,,product-tag/oxygen-concentrator-humidifier-tube/,,home-healthcare-devices/oxygen-concentrator.html,301,5,,,
custom,,product-tag/oxygen-concentrator-humidifier-tube/,,home-healthcare-devices/oxygen-concentrator.html,301,6,,,
custom,,product-tag/oxygen-concentrator-humidifier-tube/,,home-healthcare-devices/oxygen-concentrator.html,301,7,,,
custom,,product-tag/oxygen-concentrator-humidifier-tube-with-plastic-connector/,,home-healthcare-devices/oxygen-concentrator.html,301,1,,,
custom,,product-tag/oxygen-concentrator-humidifier-tube-with-plastic-connector/,,home-healthcare-devices/oxygen-concentrator.html,301,2,,,
custom,,product-tag/oxygen-concentrator-humidifier-tube-with-plastic-connector/,,home-healthcare-devices/oxygen-concentrator.html,301,3,,,
custom,,product-tag/oxygen-concentrator-humidifier-tube-with-plastic-connector/,,home-healthcare-devices/oxygen-concentrator.html,301,4,,,
custom,,product-tag/oxygen-concentrator-humidifier-tube-with-plastic-connector/,,home-healthcare-devices/oxygen-concentrator.html,301,5,,,
custom,,product-tag/oxygen-concentrator-humidifier-tube-with-plastic-connector/,,home-healthcare-devices/oxygen-concentrator.html,301,6,,,
custom,,product-tag/oxygen-concentrator-humidifier-tube-with-plastic-connector/,,home-healthcare-devices/oxygen-concentrator.html,301,7,,,
custom,,product-tag/oxygen-concentrator-india/,,home-healthcare-devices/oxygen-concentrator.html,301,1,,,
custom,,product-tag/oxygen-concentrator-india/,,home-healthcare-devices/oxygen-concentrator.html,301,2,,,
custom,,product-tag/oxygen-concentrator-india/,,home-healthcare-devices/oxygen-concentrator.html,301,3,,,
custom,,product-tag/oxygen-concentrator-india/,,home-healthcare-devices/oxygen-concentrator.html,301,4,,,
custom,,product-tag/oxygen-concentrator-india/,,home-healthcare-devices/oxygen-concentrator.html,301,5,,,
custom,,product-tag/oxygen-concentrator-india/,,home-healthcare-devices/oxygen-concentrator.html,301,6,,,
custom,,product-tag/oxygen-concentrator-india/,,home-healthcare-devices/oxygen-concentrator.html,301,7,,,
custom,,product-tag/oxygen-concentrator-india/?add-to-cart=5880,,home-healthcare-devices/oxygen-concentrator.html,301,1,,,
custom,,product-tag/oxygen-concentrator-india/?add-to-cart=5880,,home-healthcare-devices/oxygen-concentrator.html,301,2,,,
custom,,product-tag/oxygen-concentrator-india/?add-to-cart=5880,,home-healthcare-devices/oxygen-concentrator.html,301,3,,,
custom,,product-tag/oxygen-concentrator-india/?add-to-cart=5880,,home-healthcare-devices/oxygen-concentrator.html,301,4,,,
custom,,product-tag/oxygen-concentrator-india/?add-to-cart=5880,,home-healthcare-devices/oxygen-concentrator.html,301,5,,,
custom,,product-tag/oxygen-concentrator-india/?add-to-cart=5880,,home-healthcare-devices/oxygen-concentrator.html,301,6,,,
custom,,product-tag/oxygen-concentrator-india/?add-to-cart=5880,,home-healthcare-devices/oxygen-concentrator.html,301,7,,,
custom,,product-tag/oxygen-concentrator-in-india/,,home-healthcare-devices/oxygen-concentrator.html,301,1,,,
custom,,product-tag/oxygen-concentrator-in-india/,,home-healthcare-devices/oxygen-concentrator.html,301,2,,,
custom,,product-tag/oxygen-concentrator-in-india/,,home-healthcare-devices/oxygen-concentrator.html,301,3,,,
custom,,product-tag/oxygen-concentrator-in-india/,,home-healthcare-devices/oxygen-concentrator.html,301,4,,,
custom,,product-tag/oxygen-concentrator-in-india/,,home-healthcare-devices/oxygen-concentrator.html,301,5,,,
custom,,product-tag/oxygen-concentrator-in-india/,,home-healthcare-devices/oxygen-concentrator.html,301,6,,,
custom,,product-tag/oxygen-concentrator-in-india/,,home-healthcare-devices/oxygen-concentrator.html,301,7,,,
custom,,product-tag/oxygen-concentrator-invacare/,,home-healthcare-devices/oxygen-concentrator.html,301,1,,,
custom,,product-tag/oxygen-concentrator-invacare/,,home-healthcare-devices/oxygen-concentrator.html,301,2,,,
custom,,product-tag/oxygen-concentrator-invacare/,,home-healthcare-devices/oxygen-concentrator.html,301,3,,,
custom,,product-tag/oxygen-concentrator-invacare/,,home-healthcare-devices/oxygen-concentrator.html,301,4,,,
custom,,product-tag/oxygen-concentrator-invacare/,,home-healthcare-devices/oxygen-concentrator.html,301,5,,,
custom,,product-tag/oxygen-concentrator-invacare/,,home-healthcare-devices/oxygen-concentrator.html,301,6,,,
custom,,product-tag/oxygen-concentrator-invacare/,,home-healthcare-devices/oxygen-concentrator.html,301,7,,,
custom,,product-tag/oxygen-concentrator-in-warranty/,,home-healthcare-devices/oxygen-concentrator.html,301,1,,,
custom,,product-tag/oxygen-concentrator-in-warranty/,,home-healthcare-devices/oxygen-concentrator.html,301,2,,,
custom,,product-tag/oxygen-concentrator-in-warranty/,,home-healthcare-devices/oxygen-concentrator.html,301,3,,,
custom,,product-tag/oxygen-concentrator-in-warranty/,,home-healthcare-devices/oxygen-concentrator.html,301,4,,,
custom,,product-tag/oxygen-concentrator-in-warranty/,,home-healthcare-devices/oxygen-concentrator.html,301,5,,,
custom,,product-tag/oxygen-concentrator-in-warranty/,,home-healthcare-devices/oxygen-concentrator.html,301,6,,,
custom,,product-tag/oxygen-concentrator-in-warranty/,,home-healthcare-devices/oxygen-concentrator.html,301,7,,,
custom,,product-tag/oxygen-concentrator-j10/,,home-healthcare-devices/oxygen-concentrator.html,301,1,,,
custom,,product-tag/oxygen-concentrator-j10/,,home-healthcare-devices/oxygen-concentrator.html,301,2,,,
custom,,product-tag/oxygen-concentrator-j10/,,home-healthcare-devices/oxygen-concentrator.html,301,3,,,
custom,,product-tag/oxygen-concentrator-j10/,,home-healthcare-devices/oxygen-concentrator.html,301,4,,,
custom,,product-tag/oxygen-concentrator-j10/,,home-healthcare-devices/oxygen-concentrator.html,301,5,,,
custom,,product-tag/oxygen-concentrator-j10/,,home-healthcare-devices/oxygen-concentrator.html,301,6,,,
custom,,product-tag/oxygen-concentrator-j10/,,home-healthcare-devices/oxygen-concentrator.html,301,7,,,
custom,,product-tag/oxygen-concentrator-jay-10/,,home-healthcare-devices/oxygen-concentrator.html,301,1,,,
custom,,product-tag/oxygen-concentrator-jay-10/,,home-healthcare-devices/oxygen-concentrator.html,301,2,,,
custom,,product-tag/oxygen-concentrator-jay-10/,,home-healthcare-devices/oxygen-concentrator.html,301,3,,,
custom,,product-tag/oxygen-concentrator-jay-10/,,home-healthcare-devices/oxygen-concentrator.html,301,4,,,
custom,,product-tag/oxygen-concentrator-jay-10/,,home-healthcare-devices/oxygen-concentrator.html,301,5,,,
custom,,product-tag/oxygen-concentrator-jay-10/,,home-healthcare-devices/oxygen-concentrator.html,301,6,,,
custom,,product-tag/oxygen-concentrator-jay-10/,,home-healthcare-devices/oxygen-concentrator.html,301,7,,,
custom,,product-tag/oxygen-concentrator-jay-10/?add-to-cart=5880,,home-healthcare-devices/oxygen-concentrator.html,301,1,,,
custom,,product-tag/oxygen-concentrator-jay-10/?add-to-cart=5880,,home-healthcare-devices/oxygen-concentrator.html,301,2,,,
custom,,product-tag/oxygen-concentrator-jay-10/?add-to-cart=5880,,home-healthcare-devices/oxygen-concentrator.html,301,3,,,
custom,,product-tag/oxygen-concentrator-jay-10/?add-to-cart=5880,,home-healthcare-devices/oxygen-concentrator.html,301,4,,,
custom,,product-tag/oxygen-concentrator-jay-10/?add-to-cart=5880,,home-healthcare-devices/oxygen-concentrator.html,301,5,,,
custom,,product-tag/oxygen-concentrator-jay-10/?add-to-cart=5880,,home-healthcare-devices/oxygen-concentrator.html,301,6,,,
custom,,product-tag/oxygen-concentrator-jay-10/?add-to-cart=5880,,home-healthcare-devices/oxygen-concentrator.html,301,7,,,
custom,,product-tag/oxygen-concentrator-jmc5a-ni/,,home-healthcare-devices/oxygen-concentrator.html,301,1,,,
custom,,product-tag/oxygen-concentrator-jmc5a-ni/,,home-healthcare-devices/oxygen-concentrator.html,301,2,,,
custom,,product-tag/oxygen-concentrator-jmc5a-ni/,,home-healthcare-devices/oxygen-concentrator.html,301,3,,,
custom,,product-tag/oxygen-concentrator-jmc5a-ni/,,home-healthcare-devices/oxygen-concentrator.html,301,4,,,
custom,,product-tag/oxygen-concentrator-jmc5a-ni/,,home-healthcare-devices/oxygen-concentrator.html,301,5,,,
custom,,product-tag/oxygen-concentrator-jmc5a-ni/,,home-healthcare-devices/oxygen-concentrator.html,301,6,,,
custom,,product-tag/oxygen-concentrator-jmc5a-ni/,,home-healthcare-devices/oxygen-concentrator.html,301,7,,,
custom,,product-tag/oxygen-concentrator-jmc5a-ni/feed/,,home-healthcare-devices/oxygen-concentrator.html,301,1,,,
custom,,product-tag/oxygen-concentrator-jmc5a-ni/feed/,,home-healthcare-devices/oxygen-concentrator.html,301,2,,,
custom,,product-tag/oxygen-concentrator-jmc5a-ni/feed/,,home-healthcare-devices/oxygen-concentrator.html,301,3,,,
custom,,product-tag/oxygen-concentrator-jmc5a-ni/feed/,,home-healthcare-devices/oxygen-concentrator.html,301,4,,,
custom,,product-tag/oxygen-concentrator-jmc5a-ni/feed/,,home-healthcare-devices/oxygen-concentrator.html,301,5,,,
custom,,product-tag/oxygen-concentrator-jmc5a-ni/feed/,,home-healthcare-devices/oxygen-concentrator.html,301,6,,,
custom,,product-tag/oxygen-concentrator-jmc5a-ni/feed/,,home-healthcare-devices/oxygen-concentrator.html,301,7,,,
custom,,product-tag/oxygen-concentrator-jumao-5l/,,home-healthcare-devices/oxygen-concentrator.html,301,1,,,
custom,,product-tag/oxygen-concentrator-jumao-5l/,,home-healthcare-devices/oxygen-concentrator.html,301,2,,,
custom,,product-tag/oxygen-concentrator-jumao-5l/,,home-healthcare-devices/oxygen-concentrator.html,301,3,,,
custom,,product-tag/oxygen-concentrator-jumao-5l/,,home-healthcare-devices/oxygen-concentrator.html,301,4,,,
custom,,product-tag/oxygen-concentrator-jumao-5l/,,home-healthcare-devices/oxygen-concentrator.html,301,5,,,
custom,,product-tag/oxygen-concentrator-jumao-5l/,,home-healthcare-devices/oxygen-concentrator.html,301,6,,,
custom,,product-tag/oxygen-concentrator-jumao-5l/,,home-healthcare-devices/oxygen-concentrator.html,301,7,,,
custom,,product-tag/oxygen-concentrator-jumao-machine-5-ltr/,,home-healthcare-devices/oxygen-concentrator.html,301,1,,,
custom,,product-tag/oxygen-concentrator-jumao-machine-5-ltr/,,home-healthcare-devices/oxygen-concentrator.html,301,2,,,
custom,,product-tag/oxygen-concentrator-jumao-machine-5-ltr/,,home-healthcare-devices/oxygen-concentrator.html,301,3,,,
custom,,product-tag/oxygen-concentrator-jumao-machine-5-ltr/,,home-healthcare-devices/oxygen-concentrator.html,301,4,,,
custom,,product-tag/oxygen-concentrator-jumao-machine-5-ltr/,,home-healthcare-devices/oxygen-concentrator.html,301,5,,,
custom,,product-tag/oxygen-concentrator-jumao-machine-5-ltr/,,home-healthcare-devices/oxygen-concentrator.html,301,6,,,
custom,,product-tag/oxygen-concentrator-jumao-machine-5-ltr/,,home-healthcare-devices/oxygen-concentrator.html,301,7,,,
custom,,product-tag/oxygen-concentrator-k5bw/,,home-healthcare-devices/oxygen-concentrator.html,301,1,,,
custom,,product-tag/oxygen-concentrator-k5bw/,,home-healthcare-devices/oxygen-concentrator.html,301,2,,,
custom,,product-tag/oxygen-concentrator-k5bw/,,home-healthcare-devices/oxygen-concentrator.html,301,3,,,
custom,,product-tag/oxygen-concentrator-k5bw/,,home-healthcare-devices/oxygen-concentrator.html,301,4,,,
custom,,product-tag/oxygen-concentrator-k5bw/,,home-healthcare-devices/oxygen-concentrator.html,301,5,,,
custom,,product-tag/oxygen-concentrator-k5bw/,,home-healthcare-devices/oxygen-concentrator.html,301,6,,,
custom,,product-tag/oxygen-concentrator-k5bw/,,home-healthcare-devices/oxygen-concentrator.html,301,7,,,
custom,,product-tag/oxygen-concentrator-kit/,,home-healthcare-devices/oxygen-concentrator.html,301,1,,,
custom,,product-tag/oxygen-concentrator-kit/,,home-healthcare-devices/oxygen-concentrator.html,301,2,,,
custom,,product-tag/oxygen-concentrator-kit/,,home-healthcare-devices/oxygen-concentrator.html,301,3,,,
custom,,product-tag/oxygen-concentrator-kit/,,home-healthcare-devices/oxygen-concentrator.html,301,4,,,
custom,,product-tag/oxygen-concentrator-kit/,,home-healthcare-devices/oxygen-concentrator.html,301,5,,,
custom,,product-tag/oxygen-concentrator-kit/,,home-healthcare-devices/oxygen-concentrator.html,301,6,,,
custom,,product-tag/oxygen-concentrator-kit/,,home-healthcare-devices/oxygen-concentrator.html,301,7,,,
custom,,product-tag/oxygen-concentrator-konsung/,,home-healthcare-devices/oxygen-concentrator.html,301,1,,,
custom,,product-tag/oxygen-concentrator-konsung/,,home-healthcare-devices/oxygen-concentrator.html,301,2,,,
custom,,product-tag/oxygen-concentrator-konsung/,,home-healthcare-devices/oxygen-concentrator.html,301,3,,,
custom,,product-tag/oxygen-concentrator-konsung/,,home-healthcare-devices/oxygen-concentrator.html,301,4,,,
custom,,product-tag/oxygen-concentrator-konsung/,,home-healthcare-devices/oxygen-concentrator.html,301,5,,,
custom,,product-tag/oxygen-concentrator-konsung/,,home-healthcare-devices/oxygen-concentrator.html,301,6,,,
custom,,product-tag/oxygen-concentrator-konsung/,,home-healthcare-devices/oxygen-concentrator.html,301,7,,,
custom,,product-tag/oxygen-concentrator-konsung/?add_to_wishlist=5880&_wpnonce=b127f6b958,,home-healthcare-devices/oxygen-concentrator.html,301,1,,,
custom,,product-tag/oxygen-concentrator-konsung/?add_to_wishlist=5880&_wpnonce=b127f6b958,,home-healthcare-devices/oxygen-concentrator.html,301,2,,,
custom,,product-tag/oxygen-concentrator-konsung/?add_to_wishlist=5880&_wpnonce=b127f6b958,,home-healthcare-devices/oxygen-concentrator.html,301,3,,,
custom,,product-tag/oxygen-concentrator-konsung/?add_to_wishlist=5880&_wpnonce=b127f6b958,,home-healthcare-devices/oxygen-concentrator.html,301,4,,,
custom,,product-tag/oxygen-concentrator-konsung/?add_to_wishlist=5880&_wpnonce=b127f6b958,,home-healthcare-devices/oxygen-concentrator.html,301,5,,,
custom,,product-tag/oxygen-concentrator-konsung/?add_to_wishlist=5880&_wpnonce=b127f6b958,,home-healthcare-devices/oxygen-concentrator.html,301,6,,,
custom,,product-tag/oxygen-concentrator-konsung/?add_to_wishlist=5880&_wpnonce=b127f6b958,,home-healthcare-devices/oxygen-concentrator.html,301,7,,,
custom,,product-tag/oxygen-concentrator-konsung/?add-to-cart=5880,,home-healthcare-devices/oxygen-concentrator.html,301,1,,,
custom,,product-tag/oxygen-concentrator-konsung/?add-to-cart=5880,,home-healthcare-devices/oxygen-concentrator.html,301,2,,,
custom,,product-tag/oxygen-concentrator-konsung/?add-to-cart=5880,,home-healthcare-devices/oxygen-concentrator.html,301,3,,,
custom,,product-tag/oxygen-concentrator-konsung/?add-to-cart=5880,,home-healthcare-devices/oxygen-concentrator.html,301,4,,,
custom,,product-tag/oxygen-concentrator-konsung/?add-to-cart=5880,,home-healthcare-devices/oxygen-concentrator.html,301,5,,,
custom,,product-tag/oxygen-concentrator-konsung/?add-to-cart=5880,,home-healthcare-devices/oxygen-concentrator.html,301,6,,,
custom,,product-tag/oxygen-concentrator-konsung/?add-to-cart=5880,,home-healthcare-devices/oxygen-concentrator.html,301,7,,,
custom,,product-tag/oxygen-concentrator-konsung/feed/,,home-healthcare-devices/oxygen-concentrator.html,301,1,,,
custom,,product-tag/oxygen-concentrator-konsung/feed/,,home-healthcare-devices/oxygen-concentrator.html,301,2,,,
custom,,product-tag/oxygen-concentrator-konsung/feed/,,home-healthcare-devices/oxygen-concentrator.html,301,3,,,
custom,,product-tag/oxygen-concentrator-konsung/feed/,,home-healthcare-devices/oxygen-concentrator.html,301,4,,,
custom,,product-tag/oxygen-concentrator-konsung/feed/,,home-healthcare-devices/oxygen-concentrator.html,301,5,,,
custom,,product-tag/oxygen-concentrator-konsung/feed/,,home-healthcare-devices/oxygen-concentrator.html,301,6,,,
custom,,product-tag/oxygen-concentrator-konsung/feed/,,home-healthcare-devices/oxygen-concentrator.html,301,7,,,
custom,,product-tag/oxygen-concentrator-ksoc-10/,,home-healthcare-devices/oxygen-concentrator.html,301,1,,,
custom,,product-tag/oxygen-concentrator-ksoc-10/,,home-healthcare-devices/oxygen-concentrator.html,301,2,,,
custom,,product-tag/oxygen-concentrator-ksoc-10/,,home-healthcare-devices/oxygen-concentrator.html,301,3,,,
custom,,product-tag/oxygen-concentrator-ksoc-10/,,home-healthcare-devices/oxygen-concentrator.html,301,4,,,
custom,,product-tag/oxygen-concentrator-ksoc-10/,,home-healthcare-devices/oxygen-concentrator.html,301,5,,,
custom,,product-tag/oxygen-concentrator-ksoc-10/,,home-healthcare-devices/oxygen-concentrator.html,301,6,,,
custom,,product-tag/oxygen-concentrator-ksoc-10/,,home-healthcare-devices/oxygen-concentrator.html,301,7,,,
custom,,product-tag/oxygen-concentrator-ksoc-5/,,home-healthcare-devices/oxygen-concentrator.html,301,1,,,
custom,,product-tag/oxygen-concentrator-ksoc-5/,,home-healthcare-devices/oxygen-concentrator.html,301,2,,,
custom,,product-tag/oxygen-concentrator-ksoc-5/,,home-healthcare-devices/oxygen-concentrator.html,301,3,,,
custom,,product-tag/oxygen-concentrator-ksoc-5/,,home-healthcare-devices/oxygen-concentrator.html,301,4,,,
custom,,product-tag/oxygen-concentrator-ksoc-5/,,home-healthcare-devices/oxygen-concentrator.html,301,5,,,
custom,,product-tag/oxygen-concentrator-ksoc-5/,,home-healthcare-devices/oxygen-concentrator.html,301,6,,,
custom,,product-tag/oxygen-concentrator-ksoc-5/,,home-healthcare-devices/oxygen-concentrator.html,301,7,,,
custom,,product-tag/oxygen-concentrator-ksoc-5/?add-to-cart=5880,,home-healthcare-devices/oxygen-concentrator.html,301,1,,,
custom,,product-tag/oxygen-concentrator-ksoc-5/?add-to-cart=5880,,home-healthcare-devices/oxygen-concentrator.html,301,2,,,
custom,,product-tag/oxygen-concentrator-ksoc-5/?add-to-cart=5880,,home-healthcare-devices/oxygen-concentrator.html,301,3,,,
custom,,product-tag/oxygen-concentrator-ksoc-5/?add-to-cart=5880,,home-healthcare-devices/oxygen-concentrator.html,301,4,,,
custom,,product-tag/oxygen-concentrator-ksoc-5/?add-to-cart=5880,,home-healthcare-devices/oxygen-concentrator.html,301,5,,,
custom,,product-tag/oxygen-concentrator-ksoc-5/?add-to-cart=5880,,home-healthcare-devices/oxygen-concentrator.html,301,6,,,
custom,,product-tag/oxygen-concentrator-ksoc-5/?add-to-cart=5880,,home-healthcare-devices/oxygen-concentrator.html,301,7,,,
custom,,product-tag/oxygen-concentrator-l/,,home-healthcare-devices/oxygen-concentrator.html,301,1,,,
custom,,product-tag/oxygen-concentrator-l/,,home-healthcare-devices/oxygen-concentrator.html,301,2,,,
custom,,product-tag/oxygen-concentrator-l/,,home-healthcare-devices/oxygen-concentrator.html,301,3,,,
custom,,product-tag/oxygen-concentrator-l/,,home-healthcare-devices/oxygen-concentrator.html,301,4,,,
custom,,product-tag/oxygen-concentrator-l/,,home-healthcare-devices/oxygen-concentrator.html,301,5,,,
custom,,product-tag/oxygen-concentrator-l/,,home-healthcare-devices/oxygen-concentrator.html,301,6,,,
custom,,product-tag/oxygen-concentrator-l/,,home-healthcare-devices/oxygen-concentrator.html,301,7,,,
custom,,product-tag/oxygen-concentrator-landwind/,,home-healthcare-devices/oxygen-concentrator.html,301,1,,,
custom,,product-tag/oxygen-concentrator-landwind/,,home-healthcare-devices/oxygen-concentrator.html,301,2,,,
custom,,product-tag/oxygen-concentrator-landwind/,,home-healthcare-devices/oxygen-concentrator.html,301,3,,,
custom,,product-tag/oxygen-concentrator-landwind/,,home-healthcare-devices/oxygen-concentrator.html,301,4,,,
custom,,product-tag/oxygen-concentrator-landwind/,,home-healthcare-devices/oxygen-concentrator.html,301,5,,,
custom,,product-tag/oxygen-concentrator-landwind/,,home-healthcare-devices/oxygen-concentrator.html,301,6,,,
custom,,product-tag/oxygen-concentrator-landwind/,,home-healthcare-devices/oxygen-concentrator.html,301,7,,,
custom,,product-tag/oxygen-concentrator-lg/,,home-healthcare-devices/oxygen-concentrator.html,301,1,,,
custom,,product-tag/oxygen-concentrator-lg/,,home-healthcare-devices/oxygen-concentrator.html,301,2,,,
custom,,product-tag/oxygen-concentrator-lg/,,home-healthcare-devices/oxygen-concentrator.html,301,3,,,
custom,,product-tag/oxygen-concentrator-lg/,,home-healthcare-devices/oxygen-concentrator.html,301,4,,,
custom,,product-tag/oxygen-concentrator-lg/,,home-healthcare-devices/oxygen-concentrator.html,301,5,,,
custom,,product-tag/oxygen-concentrator-lg/,,home-healthcare-devices/oxygen-concentrator.html,301,6,,,
custom,,product-tag/oxygen-concentrator-lg/,,home-healthcare-devices/oxygen-concentrator.html,301,7,,,
custom,,product-tag/oxygen-concentrator-lifeline/,,home-healthcare-devices/oxygen-concentrator.html,301,1,,,
custom,,product-tag/oxygen-concentrator-lifeline/,,home-healthcare-devices/oxygen-concentrator.html,301,2,,,
custom,,product-tag/oxygen-concentrator-lifeline/,,home-healthcare-devices/oxygen-concentrator.html,301,3,,,
custom,,product-tag/oxygen-concentrator-lifeline/,,home-healthcare-devices/oxygen-concentrator.html,301,4,,,
custom,,product-tag/oxygen-concentrator-lifeline/,,home-healthcare-devices/oxygen-concentrator.html,301,5,,,
custom,,product-tag/oxygen-concentrator-lifeline/,,home-healthcare-devices/oxygen-concentrator.html,301,6,,,
custom,,product-tag/oxygen-concentrator-lifeline/,,home-healthcare-devices/oxygen-concentrator.html,301,7,,,
custom,,product-tag/oxygen-concentrator-long-tube/,,home-healthcare-devices/oxygen-concentrator.html,301,1,,,
custom,,product-tag/oxygen-concentrator-long-tube/,,home-healthcare-devices/oxygen-concentrator.html,301,2,,,
custom,,product-tag/oxygen-concentrator-long-tube/,,home-healthcare-devices/oxygen-concentrator.html,301,3,,,
custom,,product-tag/oxygen-concentrator-long-tube/,,home-healthcare-devices/oxygen-concentrator.html,301,4,,,
custom,,product-tag/oxygen-concentrator-long-tube/,,home-healthcare-devices/oxygen-concentrator.html,301,5,,,
custom,,product-tag/oxygen-concentrator-long-tube/,,home-healthcare-devices/oxygen-concentrator.html,301,6,,,
custom,,product-tag/oxygen-concentrator-long-tube/,,home-healthcare-devices/oxygen-concentrator.html,301,7,,,
custom,,product-tag/oxygen-concentrator-low-cost/,,home-healthcare-devices/oxygen-concentrator.html,301,1,,,
custom,,product-tag/oxygen-concentrator-low-cost/,,home-healthcare-devices/oxygen-concentrator.html,301,2,,,
custom,,product-tag/oxygen-concentrator-low-cost/,,home-healthcare-devices/oxygen-concentrator.html,301,3,,,
custom,,product-tag/oxygen-concentrator-low-cost/,,home-healthcare-devices/oxygen-concentrator.html,301,4,,,
custom,,product-tag/oxygen-concentrator-low-cost/,,home-healthcare-devices/oxygen-concentrator.html,301,5,,,
custom,,product-tag/oxygen-concentrator-low-cost/,,home-healthcare-devices/oxygen-concentrator.html,301,6,,,
custom,,product-tag/oxygen-concentrator-low-cost/,,home-healthcare-devices/oxygen-concentrator.html,301,7,,,
custom,,product-tag/oxygen-concentrator-machine-10-ltr/,,home-healthcare-devices/oxygen-concentrator.html,301,1,,,
custom,,product-tag/oxygen-concentrator-machine-10-ltr/,,home-healthcare-devices/oxygen-concentrator.html,301,2,,,
custom,,product-tag/oxygen-concentrator-machine-10-ltr/,,home-healthcare-devices/oxygen-concentrator.html,301,3,,,
custom,,product-tag/oxygen-concentrator-machine-10-ltr/,,home-healthcare-devices/oxygen-concentrator.html,301,4,,,
custom,,product-tag/oxygen-concentrator-machine-10-ltr/,,home-healthcare-devices/oxygen-concentrator.html,301,5,,,
custom,,product-tag/oxygen-concentrator-machine-10-ltr/,,home-healthcare-devices/oxygen-concentrator.html,301,6,,,
custom,,product-tag/oxygen-concentrator-machine-10-ltr/,,home-healthcare-devices/oxygen-concentrator.html,301,7,,,
custom,,product-tag/oxygen-concentrator-machine-10-ltr-for-home/,,home-healthcare-devices/oxygen-concentrator.html,301,1,,,
custom,,product-tag/oxygen-concentrator-machine-10-ltr-for-home/,,home-healthcare-devices/oxygen-concentrator.html,301,2,,,
custom,,product-tag/oxygen-concentrator-machine-10-ltr-for-home/,,home-healthcare-devices/oxygen-concentrator.html,301,3,,,
custom,,product-tag/oxygen-concentrator-machine-10-ltr-for-home/,,home-healthcare-devices/oxygen-concentrator.html,301,4,,,
custom,,product-tag/oxygen-concentrator-machine-10-ltr-for-home/,,home-healthcare-devices/oxygen-concentrator.html,301,5,,,
custom,,product-tag/oxygen-concentrator-machine-10-ltr-for-home/,,home-healthcare-devices/oxygen-concentrator.html,301,6,,,
custom,,product-tag/oxygen-concentrator-machine-10-ltr-for-home/,,home-healthcare-devices/oxygen-concentrator.html,301,7,,,
custom,,product-tag/oxygen-concentrator-machine-5-ltr/,,home-healthcare-devices/oxygen-concentrator.html,301,1,,,
custom,,product-tag/oxygen-concentrator-machine-5-ltr/,,home-healthcare-devices/oxygen-concentrator.html,301,2,,,
custom,,product-tag/oxygen-concentrator-machine-5-ltr/,,home-healthcare-devices/oxygen-concentrator.html,301,3,,,
custom,,product-tag/oxygen-concentrator-machine-5-ltr/,,home-healthcare-devices/oxygen-concentrator.html,301,4,,,
custom,,product-tag/oxygen-concentrator-machine-5-ltr/,,home-healthcare-devices/oxygen-concentrator.html,301,5,,,
custom,,product-tag/oxygen-concentrator-machine-5-ltr/,,home-healthcare-devices/oxygen-concentrator.html,301,6,,,
custom,,product-tag/oxygen-concentrator-machine-5-ltr/,,home-healthcare-devices/oxygen-concentrator.html,301,7,,,
custom,,product-tag/oxygen-concentrator-nareena/,,home-healthcare-devices/oxygen-concentrator.html,301,1,,,
custom,,product-tag/oxygen-concentrator-nareena/,,home-healthcare-devices/oxygen-concentrator.html,301,2,,,
custom,,product-tag/oxygen-concentrator-nareena/,,home-healthcare-devices/oxygen-concentrator.html,301,3,,,
custom,,product-tag/oxygen-concentrator-nareena/,,home-healthcare-devices/oxygen-concentrator.html,301,4,,,
custom,,product-tag/oxygen-concentrator-nareena/,,home-healthcare-devices/oxygen-concentrator.html,301,5,,,
custom,,product-tag/oxygen-concentrator-nareena/,,home-healthcare-devices/oxygen-concentrator.html,301,6,,,
custom,,product-tag/oxygen-concentrator-nareena/,,home-healthcare-devices/oxygen-concentrator.html,301,7,,,
custom,,product-tag/oxygen-concentrator-nebulizer/,,home-healthcare-devices/oxygen-concentrator.html,301,1,,,
custom,,product-tag/oxygen-concentrator-nebulizer/,,home-healthcare-devices/oxygen-concentrator.html,301,2,,,
custom,,product-tag/oxygen-concentrator-nebulizer/,,home-healthcare-devices/oxygen-concentrator.html,301,3,,,
custom,,product-tag/oxygen-concentrator-nebulizer/,,home-healthcare-devices/oxygen-concentrator.html,301,4,,,
custom,,product-tag/oxygen-concentrator-nebulizer/,,home-healthcare-devices/oxygen-concentrator.html,301,5,,,
custom,,product-tag/oxygen-concentrator-nebulizer/,,home-healthcare-devices/oxygen-concentrator.html,301,6,,,
custom,,product-tag/oxygen-concentrator-nebulizer/,,home-healthcare-devices/oxygen-concentrator.html,301,7,,,
custom,,product-tag/oxygen-concentrator-nidek-nuvo-lite/feed/,,home-healthcare-devices/oxygen-concentrator.html,301,1,,,
custom,,product-tag/oxygen-concentrator-nidek-nuvo-lite/feed/,,home-healthcare-devices/oxygen-concentrator.html,301,2,,,
custom,,product-tag/oxygen-concentrator-nidek-nuvo-lite/feed/,,home-healthcare-devices/oxygen-concentrator.html,301,3,,,
custom,,product-tag/oxygen-concentrator-nidek-nuvo-lite/feed/,,home-healthcare-devices/oxygen-concentrator.html,301,4,,,
custom,,product-tag/oxygen-concentrator-nidek-nuvo-lite/feed/,,home-healthcare-devices/oxygen-concentrator.html,301,5,,,
custom,,product-tag/oxygen-concentrator-nidek-nuvo-lite/feed/,,home-healthcare-devices/oxygen-concentrator.html,301,6,,,
custom,,product-tag/oxygen-concentrator-nidek-nuvo-lite/feed/,,home-healthcare-devices/oxygen-concentrator.html,301,7,,,
custom,,product-tag/oxygen-concentrator-olive/,,home-healthcare-devices/oxygen-concentrator.html,301,1,,,
custom,,product-tag/oxygen-concentrator-olive/,,home-healthcare-devices/oxygen-concentrator.html,301,2,,,
custom,,product-tag/oxygen-concentrator-olive/,,home-healthcare-devices/oxygen-concentrator.html,301,3,,,
custom,,product-tag/oxygen-concentrator-olive/,,home-healthcare-devices/oxygen-concentrator.html,301,4,,,
custom,,product-tag/oxygen-concentrator-olive/,,home-healthcare-devices/oxygen-concentrator.html,301,5,,,
custom,,product-tag/oxygen-concentrator-olive/,,home-healthcare-devices/oxygen-concentrator.html,301,6,,,
custom,,product-tag/oxygen-concentrator-olive/,,home-healthcare-devices/oxygen-concentrator.html,301,7,,,
custom,,product-tag/oxygen-concentrator-omron/,,home-healthcare-devices/oxygen-concentrator.html,301,1,,,
custom,,product-tag/oxygen-concentrator-omron/,,home-healthcare-devices/oxygen-concentrator.html,301,2,,,
custom,,product-tag/oxygen-concentrator-omron/,,home-healthcare-devices/oxygen-concentrator.html,301,3,,,
custom,,product-tag/oxygen-concentrator-omron/,,home-healthcare-devices/oxygen-concentrator.html,301,4,,,
custom,,product-tag/oxygen-concentrator-omron/,,home-healthcare-devices/oxygen-concentrator.html,301,5,,,
custom,,product-tag/oxygen-concentrator-omron/,,home-healthcare-devices/oxygen-concentrator.html,301,6,,,
custom,,product-tag/oxygen-concentrator-omron/,,home-healthcare-devices/oxygen-concentrator.html,301,7,,,
custom,,product-tag/oxygen-concentrator-oxymed-10-ltr/,,home-healthcare-devices/oxygen-concentrator.html,301,1,,,
custom,,product-tag/oxygen-concentrator-oxymed-10-ltr/,,home-healthcare-devices/oxygen-concentrator.html,301,2,,,
custom,,product-tag/oxygen-concentrator-oxymed-10-ltr/,,home-healthcare-devices/oxygen-concentrator.html,301,3,,,
custom,,product-tag/oxygen-concentrator-oxymed-10-ltr/,,home-healthcare-devices/oxygen-concentrator.html,301,4,,,
custom,,product-tag/oxygen-concentrator-oxymed-10-ltr/,,home-healthcare-devices/oxygen-concentrator.html,301,5,,,
custom,,product-tag/oxygen-concentrator-oxymed-10-ltr/,,home-healthcare-devices/oxygen-concentrator.html,301,6,,,
custom,,product-tag/oxygen-concentrator-oxymed-10-ltr/,,home-healthcare-devices/oxygen-concentrator.html,301,7,,,
custom,,product-tag/oxygen-concentrator-oxymed-5l/,,home-healthcare-devices/oxygen-concentrator.html,301,1,,,
custom,,product-tag/oxygen-concentrator-oxymed-5l/,,home-healthcare-devices/oxygen-concentrator.html,301,2,,,
custom,,product-tag/oxygen-concentrator-oxymed-5l/,,home-healthcare-devices/oxygen-concentrator.html,301,3,,,
custom,,product-tag/oxygen-concentrator-oxymed-5l/,,home-healthcare-devices/oxygen-concentrator.html,301,4,,,
custom,,product-tag/oxygen-concentrator-oxymed-5l/,,home-healthcare-devices/oxygen-concentrator.html,301,5,,,
custom,,product-tag/oxygen-concentrator-oxymed-5l/,,home-healthcare-devices/oxygen-concentrator.html,301,6,,,
custom,,product-tag/oxygen-concentrator-oxymed-5l/,,home-healthcare-devices/oxygen-concentrator.html,301,7,,,
custom,,product-tag/oxygen-concentrator-oxypure/,,home-healthcare-devices/oxygen-concentrator.html,301,1,,,
custom,,product-tag/oxygen-concentrator-oxypure/,,home-healthcare-devices/oxygen-concentrator.html,301,2,,,
custom,,product-tag/oxygen-concentrator-oxypure/,,home-healthcare-devices/oxygen-concentrator.html,301,3,,,
custom,,product-tag/oxygen-concentrator-oxypure/,,home-healthcare-devices/oxygen-concentrator.html,301,4,,,
custom,,product-tag/oxygen-concentrator-oxypure/,,home-healthcare-devices/oxygen-concentrator.html,301,5,,,
custom,,product-tag/oxygen-concentrator-oxypure/,,home-healthcare-devices/oxygen-concentrator.html,301,6,,,
custom,,product-tag/oxygen-concentrator-oxypure/,,home-healthcare-devices/oxygen-concentrator.html,301,7,,,
custom,,product-tag/oxygen-concentrator-philips/,,home-healthcare-devices/oxygen-concentrator.html,301,1,,,
custom,,product-tag/oxygen-concentrator-philips/,,home-healthcare-devices/oxygen-concentrator.html,301,2,,,
custom,,product-tag/oxygen-concentrator-philips/,,home-healthcare-devices/oxygen-concentrator.html,301,3,,,
custom,,product-tag/oxygen-concentrator-philips/,,home-healthcare-devices/oxygen-concentrator.html,301,4,,,
custom,,product-tag/oxygen-concentrator-philips/,,home-healthcare-devices/oxygen-concentrator.html,301,5,,,
custom,,product-tag/oxygen-concentrator-philips/,,home-healthcare-devices/oxygen-concentrator.html,301,6,,,
custom,,product-tag/oxygen-concentrator-philips/,,home-healthcare-devices/oxygen-concentrator.html,301,7,,,
custom,,product-tag/oxygen-concentrator-philips/?add-to-cart=5880,,home-healthcare-devices/oxygen-concentrator.html,301,1,,,
custom,,product-tag/oxygen-concentrator-philips/?add-to-cart=5880,,home-healthcare-devices/oxygen-concentrator.html,301,2,,,
custom,,product-tag/oxygen-concentrator-philips/?add-to-cart=5880,,home-healthcare-devices/oxygen-concentrator.html,301,3,,,
custom,,product-tag/oxygen-concentrator-philips/?add-to-cart=5880,,home-healthcare-devices/oxygen-concentrator.html,301,4,,,
custom,,product-tag/oxygen-concentrator-philips/?add-to-cart=5880,,home-healthcare-devices/oxygen-concentrator.html,301,5,,,
custom,,product-tag/oxygen-concentrator-philips/?add-to-cart=5880,,home-healthcare-devices/oxygen-concentrator.html,301,6,,,
custom,,product-tag/oxygen-concentrator-philips/?add-to-cart=5880,,home-healthcare-devices/oxygen-concentrator.html,301,7,,,
custom,,product-tag/oxygen-concentrator-philips-5-litre/,,home-healthcare-devices/oxygen-concentrator.html,301,1,,,
custom,,product-tag/oxygen-concentrator-philips-5-litre/,,home-healthcare-devices/oxygen-concentrator.html,301,2,,,
custom,,product-tag/oxygen-concentrator-philips-5-litre/,,home-healthcare-devices/oxygen-concentrator.html,301,3,,,
custom,,product-tag/oxygen-concentrator-philips-5-litre/,,home-healthcare-devices/oxygen-concentrator.html,301,4,,,
custom,,product-tag/oxygen-concentrator-philips-5-litre/,,home-healthcare-devices/oxygen-concentrator.html,301,5,,,
custom,,product-tag/oxygen-concentrator-philips-5-litre/,,home-healthcare-devices/oxygen-concentrator.html,301,6,,,
custom,,product-tag/oxygen-concentrator-philips-5-litre/,,home-healthcare-devices/oxygen-concentrator.html,301,7,,,
custom,,product-tag/oxygen-concentrator-philips-5-litre/?add-to-cart=5880,,home-healthcare-devices/oxygen-concentrator.html,301,1,,,
custom,,product-tag/oxygen-concentrator-philips-5-litre/?add-to-cart=5880,,home-healthcare-devices/oxygen-concentrator.html,301,2,,,
custom,,product-tag/oxygen-concentrator-philips-5-litre/?add-to-cart=5880,,home-healthcare-devices/oxygen-concentrator.html,301,3,,,
custom,,product-tag/oxygen-concentrator-philips-5-litre/?add-to-cart=5880,,home-healthcare-devices/oxygen-concentrator.html,301,4,,,
custom,,product-tag/oxygen-concentrator-philips-5-litre/?add-to-cart=5880,,home-healthcare-devices/oxygen-concentrator.html,301,5,,,
custom,,product-tag/oxygen-concentrator-philips-5-litre/?add-to-cart=5880,,home-healthcare-devices/oxygen-concentrator.html,301,6,,,
custom,,product-tag/oxygen-concentrator-philips-5-litre/?add-to-cart=5880,,home-healthcare-devices/oxygen-concentrator.html,301,7,,,
custom,,product-tag/oxygen-concentrator-philips-5-litre-everflo/,,home-healthcare-devices/oxygen-concentrator.html,301,1,,,
custom,,product-tag/oxygen-concentrator-philips-5-litre-everflo/,,home-healthcare-devices/oxygen-concentrator.html,301,2,,,
custom,,product-tag/oxygen-concentrator-philips-5-litre-everflo/,,home-healthcare-devices/oxygen-concentrator.html,301,3,,,
custom,,product-tag/oxygen-concentrator-philips-5-litre-everflo/,,home-healthcare-devices/oxygen-concentrator.html,301,4,,,
custom,,product-tag/oxygen-concentrator-philips-5-litre-everflo/,,home-healthcare-devices/oxygen-concentrator.html,301,5,,,
custom,,product-tag/oxygen-concentrator-philips-5-litre-everflo/,,home-healthcare-devices/oxygen-concentrator.html,301,6,,,
custom,,product-tag/oxygen-concentrator-philips-5-litre-everflo/,,home-healthcare-devices/oxygen-concentrator.html,301,7,,,
custom,,product-tag/oxygen-concentrator-pipe/,,home-healthcare-devices/oxygen-concentrator.html,301,1,,,
custom,,product-tag/oxygen-concentrator-pipe/,,home-healthcare-devices/oxygen-concentrator.html,301,2,,,
custom,,product-tag/oxygen-concentrator-pipe/,,home-healthcare-devices/oxygen-concentrator.html,301,3,,,
custom,,product-tag/oxygen-concentrator-pipe/,,home-healthcare-devices/oxygen-concentrator.html,301,4,,,
custom,,product-tag/oxygen-concentrator-pipe/,,home-healthcare-devices/oxygen-concentrator.html,301,5,,,
custom,,product-tag/oxygen-concentrator-pipe/,,home-healthcare-devices/oxygen-concentrator.html,301,6,,,
custom,,product-tag/oxygen-concentrator-pipe/,,home-healthcare-devices/oxygen-concentrator.html,301,7,,,
custom,,product-tag/oxygen-concentrator-rental/,,home-healthcare-devices/oxygen-concentrator.html,301,1,,,
custom,,product-tag/oxygen-concentrator-rental/,,home-healthcare-devices/oxygen-concentrator.html,301,2,,,
custom,,product-tag/oxygen-concentrator-rental/,,home-healthcare-devices/oxygen-concentrator.html,301,3,,,
custom,,product-tag/oxygen-concentrator-rental/,,home-healthcare-devices/oxygen-concentrator.html,301,4,,,
custom,,product-tag/oxygen-concentrator-rental/,,home-healthcare-devices/oxygen-concentrator.html,301,5,,,
custom,,product-tag/oxygen-concentrator-rental/,,home-healthcare-devices/oxygen-concentrator.html,301,6,,,
custom,,product-tag/oxygen-concentrator-rental/,,home-healthcare-devices/oxygen-concentrator.html,301,7,,,
custom,,product-tag/oxygen-concentrator-resmed/,,home-healthcare-devices/oxygen-concentrator.html,301,1,,,
custom,,product-tag/oxygen-concentrator-resmed/,,home-healthcare-devices/oxygen-concentrator.html,301,2,,,
custom,,product-tag/oxygen-concentrator-resmed/,,home-healthcare-devices/oxygen-concentrator.html,301,3,,,
custom,,product-tag/oxygen-concentrator-resmed/,,home-healthcare-devices/oxygen-concentrator.html,301,4,,,
custom,,product-tag/oxygen-concentrator-resmed/,,home-healthcare-devices/oxygen-concentrator.html,301,5,,,
custom,,product-tag/oxygen-concentrator-resmed/,,home-healthcare-devices/oxygen-concentrator.html,301,6,,,
custom,,product-tag/oxygen-concentrator-resmed/,,home-healthcare-devices/oxygen-concentrator.html,301,7,,,
custom,,product-tag/oxygen-concentrator-respikart/,,home-healthcare-devices/oxygen-concentrator.html,301,1,,,
custom,,product-tag/oxygen-concentrator-respikart/,,home-healthcare-devices/oxygen-concentrator.html,301,2,,,
custom,,product-tag/oxygen-concentrator-respikart/,,home-healthcare-devices/oxygen-concentrator.html,301,3,,,
custom,,product-tag/oxygen-concentrator-respikart/,,home-healthcare-devices/oxygen-concentrator.html,301,4,,,
custom,,product-tag/oxygen-concentrator-respikart/,,home-healthcare-devices/oxygen-concentrator.html,301,5,,,
custom,,product-tag/oxygen-concentrator-respikart/,,home-healthcare-devices/oxygen-concentrator.html,301,6,,,
custom,,product-tag/oxygen-concentrator-respikart/,,home-healthcare-devices/oxygen-concentrator.html,301,7,,,
custom,,product-tag/oxygen-concentrator-respironics-philips/,,home-healthcare-devices/oxygen-concentrator.html,301,1,,,
custom,,product-tag/oxygen-concentrator-respironics-philips/,,home-healthcare-devices/oxygen-concentrator.html,301,2,,,
custom,,product-tag/oxygen-concentrator-respironics-philips/,,home-healthcare-devices/oxygen-concentrator.html,301,3,,,
custom,,product-tag/oxygen-concentrator-respironics-philips/,,home-healthcare-devices/oxygen-concentrator.html,301,4,,,
custom,,product-tag/oxygen-concentrator-respironics-philips/,,home-healthcare-devices/oxygen-concentrator.html,301,5,,,
custom,,product-tag/oxygen-concentrator-respironics-philips/,,home-healthcare-devices/oxygen-concentrator.html,301,6,,,
custom,,product-tag/oxygen-concentrator-respironics-philips/,,home-healthcare-devices/oxygen-concentrator.html,301,7,,,
custom,,product-tag/oxygen-concentrator-servotech/,,home-healthcare-devices/oxygen-concentrator.html,301,1,,,
custom,,product-tag/oxygen-concentrator-servotech/,,home-healthcare-devices/oxygen-concentrator.html,301,2,,,
custom,,product-tag/oxygen-concentrator-servotech/,,home-healthcare-devices/oxygen-concentrator.html,301,3,,,
custom,,product-tag/oxygen-concentrator-servotech/,,home-healthcare-devices/oxygen-concentrator.html,301,4,,,
custom,,product-tag/oxygen-concentrator-servotech/,,home-healthcare-devices/oxygen-concentrator.html,301,5,,,
custom,,product-tag/oxygen-concentrator-servotech/,,home-healthcare-devices/oxygen-concentrator.html,301,6,,,
custom,,product-tag/oxygen-concentrator-servotech/,,home-healthcare-devices/oxygen-concentrator.html,301,7,,,
custom,,product-tag/oxygen-concentrator-splitter/,,home-healthcare-devices/oxygen-concentrator.html,301,1,,,
custom,,product-tag/oxygen-concentrator-splitter/,,home-healthcare-devices/oxygen-concentrator.html,301,2,,,
custom,,product-tag/oxygen-concentrator-splitter/,,home-healthcare-devices/oxygen-concentrator.html,301,3,,,
custom,,product-tag/oxygen-concentrator-splitter/,,home-healthcare-devices/oxygen-concentrator.html,301,4,,,
custom,,product-tag/oxygen-concentrator-splitter/,,home-healthcare-devices/oxygen-concentrator.html,301,5,,,
custom,,product-tag/oxygen-concentrator-splitter/,,home-healthcare-devices/oxygen-concentrator.html,301,6,,,
custom,,product-tag/oxygen-concentrator-splitter/,,home-healthcare-devices/oxygen-concentrator.html,301,7,,,
custom,,product-tag/oxygen-concentrator-tester/,,home-healthcare-devices/oxygen-concentrator.html,301,1,,,
custom,,product-tag/oxygen-concentrator-tester/,,home-healthcare-devices/oxygen-concentrator.html,301,2,,,
custom,,product-tag/oxygen-concentrator-tester/,,home-healthcare-devices/oxygen-concentrator.html,301,3,,,
custom,,product-tag/oxygen-concentrator-tester/,,home-healthcare-devices/oxygen-concentrator.html,301,4,,,
custom,,product-tag/oxygen-concentrator-tester/,,home-healthcare-devices/oxygen-concentrator.html,301,5,,,
custom,,product-tag/oxygen-concentrator-tester/,,home-healthcare-devices/oxygen-concentrator.html,301,6,,,
custom,,product-tag/oxygen-concentrator-tester/,,home-healthcare-devices/oxygen-concentrator.html,301,7,,,
custom,,product-tag/oxygen-concentrator-tipl/,,home-healthcare-devices/oxygen-concentrator.html,301,1,,,
custom,,product-tag/oxygen-concentrator-tipl/,,home-healthcare-devices/oxygen-concentrator.html,301,2,,,
custom,,product-tag/oxygen-concentrator-tipl/,,home-healthcare-devices/oxygen-concentrator.html,301,3,,,
custom,,product-tag/oxygen-concentrator-tipl/,,home-healthcare-devices/oxygen-concentrator.html,301,4,,,
custom,,product-tag/oxygen-concentrator-tipl/,,home-healthcare-devices/oxygen-concentrator.html,301,5,,,
custom,,product-tag/oxygen-concentrator-tipl/,,home-healthcare-devices/oxygen-concentrator.html,301,6,,,
custom,,product-tag/oxygen-concentrator-tipl/,,home-healthcare-devices/oxygen-concentrator.html,301,7,,,
custom,,product-tag/oxygen-concentrator-tube-and-mask/,,home-healthcare-devices/oxygen-concentrator.html,301,1,,,
custom,,product-tag/oxygen-concentrator-tube-and-mask/,,home-healthcare-devices/oxygen-concentrator.html,301,2,,,
custom,,product-tag/oxygen-concentrator-tube-and-mask/,,home-healthcare-devices/oxygen-concentrator.html,301,3,,,
custom,,product-tag/oxygen-concentrator-tube-and-mask/,,home-healthcare-devices/oxygen-concentrator.html,301,4,,,
custom,,product-tag/oxygen-concentrator-tube-and-mask/,,home-healthcare-devices/oxygen-concentrator.html,301,5,,,
custom,,product-tag/oxygen-concentrator-tube-and-mask/,,home-healthcare-devices/oxygen-concentrator.html,301,6,,,
custom,,product-tag/oxygen-concentrator-tube-and-mask/,,home-healthcare-devices/oxygen-concentrator.html,301,7,,,
custom,,product-tag/oxygen-concentrator-tubing/,,home-healthcare-devices/oxygen-concentrator.html,301,1,,,
custom,,product-tag/oxygen-concentrator-tubing/,,home-healthcare-devices/oxygen-concentrator.html,301,2,,,
custom,,product-tag/oxygen-concentrator-tubing/,,home-healthcare-devices/oxygen-concentrator.html,301,3,,,
custom,,product-tag/oxygen-concentrator-tubing/,,home-healthcare-devices/oxygen-concentrator.html,301,4,,,
custom,,product-tag/oxygen-concentrator-tubing/,,home-healthcare-devices/oxygen-concentrator.html,301,5,,,
custom,,product-tag/oxygen-concentrator-tubing/,,home-healthcare-devices/oxygen-concentrator.html,301,6,,,
custom,,product-tag/oxygen-concentrator-tubing/,,home-healthcare-devices/oxygen-concentrator.html,301,7,,,
custom,,product-tag/oxygen-concentrator-under-30000/,,home-healthcare-devices/oxygen-concentrator.html,301,1,,,
custom,,product-tag/oxygen-concentrator-under-30000/,,home-healthcare-devices/oxygen-concentrator.html,301,2,,,
custom,,product-tag/oxygen-concentrator-under-30000/,,home-healthcare-devices/oxygen-concentrator.html,301,3,,,
custom,,product-tag/oxygen-concentrator-under-30000/,,home-healthcare-devices/oxygen-concentrator.html,301,4,,,
custom,,product-tag/oxygen-concentrator-under-30000/,,home-healthcare-devices/oxygen-concentrator.html,301,5,,,
custom,,product-tag/oxygen-concentrator-under-30000/,,home-healthcare-devices/oxygen-concentrator.html,301,6,,,
custom,,product-tag/oxygen-concentrator-under-30000/,,home-healthcare-devices/oxygen-concentrator.html,301,7,,,
custom,,product-tag/oxygen-concentrator-under-40000/,,home-healthcare-devices/oxygen-concentrator.html,301,1,,,
custom,,product-tag/oxygen-concentrator-under-40000/,,home-healthcare-devices/oxygen-concentrator.html,301,2,,,
custom,,product-tag/oxygen-concentrator-under-40000/,,home-healthcare-devices/oxygen-concentrator.html,301,3,,,
custom,,product-tag/oxygen-concentrator-under-40000/,,home-healthcare-devices/oxygen-concentrator.html,301,4,,,
custom,,product-tag/oxygen-concentrator-under-40000/,,home-healthcare-devices/oxygen-concentrator.html,301,5,,,
custom,,product-tag/oxygen-concentrator-under-40000/,,home-healthcare-devices/oxygen-concentrator.html,301,6,,,
custom,,product-tag/oxygen-concentrator-under-40000/,,home-healthcare-devices/oxygen-concentrator.html,301,7,,,
custom,,product-tag/oxygen-concentrator-uno-5/,,home-healthcare-devices/oxygen-concentrator.html,301,1,,,
custom,,product-tag/oxygen-concentrator-uno-5/,,home-healthcare-devices/oxygen-concentrator.html,301,2,,,
custom,,product-tag/oxygen-concentrator-uno-5/,,home-healthcare-devices/oxygen-concentrator.html,301,3,,,
custom,,product-tag/oxygen-concentrator-uno-5/,,home-healthcare-devices/oxygen-concentrator.html,301,4,,,
custom,,product-tag/oxygen-concentrator-uno-5/,,home-healthcare-devices/oxygen-concentrator.html,301,5,,,
custom,,product-tag/oxygen-concentrator-uno-5/,,home-healthcare-devices/oxygen-concentrator.html,301,6,,,
custom,,product-tag/oxygen-concentrator-uno-5/,,home-healthcare-devices/oxygen-concentrator.html,301,7,,,
custom,,product-tag/oxygen-concentrator-usa-made/,,home-healthcare-devices/oxygen-concentrator.html,301,1,,,
custom,,product-tag/oxygen-concentrator-usa-made/,,home-healthcare-devices/oxygen-concentrator.html,301,2,,,
custom,,product-tag/oxygen-concentrator-usa-made/,,home-healthcare-devices/oxygen-concentrator.html,301,3,,,
custom,,product-tag/oxygen-concentrator-usa-made/,,home-healthcare-devices/oxygen-concentrator.html,301,4,,,
custom,,product-tag/oxygen-concentrator-usa-made/,,home-healthcare-devices/oxygen-concentrator.html,301,5,,,
custom,,product-tag/oxygen-concentrator-usa-made/,,home-healthcare-devices/oxygen-concentrator.html,301,6,,,
custom,,product-tag/oxygen-concentrator-usa-made/,,home-healthcare-devices/oxygen-concentrator.html,301,7,,,
custom,,product-tag/oxygen-concentrator-vandelay/,,home-healthcare-devices/oxygen-concentrator.html,301,1,,,
custom,,product-tag/oxygen-concentrator-vandelay/,,home-healthcare-devices/oxygen-concentrator.html,301,2,,,
custom,,product-tag/oxygen-concentrator-vandelay/,,home-healthcare-devices/oxygen-concentrator.html,301,3,,,
custom,,product-tag/oxygen-concentrator-vandelay/,,home-healthcare-devices/oxygen-concentrator.html,301,4,,,
custom,,product-tag/oxygen-concentrator-vandelay/,,home-healthcare-devices/oxygen-concentrator.html,301,5,,,
custom,,product-tag/oxygen-concentrator-vandelay/,,home-healthcare-devices/oxygen-concentrator.html,301,6,,,
custom,,product-tag/oxygen-concentrator-vandelay/,,home-healthcare-devices/oxygen-concentrator.html,301,7,,,
custom,,product-tag/oxygen-concentrator-water-bottle/,,home-healthcare-devices/oxygen-concentrator.html,301,1,,,
custom,,product-tag/oxygen-concentrator-water-bottle/,,home-healthcare-devices/oxygen-concentrator.html,301,2,,,
custom,,product-tag/oxygen-concentrator-water-bottle/,,home-healthcare-devices/oxygen-concentrator.html,301,3,,,
custom,,product-tag/oxygen-concentrator-water-bottle/,,home-healthcare-devices/oxygen-concentrator.html,301,4,,,
custom,,product-tag/oxygen-concentrator-water-bottle/,,home-healthcare-devices/oxygen-concentrator.html,301,5,,,
custom,,product-tag/oxygen-concentrator-water-bottle/,,home-healthcare-devices/oxygen-concentrator.html,301,6,,,
custom,,product-tag/oxygen-concentrator-water-bottle/,,home-healthcare-devices/oxygen-concentrator.html,301,7,,,
custom,,product-tag/oxygen-concentrator-with-warranty/,,home-healthcare-devices/oxygen-concentrator.html,301,1,,,
custom,,product-tag/oxygen-concentrator-with-warranty/,,home-healthcare-devices/oxygen-concentrator.html,301,2,,,
custom,,product-tag/oxygen-concentrator-with-warranty/,,home-healthcare-devices/oxygen-concentrator.html,301,3,,,
custom,,product-tag/oxygen-concentrator-with-warranty/,,home-healthcare-devices/oxygen-concentrator.html,301,4,,,
custom,,product-tag/oxygen-concentrator-with-warranty/,,home-healthcare-devices/oxygen-concentrator.html,301,5,,,
custom,,product-tag/oxygen-concentrator-with-warranty/,,home-healthcare-devices/oxygen-concentrator.html,301,6,,,
custom,,product-tag/oxygen-concentrator-with-warranty/,,home-healthcare-devices/oxygen-concentrator.html,301,7,,,
custom,,product-tag/oxygen-concentrator-y-connector/,,home-healthcare-devices/oxygen-concentrator.html,301,1,,,
custom,,product-tag/oxygen-concentrator-y-connector/,,home-healthcare-devices/oxygen-concentrator.html,301,2,,,
custom,,product-tag/oxygen-concentrator-y-connector/,,home-healthcare-devices/oxygen-concentrator.html,301,3,,,
custom,,product-tag/oxygen-concentrator-y-connector/,,home-healthcare-devices/oxygen-concentrator.html,301,4,,,
custom,,product-tag/oxygen-concentrator-y-connector/,,home-healthcare-devices/oxygen-concentrator.html,301,5,,,
custom,,product-tag/oxygen-concentrator-y-connector/,,home-healthcare-devices/oxygen-concentrator.html,301,6,,,
custom,,product-tag/oxygen-concentrator-y-connector/,,home-healthcare-devices/oxygen-concentrator.html,301,7,,,
custom,,product-tag/oxygen-concentrator-yobekan/,,home-healthcare-devices/oxygen-concentrator.html,301,1,,,
custom,,product-tag/oxygen-concentrator-yobekan/,,home-healthcare-devices/oxygen-concentrator.html,301,2,,,
custom,,product-tag/oxygen-concentrator-yobekan/,,home-healthcare-devices/oxygen-concentrator.html,301,3,,,
custom,,product-tag/oxygen-concentrator-yobekan/,,home-healthcare-devices/oxygen-concentrator.html,301,4,,,
custom,,product-tag/oxygen-concentrator-yobekan/,,home-healthcare-devices/oxygen-concentrator.html,301,5,,,
custom,,product-tag/oxygen-concentrator-yobekan/,,home-healthcare-devices/oxygen-concentrator.html,301,6,,,
custom,,product-tag/oxygen-concentrator-yobekan/,,home-healthcare-devices/oxygen-concentrator.html,301,7,,,
custom,,product-tag/oxygen-concentrator-yobekan/?add-to-cart=5880,,home-healthcare-devices/oxygen-concentrator.html,301,1,,,
custom,,product-tag/oxygen-concentrator-yobekan/?add-to-cart=5880,,home-healthcare-devices/oxygen-concentrator.html,301,2,,,
custom,,product-tag/oxygen-concentrator-yobekan/?add-to-cart=5880,,home-healthcare-devices/oxygen-concentrator.html,301,3,,,
custom,,product-tag/oxygen-concentrator-yobekan/?add-to-cart=5880,,home-healthcare-devices/oxygen-concentrator.html,301,4,,,
custom,,product-tag/oxygen-concentrator-yobekan/?add-to-cart=5880,,home-healthcare-devices/oxygen-concentrator.html,301,5,,,
custom,,product-tag/oxygen-concentrator-yobekan/?add-to-cart=5880,,home-healthcare-devices/oxygen-concentrator.html,301,6,,,
custom,,product-tag/oxygen-concentrator-yobekan/?add-to-cart=5880,,home-healthcare-devices/oxygen-concentrator.html,301,7,,,
custom,,product-tag/oxygen-concentrator-yuwell/,,home-healthcare-devices/oxygen-concentrator.html,301,1,,,
custom,,product-tag/oxygen-concentrator-yuwell/,,home-healthcare-devices/oxygen-concentrator.html,301,2,,,
custom,,product-tag/oxygen-concentrator-yuwell/,,home-healthcare-devices/oxygen-concentrator.html,301,3,,,
custom,,product-tag/oxygen-concentrator-yuwell/,,home-healthcare-devices/oxygen-concentrator.html,301,4,,,
custom,,product-tag/oxygen-concentrator-yuwell/,,home-healthcare-devices/oxygen-concentrator.html,301,5,,,
custom,,product-tag/oxygen-concentrator-yuwell/,,home-healthcare-devices/oxygen-concentrator.html,301,6,,,
custom,,product-tag/oxygen-concentrator-yuwell/,,home-healthcare-devices/oxygen-concentrator.html,301,7,,,
custom,,product-tag/oxygen-concentrator-yuwell-10l/,,home-healthcare-devices/oxygen-concentrator.html,301,1,,,
custom,,product-tag/oxygen-concentrator-yuwell-10l/,,home-healthcare-devices/oxygen-concentrator.html,301,2,,,
custom,,product-tag/oxygen-concentrator-yuwell-10l/,,home-healthcare-devices/oxygen-concentrator.html,301,3,,,
custom,,product-tag/oxygen-concentrator-yuwell-10l/,,home-healthcare-devices/oxygen-concentrator.html,301,4,,,
custom,,product-tag/oxygen-concentrator-yuwell-10l/,,home-healthcare-devices/oxygen-concentrator.html,301,5,,,
custom,,product-tag/oxygen-concentrator-yuwell-10l/,,home-healthcare-devices/oxygen-concentrator.html,301,6,,,
custom,,product-tag/oxygen-concentrator-yuwell-10l/,,home-healthcare-devices/oxygen-concentrator.html,301,7,,,
custom,,product-tag/oxygen-concentrator-yuwell-9f-5aw/,,home-healthcare-devices/oxygen-concentrator.html,301,1,,,
custom,,product-tag/oxygen-concentrator-yuwell-9f-5aw/,,home-healthcare-devices/oxygen-concentrator.html,301,2,,,
custom,,product-tag/oxygen-concentrator-yuwell-9f-5aw/,,home-healthcare-devices/oxygen-concentrator.html,301,3,,,
custom,,product-tag/oxygen-concentrator-yuwell-9f-5aw/,,home-healthcare-devices/oxygen-concentrator.html,301,4,,,
custom,,product-tag/oxygen-concentrator-yuwell-9f-5aw/,,home-healthcare-devices/oxygen-concentrator.html,301,5,,,
custom,,product-tag/oxygen-concentrator-yuwell-9f-5aw/,,home-healthcare-devices/oxygen-concentrator.html,301,6,,,
custom,,product-tag/oxygen-concentrator-yuwell-9f-5aw/,,home-healthcare-devices/oxygen-concentrator.html,301,7,,,
custom,,product-tag/oxygen-concentrator-zeolite/,,home-healthcare-devices/oxygen-concentrator.html,301,1,,,
custom,,product-tag/oxygen-concentrator-zeolite/,,home-healthcare-devices/oxygen-concentrator.html,301,2,,,
custom,,product-tag/oxygen-concentrator-zeolite/,,home-healthcare-devices/oxygen-concentrator.html,301,3,,,
custom,,product-tag/oxygen-concentrator-zeolite/,,home-healthcare-devices/oxygen-concentrator.html,301,4,,,
custom,,product-tag/oxygen-concentrator-zeolite/,,home-healthcare-devices/oxygen-concentrator.html,301,5,,,
custom,,product-tag/oxygen-concentrator-zeolite/,,home-healthcare-devices/oxygen-concentrator.html,301,6,,,
custom,,product-tag/oxygen-concentrator-zeolite/,,home-healthcare-devices/oxygen-concentrator.html,301,7,,,
custom,,product-tag/oxygen-concentrator-zeolite-granules/,,home-healthcare-devices/oxygen-concentrator.html,301,1,,,
custom,,product-tag/oxygen-concentrator-zeolite-granules/,,home-healthcare-devices/oxygen-concentrator.html,301,2,,,
custom,,product-tag/oxygen-concentrator-zeolite-granules/,,home-healthcare-devices/oxygen-concentrator.html,301,3,,,
custom,,product-tag/oxygen-concentrator-zeolite-granules/,,home-healthcare-devices/oxygen-concentrator.html,301,4,,,
custom,,product-tag/oxygen-concentrator-zeolite-granules/,,home-healthcare-devices/oxygen-concentrator.html,301,5,,,
custom,,product-tag/oxygen-concentrator-zeolite-granules/,,home-healthcare-devices/oxygen-concentrator.html,301,6,,,
custom,,product-tag/oxygen-concentrator-zeolite-granules/,,home-healthcare-devices/oxygen-concentrator.html,301,7,,,
custom,,product-tag/oxygen-level/,,home-healthcare-devices/oxygen-concentrator.html,301,1,,,
custom,,product-tag/oxygen-level/,,home-healthcare-devices/oxygen-concentrator.html,301,2,,,
custom,,product-tag/oxygen-level/,,home-healthcare-devices/oxygen-concentrator.html,301,3,,,
custom,,product-tag/oxygen-level/,,home-healthcare-devices/oxygen-concentrator.html,301,4,,,
custom,,product-tag/oxygen-level/,,home-healthcare-devices/oxygen-concentrator.html,301,5,,,
custom,,product-tag/oxygen-level/,,home-healthcare-devices/oxygen-concentrator.html,301,6,,,
custom,,product-tag/oxygen-level/,,home-healthcare-devices/oxygen-concentrator.html,301,7,,,
custom,,product-tag/oxygen-meter/,,home-healthcare-devices/oxygen-concentrator.html,301,1,,,
custom,,product-tag/oxygen-meter/,,home-healthcare-devices/oxygen-concentrator.html,301,2,,,
custom,,product-tag/oxygen-meter/,,home-healthcare-devices/oxygen-concentrator.html,301,3,,,
custom,,product-tag/oxygen-meter/,,home-healthcare-devices/oxygen-concentrator.html,301,4,,,
custom,,product-tag/oxygen-meter/,,home-healthcare-devices/oxygen-concentrator.html,301,5,,,
custom,,product-tag/oxygen-meter/,,home-healthcare-devices/oxygen-concentrator.html,301,6,,,
custom,,product-tag/oxygen-meter/,,home-healthcare-devices/oxygen-concentrator.html,301,7,,,
custom,,product-tag/oxygen-meter-for-corona-checking/,,home-healthcare-devices/oxygen-concentrator.html,301,1,,,
custom,,product-tag/oxygen-meter-for-corona-checking/,,home-healthcare-devices/oxygen-concentrator.html,301,2,,,
custom,,product-tag/oxygen-meter-for-corona-checking/,,home-healthcare-devices/oxygen-concentrator.html,301,3,,,
custom,,product-tag/oxygen-meter-for-corona-checking/,,home-healthcare-devices/oxygen-concentrator.html,301,4,,,
custom,,product-tag/oxygen-meter-for-corona-checking/,,home-healthcare-devices/oxygen-concentrator.html,301,5,,,
custom,,product-tag/oxygen-meter-for-corona-checking/,,home-healthcare-devices/oxygen-concentrator.html,301,6,,,
custom,,product-tag/oxygen-meter-for-corona-checking/,,home-healthcare-devices/oxygen-concentrator.html,301,7,,,
custom,,product-tag/oxy-med-mooxy05-oxygen-concentrator-with-inbuilt-nebulizer-5-ltr-white/,,home-healthcare-devices/oxygen-concentrator.html,301,1,,,
custom,,product-tag/oxy-med-mooxy05-oxygen-concentrator-with-inbuilt-nebulizer-5-ltr-white/,,home-healthcare-devices/oxygen-concentrator.html,301,2,,,
custom,,product-tag/oxy-med-mooxy05-oxygen-concentrator-with-inbuilt-nebulizer-5-ltr-white/,,home-healthcare-devices/oxygen-concentrator.html,301,3,,,
custom,,product-tag/oxy-med-mooxy05-oxygen-concentrator-with-inbuilt-nebulizer-5-ltr-white/,,home-healthcare-devices/oxygen-concentrator.html,301,4,,,
custom,,product-tag/oxy-med-mooxy05-oxygen-concentrator-with-inbuilt-nebulizer-5-ltr-white/,,home-healthcare-devices/oxygen-concentrator.html,301,5,,,
custom,,product-tag/oxy-med-mooxy05-oxygen-concentrator-with-inbuilt-nebulizer-5-ltr-white/,,home-healthcare-devices/oxygen-concentrator.html,301,6,,,
custom,,product-tag/oxy-med-mooxy05-oxygen-concentrator-with-inbuilt-nebulizer-5-ltr-white/,,home-healthcare-devices/oxygen-concentrator.html,301,7,,,
custom,,product-tag/oxymed-oxygen-concentrator-10-ltr/,,home-healthcare-devices/oxygen-concentrator.html,301,1,,,
custom,,product-tag/oxymed-oxygen-concentrator-10-ltr/,,home-healthcare-devices/oxygen-concentrator.html,301,2,,,
custom,,product-tag/oxymed-oxygen-concentrator-10-ltr/,,home-healthcare-devices/oxygen-concentrator.html,301,3,,,
custom,,product-tag/oxymed-oxygen-concentrator-10-ltr/,,home-healthcare-devices/oxygen-concentrator.html,301,4,,,
custom,,product-tag/oxymed-oxygen-concentrator-10-ltr/,,home-healthcare-devices/oxygen-concentrator.html,301,5,,,
custom,,product-tag/oxymed-oxygen-concentrator-10-ltr/,,home-healthcare-devices/oxygen-concentrator.html,301,6,,,
custom,,product-tag/oxymed-oxygen-concentrator-10-ltr/,,home-healthcare-devices/oxygen-concentrator.html,301,7,,,
custom,,product-tag/p100-for-mold-remediation/,,all-products.html,301,1,,,
custom,,product-tag/p100-for-mold-remediation/,,all-products.html,301,2,,,
custom,,product-tag/p100-for-mold-remediation/,,all-products.html,301,3,,,
custom,,product-tag/p100-for-mold-remediation/,,all-products.html,301,4,,,
custom,,product-tag/p100-for-mold-remediation/,,all-products.html,301,5,,,
custom,,product-tag/p100-for-mold-remediation/,,all-products.html,301,6,,,
custom,,product-tag/p100-for-mold-remediation/,,all-products.html,301,7,,,
custom,,product-tag/patient-monitor-5-parameters/,,medical-device/product/patient-monitor.html,301,1,,,
custom,,product-tag/patient-monitor-5-parameters/,,medical-device/product/patient-monitor.html,301,2,,,
custom,,product-tag/patient-monitor-5-parameters/,,medical-device/product/patient-monitor.html,301,3,,,
custom,,product-tag/patient-monitor-5-parameters/,,medical-device/product/patient-monitor.html,301,4,,,
custom,,product-tag/patient-monitor-5-parameters/,,medical-device/product/patient-monitor.html,301,5,,,
custom,,product-tag/patient-monitor-5-parameters/,,medical-device/product/patient-monitor.html,301,6,,,
custom,,product-tag/patient-monitor-5-parameters/,,medical-device/product/patient-monitor.html,301,7,,,
custom,,product-tag/patient-monitor-stand/,,medical-device/product/patient-monitor.html,301,1,,,
custom,,product-tag/patient-monitor-stand/,,medical-device/product/patient-monitor.html,301,2,,,
custom,,product-tag/patient-monitor-stand/,,medical-device/product/patient-monitor.html,301,3,,,
custom,,product-tag/patient-monitor-stand/,,medical-device/product/patient-monitor.html,301,4,,,
custom,,product-tag/patient-monitor-stand/,,medical-device/product/patient-monitor.html,301,5,,,
custom,,product-tag/patient-monitor-stand/,,medical-device/product/patient-monitor.html,301,6,,,
custom,,product-tag/patient-monitor-stand/,,medical-device/product/patient-monitor.html,301,7,,,
custom,,product-tag/patient-monitor-system/,,medical-device/product/patient-monitor.html,301,1,,,
custom,,product-tag/patient-monitor-system/,,medical-device/product/patient-monitor.html,301,2,,,
custom,,product-tag/patient-monitor-system/,,medical-device/product/patient-monitor.html,301,3,,,
custom,,product-tag/patient-monitor-system/,,medical-device/product/patient-monitor.html,301,4,,,
custom,,product-tag/patient-monitor-system/,,medical-device/product/patient-monitor.html,301,5,,,
custom,,product-tag/patient-monitor-system/,,medical-device/product/patient-monitor.html,301,6,,,
custom,,product-tag/patient-monitor-system/,,medical-device/product/patient-monitor.html,301,7,,,
custom,,product-tag/patient-monitor-with-stand/,,medical-device/product/patient-monitor.html,301,1,,,
custom,,product-tag/patient-monitor-with-stand/,,medical-device/product/patient-monitor.html,301,2,,,
custom,,product-tag/patient-monitor-with-stand/,,medical-device/product/patient-monitor.html,301,3,,,
custom,,product-tag/patient-monitor-with-stand/,,medical-device/product/patient-monitor.html,301,4,,,
custom,,product-tag/patient-monitor-with-stand/,,medical-device/product/patient-monitor.html,301,5,,,
custom,,product-tag/patient-monitor-with-stand/,,medical-device/product/patient-monitor.html,301,6,,,
custom,,product-tag/patient-monitor-with-stand/,,medical-device/product/patient-monitor.html,301,7,,,
custom,,product-tag/pediatric-mask/,,home-healthcare-devices/mother-and-child-care.html,301,1,,,
custom,,product-tag/pediatric-mask/,,home-healthcare-devices/mother-and-child-care.html,301,2,,,
custom,,product-tag/pediatric-mask/,,home-healthcare-devices/mother-and-child-care.html,301,3,,,
custom,,product-tag/pediatric-mask/,,home-healthcare-devices/mother-and-child-care.html,301,4,,,
custom,,product-tag/pediatric-mask/,,home-healthcare-devices/mother-and-child-care.html,301,5,,,
custom,,product-tag/pediatric-mask/,,home-healthcare-devices/mother-and-child-care.html,301,6,,,
custom,,product-tag/pediatric-mask/,,home-healthcare-devices/mother-and-child-care.html,301,7,,,
custom,,product-tag/pediatric-vein-finder/,,all-products.html,301,1,,,
custom,,product-tag/pediatric-vein-finder/,,all-products.html,301,2,,,
custom,,product-tag/pediatric-vein-finder/,,all-products.html,301,3,,,
custom,,product-tag/pediatric-vein-finder/,,all-products.html,301,4,,,
custom,,product-tag/pediatric-vein-finder/,,all-products.html,301,5,,,
custom,,product-tag/pediatric-vein-finder/,,all-products.html,301,6,,,
custom,,product-tag/pediatric-vein-finder/,,all-products.html,301,7,,,
custom,,product-tag/philips-oxygen-concentrator-5-litre/,,home-healthcare-devices/oxygen-concentrator.html,301,1,,,
custom,,product-tag/philips-oxygen-concentrator-5-litre/,,home-healthcare-devices/oxygen-concentrator.html,301,2,,,
custom,,product-tag/philips-oxygen-concentrator-5-litre/,,home-healthcare-devices/oxygen-concentrator.html,301,3,,,
custom,,product-tag/philips-oxygen-concentrator-5-litre/,,home-healthcare-devices/oxygen-concentrator.html,301,4,,,
custom,,product-tag/philips-oxygen-concentrator-5-litre/,,home-healthcare-devices/oxygen-concentrator.html,301,5,,,
custom,,product-tag/philips-oxygen-concentrator-5-litre/,,home-healthcare-devices/oxygen-concentrator.html,301,6,,,
custom,,product-tag/philips-oxygen-concentrator-5-litre/,,home-healthcare-devices/oxygen-concentrator.html,301,7,,,
custom,,product-tag/philips-oxygen-concentrator-filter/,,home-healthcare-devices/oxygen-concentrator.html,301,1,,,
custom,,product-tag/philips-oxygen-concentrator-filter/,,home-healthcare-devices/oxygen-concentrator.html,301,2,,,
custom,,product-tag/philips-oxygen-concentrator-filter/,,home-healthcare-devices/oxygen-concentrator.html,301,3,,,
custom,,product-tag/philips-oxygen-concentrator-filter/,,home-healthcare-devices/oxygen-concentrator.html,301,4,,,
custom,,product-tag/philips-oxygen-concentrator-filter/,,home-healthcare-devices/oxygen-concentrator.html,301,5,,,
custom,,product-tag/philips-oxygen-concentrator-filter/,,home-healthcare-devices/oxygen-concentrator.html,301,6,,,
custom,,product-tag/philips-oxygen-concentrator-filter/,,home-healthcare-devices/oxygen-concentrator.html,301,7,,,
custom,,product-tag/philips-oxygen-concentrator-filter/?add-to-cart=5880,,home-healthcare-devices/oxygen-concentrator.html,301,1,,,
custom,,product-tag/philips-oxygen-concentrator-filter/?add-to-cart=5880,,home-healthcare-devices/oxygen-concentrator.html,301,2,,,
custom,,product-tag/philips-oxygen-concentrator-filter/?add-to-cart=5880,,home-healthcare-devices/oxygen-concentrator.html,301,3,,,
custom,,product-tag/philips-oxygen-concentrator-filter/?add-to-cart=5880,,home-healthcare-devices/oxygen-concentrator.html,301,4,,,
custom,,product-tag/philips-oxygen-concentrator-filter/?add-to-cart=5880,,home-healthcare-devices/oxygen-concentrator.html,301,5,,,
custom,,product-tag/philips-oxygen-concentrator-filter/?add-to-cart=5880,,home-healthcare-devices/oxygen-concentrator.html,301,6,,,
custom,,product-tag/philips-oxygen-concentrator-filter/?add-to-cart=5880,,home-healthcare-devices/oxygen-concentrator.html,301,7,,,
custom,,product-tag/philips-oxygen-concentrator-machine/,,home-healthcare-devices/oxygen-concentrator.html,301,1,,,
custom,,product-tag/philips-oxygen-concentrator-machine/,,home-healthcare-devices/oxygen-concentrator.html,301,2,,,
custom,,product-tag/philips-oxygen-concentrator-machine/,,home-healthcare-devices/oxygen-concentrator.html,301,3,,,
custom,,product-tag/philips-oxygen-concentrator-machine/,,home-healthcare-devices/oxygen-concentrator.html,301,4,,,
custom,,product-tag/philips-oxygen-concentrator-machine/,,home-healthcare-devices/oxygen-concentrator.html,301,5,,,
custom,,product-tag/philips-oxygen-concentrator-machine/,,home-healthcare-devices/oxygen-concentrator.html,301,6,,,
custom,,product-tag/philips-oxygen-concentrator-machine/,,home-healthcare-devices/oxygen-concentrator.html,301,7,,,
custom,,product-tag/philips-respironics-oxygen-concentrator-accessories/,,home-healthcare-devices/oxygen-concentrator.html,301,1,,,
custom,,product-tag/philips-respironics-oxygen-concentrator-accessories/,,home-healthcare-devices/oxygen-concentrator.html,301,2,,,
custom,,product-tag/philips-respironics-oxygen-concentrator-accessories/,,home-healthcare-devices/oxygen-concentrator.html,301,3,,,
custom,,product-tag/philips-respironics-oxygen-concentrator-accessories/,,home-healthcare-devices/oxygen-concentrator.html,301,4,,,
custom,,product-tag/philips-respironics-oxygen-concentrator-accessories/,,home-healthcare-devices/oxygen-concentrator.html,301,5,,,
custom,,product-tag/philips-respironics-oxygen-concentrator-accessories/,,home-healthcare-devices/oxygen-concentrator.html,301,6,,,
custom,,product-tag/philips-respironics-oxygen-concentrator-accessories/,,home-healthcare-devices/oxygen-concentrator.html,301,7,,,
custom,,product-tag/phlegm-suction/,,medical-device/product/suction-machine.html,301,1,,,
custom,,product-tag/phlegm-suction/,,medical-device/product/suction-machine.html,301,2,,,
custom,,product-tag/phlegm-suction/,,medical-device/product/suction-machine.html,301,3,,,
custom,,product-tag/phlegm-suction/,,medical-device/product/suction-machine.html,301,4,,,
custom,,product-tag/phlegm-suction/,,medical-device/product/suction-machine.html,301,5,,,
custom,,product-tag/phlegm-suction/,,medical-device/product/suction-machine.html,301,6,,,
custom,,product-tag/phlegm-suction/,,medical-device/product/suction-machine.html,301,7,,,
custom,,product-tag/phlegm-suction-machine-dr-trust/,,medical-device/product/suction-machine.html,301,1,,,
custom,,product-tag/phlegm-suction-machine-dr-trust/,,medical-device/product/suction-machine.html,301,2,,,
custom,,product-tag/phlegm-suction-machine-dr-trust/,,medical-device/product/suction-machine.html,301,3,,,
custom,,product-tag/phlegm-suction-machine-dr-trust/,,medical-device/product/suction-machine.html,301,4,,,
custom,,product-tag/phlegm-suction-machine-dr-trust/,,medical-device/product/suction-machine.html,301,5,,,
custom,,product-tag/phlegm-suction-machine-dr-trust/,,medical-device/product/suction-machine.html,301,6,,,
custom,,product-tag/phlegm-suction-machine-dr-trust/,,medical-device/product/suction-machine.html,301,7,,,
custom,,product-tag/phlegm-suction-machine-for-home/?add_to_wishlist=5966&_wpnonce=4e97009738,,medical-device/product/suction-machine.html,301,1,,,
custom,,product-tag/phlegm-suction-machine-for-home/?add_to_wishlist=5966&_wpnonce=4e97009738,,medical-device/product/suction-machine.html,301,2,,,
custom,,product-tag/phlegm-suction-machine-for-home/?add_to_wishlist=5966&_wpnonce=4e97009738,,medical-device/product/suction-machine.html,301,3,,,
custom,,product-tag/phlegm-suction-machine-for-home/?add_to_wishlist=5966&_wpnonce=4e97009738,,medical-device/product/suction-machine.html,301,4,,,
custom,,product-tag/phlegm-suction-machine-for-home/?add_to_wishlist=5966&_wpnonce=4e97009738,,medical-device/product/suction-machine.html,301,5,,,
custom,,product-tag/phlegm-suction-machine-for-home/?add_to_wishlist=5966&_wpnonce=4e97009738,,medical-device/product/suction-machine.html,301,6,,,
custom,,product-tag/phlegm-suction-machine-for-home/?add_to_wishlist=5966&_wpnonce=4e97009738,,medical-device/product/suction-machine.html,301,7,,,
custom,,product-tag/portable-oxygen-concentrator-india/,,home-healthcare-devices/oxygen-concentrator.html,301,1,,,
custom,,product-tag/portable-oxygen-concentrator-india/,,home-healthcare-devices/oxygen-concentrator.html,301,2,,,
custom,,product-tag/portable-oxygen-concentrator-india/,,home-healthcare-devices/oxygen-concentrator.html,301,3,,,
custom,,product-tag/portable-oxygen-concentrator-india/,,home-healthcare-devices/oxygen-concentrator.html,301,4,,,
custom,,product-tag/portable-oxygen-concentrator-india/,,home-healthcare-devices/oxygen-concentrator.html,301,5,,,
custom,,product-tag/portable-oxygen-concentrator-india/,,home-healthcare-devices/oxygen-concentrator.html,301,6,,,
custom,,product-tag/portable-oxygen-concentrator-india/,,home-healthcare-devices/oxygen-concentrator.html,301,7,,,
custom,,product-tag/portable-oxygen-concentrator-machine-for-home/,,home-healthcare-devices/oxygen-concentrator.html,301,1,,,
custom,,product-tag/portable-oxygen-concentrator-machine-for-home/,,home-healthcare-devices/oxygen-concentrator.html,301,2,,,
custom,,product-tag/portable-oxygen-concentrator-machine-for-home/,,home-healthcare-devices/oxygen-concentrator.html,301,3,,,
custom,,product-tag/portable-oxygen-concentrator-machine-for-home/,,home-healthcare-devices/oxygen-concentrator.html,301,4,,,
custom,,product-tag/portable-oxygen-concentrator-machine-for-home/,,home-healthcare-devices/oxygen-concentrator.html,301,5,,,
custom,,product-tag/portable-oxygen-concentrator-machine-for-home/,,home-healthcare-devices/oxygen-concentrator.html,301,6,,,
custom,,product-tag/portable-oxygen-concentrator-machine-for-home/,,home-healthcare-devices/oxygen-concentrator.html,301,7,,,
custom,,product-tag/professional-otoscope/,,professional-diagnostic-equipment/product/otoscopes.html,301,1,,,
custom,,product-tag/professional-otoscope/,,professional-diagnostic-equipment/product/otoscopes.html,301,2,,,
custom,,product-tag/professional-otoscope/,,professional-diagnostic-equipment/product/otoscopes.html,301,3,,,
custom,,product-tag/professional-otoscope/,,professional-diagnostic-equipment/product/otoscopes.html,301,4,,,
custom,,product-tag/professional-otoscope/,,professional-diagnostic-equipment/product/otoscopes.html,301,5,,,
custom,,product-tag/professional-otoscope/,,professional-diagnostic-equipment/product/otoscopes.html,301,6,,,
custom,,product-tag/professional-otoscope/,,professional-diagnostic-equipment/product/otoscopes.html,301,7,,,
custom,,product-tag/pulse-oximeter-afk/,,home-healthcare-devices/oxygen-concentrator.html,301,1,,,
custom,,product-tag/pulse-oximeter-afk/,,home-healthcare-devices/oxygen-concentrator.html,301,2,,,
custom,,product-tag/pulse-oximeter-afk/,,home-healthcare-devices/oxygen-concentrator.html,301,3,,,
custom,,product-tag/pulse-oximeter-afk/,,home-healthcare-devices/oxygen-concentrator.html,301,4,,,
custom,,product-tag/pulse-oximeter-afk/,,home-healthcare-devices/oxygen-concentrator.html,301,5,,,
custom,,product-tag/pulse-oximeter-afk/,,home-healthcare-devices/oxygen-concentrator.html,301,6,,,
custom,,product-tag/pulse-oximeter-afk/,,home-healthcare-devices/oxygen-concentrator.html,301,7,,,
custom,,product-tag/pulse-oximeter-battery-cell/,,home-healthcare-devices/oxygen-concentrator.html,301,1,,,
custom,,product-tag/pulse-oximeter-battery-cell/,,home-healthcare-devices/oxygen-concentrator.html,301,2,,,
custom,,product-tag/pulse-oximeter-battery-cell/,,home-healthcare-devices/oxygen-concentrator.html,301,3,,,
custom,,product-tag/pulse-oximeter-battery-cell/,,home-healthcare-devices/oxygen-concentrator.html,301,4,,,
custom,,product-tag/pulse-oximeter-battery-cell/,,home-healthcare-devices/oxygen-concentrator.html,301,5,,,
custom,,product-tag/pulse-oximeter-battery-cell/,,home-healthcare-devices/oxygen-concentrator.html,301,6,,,
custom,,product-tag/pulse-oximeter-battery-cell/,,home-healthcare-devices/oxygen-concentrator.html,301,7,,,
custom,,product-tag/pulse-oximeter-bluetooth/,,home-healthcare-devices/oxygen-concentrator.html,301,1,,,
custom,,product-tag/pulse-oximeter-bluetooth/,,home-healthcare-devices/oxygen-concentrator.html,301,2,,,
custom,,product-tag/pulse-oximeter-bluetooth/,,home-healthcare-devices/oxygen-concentrator.html,301,3,,,
custom,,product-tag/pulse-oximeter-bluetooth/,,home-healthcare-devices/oxygen-concentrator.html,301,4,,,
custom,,product-tag/pulse-oximeter-bluetooth/,,home-healthcare-devices/oxygen-concentrator.html,301,5,,,
custom,,product-tag/pulse-oximeter-bluetooth/,,home-healthcare-devices/oxygen-concentrator.html,301,6,,,
custom,,product-tag/pulse-oximeter-bluetooth/,,home-healthcare-devices/oxygen-concentrator.html,301,7,,,
custom,,product-tag/pulse-oximeter-generic/,,home-healthcare-devices/oxygen-concentrator.html,301,1,,,
custom,,product-tag/pulse-oximeter-generic/,,home-healthcare-devices/oxygen-concentrator.html,301,2,,,
custom,,product-tag/pulse-oximeter-generic/,,home-healthcare-devices/oxygen-concentrator.html,301,3,,,
custom,,product-tag/pulse-oximeter-generic/,,home-healthcare-devices/oxygen-concentrator.html,301,4,,,
custom,,product-tag/pulse-oximeter-generic/,,home-healthcare-devices/oxygen-concentrator.html,301,5,,,
custom,,product-tag/pulse-oximeter-generic/,,home-healthcare-devices/oxygen-concentrator.html,301,6,,,
custom,,product-tag/pulse-oximeter-generic/,,home-healthcare-devices/oxygen-concentrator.html,301,7,,,
custom,,product-tag/pulse-oximeter-generic/feed/,,home-healthcare-devices/oxygen-concentrator.html,301,1,,,
custom,,product-tag/pulse-oximeter-generic/feed/,,home-healthcare-devices/oxygen-concentrator.html,301,2,,,
custom,,product-tag/pulse-oximeter-generic/feed/,,home-healthcare-devices/oxygen-concentrator.html,301,3,,,
custom,,product-tag/pulse-oximeter-generic/feed/,,home-healthcare-devices/oxygen-concentrator.html,301,4,,,
custom,,product-tag/pulse-oximeter-generic/feed/,,home-healthcare-devices/oxygen-concentrator.html,301,5,,,
custom,,product-tag/pulse-oximeter-generic/feed/,,home-healthcare-devices/oxygen-concentrator.html,301,6,,,
custom,,product-tag/pulse-oximeter-generic/feed/,,home-healthcare-devices/oxygen-concentrator.html,301,7,,,
custom,,product-tag/pulse-oximeter-germany/,,home-healthcare-devices/oxygen-concentrator.html,301,1,,,
custom,,product-tag/pulse-oximeter-germany/,,home-healthcare-devices/oxygen-concentrator.html,301,2,,,
custom,,product-tag/pulse-oximeter-germany/,,home-healthcare-devices/oxygen-concentrator.html,301,3,,,
custom,,product-tag/pulse-oximeter-germany/,,home-healthcare-devices/oxygen-concentrator.html,301,4,,,
custom,,product-tag/pulse-oximeter-germany/,,home-healthcare-devices/oxygen-concentrator.html,301,5,,,
custom,,product-tag/pulse-oximeter-germany/,,home-healthcare-devices/oxygen-concentrator.html,301,6,,,
custom,,product-tag/pulse-oximeter-germany/,,home-healthcare-devices/oxygen-concentrator.html,301,7,,,
custom,,product-tag/pulse-oximeter-indian-made/,,home-healthcare-devices/oxygen-concentrator.html,301,1,,,
custom,,product-tag/pulse-oximeter-indian-made/,,home-healthcare-devices/oxygen-concentrator.html,301,2,,,
custom,,product-tag/pulse-oximeter-indian-made/,,home-healthcare-devices/oxygen-concentrator.html,301,3,,,
custom,,product-tag/pulse-oximeter-indian-made/,,home-healthcare-devices/oxygen-concentrator.html,301,4,,,
custom,,product-tag/pulse-oximeter-indian-made/,,home-healthcare-devices/oxygen-concentrator.html,301,5,,,
custom,,product-tag/pulse-oximeter-indian-made/,,home-healthcare-devices/oxygen-concentrator.html,301,6,,,
custom,,product-tag/pulse-oximeter-indian-made/,,home-healthcare-devices/oxygen-concentrator.html,301,7,,,
custom,,product-tag/rechargeable-ophthalmoscope/,,professional-diagnostic-equipment/product/ophthalmoscope.html,301,1,,,
custom,,product-tag/rechargeable-ophthalmoscope/,,professional-diagnostic-equipment/product/ophthalmoscope.html,301,2,,,
custom,,product-tag/rechargeable-ophthalmoscope/,,professional-diagnostic-equipment/product/ophthalmoscope.html,301,3,,,
custom,,product-tag/rechargeable-ophthalmoscope/,,professional-diagnostic-equipment/product/ophthalmoscope.html,301,4,,,
custom,,product-tag/rechargeable-ophthalmoscope/,,professional-diagnostic-equipment/product/ophthalmoscope.html,301,5,,,
custom,,product-tag/rechargeable-ophthalmoscope/,,professional-diagnostic-equipment/product/ophthalmoscope.html,301,6,,,
custom,,product-tag/rechargeable-ophthalmoscope/,,professional-diagnostic-equipment/product/ophthalmoscope.html,301,7,,,
custom,,product-tag/respironics/,,all-products.html,301,1,,,
custom,,product-tag/respironics/,,all-products.html,301,2,,,
custom,,product-tag/respironics/,,all-products.html,301,3,,,
custom,,product-tag/respironics/,,all-products.html,301,4,,,
custom,,product-tag/respironics/,,all-products.html,301,5,,,
custom,,product-tag/respironics/,,all-products.html,301,6,,,
custom,,product-tag/respironics/,,all-products.html,301,7,,,
custom,,product-tag/respironics-dreamstation-filter/,,all-products.html,301,1,,,
custom,,product-tag/respironics-dreamstation-filter/,,all-products.html,301,2,,,
custom,,product-tag/respironics-dreamstation-filter/,,all-products.html,301,3,,,
custom,,product-tag/respironics-dreamstation-filter/,,all-products.html,301,4,,,
custom,,product-tag/respironics-dreamstation-filter/,,all-products.html,301,5,,,
custom,,product-tag/respironics-dreamstation-filter/,,all-products.html,301,6,,,
custom,,product-tag/respironics-dreamstation-filter/,,all-products.html,301,7,,,
custom,,product-tag/retinoscope/,,professional-diagnostic-equipment/product/retinoscope.html,301,1,,,
custom,,product-tag/retinoscope/,,professional-diagnostic-equipment/product/retinoscope.html,301,2,,,
custom,,product-tag/retinoscope/,,professional-diagnostic-equipment/product/retinoscope.html,301,3,,,
custom,,product-tag/retinoscope/,,professional-diagnostic-equipment/product/retinoscope.html,301,4,,,
custom,,product-tag/retinoscope/,,professional-diagnostic-equipment/product/retinoscope.html,301,5,,,
custom,,product-tag/retinoscope/,,professional-diagnostic-equipment/product/retinoscope.html,301,6,,,
custom,,product-tag/retinoscope/,,professional-diagnostic-equipment/product/retinoscope.html,301,7,,,
custom,,product-tag/retinoscope-bag/,,professional-diagnostic-equipment/product/retinoscope.html,301,1,,,
custom,,product-tag/retinoscope-bag/,,professional-diagnostic-equipment/product/retinoscope.html,301,2,,,
custom,,product-tag/retinoscope-bag/,,professional-diagnostic-equipment/product/retinoscope.html,301,3,,,
custom,,product-tag/retinoscope-bag/,,professional-diagnostic-equipment/product/retinoscope.html,301,4,,,
custom,,product-tag/retinoscope-bag/,,professional-diagnostic-equipment/product/retinoscope.html,301,5,,,
custom,,product-tag/retinoscope-bag/,,professional-diagnostic-equipment/product/retinoscope.html,301,6,,,
custom,,product-tag/retinoscope-bag/,,professional-diagnostic-equipment/product/retinoscope.html,301,7,,,
custom,,product-tag/retinoscope-battery/,,professional-diagnostic-equipment/product/retinoscope.html,301,1,,,
custom,,product-tag/retinoscope-battery/,,professional-diagnostic-equipment/product/retinoscope.html,301,2,,,
custom,,product-tag/retinoscope-battery/,,professional-diagnostic-equipment/product/retinoscope.html,301,3,,,
custom,,product-tag/retinoscope-battery/,,professional-diagnostic-equipment/product/retinoscope.html,301,4,,,
custom,,product-tag/retinoscope-battery/,,professional-diagnostic-equipment/product/retinoscope.html,301,5,,,
custom,,product-tag/retinoscope-battery/,,professional-diagnostic-equipment/product/retinoscope.html,301,6,,,
custom,,product-tag/retinoscope-battery/,,professional-diagnostic-equipment/product/retinoscope.html,301,7,,,
custom,,product-tag/retinoscope-streak-chargeable/,,professional-diagnostic-equipment/product/retinoscope.html,301,1,,,
custom,,product-tag/retinoscope-streak-chargeable/,,professional-diagnostic-equipment/product/retinoscope.html,301,2,,,
custom,,product-tag/retinoscope-streak-chargeable/,,professional-diagnostic-equipment/product/retinoscope.html,301,3,,,
custom,,product-tag/retinoscope-streak-chargeable/,,professional-diagnostic-equipment/product/retinoscope.html,301,4,,,
custom,,product-tag/retinoscope-streak-chargeable/,,professional-diagnostic-equipment/product/retinoscope.html,301,5,,,
custom,,product-tag/retinoscope-streak-chargeable/,,professional-diagnostic-equipment/product/retinoscope.html,301,6,,,
custom,,product-tag/retinoscope-streak-chargeable/,,professional-diagnostic-equipment/product/retinoscope.html,301,7,,,
custom,,product-tag/retinoscope-streak-indian/,,professional-diagnostic-equipment/product/retinoscope.html,301,1,,,
custom,,product-tag/retinoscope-streak-indian/,,professional-diagnostic-equipment/product/retinoscope.html,301,2,,,
custom,,product-tag/retinoscope-streak-indian/,,professional-diagnostic-equipment/product/retinoscope.html,301,3,,,
custom,,product-tag/retinoscope-streak-indian/,,professional-diagnostic-equipment/product/retinoscope.html,301,4,,,
custom,,product-tag/retinoscope-streak-indian/,,professional-diagnostic-equipment/product/retinoscope.html,301,5,,,
custom,,product-tag/retinoscope-streak-indian/,,professional-diagnostic-equipment/product/retinoscope.html,301,6,,,
custom,,product-tag/retinoscope-streak-indian/,,professional-diagnostic-equipment/product/retinoscope.html,301,7,,,
custom,,product-tag/reusable-blood-pressure-cuffs/,,home-healthcare-devices.html,301,1,,,
custom,,product-tag/reusable-blood-pressure-cuffs/,,home-healthcare-devices.html,301,2,,,
custom,,product-tag/reusable-blood-pressure-cuffs/,,home-healthcare-devices.html,301,3,,,
custom,,product-tag/reusable-blood-pressure-cuffs/,,home-healthcare-devices.html,301,4,,,
custom,,product-tag/reusable-blood-pressure-cuffs/,,home-healthcare-devices.html,301,5,,,
custom,,product-tag/reusable-blood-pressure-cuffs/,,home-healthcare-devices.html,301,6,,,
custom,,product-tag/reusable-blood-pressure-cuffs/,,home-healthcare-devices.html,301,7,,,
custom,,product-tag/speculum-disposable/,,all-products.html,301,1,,,
custom,,product-tag/speculum-disposable/,,all-products.html,301,2,,,
custom,,product-tag/speculum-disposable/,,all-products.html,301,3,,,
custom,,product-tag/speculum-disposable/,,all-products.html,301,4,,,
custom,,product-tag/speculum-disposable/,,all-products.html,301,5,,,
custom,,product-tag/speculum-disposable/,,all-products.html,301,6,,,
custom,,product-tag/speculum-disposable/,,all-products.html,301,7,,,
custom,,product-tag/speculum-for-women-plastic/,,all-products.html,301,1,,,
custom,,product-tag/speculum-for-women-plastic/,,all-products.html,301,2,,,
custom,,product-tag/speculum-for-women-plastic/,,all-products.html,301,3,,,
custom,,product-tag/speculum-for-women-plastic/,,all-products.html,301,4,,,
custom,,product-tag/speculum-for-women-plastic/,,all-products.html,301,5,,,
custom,,product-tag/speculum-for-women-plastic/,,all-products.html,301,6,,,
custom,,product-tag/speculum-for-women-plastic/,,all-products.html,301,7,,,
custom,,product-tag/spo2-monitor-no/,,all-products.html,301,1,,,
custom,,product-tag/spo2-monitor-no/,,all-products.html,301,2,,,
custom,,product-tag/spo2-monitor-no/,,all-products.html,301,3,,,
custom,,product-tag/spo2-monitor-no/,,all-products.html,301,4,,,
custom,,product-tag/spo2-monitor-no/,,all-products.html,301,5,,,
custom,,product-tag/spo2-monitor-no/,,all-products.html,301,6,,,
custom,,product-tag/spo2-monitor-no/,,all-products.html,301,7,,,
custom,,product-tag/starillium/,,all-products.html,301,1,,,
custom,,product-tag/starillium/,,all-products.html,301,2,,,
custom,,product-tag/starillium/,,all-products.html,301,3,,,
custom,,product-tag/starillium/,,all-products.html,301,4,,,
custom,,product-tag/starillium/,,all-products.html,301,5,,,
custom,,product-tag/starillium/,,all-products.html,301,6,,,
custom,,product-tag/starillium/,,all-products.html,301,7,,,
custom,,product-tag/stethoscope-alitmun/,,professional-diagnostic-equipment/product/stethoscope.html,301,1,,,
custom,,product-tag/stethoscope-alitmun/,,professional-diagnostic-equipment/product/stethoscope.html,301,2,,,
custom,,product-tag/stethoscope-alitmun/,,professional-diagnostic-equipment/product/stethoscope.html,301,3,,,
custom,,product-tag/stethoscope-alitmun/,,professional-diagnostic-equipment/product/stethoscope.html,301,4,,,
custom,,product-tag/stethoscope-alitmun/,,professional-diagnostic-equipment/product/stethoscope.html,301,5,,,
custom,,product-tag/stethoscope-alitmun/,,professional-diagnostic-equipment/product/stethoscope.html,301,6,,,
custom,,product-tag/stethoscope-alitmun/,,professional-diagnostic-equipment/product/stethoscope.html,301,7,,,
custom,,product-tag/stethoscope-bag/,,professional-diagnostic-equipment/product/stethoscope.html,301,1,,,
custom,,product-tag/stethoscope-bag/,,professional-diagnostic-equipment/product/stethoscope.html,301,2,,,
custom,,product-tag/stethoscope-bag/,,professional-diagnostic-equipment/product/stethoscope.html,301,3,,,
custom,,product-tag/stethoscope-bag/,,professional-diagnostic-equipment/product/stethoscope.html,301,4,,,
custom,,product-tag/stethoscope-bag/,,professional-diagnostic-equipment/product/stethoscope.html,301,5,,,
custom,,product-tag/stethoscope-bag/,,professional-diagnostic-equipment/product/stethoscope.html,301,6,,,
custom,,product-tag/stethoscope-bag/,,professional-diagnostic-equipment/product/stethoscope.html,301,7,,,
custom,,product-tag/stethoscope-buds/,,professional-diagnostic-equipment/product/stethoscope.html,301,1,,,
custom,,product-tag/stethoscope-buds/,,professional-diagnostic-equipment/product/stethoscope.html,301,2,,,
custom,,product-tag/stethoscope-buds/,,professional-diagnostic-equipment/product/stethoscope.html,301,3,,,
custom,,product-tag/stethoscope-buds/,,professional-diagnostic-equipment/product/stethoscope.html,301,4,,,
custom,,product-tag/stethoscope-buds/,,professional-diagnostic-equipment/product/stethoscope.html,301,5,,,
custom,,product-tag/stethoscope-buds/,,professional-diagnostic-equipment/product/stethoscope.html,301,6,,,
custom,,product-tag/stethoscope-buds/,,professional-diagnostic-equipment/product/stethoscope.html,301,7,,,
custom,,product-tag/stethoscope-charm/,,professional-diagnostic-equipment/product/stethoscope.html,301,1,,,
custom,,product-tag/stethoscope-charm/,,professional-diagnostic-equipment/product/stethoscope.html,301,2,,,
custom,,product-tag/stethoscope-charm/,,professional-diagnostic-equipment/product/stethoscope.html,301,3,,,
custom,,product-tag/stethoscope-charm/,,professional-diagnostic-equipment/product/stethoscope.html,301,4,,,
custom,,product-tag/stethoscope-charm/,,professional-diagnostic-equipment/product/stethoscope.html,301,5,,,
custom,,product-tag/stethoscope-charm/,,professional-diagnostic-equipment/product/stethoscope.html,301,6,,,
custom,,product-tag/stethoscope-charm/,,professional-diagnostic-equipment/product/stethoscope.html,301,7,,,
custom,,product-tag/stethoscope-ear-knobs/,,professional-diagnostic-equipment/product/stethoscope.html,301,1,,,
custom,,product-tag/stethoscope-ear-knobs/,,professional-diagnostic-equipment/product/stethoscope.html,301,2,,,
custom,,product-tag/stethoscope-ear-knobs/,,professional-diagnostic-equipment/product/stethoscope.html,301,3,,,
custom,,product-tag/stethoscope-ear-knobs/,,professional-diagnostic-equipment/product/stethoscope.html,301,4,,,
custom,,product-tag/stethoscope-ear-knobs/,,professional-diagnostic-equipment/product/stethoscope.html,301,5,,,
custom,,product-tag/stethoscope-ear-knobs/,,professional-diagnostic-equipment/product/stethoscope.html,301,6,,,
custom,,product-tag/stethoscope-ear-knobs/,,professional-diagnostic-equipment/product/stethoscope.html,301,7,,,
custom,,product-tag/stethoscope-green-colour/,,professional-diagnostic-equipment/product/stethoscope.html,301,1,,,
custom,,product-tag/stethoscope-green-colour/,,professional-diagnostic-equipment/product/stethoscope.html,301,2,,,
custom,,product-tag/stethoscope-green-colour/,,professional-diagnostic-equipment/product/stethoscope.html,301,3,,,
custom,,product-tag/stethoscope-green-colour/,,professional-diagnostic-equipment/product/stethoscope.html,301,4,,,
custom,,product-tag/stethoscope-green-colour/,,professional-diagnostic-equipment/product/stethoscope.html,301,5,,,
custom,,product-tag/stethoscope-green-colour/,,professional-diagnostic-equipment/product/stethoscope.html,301,6,,,
custom,,product-tag/stethoscope-green-colour/,,professional-diagnostic-equipment/product/stethoscope.html,301,7,,,
custom,,product-tag/stethoscope-grey/,,professional-diagnostic-equipment/product/stethoscope.html,301,1,,,
custom,,product-tag/stethoscope-grey/,,professional-diagnostic-equipment/product/stethoscope.html,301,2,,,
custom,,product-tag/stethoscope-grey/,,professional-diagnostic-equipment/product/stethoscope.html,301,3,,,
custom,,product-tag/stethoscope-grey/,,professional-diagnostic-equipment/product/stethoscope.html,301,4,,,
custom,,product-tag/stethoscope-grey/,,professional-diagnostic-equipment/product/stethoscope.html,301,5,,,
custom,,product-tag/stethoscope-grey/,,professional-diagnostic-equipment/product/stethoscope.html,301,6,,,
custom,,product-tag/stethoscope-grey/,,professional-diagnostic-equipment/product/stethoscope.html,301,7,,,
custom,,product-tag/stethoscope-grey-colour/,,professional-diagnostic-equipment/product/stethoscope.html,301,1,,,
custom,,product-tag/stethoscope-grey-colour/,,professional-diagnostic-equipment/product/stethoscope.html,301,2,,,
custom,,product-tag/stethoscope-grey-colour/,,professional-diagnostic-equipment/product/stethoscope.html,301,3,,,
custom,,product-tag/stethoscope-grey-colour/,,professional-diagnostic-equipment/product/stethoscope.html,301,4,,,
custom,,product-tag/stethoscope-grey-colour/,,professional-diagnostic-equipment/product/stethoscope.html,301,5,,,
custom,,product-tag/stethoscope-grey-colour/,,professional-diagnostic-equipment/product/stethoscope.html,301,6,,,
custom,,product-tag/stethoscope-grey-colour/,,professional-diagnostic-equipment/product/stethoscope.html,301,7,,,
custom,,product-tag/stethoscope-infi/,,professional-diagnostic-equipment/product/stethoscope.html,301,1,,,
custom,,product-tag/stethoscope-infi/,,professional-diagnostic-equipment/product/stethoscope.html,301,2,,,
custom,,product-tag/stethoscope-infi/,,professional-diagnostic-equipment/product/stethoscope.html,301,3,,,
custom,,product-tag/stethoscope-infi/,,professional-diagnostic-equipment/product/stethoscope.html,301,4,,,
custom,,product-tag/stethoscope-infi/,,professional-diagnostic-equipment/product/stethoscope.html,301,5,,,
custom,,product-tag/stethoscope-infi/,,professional-diagnostic-equipment/product/stethoscope.html,301,6,,,
custom,,product-tag/stethoscope-infi/,,professional-diagnostic-equipment/product/stethoscope.html,301,7,,,
custom,,product-tag/storage-bag-for-kids/,,all-products.html,301,1,,,
custom,,product-tag/storage-bag-for-kids/,,all-products.html,301,2,,,
custom,,product-tag/storage-bag-for-kids/,,all-products.html,301,3,,,
custom,,product-tag/storage-bag-for-kids/,,all-products.html,301,4,,,
custom,,product-tag/storage-bag-for-kids/,,all-products.html,301,5,,,
custom,,product-tag/storage-bag-for-kids/,,all-products.html,301,6,,,
custom,,product-tag/storage-bag-for-kids/,,all-products.html,301,7,,,
custom,,product-tag/storage-bag-moisture-proof/,,all-products.html,301,1,,,
custom,,product-tag/storage-bag-moisture-proof/,,all-products.html,301,2,,,
custom,,product-tag/storage-bag-moisture-proof/,,all-products.html,301,3,,,
custom,,product-tag/storage-bag-moisture-proof/,,all-products.html,301,4,,,
custom,,product-tag/storage-bag-moisture-proof/,,all-products.html,301,5,,,
custom,,product-tag/storage-bag-moisture-proof/,,all-products.html,301,6,,,
custom,,product-tag/storage-bag-moisture-proof/,,all-products.html,301,7,,,
custom,,product-tag/storage-bag-strong/,,all-products.html,301,1,,,
custom,,product-tag/storage-bag-strong/,,all-products.html,301,2,,,
custom,,product-tag/storage-bag-strong/,,all-products.html,301,3,,,
custom,,product-tag/storage-bag-strong/,,all-products.html,301,4,,,
custom,,product-tag/storage-bag-strong/,,all-products.html,301,5,,,
custom,,product-tag/storage-bag-strong/,,all-products.html,301,6,,,
custom,,product-tag/storage-bag-strong/,,all-products.html,301,7,,,
custom,,product-tag/storage-bag-zipper/,,all-products.html,301,1,,,
custom,,product-tag/storage-bag-zipper/,,all-products.html,301,2,,,
custom,,product-tag/storage-bag-zipper/,,all-products.html,301,3,,,
custom,,product-tag/storage-bag-zipper/,,all-products.html,301,4,,,
custom,,product-tag/storage-bag-zipper/,,all-products.html,301,5,,,
custom,,product-tag/storage-bag-zipper/,,all-products.html,301,6,,,
custom,,product-tag/storage-bag-zipper/,,all-products.html,301,7,,,
custom,,product-tag/streak-retinoscope/,,professional-diagnostic-equipment/product/retinoscope.html,301,1,,,
custom,,product-tag/streak-retinoscope/,,professional-diagnostic-equipment/product/retinoscope.html,301,2,,,
custom,,product-tag/streak-retinoscope/,,professional-diagnostic-equipment/product/retinoscope.html,301,3,,,
custom,,product-tag/streak-retinoscope/,,professional-diagnostic-equipment/product/retinoscope.html,301,4,,,
custom,,product-tag/streak-retinoscope/,,professional-diagnostic-equipment/product/retinoscope.html,301,5,,,
custom,,product-tag/streak-retinoscope/,,professional-diagnostic-equipment/product/retinoscope.html,301,6,,,
custom,,product-tag/streak-retinoscope/,,professional-diagnostic-equipment/product/retinoscope.html,301,7,,,
custom,,product-tag/suction-machine-apex/,,medical-device/product/suction-machine.html,301,1,,,
custom,,product-tag/suction-machine-apex/,,medical-device/product/suction-machine.html,301,2,,,
custom,,product-tag/suction-machine-apex/,,medical-device/product/suction-machine.html,301,3,,,
custom,,product-tag/suction-machine-apex/,,medical-device/product/suction-machine.html,301,4,,,
custom,,product-tag/suction-machine-apex/,,medical-device/product/suction-machine.html,301,5,,,
custom,,product-tag/suction-machine-apex/,,medical-device/product/suction-machine.html,301,6,,,
custom,,product-tag/suction-machine-apex/,,medical-device/product/suction-machine.html,301,7,,,
custom,,product-tag/suction-machine-box-rubber-cap/,,medical-device/product/suction-machine.html,301,1,,,
custom,,product-tag/suction-machine-box-rubber-cap/,,medical-device/product/suction-machine.html,301,2,,,
custom,,product-tag/suction-machine-box-rubber-cap/,,medical-device/product/suction-machine.html,301,3,,,
custom,,product-tag/suction-machine-box-rubber-cap/,,medical-device/product/suction-machine.html,301,4,,,
custom,,product-tag/suction-machine-box-rubber-cap/,,medical-device/product/suction-machine.html,301,5,,,
custom,,product-tag/suction-machine-box-rubber-cap/,,medical-device/product/suction-machine.html,301,6,,,
custom,,product-tag/suction-machine-box-rubber-cap/,,medical-device/product/suction-machine.html,301,7,,,
custom,,product-tag/suction-machine-box-rubber-cap/feed/,,medical-device/product/suction-machine.html,301,1,,,
custom,,product-tag/suction-machine-box-rubber-cap/feed/,,medical-device/product/suction-machine.html,301,2,,,
custom,,product-tag/suction-machine-box-rubber-cap/feed/,,medical-device/product/suction-machine.html,301,3,,,
custom,,product-tag/suction-machine-box-rubber-cap/feed/,,medical-device/product/suction-machine.html,301,4,,,
custom,,product-tag/suction-machine-box-rubber-cap/feed/,,medical-device/product/suction-machine.html,301,5,,,
custom,,product-tag/suction-machine-box-rubber-cap/feed/,,medical-device/product/suction-machine.html,301,6,,,
custom,,product-tag/suction-machine-box-rubber-cap/feed/,,medical-device/product/suction-machine.html,301,7,,,
custom,,product-tag/suction-machine-dental/,,medical-device/product/suction-machine.html,301,1,,,
custom,,product-tag/suction-machine-dental/,,medical-device/product/suction-machine.html,301,2,,,
custom,,product-tag/suction-machine-dental/,,medical-device/product/suction-machine.html,301,3,,,
custom,,product-tag/suction-machine-dental/,,medical-device/product/suction-machine.html,301,4,,,
custom,,product-tag/suction-machine-dental/,,medical-device/product/suction-machine.html,301,5,,,
custom,,product-tag/suction-machine-dental/,,medical-device/product/suction-machine.html,301,6,,,
custom,,product-tag/suction-machine-dental/,,medical-device/product/suction-machine.html,301,7,,,
custom,,product-tag/suction-machine-double-jar-foot-operated/,,medical-device/product/suction-machine.html,301,1,,,
custom,,product-tag/suction-machine-double-jar-foot-operated/,,medical-device/product/suction-machine.html,301,2,,,
custom,,product-tag/suction-machine-double-jar-foot-operated/,,medical-device/product/suction-machine.html,301,3,,,
custom,,product-tag/suction-machine-double-jar-foot-operated/,,medical-device/product/suction-machine.html,301,4,,,
custom,,product-tag/suction-machine-double-jar-foot-operated/,,medical-device/product/suction-machine.html,301,5,,,
custom,,product-tag/suction-machine-double-jar-foot-operated/,,medical-device/product/suction-machine.html,301,6,,,
custom,,product-tag/suction-machine-double-jar-foot-operated/,,medical-device/product/suction-machine.html,301,7,,,
custom,,product-tag/suction-machine-electric/,,medical-device/product/suction-machine.html,301,1,,,
custom,,product-tag/suction-machine-electric/,,medical-device/product/suction-machine.html,301,2,,,
custom,,product-tag/suction-machine-electric/,,medical-device/product/suction-machine.html,301,3,,,
custom,,product-tag/suction-machine-electric/,,medical-device/product/suction-machine.html,301,4,,,
custom,,product-tag/suction-machine-electric/,,medical-device/product/suction-machine.html,301,5,,,
custom,,product-tag/suction-machine-electric/,,medical-device/product/suction-machine.html,301,6,,,
custom,,product-tag/suction-machine-electric/,,medical-device/product/suction-machine.html,301,7,,,
custom,,product-tag/suction-machine-for-cough/,,medical-device/product/suction-machine.html,301,1,,,
custom,,product-tag/suction-machine-for-cough/,,medical-device/product/suction-machine.html,301,2,,,
custom,,product-tag/suction-machine-for-cough/,,medical-device/product/suction-machine.html,301,3,,,
custom,,product-tag/suction-machine-for-cough/,,medical-device/product/suction-machine.html,301,4,,,
custom,,product-tag/suction-machine-for-cough/,,medical-device/product/suction-machine.html,301,5,,,
custom,,product-tag/suction-machine-for-cough/,,medical-device/product/suction-machine.html,301,6,,,
custom,,product-tag/suction-machine-for-cough/,,medical-device/product/suction-machine.html,301,7,,,
custom,,product-tag/suction-machine-for-mucus-extractor/,,medical-device/product/suction-machine.html,301,1,,,
custom,,product-tag/suction-machine-for-mucus-extractor/,,medical-device/product/suction-machine.html,301,2,,,
custom,,product-tag/suction-machine-for-mucus-extractor/,,medical-device/product/suction-machine.html,301,3,,,
custom,,product-tag/suction-machine-for-mucus-extractor/,,medical-device/product/suction-machine.html,301,4,,,
custom,,product-tag/suction-machine-for-mucus-extractor/,,medical-device/product/suction-machine.html,301,5,,,
custom,,product-tag/suction-machine-for-mucus-extractor/,,medical-device/product/suction-machine.html,301,6,,,
custom,,product-tag/suction-machine-for-mucus-extractor/,,medical-device/product/suction-machine.html,301,7,,,
custom,,product-tag/suction-machine-home/,,medical-device/product/suction-machine.html,301,1,,,
custom,,product-tag/suction-machine-home/,,medical-device/product/suction-machine.html,301,2,,,
custom,,product-tag/suction-machine-home/,,medical-device/product/suction-machine.html,301,3,,,
custom,,product-tag/suction-machine-home/,,medical-device/product/suction-machine.html,301,4,,,
custom,,product-tag/suction-machine-home/,,medical-device/product/suction-machine.html,301,5,,,
custom,,product-tag/suction-machine-home/,,medical-device/product/suction-machine.html,301,6,,,
custom,,product-tag/suction-machine-home/,,medical-device/product/suction-machine.html,301,7,,,
custom,,product-tag/suction-machine-hospital/,,medical-device/product/suction-machine.html,301,1,,,
custom,,product-tag/suction-machine-hospital/,,medical-device/product/suction-machine.html,301,2,,,
custom,,product-tag/suction-machine-hospital/,,medical-device/product/suction-machine.html,301,3,,,
custom,,product-tag/suction-machine-hospital/,,medical-device/product/suction-machine.html,301,4,,,
custom,,product-tag/suction-machine-hospital/,,medical-device/product/suction-machine.html,301,5,,,
custom,,product-tag/suction-machine-hospital/,,medical-device/product/suction-machine.html,301,6,,,
custom,,product-tag/suction-machine-hospital/,,medical-device/product/suction-machine.html,301,7,,,
custom,,product-tag/suction-machine-philips/,,medical-device/product/suction-machine.html,301,1,,,
custom,,product-tag/suction-machine-philips/,,medical-device/product/suction-machine.html,301,2,,,
custom,,product-tag/suction-machine-philips/,,medical-device/product/suction-machine.html,301,3,,,
custom,,product-tag/suction-machine-philips/,,medical-device/product/suction-machine.html,301,4,,,
custom,,product-tag/suction-machine-philips/,,medical-device/product/suction-machine.html,301,5,,,
custom,,product-tag/suction-machine-philips/,,medical-device/product/suction-machine.html,301,6,,,
custom,,product-tag/suction-machine-philips/,,medical-device/product/suction-machine.html,301,7,,,
custom,,product-tag/suction-machine-pump/,,medical-device/product/suction-machine.html,301,1,,,
custom,,product-tag/suction-machine-pump/,,medical-device/product/suction-machine.html,301,2,,,
custom,,product-tag/suction-machine-pump/,,medical-device/product/suction-machine.html,301,3,,,
custom,,product-tag/suction-machine-pump/,,medical-device/product/suction-machine.html,301,4,,,
