entity_type,entity_id,request_path,new_request_path,target_path,redirect_type,store_id,description,is_autogenerated,metadata
,,04f07729-c713-456f-a332-f9e299a96cd7/,,all-products.html,,1,,,
,,04f07729-c713-456f-a332-f9e299a96cd7/,,all-products.html,,2,,,
,,04f07729-c713-456f-a332-f9e299a96cd7/,,all-products.html,,3,,,
,,04f07729-c713-456f-a332-f9e299a96cd7/,,all-products.html,,4,,,
,,04f07729-c713-456f-a332-f9e299a96cd7/,,all-products.html,,5,,,
,,04f07729-c713-456f-a332-f9e299a96cd7/,,all-products.html,,6,,,
,,04f07729-c713-456f-a332-f9e299a96cd7/,,all-products.html,,7,,,
,,0fd7bf5a-cba6-4438-896b-c9a8ce663ba4/,,all-products.html,,1,,,
,,0fd7bf5a-cba6-4438-896b-c9a8ce663ba4/,,all-products.html,,2,,,
,,0fd7bf5a-cba6-4438-896b-c9a8ce663ba4/,,all-products.html,,3,,,
,,0fd7bf5a-cba6-4438-896b-c9a8ce663ba4/,,all-products.html,,4,,,
,,0fd7bf5a-cba6-4438-896b-c9a8ce663ba4/,,all-products.html,,5,,,
,,0fd7bf5a-cba6-4438-896b-c9a8ce663ba4/,,all-products.html,,6,,,
,,0fd7bf5a-cba6-4438-896b-c9a8ce663ba4/,,all-products.html,,7,,,
,,1-109/,,all-products.html,,1,,,
,,1-109/,,all-products.html,,2,,,
,,1-109/,,all-products.html,,3,,,
,,1-109/,,all-products.html,,4,,,
,,1-109/,,all-products.html,,5,,,
,,1-109/,,all-products.html,,6,,,
,,1-109/,,all-products.html,,7,,,
,,1-121/,,all-products.html,,1,,,
,,1-121/,,all-products.html,,2,,,
,,1-121/,,all-products.html,,3,,,
,,1-121/,,all-products.html,,4,,,
,,1-121/,,all-products.html,,5,,,
,,1-121/,,all-products.html,,6,,,
,,1-121/,,all-products.html,,7,,,
,,1-135/,,all-products.html,,1,,,
,,1-135/,,all-products.html,,2,,,
,,1-135/,,all-products.html,,3,,,
,,1-135/,,all-products.html,,4,,,
,,1-135/,,all-products.html,,5,,,
,,1-135/,,all-products.html,,6,,,
,,1-135/,,all-products.html,,7,,,
,,1-143/,,all-products.html,,1,,,
,,1-143/,,all-products.html,,2,,,
,,1-143/,,all-products.html,,3,,,
,,1-143/,,all-products.html,,4,,,
,,1-143/,,all-products.html,,5,,,
,,1-143/,,all-products.html,,6,,,
,,1-143/,,all-products.html,,7,,,
,,1-151/,,all-products.html,,1,,,
,,1-151/,,all-products.html,,2,,,
,,1-151/,,all-products.html,,3,,,
,,1-151/,,all-products.html,,4,,,
,,1-151/,,all-products.html,,5,,,
,,1-151/,,all-products.html,,6,,,
,,1-151/,,all-products.html,,7,,,
,,1-152/,,all-products.html,,1,,,
,,1-152/,,all-products.html,,2,,,
,,1-152/,,all-products.html,,3,,,
,,1-152/,,all-products.html,,4,,,
,,1-152/,,all-products.html,,5,,,
,,1-152/,,all-products.html,,6,,,
,,1-152/,,all-products.html,,7,,,
,,1-154/,,all-products.html,,1,,,
,,1-154/,,all-products.html,,2,,,
,,1-154/,,all-products.html,,3,,,
,,1-154/,,all-products.html,,4,,,
,,1-154/,,all-products.html,,5,,,
,,1-154/,,all-products.html,,6,,,
,,1-154/,,all-products.html,,7,,,
,,1-156/,,all-products.html,,1,,,
,,1-156/,,all-products.html,,2,,,
,,1-156/,,all-products.html,,3,,,
,,1-156/,,all-products.html,,4,,,
,,1-156/,,all-products.html,,5,,,
,,1-156/,,all-products.html,,6,,,
,,1-156/,,all-products.html,,7,,,
,,1-159/,,all-products.html,,1,,,
,,1-159/,,all-products.html,,2,,,
,,1-159/,,all-products.html,,3,,,
,,1-159/,,all-products.html,,4,,,
,,1-159/,,all-products.html,,5,,,
,,1-159/,,all-products.html,,6,,,
,,1-159/,,all-products.html,,7,,,
,,1-180/,,all-products.html,,1,,,
,,1-180/,,all-products.html,,2,,,
,,1-180/,,all-products.html,,3,,,
,,1-180/,,all-products.html,,4,,,
,,1-180/,,all-products.html,,5,,,
,,1-180/,,all-products.html,,6,,,
,,1-180/,,all-products.html,,7,,,
,,1-195/,,all-products.html,,1,,,
,,1-195/,,all-products.html,,2,,,
,,1-195/,,all-products.html,,3,,,
,,1-195/,,all-products.html,,4,,,
,,1-195/,,all-products.html,,5,,,
,,1-195/,,all-products.html,,6,,,
,,1-195/,,all-products.html,,7,,,
,,1-205/,,all-products.html,,1,,,
,,1-205/,,all-products.html,,2,,,
,,1-205/,,all-products.html,,3,,,
,,1-205/,,all-products.html,,4,,,
,,1-205/,,all-products.html,,5,,,
,,1-205/,,all-products.html,,6,,,
,,1-205/,,all-products.html,,7,,,
,,120-80-b17-bpl-png/,,all-products.html,,1,,,
,,120-80-b17-bpl-png/,,all-products.html,,2,,,
,,120-80-b17-bpl-png/,,all-products.html,,3,,,
,,120-80-b17-bpl-png/,,all-products.html,,4,,,
,,120-80-b17-bpl-png/,,all-products.html,,5,,,
,,120-80-b17-bpl-png/,,all-products.html,,6,,,
,,120-80-b17-bpl-png/,,all-products.html,,7,,,
,,12112/,,all-products.html,,1,,,
,,12112/,,all-products.html,,2,,,
,,12112/,,all-products.html,,3,,,
,,12112/,,all-products.html,,4,,,
,,12112/,,all-products.html,,5,,,
,,12112/,,all-products.html,,6,,,
,,12112/,,all-products.html,,7,,,
,,1-215/,,all-products.html,,1,,,
,,1-215/,,all-products.html,,2,,,
,,1-215/,,all-products.html,,3,,,
,,1-215/,,all-products.html,,4,,,
,,1-215/,,all-products.html,,5,,,
,,1-215/,,all-products.html,,6,,,
,,1-215/,,all-products.html,,7,,,
,,1-2-150x150/,,all-products.html,,1,,,
,,1-2-150x150/,,all-products.html,,2,,,
,,1-2-150x150/,,all-products.html,,3,,,
,,1-2-150x150/,,all-products.html,,4,,,
,,1-2-150x150/,,all-products.html,,5,,,
,,1-2-150x150/,,all-products.html,,6,,,
,,1-2-150x150/,,all-products.html,,7,,,
,,1-216/,,all-products.html,,1,,,
,,1-216/,,all-products.html,,2,,,
,,1-216/,,all-products.html,,3,,,
,,1-216/,,all-products.html,,4,,,
,,1-216/,,all-products.html,,5,,,
,,1-216/,,all-products.html,,6,,,
,,1-216/,,all-products.html,,7,,,
,,1-217/,,all-products.html,,1,,,
,,1-217/,,all-products.html,,2,,,
,,1-217/,,all-products.html,,3,,,
,,1-217/,,all-products.html,,4,,,
,,1-217/,,all-products.html,,5,,,
,,1-217/,,all-products.html,,6,,,
,,1-217/,,all-products.html,,7,,,
,,1-23/,,all-products.html,,1,,,
,,1-23/,,all-products.html,,2,,,
,,1-23/,,all-products.html,,3,,,
,,1-23/,,all-products.html,,4,,,
,,1-23/,,all-products.html,,5,,,
,,1-23/,,all-products.html,,6,,,
,,1-23/,,all-products.html,,7,,,
,,1-273/,,all-products.html,,1,,,
,,1-273/,,all-products.html,,2,,,
,,1-273/,,all-products.html,,3,,,
,,1-273/,,all-products.html,,4,,,
,,1-273/,,all-products.html,,5,,,
,,1-273/,,all-products.html,,6,,,
,,1-273/,,all-products.html,,7,,,
,,1-275/,,all-products.html,,1,,,
,,1-275/,,all-products.html,,2,,,
,,1-275/,,all-products.html,,3,,,
,,1-275/,,all-products.html,,4,,,
,,1-275/,,all-products.html,,5,,,
,,1-275/,,all-products.html,,6,,,
,,1-275/,,all-products.html,,7,,,
,,1-280/,,all-products.html,,1,,,
,,1-280/,,all-products.html,,2,,,
,,1-280/,,all-products.html,,3,,,
,,1-280/,,all-products.html,,4,,,
,,1-280/,,all-products.html,,5,,,
,,1-280/,,all-products.html,,6,,,
,,1-280/,,all-products.html,,7,,,
,,1-284/,,all-products.html,,1,,,
,,1-284/,,all-products.html,,2,,,
,,1-284/,,all-products.html,,3,,,
,,1-284/,,all-products.html,,4,,,
,,1-284/,,all-products.html,,5,,,
,,1-284/,,all-products.html,,6,,,
,,1-284/,,all-products.html,,7,,,
,,1-291/,,all-products.html,,1,,,
,,1-291/,,all-products.html,,2,,,
,,1-291/,,all-products.html,,3,,,
,,1-291/,,all-products.html,,4,,,
,,1-291/,,all-products.html,,5,,,
,,1-291/,,all-products.html,,6,,,
,,1-291/,,all-products.html,,7,,,
,,1-292/,,all-products.html,,1,,,
,,1-292/,,all-products.html,,2,,,
,,1-292/,,all-products.html,,3,,,
,,1-292/,,all-products.html,,4,,,
,,1-292/,,all-products.html,,5,,,
,,1-292/,,all-products.html,,6,,,
,,1-292/,,all-products.html,,7,,,
,,1-298/,,all-products.html,,1,,,
,,1-298/,,all-products.html,,2,,,
,,1-298/,,all-products.html,,3,,,
,,1-298/,,all-products.html,,4,,,
,,1-298/,,all-products.html,,5,,,
,,1-298/,,all-products.html,,6,,,
,,1-298/,,all-products.html,,7,,,
,,1-301/,,all-products.html,,1,,,
,,1-301/,,all-products.html,,2,,,
,,1-301/,,all-products.html,,3,,,
,,1-301/,,all-products.html,,4,,,
,,1-301/,,all-products.html,,5,,,
,,1-301/,,all-products.html,,6,,,
,,1-301/,,all-products.html,,7,,,
,,1-312/,,all-products.html,,1,,,
,,1-312/,,all-products.html,,2,,,
,,1-312/,,all-products.html,,3,,,
,,1-312/,,all-products.html,,4,,,
,,1-312/,,all-products.html,,5,,,
,,1-312/,,all-products.html,,6,,,
,,1-312/,,all-products.html,,7,,,
,,1-331/,,all-products.html,,1,,,
,,1-331/,,all-products.html,,2,,,
,,1-331/,,all-products.html,,3,,,
,,1-331/,,all-products.html,,4,,,
,,1-331/,,all-products.html,,5,,,
,,1-331/,,all-products.html,,6,,,
,,1-331/,,all-products.html,,7,,,
,,1-334/,,all-products.html,,1,,,
,,1-334/,,all-products.html,,2,,,
,,1-334/,,all-products.html,,3,,,
,,1-334/,,all-products.html,,4,,,
,,1-334/,,all-products.html,,5,,,
,,1-334/,,all-products.html,,6,,,
,,1-334/,,all-products.html,,7,,,
,,1-335/,,all-products.html,,1,,,
,,1-335/,,all-products.html,,2,,,
,,1-335/,,all-products.html,,3,,,
,,1-335/,,all-products.html,,4,,,
,,1-335/,,all-products.html,,5,,,
,,1-335/,,all-products.html,,6,,,
,,1-335/,,all-products.html,,7,,,
,,1-352/,,all-products.html,,1,,,
,,1-352/,,all-products.html,,2,,,
,,1-352/,,all-products.html,,3,,,
,,1-352/,,all-products.html,,4,,,
,,1-352/,,all-products.html,,5,,,
,,1-352/,,all-products.html,,6,,,
,,1-352/,,all-products.html,,7,,,
,,1-360/,,all-products.html,,1,,,
,,1-360/,,all-products.html,,2,,,
,,1-360/,,all-products.html,,3,,,
,,1-360/,,all-products.html,,4,,,
,,1-360/,,all-products.html,,5,,,
,,1-360/,,all-products.html,,6,,,
,,1-360/,,all-products.html,,7,,,
,,1-372/,,all-products.html,,1,,,
,,1-372/,,all-products.html,,2,,,
,,1-372/,,all-products.html,,3,,,
,,1-372/,,all-products.html,,4,,,
,,1-372/,,all-products.html,,5,,,
,,1-372/,,all-products.html,,6,,,
,,1-372/,,all-products.html,,7,,,
,,14e4d176-a959-414e-bc8d-f74d264e893d/,,all-products.html,,1,,,
,,14e4d176-a959-414e-bc8d-f74d264e893d/,,all-products.html,,2,,,
,,14e4d176-a959-414e-bc8d-f74d264e893d/,,all-products.html,,3,,,
,,14e4d176-a959-414e-bc8d-f74d264e893d/,,all-products.html,,4,,,
,,14e4d176-a959-414e-bc8d-f74d264e893d/,,all-products.html,,5,,,
,,14e4d176-a959-414e-bc8d-f74d264e893d/,,all-products.html,,6,,,
,,14e4d176-a959-414e-bc8d-f74d264e893d/,,all-products.html,,7,,,
,,1-86/,,all-products.html,,1,,,
,,1-86/,,all-products.html,,2,,,
,,1-86/,,all-products.html,,3,,,
,,1-86/,,all-products.html,,4,,,
,,1-86/,,all-products.html,,5,,,
,,1-86/,,all-products.html,,6,,,
,,1-86/,,all-products.html,,7,,,
,,1c7d9154-10e7-476d-b3c9-e40c15a65d22/,,all-products.html,,1,,,
,,1c7d9154-10e7-476d-b3c9-e40c15a65d22/,,all-products.html,,2,,,
,,1c7d9154-10e7-476d-b3c9-e40c15a65d22/,,all-products.html,,3,,,
,,1c7d9154-10e7-476d-b3c9-e40c15a65d22/,,all-products.html,,4,,,
,,1c7d9154-10e7-476d-b3c9-e40c15a65d22/,,all-products.html,,5,,,
,,1c7d9154-10e7-476d-b3c9-e40c15a65d22/,,all-products.html,,6,,,
,,1c7d9154-10e7-476d-b3c9-e40c15a65d22/,,all-products.html,,7,,,
,,2-25/,,all-products.html,,1,,,
,,2-25/,,all-products.html,,2,,,
,,2-25/,,all-products.html,,3,,,
,,2-25/,,all-products.html,,4,,,
,,2-25/,,all-products.html,,5,,,
,,2-25/,,all-products.html,,6,,,
,,2-25/,,all-products.html,,7,,,
,,2-3-150x150/,,all-products.html,,1,,,
,,2-3-150x150/,,all-products.html,,2,,,
,,2-3-150x150/,,all-products.html,,3,,,
,,2-3-150x150/,,all-products.html,,4,,,
,,2-3-150x150/,,all-products.html,,5,,,
,,2-3-150x150/,,all-products.html,,6,,,
,,2-3-150x150/,,all-products.html,,7,,,
,,2-49/,,all-products.html,,1,,,
,,2-49/,,all-products.html,,2,,,
,,2-49/,,all-products.html,,3,,,
,,2-49/,,all-products.html,,4,,,
,,2-49/,,all-products.html,,5,,,
,,2-49/,,all-products.html,,6,,,
,,2-49/,,all-products.html,,7,,,
,,2-87/,,all-products.html,,1,,,
,,2-87/,,all-products.html,,2,,,
,,2-87/,,all-products.html,,3,,,
,,2-87/,,all-products.html,,4,,,
,,2-87/,,all-products.html,,5,,,
,,2-87/,,all-products.html,,6,,,
,,2-87/,,all-products.html,,7,,,
,,31gsunn-tl/,,all-products.html,,1,,,
,,31gsunn-tl/,,all-products.html,,2,,,
,,31gsunn-tl/,,all-products.html,,3,,,
,,31gsunn-tl/,,all-products.html,,4,,,
,,31gsunn-tl/,,all-products.html,,5,,,
,,31gsunn-tl/,,all-products.html,,6,,,
,,31gsunn-tl/,,all-products.html,,7,,,
,,31mpzyrygdl/,,all-products.html,,1,,,
,,31mpzyrygdl/,,all-products.html,,2,,,
,,31mpzyrygdl/,,all-products.html,,3,,,
,,31mpzyrygdl/,,all-products.html,,4,,,
,,31mpzyrygdl/,,all-products.html,,5,,,
,,31mpzyrygdl/,,all-products.html,,6,,,
,,31mpzyrygdl/,,all-products.html,,7,,,
,,31o3czkmbml/,,all-products.html,,1,,,
,,31o3czkmbml/,,all-products.html,,2,,,
,,31o3czkmbml/,,all-products.html,,3,,,
,,31o3czkmbml/,,all-products.html,,4,,,
,,31o3czkmbml/,,all-products.html,,5,,,
,,31o3czkmbml/,,all-products.html,,6,,,
,,31o3czkmbml/,,all-products.html,,7,,,
,,3-20/,,all-products.html,,1,,,
,,3-20/,,all-products.html,,2,,,
,,3-20/,,all-products.html,,3,,,
,,3-20/,,all-products.html,,4,,,
,,3-20/,,all-products.html,,5,,,
,,3-20/,,all-products.html,,6,,,
,,3-20/,,all-products.html,,7,,,
,,32ec9f45-343d-42fc-b832-b2abedf645e7/,,all-products.html,,1,,,
,,32ec9f45-343d-42fc-b832-b2abedf645e7/,,all-products.html,,2,,,
,,32ec9f45-343d-42fc-b832-b2abedf645e7/,,all-products.html,,3,,,
,,32ec9f45-343d-42fc-b832-b2abedf645e7/,,all-products.html,,4,,,
,,32ec9f45-343d-42fc-b832-b2abedf645e7/,,all-products.html,,5,,,
,,32ec9f45-343d-42fc-b832-b2abedf645e7/,,all-products.html,,6,,,
,,32ec9f45-343d-42fc-b832-b2abedf645e7/,,all-products.html,,7,,,
,,35/,,all-products.html,,1,,,
,,35/,,all-products.html,,2,,,
,,35/,,all-products.html,,3,,,
,,35/,,all-products.html,,4,,,
,,35/,,all-products.html,,5,,,
,,35/,,all-products.html,,6,,,
,,35/,,all-products.html,,7,,,
,,3-78/,,all-products.html,,1,,,
,,3-78/,,all-products.html,,2,,,
,,3-78/,,all-products.html,,3,,,
,,3-78/,,all-products.html,,4,,,
,,3-78/,,all-products.html,,5,,,
,,3-78/,,all-products.html,,6,,,
,,3-78/,,all-products.html,,7,,,
,,41cfjc7bul-_sx679_/,,all-products.html,,1,,,
,,41cfjc7bul-_sx679_/,,all-products.html,,2,,,
,,41cfjc7bul-_sx679_/,,all-products.html,,3,,,
,,41cfjc7bul-_sx679_/,,all-products.html,,4,,,
,,41cfjc7bul-_sx679_/,,all-products.html,,5,,,
,,41cfjc7bul-_sx679_/,,all-products.html,,6,,,
,,41cfjc7bul-_sx679_/,,all-products.html,,7,,,
,,41hi4-bruvl-_sl1000_/,,all-products.html,,1,,,
,,41hi4-bruvl-_sl1000_/,,all-products.html,,2,,,
,,41hi4-bruvl-_sl1000_/,,all-products.html,,3,,,
,,41hi4-bruvl-_sl1000_/,,all-products.html,,4,,,
,,41hi4-bruvl-_sl1000_/,,all-products.html,,5,,,
,,41hi4-bruvl-_sl1000_/,,all-products.html,,6,,,
,,41hi4-bruvl-_sl1000_/,,all-products.html,,7,,,
,,41izr04sijl-4/,,all-products.html,,1,,,
,,41izr04sijl-4/,,all-products.html,,2,,,
,,41izr04sijl-4/,,all-products.html,,3,,,
,,41izr04sijl-4/,,all-products.html,,4,,,
,,41izr04sijl-4/,,all-products.html,,5,,,
,,41izr04sijl-4/,,all-products.html,,6,,,
,,41izr04sijl-4/,,all-products.html,,7,,,
,,41nnlliqfdl-_sl1500_/,,all-products.html,,1,,,
,,41nnlliqfdl-_sl1500_/,,all-products.html,,2,,,
,,41nnlliqfdl-_sl1500_/,,all-products.html,,3,,,
,,41nnlliqfdl-_sl1500_/,,all-products.html,,4,,,
,,41nnlliqfdl-_sl1500_/,,all-products.html,,5,,,
,,41nnlliqfdl-_sl1500_/,,all-products.html,,6,,,
,,41nnlliqfdl-_sl1500_/,,all-products.html,,7,,,
,,41pp2ensw2l/,,all-products.html,,1,,,
,,41pp2ensw2l/,,all-products.html,,2,,,
,,41pp2ensw2l/,,all-products.html,,3,,,
,,41pp2ensw2l/,,all-products.html,,4,,,
,,41pp2ensw2l/,,all-products.html,,5,,,
,,41pp2ensw2l/,,all-products.html,,6,,,
,,41pp2ensw2l/,,all-products.html,,7,,,
,,41re3-mfpl/,,all-products.html,,1,,,
,,41re3-mfpl/,,all-products.html,,2,,,
,,41re3-mfpl/,,all-products.html,,3,,,
,,41re3-mfpl/,,all-products.html,,4,,,
,,41re3-mfpl/,,all-products.html,,5,,,
,,41re3-mfpl/,,all-products.html,,6,,,
,,41re3-mfpl/,,all-products.html,,7,,,
,,41rscp9cnpl-_sx522_/,,all-products.html,,1,,,
,,41rscp9cnpl-_sx522_/,,all-products.html,,2,,,
,,41rscp9cnpl-_sx522_/,,all-products.html,,3,,,
,,41rscp9cnpl-_sx522_/,,all-products.html,,4,,,
,,41rscp9cnpl-_sx522_/,,all-products.html,,5,,,
,,41rscp9cnpl-_sx522_/,,all-products.html,,6,,,
,,41rscp9cnpl-_sx522_/,,all-products.html,,7,,,
,,41wg8thmnl/,,all-products.html,,1,,,
,,41wg8thmnl/,,all-products.html,,2,,,
,,41wg8thmnl/,,all-products.html,,3,,,
,,41wg8thmnl/,,all-products.html,,4,,,
,,41wg8thmnl/,,all-products.html,,5,,,
,,41wg8thmnl/,,all-products.html,,6,,,
,,41wg8thmnl/,,all-products.html,,7,,,
,,46a78542-7ac7-4a27-9a8b-dd6f0310e591/,,all-products.html,,1,,,
,,46a78542-7ac7-4a27-9a8b-dd6f0310e591/,,all-products.html,,2,,,
,,46a78542-7ac7-4a27-9a8b-dd6f0310e591/,,all-products.html,,3,,,
,,46a78542-7ac7-4a27-9a8b-dd6f0310e591/,,all-products.html,,4,,,
,,46a78542-7ac7-4a27-9a8b-dd6f0310e591/,,all-products.html,,5,,,
,,46a78542-7ac7-4a27-9a8b-dd6f0310e591/,,all-products.html,,6,,,
,,46a78542-7ac7-4a27-9a8b-dd6f0310e591/,,all-products.html,,7,,,
,,4-94/,,all-products.html,,1,,,
,,4-94/,,all-products.html,,2,,,
,,4-94/,,all-products.html,,3,,,
,,4-94/,,all-products.html,,4,,,
,,4-94/,,all-products.html,,5,,,
,,4-94/,,all-products.html,,6,,,
,,4-94/,,all-products.html,,7,,,
,,513xfoluwyl-_sl1100_/,,all-products.html,,1,,,
,,513xfoluwyl-_sl1100_/,,all-products.html,,2,,,
,,513xfoluwyl-_sl1100_/,,all-products.html,,3,,,
,,513xfoluwyl-_sl1100_/,,all-products.html,,4,,,
,,513xfoluwyl-_sl1100_/,,all-products.html,,5,,,
,,513xfoluwyl-_sl1100_/,,all-products.html,,6,,,
,,513xfoluwyl-_sl1100_/,,all-products.html,,7,,,
,,51d-bdasmel-_sl1000_/,,all-products.html,,1,,,
,,51d-bdasmel-_sl1000_/,,all-products.html,,2,,,
,,51d-bdasmel-_sl1000_/,,all-products.html,,3,,,
,,51d-bdasmel-_sl1000_/,,all-products.html,,4,,,
,,51d-bdasmel-_sl1000_/,,all-products.html,,5,,,
,,51d-bdasmel-_sl1000_/,,all-products.html,,6,,,
,,51d-bdasmel-_sl1000_/,,all-products.html,,7,,,
,,51m9dvdtbdl/,,all-products.html,,1,,,
,,51m9dvdtbdl/,,all-products.html,,2,,,
,,51m9dvdtbdl/,,all-products.html,,3,,,
,,51m9dvdtbdl/,,all-products.html,,4,,,
,,51m9dvdtbdl/,,all-products.html,,5,,,
,,51m9dvdtbdl/,,all-products.html,,6,,,
,,51m9dvdtbdl/,,all-products.html,,7,,,
,,51rztmrxl-_sx679_/,,all-products.html,,1,,,
,,51rztmrxl-_sx679_/,,all-products.html,,2,,,
,,51rztmrxl-_sx679_/,,all-products.html,,3,,,
,,51rztmrxl-_sx679_/,,all-products.html,,4,,,
,,51rztmrxl-_sx679_/,,all-products.html,,5,,,
,,51rztmrxl-_sx679_/,,all-products.html,,6,,,
,,51rztmrxl-_sx679_/,,all-products.html,,7,,,
,,5-8/,,all-products.html,,1,,,
,,5-8/,,all-products.html,,2,,,
,,5-8/,,all-products.html,,3,,,
,,5-8/,,all-products.html,,4,,,
,,5-8/,,all-products.html,,5,,,
,,5-8/,,all-products.html,,6,,,
,,5-8/,,all-products.html,,7,,,
,,6102ytdyv0l-_sl1500_/,,all-products.html,,1,,,
,,6102ytdyv0l-_sl1500_/,,all-products.html,,2,,,
,,6102ytdyv0l-_sl1500_/,,all-products.html,,3,,,
,,6102ytdyv0l-_sl1500_/,,all-products.html,,4,,,
,,6102ytdyv0l-_sl1500_/,,all-products.html,,5,,,
,,6102ytdyv0l-_sl1500_/,,all-products.html,,6,,,
,,6102ytdyv0l-_sl1500_/,,all-products.html,,7,,,
,,6-13/,,all-products.html,,1,,,
,,6-13/,,all-products.html,,2,,,
,,6-13/,,all-products.html,,3,,,
,,6-13/,,all-products.html,,4,,,
,,6-13/,,all-products.html,,5,,,
,,6-13/,,all-products.html,,6,,,
,,6-13/,,all-products.html,,7,,,
,,61dfbybrzkl-_sl1500_/,,all-products.html,,1,,,
,,61dfbybrzkl-_sl1500_/,,all-products.html,,2,,,
,,61dfbybrzkl-_sl1500_/,,all-products.html,,3,,,
,,61dfbybrzkl-_sl1500_/,,all-products.html,,4,,,
,,61dfbybrzkl-_sl1500_/,,all-products.html,,5,,,
,,61dfbybrzkl-_sl1500_/,,all-products.html,,6,,,
,,61dfbybrzkl-_sl1500_/,,all-products.html,,7,,,
,,61ewoq-zprl-_sl1500_/,,all-products.html,,1,,,
,,61ewoq-zprl-_sl1500_/,,all-products.html,,2,,,
,,61ewoq-zprl-_sl1500_/,,all-products.html,,3,,,
,,61ewoq-zprl-_sl1500_/,,all-products.html,,4,,,
,,61ewoq-zprl-_sl1500_/,,all-products.html,,5,,,
,,61ewoq-zprl-_sl1500_/,,all-products.html,,6,,,
,,61ewoq-zprl-_sl1500_/,,all-products.html,,7,,,
,,61hxunwnykl-_sl1000_/,,all-products.html,,1,,,
,,61hxunwnykl-_sl1000_/,,all-products.html,,2,,,
,,61hxunwnykl-_sl1000_/,,all-products.html,,3,,,
,,61hxunwnykl-_sl1000_/,,all-products.html,,4,,,
,,61hxunwnykl-_sl1000_/,,all-products.html,,5,,,
,,61hxunwnykl-_sl1000_/,,all-products.html,,6,,,
,,61hxunwnykl-_sl1000_/,,all-products.html,,7,,,
,,61lger0sul-_sl1308_/,,all-products.html,,1,,,
,,61lger0sul-_sl1308_/,,all-products.html,,2,,,
,,61lger0sul-_sl1308_/,,all-products.html,,3,,,
,,61lger0sul-_sl1308_/,,all-products.html,,4,,,
,,61lger0sul-_sl1308_/,,all-products.html,,5,,,
,,61lger0sul-_sl1308_/,,all-products.html,,6,,,
,,61lger0sul-_sl1308_/,,all-products.html,,7,,,
,,61-r7ahpxll-_sl1387_/,,all-products.html,,1,,,
,,61-r7ahpxll-_sl1387_/,,all-products.html,,2,,,
,,61-r7ahpxll-_sl1387_/,,all-products.html,,3,,,
,,61-r7ahpxll-_sl1387_/,,all-products.html,,4,,,
,,61-r7ahpxll-_sl1387_/,,all-products.html,,5,,,
,,61-r7ahpxll-_sl1387_/,,all-products.html,,6,,,
,,61-r7ahpxll-_sl1387_/,,all-products.html,,7,,,
,,61vclpksinl-_sx679_/,,all-products.html,,1,,,
,,61vclpksinl-_sx679_/,,all-products.html,,2,,,
,,61vclpksinl-_sx679_/,,all-products.html,,3,,,
,,61vclpksinl-_sx679_/,,all-products.html,,4,,,
,,61vclpksinl-_sx679_/,,all-products.html,,5,,,
,,61vclpksinl-_sx679_/,,all-products.html,,6,,,
,,61vclpksinl-_sx679_/,,all-products.html,,7,,,
,,61vsdtr3al-_sl1400_/,,all-products.html,,1,,,
,,61vsdtr3al-_sl1400_/,,all-products.html,,2,,,
,,61vsdtr3al-_sl1400_/,,all-products.html,,3,,,
,,61vsdtr3al-_sl1400_/,,all-products.html,,4,,,
,,61vsdtr3al-_sl1400_/,,all-products.html,,5,,,
,,61vsdtr3al-_sl1400_/,,all-products.html,,6,,,
,,61vsdtr3al-_sl1400_/,,all-products.html,,7,,,
,,6-33/,,all-products.html,,1,,,
,,6-33/,,all-products.html,,2,,,
,,6-33/,,all-products.html,,3,,,
,,6-33/,,all-products.html,,4,,,
,,6-33/,,all-products.html,,5,,,
,,6-33/,,all-products.html,,6,,,
,,6-33/,,all-products.html,,7,,,
,,719zlajs4xl-_sl1500_-2/,,all-products.html,,1,,,
,,719zlajs4xl-_sl1500_-2/,,all-products.html,,2,,,
,,719zlajs4xl-_sl1500_-2/,,all-products.html,,3,,,
,,719zlajs4xl-_sl1500_-2/,,all-products.html,,4,,,
,,719zlajs4xl-_sl1500_-2/,,all-products.html,,5,,,
,,719zlajs4xl-_sl1500_-2/,,all-products.html,,6,,,
,,719zlajs4xl-_sl1500_-2/,,all-products.html,,7,,,
,,71eworhi4hl-_sl1280_/,,all-products.html,,1,,,
,,71eworhi4hl-_sl1280_/,,all-products.html,,2,,,
,,71eworhi4hl-_sl1280_/,,all-products.html,,3,,,
,,71eworhi4hl-_sl1280_/,,all-products.html,,4,,,
,,71eworhi4hl-_sl1280_/,,all-products.html,,5,,,
,,71eworhi4hl-_sl1280_/,,all-products.html,,6,,,
,,71eworhi4hl-_sl1280_/,,all-products.html,,7,,,
,,71gz3wiqul-_sl1500_/,,all-products.html,,1,,,
,,71gz3wiqul-_sl1500_/,,all-products.html,,2,,,
,,71gz3wiqul-_sl1500_/,,all-products.html,,3,,,
,,71gz3wiqul-_sl1500_/,,all-products.html,,4,,,
,,71gz3wiqul-_sl1500_/,,all-products.html,,5,,,
,,71gz3wiqul-_sl1500_/,,all-products.html,,6,,,
,,71gz3wiqul-_sl1500_/,,all-products.html,,7,,,
,,71pyqvggjl-_sl1500_/,,all-products.html,,1,,,
,,71pyqvggjl-_sl1500_/,,all-products.html,,2,,,
,,71pyqvggjl-_sl1500_/,,all-products.html,,3,,,
,,71pyqvggjl-_sl1500_/,,all-products.html,,4,,,
,,71pyqvggjl-_sl1500_/,,all-products.html,,5,,,
,,71pyqvggjl-_sl1500_/,,all-products.html,,6,,,
,,71pyqvggjl-_sl1500_/,,all-products.html,,7,,,
,,71xdblr0l-_sl1280_/,,all-products.html,,1,,,
,,71xdblr0l-_sl1280_/,,all-products.html,,2,,,
,,71xdblr0l-_sl1280_/,,all-products.html,,3,,,
,,71xdblr0l-_sl1280_/,,all-products.html,,4,,,
,,71xdblr0l-_sl1280_/,,all-products.html,,5,,,
,,71xdblr0l-_sl1280_/,,all-products.html,,6,,,
,,71xdblr0l-_sl1280_/,,all-products.html,,7,,,
,,77e9b200-1f75-4196-bdf0-e59660e93a4c/,,all-products.html,,1,,,
,,77e9b200-1f75-4196-bdf0-e59660e93a4c/,,all-products.html,,2,,,
,,77e9b200-1f75-4196-bdf0-e59660e93a4c/,,all-products.html,,3,,,
,,77e9b200-1f75-4196-bdf0-e59660e93a4c/,,all-products.html,,4,,,
,,77e9b200-1f75-4196-bdf0-e59660e93a4c/,,all-products.html,,5,,,
,,77e9b200-1f75-4196-bdf0-e59660e93a4c/,,all-products.html,,6,,,
,,77e9b200-1f75-4196-bdf0-e59660e93a4c/,,all-products.html,,7,,,
,,7d437d97-ea2e-4a64-acca-31a432435e17-1/,,all-products.html,,1,,,
,,7d437d97-ea2e-4a64-acca-31a432435e17-1/,,all-products.html,,2,,,
,,7d437d97-ea2e-4a64-acca-31a432435e17-1/,,all-products.html,,3,,,
,,7d437d97-ea2e-4a64-acca-31a432435e17-1/,,all-products.html,,4,,,
,,7d437d97-ea2e-4a64-acca-31a432435e17-1/,,all-products.html,,5,,,
,,7d437d97-ea2e-4a64-acca-31a432435e17-1/,,all-products.html,,6,,,
,,7d437d97-ea2e-4a64-acca-31a432435e17-1/,,all-products.html,,7,,,
,,81q4kjfaal-_sl1500_/,,all-products.html,,1,,,
,,81q4kjfaal-_sl1500_/,,all-products.html,,2,,,
,,81q4kjfaal-_sl1500_/,,all-products.html,,3,,,
,,81q4kjfaal-_sl1500_/,,all-products.html,,4,,,
,,81q4kjfaal-_sl1500_/,,all-products.html,,5,,,
,,81q4kjfaal-_sl1500_/,,all-products.html,,6,,,
,,81q4kjfaal-_sl1500_/,,all-products.html,,7,,,
,,8fdda415-6e50-40fe-ad5d-11ca2064aa28/,,all-products.html,,1,,,
,,8fdda415-6e50-40fe-ad5d-11ca2064aa28/,,all-products.html,,2,,,
,,8fdda415-6e50-40fe-ad5d-11ca2064aa28/,,all-products.html,,3,,,
,,8fdda415-6e50-40fe-ad5d-11ca2064aa28/,,all-products.html,,4,,,
,,8fdda415-6e50-40fe-ad5d-11ca2064aa28/,,all-products.html,,5,,,
,,8fdda415-6e50-40fe-ad5d-11ca2064aa28/,,all-products.html,,6,,,
,,8fdda415-6e50-40fe-ad5d-11ca2064aa28/,,all-products.html,,7,,,
,,9e39beb9-66a7-4429-b0c3-0f89e2b553d1/,,all-products.html,,1,,,
,,9e39beb9-66a7-4429-b0c3-0f89e2b553d1/,,all-products.html,,2,,,
,,9e39beb9-66a7-4429-b0c3-0f89e2b553d1/,,all-products.html,,3,,,
,,9e39beb9-66a7-4429-b0c3-0f89e2b553d1/,,all-products.html,,4,,,
,,9e39beb9-66a7-4429-b0c3-0f89e2b553d1/,,all-products.html,,5,,,
,,9e39beb9-66a7-4429-b0c3-0f89e2b553d1/,,all-products.html,,6,,,
,,9e39beb9-66a7-4429-b0c3-0f89e2b553d1/,,all-products.html,,7,,,
,,a6/,,all-products.html,,1,,,
,,a6/,,all-products.html,,2,,,
,,a6/,,all-products.html,,3,,,
,,a6/,,all-products.html,,4,,,
,,a6/,,all-products.html,,5,,,
,,a6/,,all-products.html,,6,,,
,,a6/,,all-products.html,,7,,,
,,about/,,about-us,,1,,,
,,about/,,about-us,,2,,,
,,about/,,about-us,,3,,,
,,about/,,about-us,,4,,,
,,about/,,about-us,,5,,,
,,about/,,about-us,,6,,,
,,about/,,about-us,,7,,,
,,asdasdsa/,,all-products.html,,1,,,
,,asdasdsa/,,all-products.html,,2,,,
,,asdasdsa/,,all-products.html,,3,,,
,,asdasdsa/,,all-products.html,,4,,,
,,asdasdsa/,,all-products.html,,5,,,
,,asdasdsa/,,all-products.html,,6,,,
,,asdasdsa/,,all-products.html,,7,,,
,,assa/,,all-products.html,,1,,,
,,assa/,,all-products.html,,2,,,
,,assa/,,all-products.html,,3,,,
,,assa/,,all-products.html,,4,,,
,,assa/,,all-products.html,,5,,,
,,assa/,,all-products.html,,6,,,
,,assa/,,all-products.html,,7,,,
,,backup_of_backup_of_otica-symbol-logo-coral/,,all-products.html,,1,,,
,,backup_of_backup_of_otica-symbol-logo-coral/,,all-products.html,,2,,,
,,backup_of_backup_of_otica-symbol-logo-coral/,,all-products.html,,3,,,
,,backup_of_backup_of_otica-symbol-logo-coral/,,all-products.html,,4,,,
,,backup_of_backup_of_otica-symbol-logo-coral/,,all-products.html,,5,,,
,,backup_of_backup_of_otica-symbol-logo-coral/,,all-products.html,,6,,,
,,backup_of_backup_of_otica-symbol-logo-coral/,,all-products.html,,7,,,
,,blog-2/,,blog,,1,,,
,,blog-2/,,blog,,2,,,
,,blog-2/,,blog,,3,,,
,,blog-2/,,blog,,4,,,
,,blog-2/,,blog,,5,,,
,,blog-2/,,blog,,6,,,
,,blog-2/,,blog,,7,,,
,,blog-image-post/,,blog,,1,,,
,,blog-image-post/,,blog,,2,,,
,,blog-image-post/,,blog,,3,,,
,,blog-image-post/,,blog,,4,,,
,,blog-image-post/,,blog,,5,,,
,,blog-image-post/,,blog,,6,,,
,,blog-image-post/,,blog,,7,,,
,,bpl-medical-technologies-smart-oxy-04-original-imaftkzz4hzs2byz/,,all-products.html,,1,,,
,,bpl-medical-technologies-smart-oxy-04-original-imaftkzz4hzs2byz/,,all-products.html,,2,,,
,,bpl-medical-technologies-smart-oxy-04-original-imaftkzz4hzs2byz/,,all-products.html,,3,,,
,,bpl-medical-technologies-smart-oxy-04-original-imaftkzz4hzs2byz/,,all-products.html,,4,,,
,,bpl-medical-technologies-smart-oxy-04-original-imaftkzz4hzs2byz/,,all-products.html,,5,,,
,,bpl-medical-technologies-smart-oxy-04-original-imaftkzz4hzs2byz/,,all-products.html,,6,,,
,,bpl-medical-technologies-smart-oxy-04-original-imaftkzz4hzs2byz/,,all-products.html,,7,,,
,,cart-2/?remove_item=055e31fa43e652cb4ab6c0ee845c8d36&_wpnonce=0b73c47bf6,,all-products.html,,1,,,
,,cart-2/?remove_item=055e31fa43e652cb4ab6c0ee845c8d36&_wpnonce=0b73c47bf6,,all-products.html,,2,,,
,,cart-2/?remove_item=055e31fa43e652cb4ab6c0ee845c8d36&_wpnonce=0b73c47bf6,,all-products.html,,3,,,
,,cart-2/?remove_item=055e31fa43e652cb4ab6c0ee845c8d36&_wpnonce=0b73c47bf6,,all-products.html,,4,,,
,,cart-2/?remove_item=055e31fa43e652cb4ab6c0ee845c8d36&_wpnonce=0b73c47bf6,,all-products.html,,5,,,
,,cart-2/?remove_item=055e31fa43e652cb4ab6c0ee845c8d36&_wpnonce=0b73c47bf6,,all-products.html,,6,,,
,,cart-2/?remove_item=055e31fa43e652cb4ab6c0ee845c8d36&_wpnonce=0b73c47bf6,,all-products.html,,7,,,
,,cart-2/?remove_item=055e31fa43e652cb4ab6c0ee845c8d36&_wpnonce=92cfced985,,all-products.html,,1,,,
,,cart-2/?remove_item=055e31fa43e652cb4ab6c0ee845c8d36&_wpnonce=92cfced985,,all-products.html,,2,,,
,,cart-2/?remove_item=055e31fa43e652cb4ab6c0ee845c8d36&_wpnonce=92cfced985,,all-products.html,,3,,,
,,cart-2/?remove_item=055e31fa43e652cb4ab6c0ee845c8d36&_wpnonce=92cfced985,,all-products.html,,4,,,
,,cart-2/?remove_item=055e31fa43e652cb4ab6c0ee845c8d36&_wpnonce=92cfced985,,all-products.html,,5,,,
,,cart-2/?remove_item=055e31fa43e652cb4ab6c0ee845c8d36&_wpnonce=92cfced985,,all-products.html,,6,,,
,,cart-2/?remove_item=055e31fa43e652cb4ab6c0ee845c8d36&_wpnonce=92cfced985,,all-products.html,,7,,,
,,cart-2/?remove_item=055e31fa43e652cb4ab6c0ee845c8d36&_wpnonce=93a45450cd,,all-products.html,,1,,,
,,cart-2/?remove_item=055e31fa43e652cb4ab6c0ee845c8d36&_wpnonce=93a45450cd,,all-products.html,,2,,,
,,cart-2/?remove_item=055e31fa43e652cb4ab6c0ee845c8d36&_wpnonce=93a45450cd,,all-products.html,,3,,,
,,cart-2/?remove_item=055e31fa43e652cb4ab6c0ee845c8d36&_wpnonce=93a45450cd,,all-products.html,,4,,,
,,cart-2/?remove_item=055e31fa43e652cb4ab6c0ee845c8d36&_wpnonce=93a45450cd,,all-products.html,,5,,,
,,cart-2/?remove_item=055e31fa43e652cb4ab6c0ee845c8d36&_wpnonce=93a45450cd,,all-products.html,,6,,,
,,cart-2/?remove_item=055e31fa43e652cb4ab6c0ee845c8d36&_wpnonce=93a45450cd,,all-products.html,,7,,,
,,cart-2/?remove_item=1c63926ebcabda26b5cdb31b5cc91efb&_wpnonce=2779c4242d,,all-products.html,,1,,,
,,cart-2/?remove_item=1c63926ebcabda26b5cdb31b5cc91efb&_wpnonce=2779c4242d,,all-products.html,,2,,,
,,cart-2/?remove_item=1c63926ebcabda26b5cdb31b5cc91efb&_wpnonce=2779c4242d,,all-products.html,,3,,,
,,cart-2/?remove_item=1c63926ebcabda26b5cdb31b5cc91efb&_wpnonce=2779c4242d,,all-products.html,,4,,,
,,cart-2/?remove_item=1c63926ebcabda26b5cdb31b5cc91efb&_wpnonce=2779c4242d,,all-products.html,,5,,,
,,cart-2/?remove_item=1c63926ebcabda26b5cdb31b5cc91efb&_wpnonce=2779c4242d,,all-products.html,,6,,,
,,cart-2/?remove_item=1c63926ebcabda26b5cdb31b5cc91efb&_wpnonce=2779c4242d,,all-products.html,,7,,,
,,cart-2/?remove_item=8fe6833df81e224e08ce9be4abfa89a0&_wpnonce=b6fca1809d,,all-products.html,,1,,,
,,cart-2/?remove_item=8fe6833df81e224e08ce9be4abfa89a0&_wpnonce=b6fca1809d,,all-products.html,,2,,,
,,cart-2/?remove_item=8fe6833df81e224e08ce9be4abfa89a0&_wpnonce=b6fca1809d,,all-products.html,,3,,,
,,cart-2/?remove_item=8fe6833df81e224e08ce9be4abfa89a0&_wpnonce=b6fca1809d,,all-products.html,,4,,,
,,cart-2/?remove_item=8fe6833df81e224e08ce9be4abfa89a0&_wpnonce=b6fca1809d,,all-products.html,,5,,,
,,cart-2/?remove_item=8fe6833df81e224e08ce9be4abfa89a0&_wpnonce=b6fca1809d,,all-products.html,,6,,,
,,cart-2/?remove_item=8fe6833df81e224e08ce9be4abfa89a0&_wpnonce=b6fca1809d,,all-products.html,,7,,,
,,cart-2/?remove_item=97785e0500ad16c18574c64189ccf4b4&_wpnonce=ae69c6a45a,,all-products.html,,1,,,
,,cart-2/?remove_item=97785e0500ad16c18574c64189ccf4b4&_wpnonce=ae69c6a45a,,all-products.html,,2,,,
,,cart-2/?remove_item=97785e0500ad16c18574c64189ccf4b4&_wpnonce=ae69c6a45a,,all-products.html,,3,,,
,,cart-2/?remove_item=97785e0500ad16c18574c64189ccf4b4&_wpnonce=ae69c6a45a,,all-products.html,,4,,,
,,cart-2/?remove_item=97785e0500ad16c18574c64189ccf4b4&_wpnonce=ae69c6a45a,,all-products.html,,5,,,
,,cart-2/?remove_item=97785e0500ad16c18574c64189ccf4b4&_wpnonce=ae69c6a45a,,all-products.html,,6,,,
,,cart-2/?remove_item=97785e0500ad16c18574c64189ccf4b4&_wpnonce=ae69c6a45a,,all-products.html,,7,,,
,,cart-2/?remove_item=accfa1212a61b379ba0b009549113863&_wpnonce=6fe40974fa,,all-products.html,,1,,,
,,cart-2/?remove_item=accfa1212a61b379ba0b009549113863&_wpnonce=6fe40974fa,,all-products.html,,2,,,
,,cart-2/?remove_item=accfa1212a61b379ba0b009549113863&_wpnonce=6fe40974fa,,all-products.html,,3,,,
,,cart-2/?remove_item=accfa1212a61b379ba0b009549113863&_wpnonce=6fe40974fa,,all-products.html,,4,,,
,,cart-2/?remove_item=accfa1212a61b379ba0b009549113863&_wpnonce=6fe40974fa,,all-products.html,,5,,,
,,cart-2/?remove_item=accfa1212a61b379ba0b009549113863&_wpnonce=6fe40974fa,,all-products.html,,6,,,
,,cart-2/?remove_item=accfa1212a61b379ba0b009549113863&_wpnonce=6fe40974fa,,all-products.html,,7,,,
,,cart-2/?remove_item=accfa1212a61b379ba0b009549113863&_wpnonce=bc34cc34ff,,all-products.html,,1,,,
,,cart-2/?remove_item=accfa1212a61b379ba0b009549113863&_wpnonce=bc34cc34ff,,all-products.html,,2,,,
,,cart-2/?remove_item=accfa1212a61b379ba0b009549113863&_wpnonce=bc34cc34ff,,all-products.html,,3,,,
,,cart-2/?remove_item=accfa1212a61b379ba0b009549113863&_wpnonce=bc34cc34ff,,all-products.html,,4,,,
,,cart-2/?remove_item=accfa1212a61b379ba0b009549113863&_wpnonce=bc34cc34ff,,all-products.html,,5,,,
,,cart-2/?remove_item=accfa1212a61b379ba0b009549113863&_wpnonce=bc34cc34ff,,all-products.html,,6,,,
,,cart-2/?remove_item=accfa1212a61b379ba0b009549113863&_wpnonce=bc34cc34ff,,all-products.html,,7,,,
,,cart-2/?remove_item=dc2ff5f1be7effb525b145bed225e336&_wpnonce=8196cabdac,,all-products.html,,1,,,
,,cart-2/?remove_item=dc2ff5f1be7effb525b145bed225e336&_wpnonce=8196cabdac,,all-products.html,,2,,,
,,cart-2/?remove_item=dc2ff5f1be7effb525b145bed225e336&_wpnonce=8196cabdac,,all-products.html,,3,,,
,,cart-2/?remove_item=dc2ff5f1be7effb525b145bed225e336&_wpnonce=8196cabdac,,all-products.html,,4,,,
,,cart-2/?remove_item=dc2ff5f1be7effb525b145bed225e336&_wpnonce=8196cabdac,,all-products.html,,5,,,
,,cart-2/?remove_item=dc2ff5f1be7effb525b145bed225e336&_wpnonce=8196cabdac,,all-products.html,,6,,,
,,cart-2/?remove_item=dc2ff5f1be7effb525b145bed225e336&_wpnonce=8196cabdac,,all-products.html,,7,,,
,,default/industrial-scientific.html,,all-products.html,,1,,,
,,default/industrial-scientific.html,,all-products.html,,2,,,
,,default/industrial-scientific.html,,all-products.html,,3,,,
,,default/industrial-scientific.html,,all-products.html,,4,,,
,,default/industrial-scientific.html,,all-products.html,,5,,,
,,default/industrial-scientific.html,,all-products.html,,6,,,
,,default/industrial-scientific.html,,all-products.html,,7,,,
,,description_image_nasal_cannula_easyoxygen/,,all-products.html,,1,,,
,,description_image_nasal_cannula_easyoxygen/,,all-products.html,,2,,,
,,description_image_nasal_cannula_easyoxygen/,,all-products.html,,3,,,
,,description_image_nasal_cannula_easyoxygen/,,all-products.html,,4,,,
,,description_image_nasal_cannula_easyoxygen/,,all-products.html,,5,,,
,,description_image_nasal_cannula_easyoxygen/,,all-products.html,,6,,,
,,description_image_nasal_cannula_easyoxygen/,,all-products.html,,7,,,
,,download/,,all-products.html,,1,,,
,,download/,,all-products.html,,2,,,
,,download/,,all-products.html,,3,,,
,,download/,,all-products.html,,4,,,
,,download/,,all-products.html,,5,,,
,,download/,,all-products.html,,6,,,
,,download/,,all-products.html,,7,,,
,,ds44-d/,,all-products.html,,1,,,
,,ds44-d/,,all-products.html,,2,,,
,,ds44-d/,,all-products.html,,3,,,
,,ds44-d/,,all-products.html,,4,,,
,,ds44-d/,,all-products.html,,5,,,
,,ds44-d/,,all-products.html,,6,,,
,,ds44-d/,,all-products.html,,7,,,
,,ds44-e/,,all-products.html,,1,,,
,,ds44-e/,,all-products.html,,2,,,
,,ds44-e/,,all-products.html,,3,,,
,,ds44-e/,,all-products.html,,4,,,
,,ds44-e/,,all-products.html,,5,,,
,,ds44-e/,,all-products.html,,6,,,
,,ds44-e/,,all-products.html,,7,,,
,,electro-description-placeholder-3/,,all-products.html,,1,,,
,,electro-description-placeholder-3/,,all-products.html,,2,,,
,,electro-description-placeholder-3/,,all-products.html,,3,,,
,,electro-description-placeholder-3/,,all-products.html,,4,,,
,,electro-description-placeholder-3/,,all-products.html,,5,,,
,,electro-description-placeholder-3/,,all-products.html,,6,,,
,,electro-description-placeholder-3/,,all-products.html,,7,,,
,,electro-slider-placeholder/,,all-products.html,,1,,,
,,electro-slider-placeholder/,,all-products.html,,2,,,
,,electro-slider-placeholder/,,all-products.html,,3,,,
,,electro-slider-placeholder/,,all-products.html,,4,,,
,,electro-slider-placeholder/,,all-products.html,,5,,,
,,electro-slider-placeholder/,,all-products.html,,6,,,
,,electro-slider-placeholder/,,all-products.html,,7,,,
,,feed/?attachment_id=7730,,all-products.html,,1,,,
,,feed/?attachment_id=7730,,all-products.html,,2,,,
,,feed/?attachment_id=7730,,all-products.html,,3,,,
,,feed/?attachment_id=7730,,all-products.html,,4,,,
,,feed/?attachment_id=7730,,all-products.html,,5,,,
,,feed/?attachment_id=7730,,all-products.html,,6,,,
,,feed/?attachment_id=7730,,all-products.html,,7,,,
,,hello-world/,,all-products.html,,1,,,
,,hello-world/,,all-products.html,,2,,,
,,hello-world/,,all-products.html,,3,,,
,,hello-world/,,all-products.html,,4,,,
,,hello-world/,,all-products.html,,5,,,
,,hello-world/,,all-products.html,,6,,,
,,hello-world/,,all-products.html,,7,,,
,,home-healthcare-devices/cat-allergy_sinus_asthma_1-large-medium.html,,home-healthcare-devices/allergy-sinus-asthma.html,,1,,,
,,home-healthcare-devices/cat-allergy_sinus_asthma_1-large-medium.html,,home-healthcare-devices/allergy-sinus-asthma.html,,2,,,
,,home-healthcare-devices/cat-allergy_sinus_asthma_1-large-medium.html,,home-healthcare-devices/allergy-sinus-asthma.html,,3,,,
,,home-healthcare-devices/cat-allergy_sinus_asthma_1-large-medium.html,,home-healthcare-devices/allergy-sinus-asthma.html,,4,,,
,,home-healthcare-devices/cat-allergy_sinus_asthma_1-large-medium.html,,home-healthcare-devices/allergy-sinus-asthma.html,,5,,,
,,home-healthcare-devices/cat-allergy_sinus_asthma_1-large-medium.html,,home-healthcare-devices/allergy-sinus-asthma.html,,6,,,
,,home-healthcare-devices/cat-allergy_sinus_asthma_1-large-medium.html,,home-healthcare-devices/allergy-sinus-asthma.html,,7,,,
,,home-healthcare-devices/cat-allergy_sinus_asthma_1-small-medium.html,,home-healthcare-devices/allergy-sinus-asthma.html,,1,,,
,,home-healthcare-devices/cat-allergy_sinus_asthma_1-small-medium.html,,home-healthcare-devices/allergy-sinus-asthma.html,,2,,,
,,home-healthcare-devices/cat-allergy_sinus_asthma_1-small-medium.html,,home-healthcare-devices/allergy-sinus-asthma.html,,3,,,
,,home-healthcare-devices/cat-allergy_sinus_asthma_1-small-medium.html,,home-healthcare-devices/allergy-sinus-asthma.html,,4,,,
,,home-healthcare-devices/cat-allergy_sinus_asthma_1-small-medium.html,,home-healthcare-devices/allergy-sinus-asthma.html,,5,,,
,,home-healthcare-devices/cat-allergy_sinus_asthma_1-small-medium.html,,home-healthcare-devices/allergy-sinus-asthma.html,,6,,,
,,home-healthcare-devices/cat-allergy_sinus_asthma_1-small-medium.html,,home-healthcare-devices/allergy-sinus-asthma.html,,7,,,
,,home-healthcare-devices/cat-respiratory_mask-allergy_sinus_asthma_1.html?price=0.00-1000.00,,home-healthcare-devices/allergy-sinus-asthma.html,,1,,,
,,home-healthcare-devices/cat-respiratory_mask-allergy_sinus_asthma_1.html?price=0.00-1000.00,,home-healthcare-devices/allergy-sinus-asthma.html,,2,,,
,,home-healthcare-devices/cat-respiratory_mask-allergy_sinus_asthma_1.html?price=0.00-1000.00,,home-healthcare-devices/allergy-sinus-asthma.html,,3,,,
,,home-healthcare-devices/cat-respiratory_mask-allergy_sinus_asthma_1.html?price=0.00-1000.00,,home-healthcare-devices/allergy-sinus-asthma.html,,4,,,
,,home-healthcare-devices/cat-respiratory_mask-allergy_sinus_asthma_1.html?price=0.00-1000.00,,home-healthcare-devices/allergy-sinus-asthma.html,,5,,,
,,home-healthcare-devices/cat-respiratory_mask-allergy_sinus_asthma_1.html?price=0.00-1000.00,,home-healthcare-devices/allergy-sinus-asthma.html,,6,,,
,,home-healthcare-devices/cat-respiratory_mask-allergy_sinus_asthma_1.html?price=0.00-1000.00,,home-healthcare-devices/allergy-sinus-asthma.html,,7,,,
,,home-healthcare-devices/cat-respiratory_mask-allergy_sinus_asthma_1-medium.html?price=1000.00-2000.00,,home-healthcare-devices/allergy-sinus-asthma.html,,1,,,
,,home-healthcare-devices/cat-respiratory_mask-allergy_sinus_asthma_1-medium.html?price=1000.00-2000.00,,home-healthcare-devices/allergy-sinus-asthma.html,,2,,,
,,home-healthcare-devices/cat-respiratory_mask-allergy_sinus_asthma_1-medium.html?price=1000.00-2000.00,,home-healthcare-devices/allergy-sinus-asthma.html,,3,,,
,,home-healthcare-devices/cat-respiratory_mask-allergy_sinus_asthma_1-medium.html?price=1000.00-2000.00,,home-healthcare-devices/allergy-sinus-asthma.html,,4,,,
,,home-healthcare-devices/cat-respiratory_mask-allergy_sinus_asthma_1-medium.html?price=1000.00-2000.00,,home-healthcare-devices/allergy-sinus-asthma.html,,5,,,
,,home-healthcare-devices/cat-respiratory_mask-allergy_sinus_asthma_1-medium.html?price=1000.00-2000.00,,home-healthcare-devices/allergy-sinus-asthma.html,,6,,,
,,home-healthcare-devices/cat-respiratory_mask-allergy_sinus_asthma_1-medium.html?price=1000.00-2000.00,,home-healthcare-devices/allergy-sinus-asthma.html,,7,,,
,,home-healthcare-devices/cat-respiratory_mask-allergy_sinus_asthma_1-otica-large-medium.html,,home-healthcare-devices/allergy-sinus-asthma.html,,1,,,
,,home-healthcare-devices/cat-respiratory_mask-allergy_sinus_asthma_1-otica-large-medium.html,,home-healthcare-devices/allergy-sinus-asthma.html,,2,,,
,,home-healthcare-devices/cat-respiratory_mask-allergy_sinus_asthma_1-otica-large-medium.html,,home-healthcare-devices/allergy-sinus-asthma.html,,3,,,
,,home-healthcare-devices/cat-respiratory_mask-allergy_sinus_asthma_1-otica-large-medium.html,,home-healthcare-devices/allergy-sinus-asthma.html,,4,,,
,,home-healthcare-devices/cat-respiratory_mask-allergy_sinus_asthma_1-otica-large-medium.html,,home-healthcare-devices/allergy-sinus-asthma.html,,5,,,
,,home-healthcare-devices/cat-respiratory_mask-allergy_sinus_asthma_1-otica-large-medium.html,,home-healthcare-devices/allergy-sinus-asthma.html,,6,,,
,,home-healthcare-devices/cat-respiratory_mask-allergy_sinus_asthma_1-otica-large-medium.html,,home-healthcare-devices/allergy-sinus-asthma.html,,7,,,
,,home-healthcare-devices/cat-respiratory_mask-allergy_sinus_asthma_1-small.html,,home-healthcare-devices/allergy-sinus-asthma.html,,1,,,
,,home-healthcare-devices/cat-respiratory_mask-allergy_sinus_asthma_1-small.html,,home-healthcare-devices/allergy-sinus-asthma.html,,2,,,
,,home-healthcare-devices/cat-respiratory_mask-allergy_sinus_asthma_1-small.html,,home-healthcare-devices/allergy-sinus-asthma.html,,3,,,
,,home-healthcare-devices/cat-respiratory_mask-allergy_sinus_asthma_1-small.html,,home-healthcare-devices/allergy-sinus-asthma.html,,4,,,
,,home-healthcare-devices/cat-respiratory_mask-allergy_sinus_asthma_1-small.html,,home-healthcare-devices/allergy-sinus-asthma.html,,5,,,
,,home-healthcare-devices/cat-respiratory_mask-allergy_sinus_asthma_1-small.html,,home-healthcare-devices/allergy-sinus-asthma.html,,6,,,
,,home-healthcare-devices/cat-respiratory_mask-allergy_sinus_asthma_1-small.html,,home-healthcare-devices/allergy-sinus-asthma.html,,7,,,
,,home-healthcare-devices/elderly-care/all-products.html,,home-healthcare-devices/elderly-care.html,,1,,,
,,home-healthcare-devices/elderly-care/all-products.html,,home-healthcare-devices/elderly-care.html,,2,,,
,,home-healthcare-devices/elderly-care/all-products.html,,home-healthcare-devices/elderly-care.html,,3,,,
,,home-healthcare-devices/elderly-care/all-products.html,,home-healthcare-devices/elderly-care.html,,4,,,
,,home-healthcare-devices/elderly-care/all-products.html,,home-healthcare-devices/elderly-care.html,,5,,,
,,home-healthcare-devices/elderly-care/all-products.html,,home-healthcare-devices/elderly-care.html,,6,,,
,,home-healthcare-devices/elderly-care/all-products.html,,home-healthcare-devices/elderly-care.html,,7,,,
,,home-healthcare-devices/home-healthcare-devices.html,,home-healthcare-devices.html,,1,,,
,,home-healthcare-devices/home-healthcare-devices.html,,home-healthcare-devices.html,,2,,,
,,home-healthcare-devices/home-healthcare-devices.html,,home-healthcare-devices.html,,3,,,
,,home-healthcare-devices/home-healthcare-devices.html,,home-healthcare-devices.html,,4,,,
,,home-healthcare-devices/home-healthcare-devices.html,,home-healthcare-devices.html,,5,,,
,,home-healthcare-devices/home-healthcare-devices.html,,home-healthcare-devices.html,,6,,,
,,home-healthcare-devices/home-healthcare-devices.html,,home-healthcare-devices.html,,7,,,
,,home-healthcare-devices/medical-equipment.html,,home-healthcare-devices.html,,1,,,
,,home-healthcare-devices/medical-equipment.html,,home-healthcare-devices.html,,2,,,
,,home-healthcare-devices/medical-equipment.html,,home-healthcare-devices.html,,3,,,
,,home-healthcare-devices/medical-equipment.html,,home-healthcare-devices.html,,4,,,
,,home-healthcare-devices/medical-equipment.html,,home-healthcare-devices.html,,5,,,
,,home-healthcare-devices/medical-equipment.html,,home-healthcare-devices.html,,6,,,
,,home-healthcare-devices/medical-equipment.html,,home-healthcare-devices.html,,7,,,
,,home-v7/,,all-products.html,,1,,,
,,home-v7/,,all-products.html,,2,,,
,,home-v7/,,all-products.html,,3,,,
,,home-v7/,,all-products.html,,4,,,
,,home-v7/,,all-products.html,,5,,,
,,home-v7/,,all-products.html,,6,,,
,,home-v7/,,all-products.html,,7,,,
,,i,,all-products.html,,1,,,
,,i,,all-products.html,,2,,,
,,i,,all-products.html,,3,,,
,,i,,all-products.html,,4,,,
,,i,,all-products.html,,5,,,
,,i,,all-products.html,,6,,,
,,i,,all-products.html,,7,,,
,,img_20200728_112932/,,all-products.html,,1,,,
,,img_20200728_112932/,,all-products.html,,2,,,
,,img_20200728_112932/,,all-products.html,,3,,,
,,img_20200728_112932/,,all-products.html,,4,,,
,,img_20200728_112932/,,all-products.html,,5,,,
,,img_20200728_112932/,,all-products.html,,6,,,
,,img_20200728_112932/,,all-products.html,,7,,,
,,img_20200728_121045/,,all-products.html,,1,,,
,,img_20200728_121045/,,all-products.html,,2,,,
,,img_20200728_121045/,,all-products.html,,3,,,
,,img_20200728_121045/,,all-products.html,,4,,,
,,img_20200728_121045/,,all-products.html,,5,,,
,,img_20200728_121045/,,all-products.html,,6,,,
,,img_20200728_121045/,,all-products.html,,7,,,
,,img_20200728_143631/,,all-products.html,,1,,,
,,img_20200728_143631/,,all-products.html,,2,,,
,,img_20200728_143631/,,all-products.html,,3,,,
,,img_20200728_143631/,,all-products.html,,4,,,
,,img_20200728_143631/,,all-products.html,,5,,,
,,img_20200728_143631/,,all-products.html,,6,,,
,,img_20200728_143631/,,all-products.html,,7,,,
,,img_20200728_143952/,,all-products.html,,1,,,
,,img_20200728_143952/,,all-products.html,,2,,,
,,img_20200728_143952/,,all-products.html,,3,,,
,,img_20200728_143952/,,all-products.html,,4,,,
,,img_20200728_143952/,,all-products.html,,5,,,
,,img_20200728_143952/,,all-products.html,,6,,,
,,img_20200728_143952/,,all-products.html,,7,,,
,,img_20200728_161318/,,all-products.html,,1,,,
,,img_20200728_161318/,,all-products.html,,2,,,
,,img_20200728_161318/,,all-products.html,,3,,,
,,img_20200728_161318/,,all-products.html,,4,,,
,,img_20200728_161318/,,all-products.html,,5,,,
,,img_20200728_161318/,,all-products.html,,6,,,
,,img_20200728_161318/,,all-products.html,,7,,,
,,img_20210107_110634/,,all-products.html,,1,,,
,,img_20210107_110634/,,all-products.html,,2,,,
,,img_20210107_110634/,,all-products.html,,3,,,
,,img_20210107_110634/,,all-products.html,,4,,,
,,img_20210107_110634/,,all-products.html,,5,,,
,,img_20210107_110634/,,all-products.html,,6,,,
,,img_20210107_110634/,,all-products.html,,7,,,
,,in/in/thermoscan-ear-thermometer-lens-filters-pack-of-20-disposable-covers-hygienic-protection-for-accurate-readings.html,,all-products.html,,7,,,
,,in/products-grid-2,,all-products.html,,7,,,
,,jumper-jpd-100b-fetal-portable-sdl508595100-1-a463b/,,all-products.html,,1,,,
,,jumper-jpd-100b-fetal-portable-sdl508595100-1-a463b/,,all-products.html,,2,,,
,,jumper-jpd-100b-fetal-portable-sdl508595100-1-a463b/,,all-products.html,,3,,,
,,jumper-jpd-100b-fetal-portable-sdl508595100-1-a463b/,,all-products.html,,4,,,
,,jumper-jpd-100b-fetal-portable-sdl508595100-1-a463b/,,all-products.html,,5,,,
,,jumper-jpd-100b-fetal-portable-sdl508595100-1-a463b/,,all-products.html,,6,,,
,,jumper-jpd-100b-fetal-portable-sdl508595100-1-a463b/,,all-products.html,,7,,,
,,kkkkk/,,all-products.html,,1,,,
,,kkkkk/,,all-products.html,,2,,,
,,kkkkk/,,all-products.html,,3,,,
,,kkkkk/,,all-products.html,,4,,,
,,kkkkk/,,all-products.html,,5,,,
,,kkkkk/,,all-products.html,,6,,,
,,kkkkk/,,all-products.html,,7,,,
,,libero-lorem/,,all-products.html,,1,,,
,,libero-lorem/,,all-products.html,,2,,,
,,libero-lorem/,,all-products.html,,3,,,
,,libero-lorem/,,all-products.html,,4,,,
,,libero-lorem/,,all-products.html,,5,,,
,,libero-lorem/,,all-products.html,,6,,,
,,libero-lorem/,,all-products.html,,7,,,
,,maecenas-ultricies/,,all-products.html,,1,,,
,,maecenas-ultricies/,,all-products.html,,2,,,
,,maecenas-ultricies/,,all-products.html,,3,,,
,,maecenas-ultricies/,,all-products.html,,4,,,
,,maecenas-ultricies/,,all-products.html,,5,,,
,,maecenas-ultricies/,,all-products.html,,6,,,
,,maecenas-ultricies/,,all-products.html,,7,,,
,,mede-move-sln-red/,,all-products.html,,1,,,
,,mede-move-sln-red/,,all-products.html,,2,,,
,,mede-move-sln-red/,,all-products.html,,3,,,
,,mede-move-sln-red/,,all-products.html,,4,,,
,,mede-move-sln-red/,,all-products.html,,5,,,
,,mede-move-sln-red/,,all-products.html,,6,,,
,,mede-move-sln-red/,,all-products.html,,7,,,
,,mede-move-sln-red-2/,,all-products.html,,1,,,
,,mede-move-sln-red-2/,,all-products.html,,2,,,
,,mede-move-sln-red-2/,,all-products.html,,3,,,
,,mede-move-sln-red-2/,,all-products.html,,4,,,
,,mede-move-sln-red-2/,,all-products.html,,5,,,
,,mede-move-sln-red-2/,,all-products.html,,6,,,
,,mede-move-sln-red-2/,,all-products.html,,7,,,
,,medical-device/medical-equipment.html,,medical-device.html,,1,,,
,,medical-device/medical-equipment.html,,medical-device.html,,2,,,
,,medical-device/medical-equipment.html,,medical-device.html,,3,,,
,,medical-device/medical-equipment.html,,medical-device.html,,4,,,
,,medical-device/medical-equipment.html,,medical-device.html,,5,,,
,,medical-device/medical-equipment.html,,medical-device.html,,6,,,
,,medical-device/medical-equipment.html,,medical-device.html,,7,,,
,,medical-device/speciality/gp.html,,medical-device.html,,1,,,
,,medical-device/speciality/gp.html,,medical-device.html,,2,,,
,,medical-device/speciality/gp.html,,medical-device.html,,3,,,
,,medical-device/speciality/gp.html,,medical-device.html,,4,,,
,,medical-device/speciality/gp.html,,medical-device.html,,5,,,
,,medical-device/speciality/gp.html,,medical-device.html,,6,,,
,,medical-device/speciality/gp.html,,medical-device.html,,7,,,
,,mps_6477/,,all-products.html,,1,,,
,,mps_6477/,,all-products.html,,2,,,
,,mps_6477/,,all-products.html,,3,,,
,,mps_6477/,,all-products.html,,4,,,
,,mps_6477/,,all-products.html,,5,,,
,,mps_6477/,,all-products.html,,6,,,
,,mps_6477/,,all-products.html,,7,,,
,,newittmann-cardiology-iv-stethoscope-plum-6156-109/,,professional-diagnostic-equipment/product/stethoscope.html,,1,,,
,,newittmann-cardiology-iv-stethoscope-plum-6156-109/,,professional-diagnostic-equipment/product/stethoscope.html,,2,,,
,,newittmann-cardiology-iv-stethoscope-plum-6156-109/,,professional-diagnostic-equipment/product/stethoscope.html,,3,,,
,,newittmann-cardiology-iv-stethoscope-plum-6156-109/,,professional-diagnostic-equipment/product/stethoscope.html,,4,,,
,,newittmann-cardiology-iv-stethoscope-plum-6156-109/,,professional-diagnostic-equipment/product/stethoscope.html,,5,,,
,,newittmann-cardiology-iv-stethoscope-plum-6156-109/,,professional-diagnostic-equipment/product/stethoscope.html,,6,,,
,,newittmann-cardiology-iv-stethoscope-plum-6156-109/,,professional-diagnostic-equipment/product/stethoscope.html,,7,,,
,,otica-air-mattress-blue-new-10-custom/,,home-healthcare-devices/elderly-care/medical-mattress.html,,1,,,
,,otica-air-mattress-blue-new-10-custom/,,home-healthcare-devices/elderly-care/medical-mattress.html,,2,,,
,,otica-air-mattress-blue-new-10-custom/,,home-healthcare-devices/elderly-care/medical-mattress.html,,3,,,
,,otica-air-mattress-blue-new-10-custom/,,home-healthcare-devices/elderly-care/medical-mattress.html,,4,,,
,,otica-air-mattress-blue-new-10-custom/,,home-healthcare-devices/elderly-care/medical-mattress.html,,5,,,
,,otica-air-mattress-blue-new-10-custom/,,home-healthcare-devices/elderly-care/medical-mattress.html,,6,,,
,,otica-air-mattress-blue-new-10-custom/,,home-healthcare-devices/elderly-care/medical-mattress.html,,7,,,
,,otica-air-mattress-blue-new-5-custom/,,home-healthcare-devices/elderly-care/medical-mattress.html,,1,,,
,,otica-air-mattress-blue-new-5-custom/,,home-healthcare-devices/elderly-care/medical-mattress.html,,2,,,
,,otica-air-mattress-blue-new-5-custom/,,home-healthcare-devices/elderly-care/medical-mattress.html,,3,,,
,,otica-air-mattress-blue-new-5-custom/,,home-healthcare-devices/elderly-care/medical-mattress.html,,4,,,
,,otica-air-mattress-blue-new-5-custom/,,home-healthcare-devices/elderly-care/medical-mattress.html,,5,,,
,,otica-air-mattress-blue-new-5-custom/,,home-healthcare-devices/elderly-care/medical-mattress.html,,6,,,
,,otica-air-mattress-blue-new-5-custom/,,home-healthcare-devices/elderly-care/medical-mattress.html,,7,,,
,,otica-website-banner/,,all-products.html,,1,,,
,,otica-website-banner/,,all-products.html,,2,,,
,,otica-website-banner/,,all-products.html,,3,,,
,,otica-website-banner/,,all-products.html,,4,,,
,,otica-website-banner/,,all-products.html,,5,,,
,,otica-website-banner/,,all-products.html,,6,,,
,,otica-website-banner/,,all-products.html,,7,,,
,,post-with-audio/,,all-products.html,,1,,,
,,post-with-audio/,,all-products.html,,2,,,
,,post-with-audio/,,all-products.html,,3,,,
,,post-with-audio/,,all-products.html,,4,,,
,,post-with-audio/,,all-products.html,,5,,,
,,post-with-audio/,,all-products.html,,6,,,
,,post-with-audio/,,all-products.html,,7,,,
,,post-with-gallery/,,all-products.html,,1,,,
,,post-with-gallery/,,all-products.html,,2,,,
,,post-with-gallery/,,all-products.html,,3,,,
,,post-with-gallery/,,all-products.html,,4,,,
,,post-with-gallery/,,all-products.html,,5,,,
,,post-with-gallery/,,all-products.html,,6,,,
,,post-with-gallery/,,all-products.html,,7,,,
,,praesent-imperdiet/,,all-products.html,,1,,,
,,praesent-imperdiet/,,all-products.html,,2,,,
,,praesent-imperdiet/,,all-products.html,,3,,,
,,praesent-imperdiet/,,all-products.html,,4,,,
,,praesent-imperdiet/,,all-products.html,,5,,,
,,praesent-imperdiet/,,all-products.html,,6,,,
,,praesent-imperdiet/,,all-products.html,,7,,,
,,product/3-channel-ecg-machine/,,medical-device/product/ecg-machine.html,,1,,,
,,product/3-channel-ecg-machine/,,medical-device/product/ecg-machine.html,,2,,,
,,product/3-channel-ecg-machine/,,medical-device/product/ecg-machine.html,,3,,,
,,product/3-channel-ecg-machine/,,medical-device/product/ecg-machine.html,,4,,,
,,product/3-channel-ecg-machine/,,medical-device/product/ecg-machine.html,,5,,,
,,product/3-channel-ecg-machine/,,medical-device/product/ecg-machine.html,,6,,,
,,product/3-channel-ecg-machine/,,medical-device/product/ecg-machine.html,,7,,,
,,product/3-channel-ecg-machine/?add-to-cart=5433,,medical-device/product/ecg-machine.html,,1,,,
,,product/3-channel-ecg-machine/?add-to-cart=5433,,medical-device/product/ecg-machine.html,,2,,,
,,product/3-channel-ecg-machine/?add-to-cart=5433,,medical-device/product/ecg-machine.html,,3,,,
,,product/3-channel-ecg-machine/?add-to-cart=5433,,medical-device/product/ecg-machine.html,,4,,,
,,product/3-channel-ecg-machine/?add-to-cart=5433,,medical-device/product/ecg-machine.html,,5,,,
,,product/3-channel-ecg-machine/?add-to-cart=5433,,medical-device/product/ecg-machine.html,,6,,,
,,product/3-channel-ecg-machine/?add-to-cart=5433,,medical-device/product/ecg-machine.html,,7,,,
,,product/3-channel-ecg-machine/?add-to-cart=5533,,medical-device/product/ecg-machine.html,,1,,,
,,product/3-channel-ecg-machine/?add-to-cart=5533,,medical-device/product/ecg-machine.html,,2,,,
,,product/3-channel-ecg-machine/?add-to-cart=5533,,medical-device/product/ecg-machine.html,,3,,,
,,product/3-channel-ecg-machine/?add-to-cart=5533,,medical-device/product/ecg-machine.html,,4,,,
,,product/3-channel-ecg-machine/?add-to-cart=5533,,medical-device/product/ecg-machine.html,,5,,,
,,product/3-channel-ecg-machine/?add-to-cart=5533,,medical-device/product/ecg-machine.html,,6,,,
,,product/3-channel-ecg-machine/?add-to-cart=5533,,medical-device/product/ecg-machine.html,,7,,,
,,product/3-channel-ecg-machine/?add-to-cart=5537,,medical-device/product/ecg-machine.html,,1,,,
,,product/3-channel-ecg-machine/?add-to-cart=5537,,medical-device/product/ecg-machine.html,,2,,,
,,product/3-channel-ecg-machine/?add-to-cart=5537,,medical-device/product/ecg-machine.html,,3,,,
,,product/3-channel-ecg-machine/?add-to-cart=5537,,medical-device/product/ecg-machine.html,,4,,,
,,product/3-channel-ecg-machine/?add-to-cart=5537,,medical-device/product/ecg-machine.html,,5,,,
,,product/3-channel-ecg-machine/?add-to-cart=5537,,medical-device/product/ecg-machine.html,,6,,,
,,product/3-channel-ecg-machine/?add-to-cart=5537,,medical-device/product/ecg-machine.html,,7,,,
,,product/alcohol-tester/,,all-products.html,,1,,,
,,product/alcohol-tester/,,all-products.html,,2,,,
,,product/alcohol-tester/,,all-products.html,,3,,,
,,product/alcohol-tester/,,all-products.html,,4,,,
,,product/alcohol-tester/,,all-products.html,,5,,,
,,product/alcohol-tester/,,all-products.html,,6,,,
,,product/alcohol-tester/,,all-products.html,,7,,,
,,product/alcohol-tester/?add-to-cart=5431,,all-products.html,,1,,,
,,product/alcohol-tester/?add-to-cart=5431,,all-products.html,,2,,,
,,product/alcohol-tester/?add-to-cart=5431,,all-products.html,,3,,,
,,product/alcohol-tester/?add-to-cart=5431,,all-products.html,,4,,,
,,product/alcohol-tester/?add-to-cart=5431,,all-products.html,,5,,,
,,product/alcohol-tester/?add-to-cart=5431,,all-products.html,,6,,,
,,product/alcohol-tester/?add-to-cart=5431,,all-products.html,,7,,,
,,product/alcohol-tester/?add-to-cart=5433,,all-products.html,,1,,,
,,product/alcohol-tester/?add-to-cart=5433,,all-products.html,,2,,,
,,product/alcohol-tester/?add-to-cart=5433,,all-products.html,,3,,,
,,product/alcohol-tester/?add-to-cart=5433,,all-products.html,,4,,,
,,product/alcohol-tester/?add-to-cart=5433,,all-products.html,,5,,,
,,product/alcohol-tester/?add-to-cart=5433,,all-products.html,,6,,,
,,product/alcohol-tester/?add-to-cart=5433,,all-products.html,,7,,,
,,product/alcohol-tester/?add-to-cart=5451,,all-products.html,,1,,,
,,product/alcohol-tester/?add-to-cart=5451,,all-products.html,,2,,,
,,product/alcohol-tester/?add-to-cart=5451,,all-products.html,,3,,,
,,product/alcohol-tester/?add-to-cart=5451,,all-products.html,,4,,,
,,product/alcohol-tester/?add-to-cart=5451,,all-products.html,,5,,,
,,product/alcohol-tester/?add-to-cart=5451,,all-products.html,,6,,,
,,product/alcohol-tester/?add-to-cart=5451,,all-products.html,,7,,,
,,product/alcohol-tester/?add-to-cart=5457,,all-products.html,,1,,,
,,product/alcohol-tester/?add-to-cart=5457,,all-products.html,,2,,,
,,product/alcohol-tester/?add-to-cart=5457,,all-products.html,,3,,,
,,product/alcohol-tester/?add-to-cart=5457,,all-products.html,,4,,,
,,product/alcohol-tester/?add-to-cart=5457,,all-products.html,,5,,,
,,product/alcohol-tester/?add-to-cart=5457,,all-products.html,,6,,,
,,product/alcohol-tester/?add-to-cart=5457,,all-products.html,,7,,,
,,product/alcohol-tester/?add-to-cart=5544,,all-products.html,,1,,,
,,product/alcohol-tester/?add-to-cart=5544,,all-products.html,,2,,,
,,product/alcohol-tester/?add-to-cart=5544,,all-products.html,,3,,,
,,product/alcohol-tester/?add-to-cart=5544,,all-products.html,,4,,,
,,product/alcohol-tester/?add-to-cart=5544,,all-products.html,,5,,,
,,product/alcohol-tester/?add-to-cart=5544,,all-products.html,,6,,,
,,product/alcohol-tester/?add-to-cart=5544,,all-products.html,,7,,,
,,product/babcock-forcep/?add_to_wishlist=11118&_wpnonce=2abe661b59,,surgical-instrument/product/artery-forcep.html,,1,,,
,,product/babcock-forcep/?add_to_wishlist=11118&_wpnonce=2abe661b59,,surgical-instrument/product/artery-forcep.html,,2,,,
,,product/babcock-forcep/?add_to_wishlist=11118&_wpnonce=2abe661b59,,surgical-instrument/product/artery-forcep.html,,3,,,
,,product/babcock-forcep/?add_to_wishlist=11118&_wpnonce=2abe661b59,,surgical-instrument/product/artery-forcep.html,,4,,,
,,product/babcock-forcep/?add_to_wishlist=11118&_wpnonce=2abe661b59,,surgical-instrument/product/artery-forcep.html,,5,,,
,,product/babcock-forcep/?add_to_wishlist=11118&_wpnonce=2abe661b59,,surgical-instrument/product/artery-forcep.html,,6,,,
,,product/babcock-forcep/?add_to_wishlist=11118&_wpnonce=2abe661b59,,surgical-instrument/product/artery-forcep.html,,7,,,
,,product/babcock-forcep/?add-to-cart=11101,,surgical-instrument/product/artery-forcep.html,,1,,,
,,product/babcock-forcep/?add-to-cart=11101,,surgical-instrument/product/artery-forcep.html,,2,,,
,,product/babcock-forcep/?add-to-cart=11101,,surgical-instrument/product/artery-forcep.html,,3,,,
,,product/babcock-forcep/?add-to-cart=11101,,surgical-instrument/product/artery-forcep.html,,4,,,
,,product/babcock-forcep/?add-to-cart=11101,,surgical-instrument/product/artery-forcep.html,,5,,,
,,product/babcock-forcep/?add-to-cart=11101,,surgical-instrument/product/artery-forcep.html,,6,,,
,,product/babcock-forcep/?add-to-cart=11101,,surgical-instrument/product/artery-forcep.html,,7,,,
,,product/babcock-forcep/?add-to-cart=11116,,surgical-instrument/product/artery-forcep.html,,1,,,
,,product/babcock-forcep/?add-to-cart=11116,,surgical-instrument/product/artery-forcep.html,,2,,,
,,product/babcock-forcep/?add-to-cart=11116,,surgical-instrument/product/artery-forcep.html,,3,,,
,,product/babcock-forcep/?add-to-cart=11116,,surgical-instrument/product/artery-forcep.html,,4,,,
,,product/babcock-forcep/?add-to-cart=11116,,surgical-instrument/product/artery-forcep.html,,5,,,
,,product/babcock-forcep/?add-to-cart=11116,,surgical-instrument/product/artery-forcep.html,,6,,,
,,product/babcock-forcep/?add-to-cart=11116,,surgical-instrument/product/artery-forcep.html,,7,,,
,,product/babcock-forcep/?add-to-cart=11118,,surgical-instrument/product/artery-forcep.html,,1,,,
,,product/babcock-forcep/?add-to-cart=11118,,surgical-instrument/product/artery-forcep.html,,2,,,
,,product/babcock-forcep/?add-to-cart=11118,,surgical-instrument/product/artery-forcep.html,,3,,,
,,product/babcock-forcep/?add-to-cart=11118,,surgical-instrument/product/artery-forcep.html,,4,,,
,,product/babcock-forcep/?add-to-cart=11118,,surgical-instrument/product/artery-forcep.html,,5,,,
,,product/babcock-forcep/?add-to-cart=11118,,surgical-instrument/product/artery-forcep.html,,6,,,
,,product/babcock-forcep/?add-to-cart=11118,,surgical-instrument/product/artery-forcep.html,,7,,,
,,product/babcock-forcep/?add-to-cart=11127,,surgical-instrument/product/artery-forcep.html,,1,,,
,,product/babcock-forcep/?add-to-cart=11127,,surgical-instrument/product/artery-forcep.html,,2,,,
,,product/babcock-forcep/?add-to-cart=11127,,surgical-instrument/product/artery-forcep.html,,3,,,
,,product/babcock-forcep/?add-to-cart=11127,,surgical-instrument/product/artery-forcep.html,,4,,,
,,product/babcock-forcep/?add-to-cart=11127,,surgical-instrument/product/artery-forcep.html,,5,,,
,,product/babcock-forcep/?add-to-cart=11127,,surgical-instrument/product/artery-forcep.html,,6,,,
,,product/babcock-forcep/?add-to-cart=11127,,surgical-instrument/product/artery-forcep.html,,7,,,
,,product/babcock-forcep/?add-to-cart=11131,,surgical-instrument/product/artery-forcep.html,,1,,,
,,product/babcock-forcep/?add-to-cart=11131,,surgical-instrument/product/artery-forcep.html,,2,,,
,,product/babcock-forcep/?add-to-cart=11131,,surgical-instrument/product/artery-forcep.html,,3,,,
,,product/babcock-forcep/?add-to-cart=11131,,surgical-instrument/product/artery-forcep.html,,4,,,
,,product/babcock-forcep/?add-to-cart=11131,,surgical-instrument/product/artery-forcep.html,,5,,,
,,product/babcock-forcep/?add-to-cart=11131,,surgical-instrument/product/artery-forcep.html,,6,,,
,,product/babcock-forcep/?add-to-cart=11131,,surgical-instrument/product/artery-forcep.html,,7,,,
,,product/babcock-forcep/?add-to-cart=11138,,surgical-instrument/product/artery-forcep.html,,1,,,
,,product/babcock-forcep/?add-to-cart=11138,,surgical-instrument/product/artery-forcep.html,,2,,,
,,product/babcock-forcep/?add-to-cart=11138,,surgical-instrument/product/artery-forcep.html,,3,,,
,,product/babcock-forcep/?add-to-cart=11138,,surgical-instrument/product/artery-forcep.html,,4,,,
,,product/babcock-forcep/?add-to-cart=11138,,surgical-instrument/product/artery-forcep.html,,5,,,
,,product/babcock-forcep/?add-to-cart=11138,,surgical-instrument/product/artery-forcep.html,,6,,,
,,product/babcock-forcep/?add-to-cart=11138,,surgical-instrument/product/artery-forcep.html,,7,,,
,,product/babcock-forcep/?add-to-cart=11150,,surgical-instrument/product/artery-forcep.html,,1,,,
,,product/babcock-forcep/?add-to-cart=11150,,surgical-instrument/product/artery-forcep.html,,2,,,
,,product/babcock-forcep/?add-to-cart=11150,,surgical-instrument/product/artery-forcep.html,,3,,,
,,product/babcock-forcep/?add-to-cart=11150,,surgical-instrument/product/artery-forcep.html,,4,,,
,,product/babcock-forcep/?add-to-cart=11150,,surgical-instrument/product/artery-forcep.html,,5,,,
,,product/babcock-forcep/?add-to-cart=11150,,surgical-instrument/product/artery-forcep.html,,6,,,
,,product/babcock-forcep/?add-to-cart=11150,,surgical-instrument/product/artery-forcep.html,,7,,,
,,product/babcock-forcep/?add-to-cart=11152,,surgical-instrument/product/artery-forcep.html,,1,,,
,,product/babcock-forcep/?add-to-cart=11152,,surgical-instrument/product/artery-forcep.html,,2,,,
,,product/babcock-forcep/?add-to-cart=11152,,surgical-instrument/product/artery-forcep.html,,3,,,
,,product/babcock-forcep/?add-to-cart=11152,,surgical-instrument/product/artery-forcep.html,,4,,,
,,product/babcock-forcep/?add-to-cart=11152,,surgical-instrument/product/artery-forcep.html,,5,,,
,,product/babcock-forcep/?add-to-cart=11152,,surgical-instrument/product/artery-forcep.html,,6,,,
,,product/babcock-forcep/?add-to-cart=11152,,surgical-instrument/product/artery-forcep.html,,7,,,
,,product/babcock-forcep/?add-to-cart=11161,,surgical-instrument/product/artery-forcep.html,,1,,,
,,product/babcock-forcep/?add-to-cart=11161,,surgical-instrument/product/artery-forcep.html,,2,,,
,,product/babcock-forcep/?add-to-cart=11161,,surgical-instrument/product/artery-forcep.html,,3,,,
,,product/babcock-forcep/?add-to-cart=11161,,surgical-instrument/product/artery-forcep.html,,4,,,
,,product/babcock-forcep/?add-to-cart=11161,,surgical-instrument/product/artery-forcep.html,,5,,,
,,product/babcock-forcep/?add-to-cart=11161,,surgical-instrument/product/artery-forcep.html,,6,,,
,,product/babcock-forcep/?add-to-cart=11161,,surgical-instrument/product/artery-forcep.html,,7,,,
,,product/babcock-forcep/?add-to-cart=6278,,surgical-instrument/product/artery-forcep.html,,1,,,
,,product/babcock-forcep/?add-to-cart=6278,,surgical-instrument/product/artery-forcep.html,,2,,,
,,product/babcock-forcep/?add-to-cart=6278,,surgical-instrument/product/artery-forcep.html,,3,,,
,,product/babcock-forcep/?add-to-cart=6278,,surgical-instrument/product/artery-forcep.html,,4,,,
,,product/babcock-forcep/?add-to-cart=6278,,surgical-instrument/product/artery-forcep.html,,5,,,
,,product/babcock-forcep/?add-to-cart=6278,,surgical-instrument/product/artery-forcep.html,,6,,,
,,product/babcock-forcep/?add-to-cart=6278,,surgical-instrument/product/artery-forcep.html,,7,,,
,,product/bmc-f2-full-face-mask-for-cpap-and-bipap/?attribute_pa_size=m,,home-healthcare-devices/respiratory-mask.html,,1,,,
,,product/bmc-f2-full-face-mask-for-cpap-and-bipap/?attribute_pa_size=m,,home-healthcare-devices/respiratory-mask.html,,2,,,
,,product/bmc-f2-full-face-mask-for-cpap-and-bipap/?attribute_pa_size=m,,home-healthcare-devices/respiratory-mask.html,,3,,,
,,product/bmc-f2-full-face-mask-for-cpap-and-bipap/?attribute_pa_size=m,,home-healthcare-devices/respiratory-mask.html,,4,,,
,,product/bmc-f2-full-face-mask-for-cpap-and-bipap/?attribute_pa_size=m,,home-healthcare-devices/respiratory-mask.html,,5,,,
,,product/bmc-f2-full-face-mask-for-cpap-and-bipap/?attribute_pa_size=m,,home-healthcare-devices/respiratory-mask.html,,6,,,
,,product/bmc-f2-full-face-mask-for-cpap-and-bipap/?attribute_pa_size=m,,home-healthcare-devices/respiratory-mask.html,,7,,,
,,product/bmi-weight-scale/,,all-products.html,,1,,,
,,product/bmi-weight-scale/,,all-products.html,,2,,,
,,product/bmi-weight-scale/,,all-products.html,,3,,,
,,product/bmi-weight-scale/,,all-products.html,,4,,,
,,product/bmi-weight-scale/,,all-products.html,,5,,,
,,product/bmi-weight-scale/,,all-products.html,,6,,,
,,product/bmi-weight-scale/,,all-products.html,,7,,,
,,product/bmi-weight-scale/?add_to_wishlist=5541&_wpnonce=cac6a423d7,,all-products.html,,1,,,
,,product/bmi-weight-scale/?add_to_wishlist=5541&_wpnonce=cac6a423d7,,all-products.html,,2,,,
,,product/bmi-weight-scale/?add_to_wishlist=5541&_wpnonce=cac6a423d7,,all-products.html,,3,,,
,,product/bmi-weight-scale/?add_to_wishlist=5541&_wpnonce=cac6a423d7,,all-products.html,,4,,,
,,product/bmi-weight-scale/?add_to_wishlist=5541&_wpnonce=cac6a423d7,,all-products.html,,5,,,
,,product/bmi-weight-scale/?add_to_wishlist=5541&_wpnonce=cac6a423d7,,all-products.html,,6,,,
,,product/bmi-weight-scale/?add_to_wishlist=5541&_wpnonce=cac6a423d7,,all-products.html,,7,,,
,,product/bmi-weight-scale/?add-to-cart=5431,,all-products.html,,1,,,
,,product/bmi-weight-scale/?add-to-cart=5431,,all-products.html,,2,,,
,,product/bmi-weight-scale/?add-to-cart=5431,,all-products.html,,3,,,
,,product/bmi-weight-scale/?add-to-cart=5431,,all-products.html,,4,,,
,,product/bmi-weight-scale/?add-to-cart=5431,,all-products.html,,5,,,
,,product/bmi-weight-scale/?add-to-cart=5431,,all-products.html,,6,,,
,,product/bmi-weight-scale/?add-to-cart=5431,,all-products.html,,7,,,
,,product/bmi-weight-scale/?add-to-cart=5521,,all-products.html,,1,,,
,,product/bmi-weight-scale/?add-to-cart=5521,,all-products.html,,2,,,
,,product/bmi-weight-scale/?add-to-cart=5521,,all-products.html,,3,,,
,,product/bmi-weight-scale/?add-to-cart=5521,,all-products.html,,4,,,
,,product/bmi-weight-scale/?add-to-cart=5521,,all-products.html,,5,,,
,,product/bmi-weight-scale/?add-to-cart=5521,,all-products.html,,6,,,
,,product/bmi-weight-scale/?add-to-cart=5521,,all-products.html,,7,,,
,,product/bmi-weight-scale/?add-to-cart=5531,,all-products.html,,1,,,
,,product/bmi-weight-scale/?add-to-cart=5531,,all-products.html,,2,,,
,,product/bmi-weight-scale/?add-to-cart=5531,,all-products.html,,3,,,
,,product/bmi-weight-scale/?add-to-cart=5531,,all-products.html,,4,,,
,,product/bmi-weight-scale/?add-to-cart=5531,,all-products.html,,5,,,
,,product/bmi-weight-scale/?add-to-cart=5531,,all-products.html,,6,,,
,,product/bmi-weight-scale/?add-to-cart=5531,,all-products.html,,7,,,
,,product/bmi-weight-scale/?add-to-cart=5541,,all-products.html,,1,,,
,,product/bmi-weight-scale/?add-to-cart=5541,,all-products.html,,2,,,
,,product/bmi-weight-scale/?add-to-cart=5541,,all-products.html,,3,,,
,,product/bmi-weight-scale/?add-to-cart=5541,,all-products.html,,4,,,
,,product/bmi-weight-scale/?add-to-cart=5541,,all-products.html,,5,,,
,,product/bmi-weight-scale/?add-to-cart=5541,,all-products.html,,6,,,
,,product/bmi-weight-scale/?add-to-cart=5541,,all-products.html,,7,,,
,,product/bmi-weight-scale/?add-to-cart=5542,,all-products.html,,1,,,
,,product/bmi-weight-scale/?add-to-cart=5542,,all-products.html,,2,,,
,,product/bmi-weight-scale/?add-to-cart=5542,,all-products.html,,3,,,
,,product/bmi-weight-scale/?add-to-cart=5542,,all-products.html,,4,,,
,,product/bmi-weight-scale/?add-to-cart=5542,,all-products.html,,5,,,
,,product/bmi-weight-scale/?add-to-cart=5542,,all-products.html,,6,,,
,,product/bmi-weight-scale/?add-to-cart=5542,,all-products.html,,7,,,
,,product/bmi-weight-scale/?add-to-cart=5544,,all-products.html,,1,,,
,,product/bmi-weight-scale/?add-to-cart=5544,,all-products.html,,2,,,
,,product/bmi-weight-scale/?add-to-cart=5544,,all-products.html,,3,,,
,,product/bmi-weight-scale/?add-to-cart=5544,,all-products.html,,4,,,
,,product/bmi-weight-scale/?add-to-cart=5544,,all-products.html,,5,,,
,,product/bmi-weight-scale/?add-to-cart=5544,,all-products.html,,6,,,
,,product/bmi-weight-scale/?add-to-cart=5544,,all-products.html,,7,,,
,,product/bone-scoop/?add-to-cart=11105,,all-products.html,,1,,,
,,product/bone-scoop/?add-to-cart=11105,,all-products.html,,2,,,
,,product/bone-scoop/?add-to-cart=11105,,all-products.html,,3,,,
,,product/bone-scoop/?add-to-cart=11105,,all-products.html,,4,,,
,,product/bone-scoop/?add-to-cart=11105,,all-products.html,,5,,,
,,product/bone-scoop/?add-to-cart=11105,,all-products.html,,6,,,
,,product/bone-scoop/?add-to-cart=11105,,all-products.html,,7,,,
,,product/bone-scoop/?add-to-cart=11118,,all-products.html,,1,,,
,,product/bone-scoop/?add-to-cart=11118,,all-products.html,,2,,,
,,product/bone-scoop/?add-to-cart=11118,,all-products.html,,3,,,
,,product/bone-scoop/?add-to-cart=11118,,all-products.html,,4,,,
,,product/bone-scoop/?add-to-cart=11118,,all-products.html,,5,,,
,,product/bone-scoop/?add-to-cart=11118,,all-products.html,,6,,,
,,product/bone-scoop/?add-to-cart=11118,,all-products.html,,7,,,
,,product/bone-scoop/?add-to-cart=11134,,all-products.html,,1,,,
,,product/bone-scoop/?add-to-cart=11134,,all-products.html,,2,,,
,,product/bone-scoop/?add-to-cart=11134,,all-products.html,,3,,,
,,product/bone-scoop/?add-to-cart=11134,,all-products.html,,4,,,
,,product/bone-scoop/?add-to-cart=11134,,all-products.html,,5,,,
,,product/bone-scoop/?add-to-cart=11134,,all-products.html,,6,,,
,,product/bone-scoop/?add-to-cart=11134,,all-products.html,,7,,,
,,product/bone-scoop/?add-to-cart=11140,,all-products.html,,1,,,
,,product/bone-scoop/?add-to-cart=11140,,all-products.html,,2,,,
,,product/bone-scoop/?add-to-cart=11140,,all-products.html,,3,,,
,,product/bone-scoop/?add-to-cart=11140,,all-products.html,,4,,,
,,product/bone-scoop/?add-to-cart=11140,,all-products.html,,5,,,
,,product/bone-scoop/?add-to-cart=11140,,all-products.html,,6,,,
,,product/bone-scoop/?add-to-cart=11140,,all-products.html,,7,,,
,,product/bone-scoop/?add-to-cart=11152,,all-products.html,,1,,,
,,product/bone-scoop/?add-to-cart=11152,,all-products.html,,2,,,
,,product/bone-scoop/?add-to-cart=11152,,all-products.html,,3,,,
,,product/bone-scoop/?add-to-cart=11152,,all-products.html,,4,,,
,,product/bone-scoop/?add-to-cart=11152,,all-products.html,,5,,,
,,product/bone-scoop/?add-to-cart=11152,,all-products.html,,6,,,
,,product/bone-scoop/?add-to-cart=11152,,all-products.html,,7,,,
,,product/b-p-handle/?add-to-cart=11105,,all-products.html,,1,,,
,,product/b-p-handle/?add-to-cart=11105,,all-products.html,,2,,,
,,product/b-p-handle/?add-to-cart=11105,,all-products.html,,3,,,
,,product/b-p-handle/?add-to-cart=11105,,all-products.html,,4,,,
,,product/b-p-handle/?add-to-cart=11105,,all-products.html,,5,,,
,,product/b-p-handle/?add-to-cart=11105,,all-products.html,,6,,,
,,product/b-p-handle/?add-to-cart=11105,,all-products.html,,7,,,
,,product/bpl-3-channel-ecg-machine-white/?add_to_wishlist=10764&_wpnonce=8f9f0fec33,,medical-device/product/ecg-machine.html,,1,,,
,,product/bpl-3-channel-ecg-machine-white/?add_to_wishlist=10764&_wpnonce=8f9f0fec33,,medical-device/product/ecg-machine.html,,2,,,
,,product/bpl-3-channel-ecg-machine-white/?add_to_wishlist=10764&_wpnonce=8f9f0fec33,,medical-device/product/ecg-machine.html,,3,,,
,,product/bpl-3-channel-ecg-machine-white/?add_to_wishlist=10764&_wpnonce=8f9f0fec33,,medical-device/product/ecg-machine.html,,4,,,
,,product/bpl-3-channel-ecg-machine-white/?add_to_wishlist=10764&_wpnonce=8f9f0fec33,,medical-device/product/ecg-machine.html,,5,,,
,,product/bpl-3-channel-ecg-machine-white/?add_to_wishlist=10764&_wpnonce=8f9f0fec33,,medical-device/product/ecg-machine.html,,6,,,
,,product/bpl-3-channel-ecg-machine-white/?add_to_wishlist=10764&_wpnonce=8f9f0fec33,,medical-device/product/ecg-machine.html,,7,,,
,,product/bpl-3-channel-ecg-machine-white/?add_to_wishlist=11267&_wpnonce=8f9f0fec33,,medical-device/product/ecg-machine.html,,1,,,
,,product/bpl-3-channel-ecg-machine-white/?add_to_wishlist=11267&_wpnonce=8f9f0fec33,,medical-device/product/ecg-machine.html,,2,,,
,,product/bpl-3-channel-ecg-machine-white/?add_to_wishlist=11267&_wpnonce=8f9f0fec33,,medical-device/product/ecg-machine.html,,3,,,
,,product/bpl-3-channel-ecg-machine-white/?add_to_wishlist=11267&_wpnonce=8f9f0fec33,,medical-device/product/ecg-machine.html,,4,,,
,,product/bpl-3-channel-ecg-machine-white/?add_to_wishlist=11267&_wpnonce=8f9f0fec33,,medical-device/product/ecg-machine.html,,5,,,
,,product/bpl-3-channel-ecg-machine-white/?add_to_wishlist=11267&_wpnonce=8f9f0fec33,,medical-device/product/ecg-machine.html,,6,,,
,,product/bpl-3-channel-ecg-machine-white/?add_to_wishlist=11267&_wpnonce=8f9f0fec33,,medical-device/product/ecg-machine.html,,7,,,
,,product/bpl-3-channel-ecg-machine-white/?add_to_wishlist=11269&_wpnonce=8f9f0fec33,,medical-device/product/ecg-machine.html,,1,,,
,,product/bpl-3-channel-ecg-machine-white/?add_to_wishlist=11269&_wpnonce=8f9f0fec33,,medical-device/product/ecg-machine.html,,2,,,
,,product/bpl-3-channel-ecg-machine-white/?add_to_wishlist=11269&_wpnonce=8f9f0fec33,,medical-device/product/ecg-machine.html,,3,,,
,,product/bpl-3-channel-ecg-machine-white/?add_to_wishlist=11269&_wpnonce=8f9f0fec33,,medical-device/product/ecg-machine.html,,4,,,
,,product/bpl-3-channel-ecg-machine-white/?add_to_wishlist=11269&_wpnonce=8f9f0fec33,,medical-device/product/ecg-machine.html,,5,,,
,,product/bpl-3-channel-ecg-machine-white/?add_to_wishlist=11269&_wpnonce=8f9f0fec33,,medical-device/product/ecg-machine.html,,6,,,
,,product/bpl-3-channel-ecg-machine-white/?add_to_wishlist=11269&_wpnonce=8f9f0fec33,,medical-device/product/ecg-machine.html,,7,,,
,,product/bpl-fingertip-pulse-oximeter-smart-oxy/?add-to-cart=10731,,home-healthcare-devices.html,,1,,,
,,product/bpl-fingertip-pulse-oximeter-smart-oxy/?add-to-cart=10731,,home-healthcare-devices.html,,2,,,
,,product/bpl-fingertip-pulse-oximeter-smart-oxy/?add-to-cart=10731,,home-healthcare-devices.html,,3,,,
,,product/bpl-fingertip-pulse-oximeter-smart-oxy/?add-to-cart=10731,,home-healthcare-devices.html,,4,,,
,,product/bpl-fingertip-pulse-oximeter-smart-oxy/?add-to-cart=10731,,home-healthcare-devices.html,,5,,,
,,product/bpl-fingertip-pulse-oximeter-smart-oxy/?add-to-cart=10731,,home-healthcare-devices.html,,6,,,
,,product/bpl-fingertip-pulse-oximeter-smart-oxy/?add-to-cart=10731,,home-healthcare-devices.html,,7,,,
,,product/bpl-fingertip-pulse-oximeter-smart-oxy/?add-to-cart=10754,,home-healthcare-devices.html,,1,,,
,,product/bpl-fingertip-pulse-oximeter-smart-oxy/?add-to-cart=10754,,home-healthcare-devices.html,,2,,,
,,product/bpl-fingertip-pulse-oximeter-smart-oxy/?add-to-cart=10754,,home-healthcare-devices.html,,3,,,
,,product/bpl-fingertip-pulse-oximeter-smart-oxy/?add-to-cart=10754,,home-healthcare-devices.html,,4,,,
,,product/bpl-fingertip-pulse-oximeter-smart-oxy/?add-to-cart=10754,,home-healthcare-devices.html,,5,,,
,,product/bpl-fingertip-pulse-oximeter-smart-oxy/?add-to-cart=10754,,home-healthcare-devices.html,,6,,,
,,product/bpl-fingertip-pulse-oximeter-smart-oxy/?add-to-cart=10754,,home-healthcare-devices.html,,7,,,
,,product/bpl-fingertip-pulse-oximeter-smart-oxy/?add-to-cart=10757,,home-healthcare-devices.html,,1,,,
,,product/bpl-fingertip-pulse-oximeter-smart-oxy/?add-to-cart=10757,,home-healthcare-devices.html,,2,,,
,,product/bpl-fingertip-pulse-oximeter-smart-oxy/?add-to-cart=10757,,home-healthcare-devices.html,,3,,,
,,product/bpl-fingertip-pulse-oximeter-smart-oxy/?add-to-cart=10757,,home-healthcare-devices.html,,4,,,
,,product/bpl-fingertip-pulse-oximeter-smart-oxy/?add-to-cart=10757,,home-healthcare-devices.html,,5,,,
,,product/bpl-fingertip-pulse-oximeter-smart-oxy/?add-to-cart=10757,,home-healthcare-devices.html,,6,,,
,,product/bpl-fingertip-pulse-oximeter-smart-oxy/?add-to-cart=10757,,home-healthcare-devices.html,,7,,,
,,product/bpl-fingertip-pulse-oximeter-smart-oxy/?add-to-cart=10759,,home-healthcare-devices.html,,1,,,
,,product/bpl-fingertip-pulse-oximeter-smart-oxy/?add-to-cart=10759,,home-healthcare-devices.html,,2,,,
,,product/bpl-fingertip-pulse-oximeter-smart-oxy/?add-to-cart=10759,,home-healthcare-devices.html,,3,,,
,,product/bpl-fingertip-pulse-oximeter-smart-oxy/?add-to-cart=10759,,home-healthcare-devices.html,,4,,,
,,product/bpl-fingertip-pulse-oximeter-smart-oxy/?add-to-cart=10759,,home-healthcare-devices.html,,5,,,
,,product/bpl-fingertip-pulse-oximeter-smart-oxy/?add-to-cart=10759,,home-healthcare-devices.html,,6,,,
,,product/bpl-fingertip-pulse-oximeter-smart-oxy/?add-to-cart=10759,,home-healthcare-devices.html,,7,,,
,,product/bpl-fingertip-pulse-oximeter-smart-oxy/?add-to-cart=10760,,home-healthcare-devices.html,,1,,,
,,product/bpl-fingertip-pulse-oximeter-smart-oxy/?add-to-cart=10760,,home-healthcare-devices.html,,2,,,
,,product/bpl-fingertip-pulse-oximeter-smart-oxy/?add-to-cart=10760,,home-healthcare-devices.html,,3,,,
,,product/bpl-fingertip-pulse-oximeter-smart-oxy/?add-to-cart=10760,,home-healthcare-devices.html,,4,,,
,,product/bpl-fingertip-pulse-oximeter-smart-oxy/?add-to-cart=10760,,home-healthcare-devices.html,,5,,,
,,product/bpl-fingertip-pulse-oximeter-smart-oxy/?add-to-cart=10760,,home-healthcare-devices.html,,6,,,
,,product/bpl-fingertip-pulse-oximeter-smart-oxy/?add-to-cart=10760,,home-healthcare-devices.html,,7,,,
,,product/bpl-fingertip-pulse-oximeter-smart-oxy/?add-to-cart=11273,,home-healthcare-devices.html,,1,,,
,,product/bpl-fingertip-pulse-oximeter-smart-oxy/?add-to-cart=11273,,home-healthcare-devices.html,,2,,,
,,product/bpl-fingertip-pulse-oximeter-smart-oxy/?add-to-cart=11273,,home-healthcare-devices.html,,3,,,
,,product/bpl-fingertip-pulse-oximeter-smart-oxy/?add-to-cart=11273,,home-healthcare-devices.html,,4,,,
,,product/bpl-fingertip-pulse-oximeter-smart-oxy/?add-to-cart=11273,,home-healthcare-devices.html,,5,,,
,,product/bpl-fingertip-pulse-oximeter-smart-oxy/?add-to-cart=11273,,home-healthcare-devices.html,,6,,,
,,product/bpl-fingertip-pulse-oximeter-smart-oxy/?add-to-cart=11273,,home-healthcare-devices.html,,7,,,
,,product/bpl-foetal-doppler-fd01/?add-to-cart=10752,,home-healthcare-devices/mother-and-child-care/fetal-doppler.html,,1,,,
,,product/bpl-foetal-doppler-fd01/?add-to-cart=10752,,home-healthcare-devices/mother-and-child-care/fetal-doppler.html,,2,,,
,,product/bpl-foetal-doppler-fd01/?add-to-cart=10752,,home-healthcare-devices/mother-and-child-care/fetal-doppler.html,,3,,,
,,product/bpl-foetal-doppler-fd01/?add-to-cart=10752,,home-healthcare-devices/mother-and-child-care/fetal-doppler.html,,4,,,
,,product/bpl-foetal-doppler-fd01/?add-to-cart=10752,,home-healthcare-devices/mother-and-child-care/fetal-doppler.html,,5,,,
,,product/bpl-foetal-doppler-fd01/?add-to-cart=10752,,home-healthcare-devices/mother-and-child-care/fetal-doppler.html,,6,,,
,,product/bpl-foetal-doppler-fd01/?add-to-cart=10752,,home-healthcare-devices/mother-and-child-care/fetal-doppler.html,,7,,,
,,product/bpl-homecare-oxygen-concentrators-oxy-5-neo/,,home-healthcare-devices/oxygen-concentrator.html,,1,,,
,,product/bpl-homecare-oxygen-concentrators-oxy-5-neo/,,home-healthcare-devices/oxygen-concentrator.html,,2,,,
,,product/bpl-homecare-oxygen-concentrators-oxy-5-neo/,,home-healthcare-devices/oxygen-concentrator.html,,3,,,
,,product/bpl-homecare-oxygen-concentrators-oxy-5-neo/,,home-healthcare-devices/oxygen-concentrator.html,,4,,,
,,product/bpl-homecare-oxygen-concentrators-oxy-5-neo/,,home-healthcare-devices/oxygen-concentrator.html,,5,,,
,,product/bpl-homecare-oxygen-concentrators-oxy-5-neo/,,home-healthcare-devices/oxygen-concentrator.html,,6,,,
,,product/bpl-homecare-oxygen-concentrators-oxy-5-neo/,,home-healthcare-devices/oxygen-concentrator.html,,7,,,
,,product/bpl-medical-technologies-120-80-b11-automatic-blood-pressure-monitor-white/?add-to-cart=10751,,home-healthcare-devices/elderly-care/bp-monitor-cuff.html,,1,,,
,,product/bpl-medical-technologies-120-80-b11-automatic-blood-pressure-monitor-white/?add-to-cart=10751,,home-healthcare-devices/elderly-care/bp-monitor-cuff.html,,2,,,
,,product/bpl-medical-technologies-120-80-b11-automatic-blood-pressure-monitor-white/?add-to-cart=10751,,home-healthcare-devices/elderly-care/bp-monitor-cuff.html,,3,,,
,,product/bpl-medical-technologies-120-80-b11-automatic-blood-pressure-monitor-white/?add-to-cart=10751,,home-healthcare-devices/elderly-care/bp-monitor-cuff.html,,4,,,
,,product/bpl-medical-technologies-120-80-b11-automatic-blood-pressure-monitor-white/?add-to-cart=10751,,home-healthcare-devices/elderly-care/bp-monitor-cuff.html,,5,,,
,,product/bpl-medical-technologies-120-80-b11-automatic-blood-pressure-monitor-white/?add-to-cart=10751,,home-healthcare-devices/elderly-care/bp-monitor-cuff.html,,6,,,
,,product/bpl-medical-technologies-120-80-b11-automatic-blood-pressure-monitor-white/?add-to-cart=10751,,home-healthcare-devices/elderly-care/bp-monitor-cuff.html,,7,,,
,,product/bpl-medical-technologies-automatic-blood-pressure-monitor-bpl120-80-b16-black/?add-to-cart=11264,,home-healthcare-devices/elderly-care/bp-monitor-cuff.html,,1,,,
,,product/bpl-medical-technologies-automatic-blood-pressure-monitor-bpl120-80-b16-black/?add-to-cart=11264,,home-healthcare-devices/elderly-care/bp-monitor-cuff.html,,2,,,
,,product/bpl-medical-technologies-automatic-blood-pressure-monitor-bpl120-80-b16-black/?add-to-cart=11264,,home-healthcare-devices/elderly-care/bp-monitor-cuff.html,,3,,,
,,product/bpl-medical-technologies-automatic-blood-pressure-monitor-bpl120-80-b16-black/?add-to-cart=11264,,home-healthcare-devices/elderly-care/bp-monitor-cuff.html,,4,,,
,,product/bpl-medical-technologies-automatic-blood-pressure-monitor-bpl120-80-b16-black/?add-to-cart=11264,,home-healthcare-devices/elderly-care/bp-monitor-cuff.html,,5,,,
,,product/bpl-medical-technologies-automatic-blood-pressure-monitor-bpl120-80-b16-black/?add-to-cart=11264,,home-healthcare-devices/elderly-care/bp-monitor-cuff.html,,6,,,
,,product/bpl-medical-technologies-automatic-blood-pressure-monitor-bpl120-80-b16-black/?add-to-cart=11264,,home-healthcare-devices/elderly-care/bp-monitor-cuff.html,,7,,,
,,product/cpap-and-bipap/?add-to-cart=5441,,home-healthcare-devices/respiratory-mask/cpap-bipap-machine.html,,1,,,
,,product/cpap-and-bipap/?add-to-cart=5441,,home-healthcare-devices/respiratory-mask/cpap-bipap-machine.html,,2,,,
,,product/cpap-and-bipap/?add-to-cart=5441,,home-healthcare-devices/respiratory-mask/cpap-bipap-machine.html,,3,,,
,,product/cpap-and-bipap/?add-to-cart=5441,,home-healthcare-devices/respiratory-mask/cpap-bipap-machine.html,,4,,,
,,product/cpap-and-bipap/?add-to-cart=5441,,home-healthcare-devices/respiratory-mask/cpap-bipap-machine.html,,5,,,
,,product/cpap-and-bipap/?add-to-cart=5441,,home-healthcare-devices/respiratory-mask/cpap-bipap-machine.html,,6,,,
,,product/cpap-and-bipap/?add-to-cart=5441,,home-healthcare-devices/respiratory-mask/cpap-bipap-machine.html,,7,,,
,,product/cpap-and-bipap/?add-to-cart=5533,,home-healthcare-devices/respiratory-mask/cpap-bipap-machine.html,,1,,,
,,product/cpap-and-bipap/?add-to-cart=5533,,home-healthcare-devices/respiratory-mask/cpap-bipap-machine.html,,2,,,
,,product/cpap-and-bipap/?add-to-cart=5533,,home-healthcare-devices/respiratory-mask/cpap-bipap-machine.html,,3,,,
,,product/cpap-and-bipap/?add-to-cart=5533,,home-healthcare-devices/respiratory-mask/cpap-bipap-machine.html,,4,,,
,,product/cpap-and-bipap/?add-to-cart=5533,,home-healthcare-devices/respiratory-mask/cpap-bipap-machine.html,,5,,,
,,product/cpap-and-bipap/?add-to-cart=5533,,home-healthcare-devices/respiratory-mask/cpap-bipap-machine.html,,6,,,
,,product/cpap-and-bipap/?add-to-cart=5533,,home-healthcare-devices/respiratory-mask/cpap-bipap-machine.html,,7,,,
,,product/cpap-and-bipap/?add-to-cart=5541,,home-healthcare-devices/respiratory-mask/cpap-bipap-machine.html,,1,,,
,,product/cpap-and-bipap/?add-to-cart=5541,,home-healthcare-devices/respiratory-mask/cpap-bipap-machine.html,,2,,,
,,product/cpap-and-bipap/?add-to-cart=5541,,home-healthcare-devices/respiratory-mask/cpap-bipap-machine.html,,3,,,
,,product/cpap-and-bipap/?add-to-cart=5541,,home-healthcare-devices/respiratory-mask/cpap-bipap-machine.html,,4,,,
,,product/cpap-and-bipap/?add-to-cart=5541,,home-healthcare-devices/respiratory-mask/cpap-bipap-machine.html,,5,,,
,,product/cpap-and-bipap/?add-to-cart=5541,,home-healthcare-devices/respiratory-mask/cpap-bipap-machine.html,,6,,,
,,product/cpap-and-bipap/?add-to-cart=5541,,home-healthcare-devices/respiratory-mask/cpap-bipap-machine.html,,7,,,
,,product/cpap-and-bipap/?add-to-cart=5554,,home-healthcare-devices/respiratory-mask/cpap-bipap-machine.html,,1,,,
,,product/cpap-and-bipap/?add-to-cart=5554,,home-healthcare-devices/respiratory-mask/cpap-bipap-machine.html,,2,,,
,,product/cpap-and-bipap/?add-to-cart=5554,,home-healthcare-devices/respiratory-mask/cpap-bipap-machine.html,,3,,,
,,product/cpap-and-bipap/?add-to-cart=5554,,home-healthcare-devices/respiratory-mask/cpap-bipap-machine.html,,4,,,
,,product/cpap-and-bipap/?add-to-cart=5554,,home-healthcare-devices/respiratory-mask/cpap-bipap-machine.html,,5,,,
,,product/cpap-and-bipap/?add-to-cart=5554,,home-healthcare-devices/respiratory-mask/cpap-bipap-machine.html,,6,,,
,,product/cpap-and-bipap/?add-to-cart=5554,,home-healthcare-devices/respiratory-mask/cpap-bipap-machine.html,,7,,,
,,product/digital-bp-monitor/?add-to-cart=5537,,home-healthcare-devices/elderly-care/bp-monitor-cuff.html,,1,,,
,,product/digital-bp-monitor/?add-to-cart=5537,,home-healthcare-devices/elderly-care/bp-monitor-cuff.html,,2,,,
,,product/digital-bp-monitor/?add-to-cart=5537,,home-healthcare-devices/elderly-care/bp-monitor-cuff.html,,3,,,
,,product/digital-bp-monitor/?add-to-cart=5537,,home-healthcare-devices/elderly-care/bp-monitor-cuff.html,,4,,,
,,product/digital-bp-monitor/?add-to-cart=5537,,home-healthcare-devices/elderly-care/bp-monitor-cuff.html,,5,,,
,,product/digital-bp-monitor/?add-to-cart=5537,,home-healthcare-devices/elderly-care/bp-monitor-cuff.html,,6,,,
,,product/digital-bp-monitor/?add-to-cart=5537,,home-healthcare-devices/elderly-care/bp-monitor-cuff.html,,7,,,
,,product/dressing-scissor/,,all-products.html,,1,,,
,,product/dressing-scissor/,,all-products.html,,2,,,
,,product/dressing-scissor/,,all-products.html,,3,,,
,,product/dressing-scissor/,,all-products.html,,4,,,
,,product/dressing-scissor/,,all-products.html,,5,,,
,,product/dressing-scissor/,,all-products.html,,6,,,
,,product/dressing-scissor/,,all-products.html,,7,,,
,,product/ecg-machine/,,medical-device/product/ecg-machine.html,,1,,,
,,product/ecg-machine/,,medical-device/product/ecg-machine.html,,2,,,
,,product/ecg-machine/,,medical-device/product/ecg-machine.html,,3,,,
,,product/ecg-machine/,,medical-device/product/ecg-machine.html,,4,,,
,,product/ecg-machine/,,medical-device/product/ecg-machine.html,,5,,,
,,product/ecg-machine/,,medical-device/product/ecg-machine.html,,6,,,
,,product/ecg-machine/,,medical-device/product/ecg-machine.html,,7,,,
,,product/ecg-machine/?add-to-cart=5533,,medical-device/product/ecg-machine.html,,1,,,
,,product/ecg-machine/?add-to-cart=5533,,medical-device/product/ecg-machine.html,,2,,,
,,product/ecg-machine/?add-to-cart=5533,,medical-device/product/ecg-machine.html,,3,,,
,,product/ecg-machine/?add-to-cart=5533,,medical-device/product/ecg-machine.html,,4,,,
,,product/ecg-machine/?add-to-cart=5533,,medical-device/product/ecg-machine.html,,5,,,
,,product/ecg-machine/?add-to-cart=5533,,medical-device/product/ecg-machine.html,,6,,,
,,product/ecg-machine/?add-to-cart=5533,,medical-device/product/ecg-machine.html,,7,,,
,,product/ecg-machine/?add-to-cart=5554,,medical-device/product/ecg-machine.html,,1,,,
,,product/ecg-machine/?add-to-cart=5554,,medical-device/product/ecg-machine.html,,2,,,
,,product/ecg-machine/?add-to-cart=5554,,medical-device/product/ecg-machine.html,,3,,,
,,product/ecg-machine/?add-to-cart=5554,,medical-device/product/ecg-machine.html,,4,,,
,,product/ecg-machine/?add-to-cart=5554,,medical-device/product/ecg-machine.html,,5,,,
,,product/ecg-machine/?add-to-cart=5554,,medical-device/product/ecg-machine.html,,6,,,
,,product/ecg-machine/?add-to-cart=5554,,medical-device/product/ecg-machine.html,,7,,,
,,product/episiotomy-scissor/?add-to-cart=10277,,all-products.html,,1,,,
,,product/episiotomy-scissor/?add-to-cart=10277,,all-products.html,,2,,,
,,product/episiotomy-scissor/?add-to-cart=10277,,all-products.html,,3,,,
,,product/episiotomy-scissor/?add-to-cart=10277,,all-products.html,,4,,,
,,product/episiotomy-scissor/?add-to-cart=10277,,all-products.html,,5,,,
,,product/episiotomy-scissor/?add-to-cart=10277,,all-products.html,,6,,,
,,product/episiotomy-scissor/?add-to-cart=10277,,all-products.html,,7,,,
,,product/episiotomy-scissor/?add-to-cart=11116,,all-products.html,,1,,,
,,product/episiotomy-scissor/?add-to-cart=11116,,all-products.html,,2,,,
,,product/episiotomy-scissor/?add-to-cart=11116,,all-products.html,,3,,,
,,product/episiotomy-scissor/?add-to-cart=11116,,all-products.html,,4,,,
,,product/episiotomy-scissor/?add-to-cart=11116,,all-products.html,,5,,,
,,product/episiotomy-scissor/?add-to-cart=11116,,all-products.html,,6,,,
,,product/episiotomy-scissor/?add-to-cart=11116,,all-products.html,,7,,,
,,product/examination-couch/?add-to-cart=10277,,all-products.html,,1,,,
,,product/examination-couch/?add-to-cart=10277,,all-products.html,,2,,,
,,product/examination-couch/?add-to-cart=10277,,all-products.html,,3,,,
,,product/examination-couch/?add-to-cart=10277,,all-products.html,,4,,,
,,product/examination-couch/?add-to-cart=10277,,all-products.html,,5,,,
,,product/examination-couch/?add-to-cart=10277,,all-products.html,,6,,,
,,product/examination-couch/?add-to-cart=10277,,all-products.html,,7,,,
,,product/examination-couch/?add-to-cart=10283,,all-products.html,,1,,,
,,product/examination-couch/?add-to-cart=10283,,all-products.html,,2,,,
,,product/examination-couch/?add-to-cart=10283,,all-products.html,,3,,,
,,product/examination-couch/?add-to-cart=10283,,all-products.html,,4,,,
,,product/examination-couch/?add-to-cart=10283,,all-products.html,,5,,,
,,product/examination-couch/?add-to-cart=10283,,all-products.html,,6,,,
,,product/examination-couch/?add-to-cart=10283,,all-products.html,,7,,,
,,product/examination-couch/?add-to-cart=11168,,all-products.html,,1,,,
,,product/examination-couch/?add-to-cart=11168,,all-products.html,,2,,,
,,product/examination-couch/?add-to-cart=11168,,all-products.html,,3,,,
,,product/examination-couch/?add-to-cart=11168,,all-products.html,,4,,,
,,product/examination-couch/?add-to-cart=11168,,all-products.html,,5,,,
,,product/examination-couch/?add-to-cart=11168,,all-products.html,,6,,,
,,product/examination-couch/?add-to-cart=11168,,all-products.html,,7,,,
,,product/examination-couch/?add-to-cart=11178,,all-products.html,,1,,,
,,product/examination-couch/?add-to-cart=11178,,all-products.html,,2,,,
,,product/examination-couch/?add-to-cart=11178,,all-products.html,,3,,,
,,product/examination-couch/?add-to-cart=11178,,all-products.html,,4,,,
,,product/examination-couch/?add-to-cart=11178,,all-products.html,,5,,,
,,product/examination-couch/?add-to-cart=11178,,all-products.html,,6,,,
,,product/examination-couch/?add-to-cart=11178,,all-products.html,,7,,,
,,product/examination-couch/?add-to-cart=11188,,all-products.html,,1,,,
,,product/examination-couch/?add-to-cart=11188,,all-products.html,,2,,,
,,product/examination-couch/?add-to-cart=11188,,all-products.html,,3,,,
,,product/examination-couch/?add-to-cart=11188,,all-products.html,,4,,,
,,product/examination-couch/?add-to-cart=11188,,all-products.html,,5,,,
,,product/examination-couch/?add-to-cart=11188,,all-products.html,,6,,,
,,product/examination-couch/?add-to-cart=11188,,all-products.html,,7,,,
,,product/fingertip-pulse-oximeter-02/,,all-products.html,,1,,,
,,product/fingertip-pulse-oximeter-02/,,all-products.html,,2,,,
,,product/fingertip-pulse-oximeter-02/,,all-products.html,,3,,,
,,product/fingertip-pulse-oximeter-02/,,all-products.html,,4,,,
,,product/fingertip-pulse-oximeter-02/,,all-products.html,,5,,,
,,product/fingertip-pulse-oximeter-02/,,all-products.html,,6,,,
,,product/fingertip-pulse-oximeter-02/,,all-products.html,,7,,,
,,product/fingertip-pulse-oximeter-02/?add-to-cart=10261,,all-products.html,,1,,,
,,product/fingertip-pulse-oximeter-02/?add-to-cart=10261,,all-products.html,,2,,,
,,product/fingertip-pulse-oximeter-02/?add-to-cart=10261,,all-products.html,,3,,,
,,product/fingertip-pulse-oximeter-02/?add-to-cart=10261,,all-products.html,,4,,,
,,product/fingertip-pulse-oximeter-02/?add-to-cart=10261,,all-products.html,,5,,,
,,product/fingertip-pulse-oximeter-02/?add-to-cart=10261,,all-products.html,,6,,,
,,product/fingertip-pulse-oximeter-02/?add-to-cart=10261,,all-products.html,,7,,,
,,product/hegar-dilator-set/?add-to-cart=11112,,all-products.html,,1,,,
,,product/hegar-dilator-set/?add-to-cart=11112,,all-products.html,,2,,,
,,product/hegar-dilator-set/?add-to-cart=11112,,all-products.html,,3,,,
,,product/hegar-dilator-set/?add-to-cart=11112,,all-products.html,,4,,,
,,product/hegar-dilator-set/?add-to-cart=11112,,all-products.html,,5,,,
,,product/hegar-dilator-set/?add-to-cart=11112,,all-products.html,,6,,,
,,product/hegar-dilator-set/?add-to-cart=11112,,all-products.html,,7,,,
,,product/hegar-dilator-set/?add-to-cart=11131,,all-products.html,,1,,,
,,product/hegar-dilator-set/?add-to-cart=11131,,all-products.html,,2,,,
,,product/hegar-dilator-set/?add-to-cart=11131,,all-products.html,,3,,,
,,product/hegar-dilator-set/?add-to-cart=11131,,all-products.html,,4,,,
,,product/hegar-dilator-set/?add-to-cart=11131,,all-products.html,,5,,,
,,product/hegar-dilator-set/?add-to-cart=11131,,all-products.html,,6,,,
,,product/hegar-dilator-set/?add-to-cart=11131,,all-products.html,,7,,,
,,product/hegar-dilator-set/?add-to-cart=11138,,all-products.html,,1,,,
,,product/hegar-dilator-set/?add-to-cart=11138,,all-products.html,,2,,,
,,product/hegar-dilator-set/?add-to-cart=11138,,all-products.html,,3,,,
,,product/hegar-dilator-set/?add-to-cart=11138,,all-products.html,,4,,,
,,product/hegar-dilator-set/?add-to-cart=11138,,all-products.html,,5,,,
,,product/hegar-dilator-set/?add-to-cart=11138,,all-products.html,,6,,,
,,product/hegar-dilator-set/?add-to-cart=11138,,all-products.html,,7,,,
,,product/hegar-dilator-set/?add-to-cart=11158,,all-products.html,,1,,,
,,product/hegar-dilator-set/?add-to-cart=11158,,all-products.html,,2,,,
,,product/hegar-dilator-set/?add-to-cart=11158,,all-products.html,,3,,,
,,product/hegar-dilator-set/?add-to-cart=11158,,all-products.html,,4,,,
,,product/hegar-dilator-set/?add-to-cart=11158,,all-products.html,,5,,,
,,product/hegar-dilator-set/?add-to-cart=11158,,all-products.html,,6,,,
,,product/hegar-dilator-set/?add-to-cart=11158,,all-products.html,,7,,,
,,product/heine-mini-3000-direct-otoscope-with-10-disposable-tips-with-4-reusable-tipsref-d-001-70-220/,,professional-diagnostic-equipment/product/otoscopes.html,,1,,,
,,product/heine-mini-3000-direct-otoscope-with-10-disposable-tips-with-4-reusable-tipsref-d-001-70-220/,,professional-diagnostic-equipment/product/otoscopes.html,,2,,,
,,product/heine-mini-3000-direct-otoscope-with-10-disposable-tips-with-4-reusable-tipsref-d-001-70-220/,,professional-diagnostic-equipment/product/otoscopes.html,,3,,,
,,product/heine-mini-3000-direct-otoscope-with-10-disposable-tips-with-4-reusable-tipsref-d-001-70-220/,,professional-diagnostic-equipment/product/otoscopes.html,,4,,,
,,product/heine-mini-3000-direct-otoscope-with-10-disposable-tips-with-4-reusable-tipsref-d-001-70-220/,,professional-diagnostic-equipment/product/otoscopes.html,,5,,,
,,product/heine-mini-3000-direct-otoscope-with-10-disposable-tips-with-4-reusable-tipsref-d-001-70-220/,,professional-diagnostic-equipment/product/otoscopes.html,,6,,,
,,product/heine-mini-3000-direct-otoscope-with-10-disposable-tips-with-4-reusable-tipsref-d-001-70-220/,,professional-diagnostic-equipment/product/otoscopes.html,,7,,,
,,product/hospital-stools/?add-to-cart=11180,,all-products.html,,1,,,
,,product/hospital-stools/?add-to-cart=11180,,all-products.html,,2,,,
,,product/hospital-stools/?add-to-cart=11180,,all-products.html,,3,,,
,,product/hospital-stools/?add-to-cart=11180,,all-products.html,,4,,,
,,product/hospital-stools/?add-to-cart=11180,,all-products.html,,5,,,
,,product/hospital-stools/?add-to-cart=11180,,all-products.html,,6,,,
,,product/hospital-stools/?add-to-cart=11180,,all-products.html,,7,,,
,,product/hysterectomy-clamp/?add_to_wishlist=10277&_wpnonce=0081c8f33d,,all-products.html,,1,,,
,,product/hysterectomy-clamp/?add_to_wishlist=10277&_wpnonce=0081c8f33d,,all-products.html,,2,,,
,,product/hysterectomy-clamp/?add_to_wishlist=10277&_wpnonce=0081c8f33d,,all-products.html,,3,,,
,,product/hysterectomy-clamp/?add_to_wishlist=10277&_wpnonce=0081c8f33d,,all-products.html,,4,,,
,,product/hysterectomy-clamp/?add_to_wishlist=10277&_wpnonce=0081c8f33d,,all-products.html,,5,,,
,,product/hysterectomy-clamp/?add_to_wishlist=10277&_wpnonce=0081c8f33d,,all-products.html,,6,,,
,,product/hysterectomy-clamp/?add_to_wishlist=10277&_wpnonce=0081c8f33d,,all-products.html,,7,,,
,,product/hysterectomy-clamp/?add-to-cart=11118,,all-products.html,,1,,,
,,product/hysterectomy-clamp/?add-to-cart=11118,,all-products.html,,2,,,
,,product/hysterectomy-clamp/?add-to-cart=11118,,all-products.html,,3,,,
,,product/hysterectomy-clamp/?add-to-cart=11118,,all-products.html,,4,,,
,,product/hysterectomy-clamp/?add-to-cart=11118,,all-products.html,,5,,,
,,product/hysterectomy-clamp/?add-to-cart=11118,,all-products.html,,6,,,
,,product/hysterectomy-clamp/?add-to-cart=11118,,all-products.html,,7,,,
,,product/hysterectomy-clamp/?add-to-cart=11123,,all-products.html,,1,,,
,,product/hysterectomy-clamp/?add-to-cart=11123,,all-products.html,,2,,,
,,product/hysterectomy-clamp/?add-to-cart=11123,,all-products.html,,3,,,
,,product/hysterectomy-clamp/?add-to-cart=11123,,all-products.html,,4,,,
,,product/hysterectomy-clamp/?add-to-cart=11123,,all-products.html,,5,,,
,,product/hysterectomy-clamp/?add-to-cart=11123,,all-products.html,,6,,,
,,product/hysterectomy-clamp/?add-to-cart=11123,,all-products.html,,7,,,
,,product/i-v-stand-with-castor/?add-to-cart=11180,,medical-device/product/iv-stand.html,,1,,,
,,product/i-v-stand-with-castor/?add-to-cart=11180,,medical-device/product/iv-stand.html,,2,,,
,,product/i-v-stand-with-castor/?add-to-cart=11180,,medical-device/product/iv-stand.html,,3,,,
,,product/i-v-stand-with-castor/?add-to-cart=11180,,medical-device/product/iv-stand.html,,4,,,
,,product/i-v-stand-with-castor/?add-to-cart=11180,,medical-device/product/iv-stand.html,,5,,,
,,product/i-v-stand-with-castor/?add-to-cart=11180,,medical-device/product/iv-stand.html,,6,,,
,,product/i-v-stand-with-castor/?add-to-cart=11180,,medical-device/product/iv-stand.html,,7,,,
,,product/i-v-stand-with-castor/?add-to-cart=11182,,medical-device/product/iv-stand.html,,1,,,
,,product/i-v-stand-with-castor/?add-to-cart=11182,,medical-device/product/iv-stand.html,,2,,,
,,product/i-v-stand-with-castor/?add-to-cart=11182,,medical-device/product/iv-stand.html,,3,,,
,,product/i-v-stand-with-castor/?add-to-cart=11182,,medical-device/product/iv-stand.html,,4,,,
,,product/i-v-stand-with-castor/?add-to-cart=11182,,medical-device/product/iv-stand.html,,5,,,
,,product/i-v-stand-with-castor/?add-to-cart=11182,,medical-device/product/iv-stand.html,,6,,,
,,product/i-v-stand-with-castor/?add-to-cart=11182,,medical-device/product/iv-stand.html,,7,,,
,,product/lcd-bp-apparatus/?add_to_wishlist=11210&_wpnonce=6bfe09af95,,all-products.html,,1,,,
,,product/lcd-bp-apparatus/?add_to_wishlist=11210&_wpnonce=6bfe09af95,,all-products.html,,2,,,
,,product/lcd-bp-apparatus/?add_to_wishlist=11210&_wpnonce=6bfe09af95,,all-products.html,,3,,,
,,product/lcd-bp-apparatus/?add_to_wishlist=11210&_wpnonce=6bfe09af95,,all-products.html,,4,,,
,,product/lcd-bp-apparatus/?add_to_wishlist=11210&_wpnonce=6bfe09af95,,all-products.html,,5,,,
,,product/lcd-bp-apparatus/?add_to_wishlist=11210&_wpnonce=6bfe09af95,,all-products.html,,6,,,
,,product/lcd-bp-apparatus/?add_to_wishlist=11210&_wpnonce=6bfe09af95,,all-products.html,,7,,,
,,product/lcd-bp-apparatus/?add_to_wishlist=5513&_wpnonce=6bfe09af95,,all-products.html,,1,,,
,,product/lcd-bp-apparatus/?add_to_wishlist=5513&_wpnonce=6bfe09af95,,all-products.html,,2,,,
,,product/lcd-bp-apparatus/?add_to_wishlist=5513&_wpnonce=6bfe09af95,,all-products.html,,3,,,
,,product/lcd-bp-apparatus/?add_to_wishlist=5513&_wpnonce=6bfe09af95,,all-products.html,,4,,,
,,product/lcd-bp-apparatus/?add_to_wishlist=5513&_wpnonce=6bfe09af95,,all-products.html,,5,,,
,,product/lcd-bp-apparatus/?add_to_wishlist=5513&_wpnonce=6bfe09af95,,all-products.html,,6,,,
,,product/lcd-bp-apparatus/?add_to_wishlist=5513&_wpnonce=6bfe09af95,,all-products.html,,7,,,
,,product/lcd-bp-apparatus/?add-to-cart=5531,,all-products.html,,1,,,
,,product/lcd-bp-apparatus/?add-to-cart=5531,,all-products.html,,2,,,
,,product/lcd-bp-apparatus/?add-to-cart=5531,,all-products.html,,3,,,
,,product/lcd-bp-apparatus/?add-to-cart=5531,,all-products.html,,4,,,
,,product/lcd-bp-apparatus/?add-to-cart=5531,,all-products.html,,5,,,
,,product/lcd-bp-apparatus/?add-to-cart=5531,,all-products.html,,6,,,
,,product/lcd-bp-apparatus/?add-to-cart=5531,,all-products.html,,7,,,
,,product/lcd-bp-apparatus/?add-to-cart=5544,,all-products.html,,1,,,
,,product/lcd-bp-apparatus/?add-to-cart=5544,,all-products.html,,2,,,
,,product/lcd-bp-apparatus/?add-to-cart=5544,,all-products.html,,3,,,
,,product/lcd-bp-apparatus/?add-to-cart=5544,,all-products.html,,4,,,
,,product/lcd-bp-apparatus/?add-to-cart=5544,,all-products.html,,5,,,
,,product/lcd-bp-apparatus/?add-to-cart=5544,,all-products.html,,6,,,
,,product/lcd-bp-apparatus/?add-to-cart=5544,,all-products.html,,7,,,
,,product/mayo-needle-holder/?add-to-cart=11118,,surgical-instrument/product/needle-holder.html,,1,,,
,,product/mayo-needle-holder/?add-to-cart=11118,,surgical-instrument/product/needle-holder.html,,2,,,
,,product/mayo-needle-holder/?add-to-cart=11118,,surgical-instrument/product/needle-holder.html,,3,,,
,,product/mayo-needle-holder/?add-to-cart=11118,,surgical-instrument/product/needle-holder.html,,4,,,
,,product/mayo-needle-holder/?add-to-cart=11118,,surgical-instrument/product/needle-holder.html,,5,,,
,,product/mayo-needle-holder/?add-to-cart=11118,,surgical-instrument/product/needle-holder.html,,6,,,
,,product/mayo-needle-holder/?add-to-cart=11118,,surgical-instrument/product/needle-holder.html,,7,,,
,,product/mayo-needle-holder/?add-to-cart=11140,,surgical-instrument/product/needle-holder.html,,1,,,
,,product/mayo-needle-holder/?add-to-cart=11140,,surgical-instrument/product/needle-holder.html,,2,,,
,,product/mayo-needle-holder/?add-to-cart=11140,,surgical-instrument/product/needle-holder.html,,3,,,
,,product/mayo-needle-holder/?add-to-cart=11140,,surgical-instrument/product/needle-holder.html,,4,,,
,,product/mayo-needle-holder/?add-to-cart=11140,,surgical-instrument/product/needle-holder.html,,5,,,
,,product/mayo-needle-holder/?add-to-cart=11140,,surgical-instrument/product/needle-holder.html,,6,,,
,,product/mayo-needle-holder/?add-to-cart=11140,,surgical-instrument/product/needle-holder.html,,7,,,
,,product/mayo-needle-holder/?add-to-cart=11164,,surgical-instrument/product/needle-holder.html,,1,,,
,,product/mayo-needle-holder/?add-to-cart=11164,,surgical-instrument/product/needle-holder.html,,2,,,
,,product/mayo-needle-holder/?add-to-cart=11164,,surgical-instrument/product/needle-holder.html,,3,,,
,,product/mayo-needle-holder/?add-to-cart=11164,,surgical-instrument/product/needle-holder.html,,4,,,
,,product/mayo-needle-holder/?add-to-cart=11164,,surgical-instrument/product/needle-holder.html,,5,,,
,,product/mayo-needle-holder/?add-to-cart=11164,,surgical-instrument/product/needle-holder.html,,6,,,
,,product/mayo-needle-holder/?add-to-cart=11164,,surgical-instrument/product/needle-holder.html,,7,,,
,,product/mayo-scissors/?add-to-cart=10283,,all-products.html,,1,,,
,,product/mayo-scissors/?add-to-cart=10283,,all-products.html,,2,,,
,,product/mayo-scissors/?add-to-cart=10283,,all-products.html,,3,,,
,,product/mayo-scissors/?add-to-cart=10283,,all-products.html,,4,,,
,,product/mayo-scissors/?add-to-cart=10283,,all-products.html,,5,,,
,,product/mayo-scissors/?add-to-cart=10283,,all-products.html,,6,,,
,,product/mayo-scissors/?add-to-cart=10283,,all-products.html,,7,,,
,,product/mayo-scissors/?add-to-cart=11127,,all-products.html,,1,,,
,,product/mayo-scissors/?add-to-cart=11127,,all-products.html,,2,,,
,,product/mayo-scissors/?add-to-cart=11127,,all-products.html,,3,,,
,,product/mayo-scissors/?add-to-cart=11127,,all-products.html,,4,,,
,,product/mayo-scissors/?add-to-cart=11127,,all-products.html,,5,,,
,,product/mayo-scissors/?add-to-cart=11127,,all-products.html,,6,,,
,,product/mayo-scissors/?add-to-cart=11127,,all-products.html,,7,,,
,,product/mayo-scissors/?add-to-cart=11158,,all-products.html,,1,,,
,,product/mayo-scissors/?add-to-cart=11158,,all-products.html,,2,,,
,,product/mayo-scissors/?add-to-cart=11158,,all-products.html,,3,,,
,,product/mayo-scissors/?add-to-cart=11158,,all-products.html,,4,,,
,,product/mayo-scissors/?add-to-cart=11158,,all-products.html,,5,,,
,,product/mayo-scissors/?add-to-cart=11158,,all-products.html,,6,,,
,,product/mayo-scissors/?add-to-cart=11158,,all-products.html,,7,,,
,,product/mayo-scissors/?add-to-cart=11164,,all-products.html,,1,,,
,,product/mayo-scissors/?add-to-cart=11164,,all-products.html,,2,,,
,,product/mayo-scissors/?add-to-cart=11164,,all-products.html,,3,,,
,,product/mayo-scissors/?add-to-cart=11164,,all-products.html,,4,,,
,,product/mayo-scissors/?add-to-cart=11164,,all-products.html,,5,,,
,,product/mayo-scissors/?add-to-cart=11164,,all-products.html,,6,,,
,,product/mayo-scissors/?add-to-cart=11164,,all-products.html,,7,,,
,,product/mercury-bp-apparatus/?add-to-cart=5433,,all-products.html,,1,,,
,,product/mercury-bp-apparatus/?add-to-cart=5433,,all-products.html,,2,,,
,,product/mercury-bp-apparatus/?add-to-cart=5433,,all-products.html,,3,,,
,,product/mercury-bp-apparatus/?add-to-cart=5433,,all-products.html,,4,,,
,,product/mercury-bp-apparatus/?add-to-cart=5433,,all-products.html,,5,,,
,,product/mercury-bp-apparatus/?add-to-cart=5433,,all-products.html,,6,,,
,,product/mercury-bp-apparatus/?add-to-cart=5433,,all-products.html,,7,,,
,,product/mercury-bp-apparatus/?add-to-cart=5521,,all-products.html,,1,,,
,,product/mercury-bp-apparatus/?add-to-cart=5521,,all-products.html,,2,,,
,,product/mercury-bp-apparatus/?add-to-cart=5521,,all-products.html,,3,,,
,,product/mercury-bp-apparatus/?add-to-cart=5521,,all-products.html,,4,,,
,,product/mercury-bp-apparatus/?add-to-cart=5521,,all-products.html,,5,,,
,,product/mercury-bp-apparatus/?add-to-cart=5521,,all-products.html,,6,,,
,,product/mercury-bp-apparatus/?add-to-cart=5521,,all-products.html,,7,,,
,,product/mercury-bp-apparatus/?add-to-cart=5544,,all-products.html,,1,,,
,,product/mercury-bp-apparatus/?add-to-cart=5544,,all-products.html,,2,,,
,,product/mercury-bp-apparatus/?add-to-cart=5544,,all-products.html,,3,,,
,,product/mercury-bp-apparatus/?add-to-cart=5544,,all-products.html,,4,,,
,,product/mercury-bp-apparatus/?add-to-cart=5544,,all-products.html,,5,,,
,,product/mercury-bp-apparatus/?add-to-cart=5544,,all-products.html,,6,,,
,,product/mercury-bp-apparatus/?add-to-cart=5544,,all-products.html,,7,,,
,,product/mercury-bp-apparatus/?add-to-cart=5554,,all-products.html,,1,,,
,,product/mercury-bp-apparatus/?add-to-cart=5554,,all-products.html,,2,,,
,,product/mercury-bp-apparatus/?add-to-cart=5554,,all-products.html,,3,,,
,,product/mercury-bp-apparatus/?add-to-cart=5554,,all-products.html,,4,,,
,,product/mercury-bp-apparatus/?add-to-cart=5554,,all-products.html,,5,,,
,,product/mercury-bp-apparatus/?add-to-cart=5554,,all-products.html,,6,,,
,,product/mercury-bp-apparatus/?add-to-cart=5554,,all-products.html,,7,,,
,,product/mercury-bp-apparatus/?add-to-cart=5926,,all-products.html,,1,,,
,,product/mercury-bp-apparatus/?add-to-cart=5926,,all-products.html,,2,,,
,,product/mercury-bp-apparatus/?add-to-cart=5926,,all-products.html,,3,,,
,,product/mercury-bp-apparatus/?add-to-cart=5926,,all-products.html,,4,,,
,,product/mercury-bp-apparatus/?add-to-cart=5926,,all-products.html,,5,,,
,,product/mercury-bp-apparatus/?add-to-cart=5926,,all-products.html,,6,,,
,,product/mercury-bp-apparatus/?add-to-cart=5926,,all-products.html,,7,,,
,,product/mosquito-artery-forcep/?add-to-cart=11158,,surgical-instrument/product/artery-forcep.html,,1,,,
,,product/mosquito-artery-forcep/?add-to-cart=11158,,surgical-instrument/product/artery-forcep.html,,2,,,
,,product/mosquito-artery-forcep/?add-to-cart=11158,,surgical-instrument/product/artery-forcep.html,,3,,,
,,product/mosquito-artery-forcep/?add-to-cart=11158,,surgical-instrument/product/artery-forcep.html,,4,,,
,,product/mosquito-artery-forcep/?add-to-cart=11158,,surgical-instrument/product/artery-forcep.html,,5,,,
,,product/mosquito-artery-forcep/?add-to-cart=11158,,surgical-instrument/product/artery-forcep.html,,6,,,
,,product/mosquito-artery-forcep/?add-to-cart=11158,,surgical-instrument/product/artery-forcep.html,,7,,,
,,product/nidek-baby-fetal-doppler-baby-heart-rate-monitor-fd250crystal-clear-soundhigh-sensitivity-probe/,,home-healthcare-devices/mother-and-child-care/fetal-doppler.html,,1,,,
,,product/nidek-baby-fetal-doppler-baby-heart-rate-monitor-fd250crystal-clear-soundhigh-sensitivity-probe/,,home-healthcare-devices/mother-and-child-care/fetal-doppler.html,,2,,,
,,product/nidek-baby-fetal-doppler-baby-heart-rate-monitor-fd250crystal-clear-soundhigh-sensitivity-probe/,,home-healthcare-devices/mother-and-child-care/fetal-doppler.html,,3,,,
,,product/nidek-baby-fetal-doppler-baby-heart-rate-monitor-fd250crystal-clear-soundhigh-sensitivity-probe/,,home-healthcare-devices/mother-and-child-care/fetal-doppler.html,,4,,,
,,product/nidek-baby-fetal-doppler-baby-heart-rate-monitor-fd250crystal-clear-soundhigh-sensitivity-probe/,,home-healthcare-devices/mother-and-child-care/fetal-doppler.html,,5,,,
,,product/nidek-baby-fetal-doppler-baby-heart-rate-monitor-fd250crystal-clear-soundhigh-sensitivity-probe/,,home-healthcare-devices/mother-and-child-care/fetal-doppler.html,,6,,,
,,product/nidek-baby-fetal-doppler-baby-heart-rate-monitor-fd250crystal-clear-soundhigh-sensitivity-probe/,,home-healthcare-devices/mother-and-child-care/fetal-doppler.html,,7,,,
,,product/otica-acrylic-emergency-first-aid-kit-box/?add_to_wishlist=10247&_wpnonce=0081c8f33d,,all-products.html,,1,,,
,,product/otica-acrylic-emergency-first-aid-kit-box/?add_to_wishlist=10247&_wpnonce=0081c8f33d,,all-products.html,,2,,,
,,product/otica-acrylic-emergency-first-aid-kit-box/?add_to_wishlist=10247&_wpnonce=0081c8f33d,,all-products.html,,3,,,
,,product/otica-acrylic-emergency-first-aid-kit-box/?add_to_wishlist=10247&_wpnonce=0081c8f33d,,all-products.html,,4,,,
,,product/otica-acrylic-emergency-first-aid-kit-box/?add_to_wishlist=10247&_wpnonce=0081c8f33d,,all-products.html,,5,,,
,,product/otica-acrylic-emergency-first-aid-kit-box/?add_to_wishlist=10247&_wpnonce=0081c8f33d,,all-products.html,,6,,,
,,product/otica-acrylic-emergency-first-aid-kit-box/?add_to_wishlist=10247&_wpnonce=0081c8f33d,,all-products.html,,7,,,
,,product/otica-acrylic-emergency-first-aid-kit-box/?add_to_wishlist=10247&_wpnonce=f0144d146d,,all-products.html,,1,,,
,,product/otica-acrylic-emergency-first-aid-kit-box/?add_to_wishlist=10247&_wpnonce=f0144d146d,,all-products.html,,2,,,
,,product/otica-acrylic-emergency-first-aid-kit-box/?add_to_wishlist=10247&_wpnonce=f0144d146d,,all-products.html,,3,,,
,,product/otica-acrylic-emergency-first-aid-kit-box/?add_to_wishlist=10247&_wpnonce=f0144d146d,,all-products.html,,4,,,
,,product/otica-acrylic-emergency-first-aid-kit-box/?add_to_wishlist=10247&_wpnonce=f0144d146d,,all-products.html,,5,,,
,,product/otica-acrylic-emergency-first-aid-kit-box/?add_to_wishlist=10247&_wpnonce=f0144d146d,,all-products.html,,6,,,
,,product/otica-acrylic-emergency-first-aid-kit-box/?add_to_wishlist=10247&_wpnonce=f0144d146d,,all-products.html,,7,,,
,,product/otica-acrylic-emergency-first-aid-kit-box/?add_to_wishlist=10590&_wpnonce=8f9f0fec33,,all-products.html,,1,,,
,,product/otica-acrylic-emergency-first-aid-kit-box/?add_to_wishlist=10590&_wpnonce=8f9f0fec33,,all-products.html,,2,,,
,,product/otica-acrylic-emergency-first-aid-kit-box/?add_to_wishlist=10590&_wpnonce=8f9f0fec33,,all-products.html,,3,,,
,,product/otica-acrylic-emergency-first-aid-kit-box/?add_to_wishlist=10590&_wpnonce=8f9f0fec33,,all-products.html,,4,,,
,,product/otica-acrylic-emergency-first-aid-kit-box/?add_to_wishlist=10590&_wpnonce=8f9f0fec33,,all-products.html,,5,,,
,,product/otica-acrylic-emergency-first-aid-kit-box/?add_to_wishlist=10590&_wpnonce=8f9f0fec33,,all-products.html,,6,,,
,,product/otica-acrylic-emergency-first-aid-kit-box/?add_to_wishlist=10590&_wpnonce=8f9f0fec33,,all-products.html,,7,,,
,,product/otica-acrylic-emergency-first-aid-kit-box/?add-to-cart=10281,,all-products.html,,1,,,
,,product/otica-acrylic-emergency-first-aid-kit-box/?add-to-cart=10281,,all-products.html,,2,,,
,,product/otica-acrylic-emergency-first-aid-kit-box/?add-to-cart=10281,,all-products.html,,3,,,
,,product/otica-acrylic-emergency-first-aid-kit-box/?add-to-cart=10281,,all-products.html,,4,,,
,,product/otica-acrylic-emergency-first-aid-kit-box/?add-to-cart=10281,,all-products.html,,5,,,
,,product/otica-acrylic-emergency-first-aid-kit-box/?add-to-cart=10281,,all-products.html,,6,,,
,,product/otica-acrylic-emergency-first-aid-kit-box/?add-to-cart=10281,,all-products.html,,7,,,
,,product/otica-airways-set-guedal/,,all-products.html,,1,,,
,,product/otica-airways-set-guedal/,,all-products.html,,2,,,
,,product/otica-airways-set-guedal/,,all-products.html,,3,,,
,,product/otica-airways-set-guedal/,,all-products.html,,4,,,
,,product/otica-airways-set-guedal/,,all-products.html,,5,,,
,,product/otica-airways-set-guedal/,,all-products.html,,6,,,
,,product/otica-airways-set-guedal/,,all-products.html,,7,,,
,,product/otica-ampoule-cutter/,,professional-diagnostic-equipment/product/ampoule-cutter.html,,1,,,
,,product/otica-ampoule-cutter/,,professional-diagnostic-equipment/product/ampoule-cutter.html,,2,,,
,,product/otica-ampoule-cutter/,,professional-diagnostic-equipment/product/ampoule-cutter.html,,3,,,
,,product/otica-ampoule-cutter/,,professional-diagnostic-equipment/product/ampoule-cutter.html,,4,,,
,,product/otica-ampoule-cutter/,,professional-diagnostic-equipment/product/ampoule-cutter.html,,5,,,
,,product/otica-ampoule-cutter/,,professional-diagnostic-equipment/product/ampoule-cutter.html,,6,,,
,,product/otica-ampoule-cutter/,,professional-diagnostic-equipment/product/ampoule-cutter.html,,7,,,
,,product/otica-bpl-ecg-paper-for-fetal-monitor-fm-9853-54-55-z-fold-paper-100-sheet/?add-to-cart=10731,,home-healthcare-devices/mother-and-child-care/fetal-doppler.html,,1,,,
,,product/otica-bpl-ecg-paper-for-fetal-monitor-fm-9853-54-55-z-fold-paper-100-sheet/?add-to-cart=10731,,home-healthcare-devices/mother-and-child-care/fetal-doppler.html,,2,,,
,,product/otica-bpl-ecg-paper-for-fetal-monitor-fm-9853-54-55-z-fold-paper-100-sheet/?add-to-cart=10731,,home-healthcare-devices/mother-and-child-care/fetal-doppler.html,,3,,,
,,product/otica-bpl-ecg-paper-for-fetal-monitor-fm-9853-54-55-z-fold-paper-100-sheet/?add-to-cart=10731,,home-healthcare-devices/mother-and-child-care/fetal-doppler.html,,4,,,
,,product/otica-bpl-ecg-paper-for-fetal-monitor-fm-9853-54-55-z-fold-paper-100-sheet/?add-to-cart=10731,,home-healthcare-devices/mother-and-child-care/fetal-doppler.html,,5,,,
,,product/otica-bpl-ecg-paper-for-fetal-monitor-fm-9853-54-55-z-fold-paper-100-sheet/?add-to-cart=10731,,home-healthcare-devices/mother-and-child-care/fetal-doppler.html,,6,,,
,,product/otica-bpl-ecg-paper-for-fetal-monitor-fm-9853-54-55-z-fold-paper-100-sheet/?add-to-cart=10731,,home-healthcare-devices/mother-and-child-care/fetal-doppler.html,,7,,,
,,product/otica-ecg-chest-electrode-bulb/?add-to-cart=10281,,all-products.html,,1,,,
,,product/otica-ecg-chest-electrode-bulb/?add-to-cart=10281,,all-products.html,,2,,,
,,product/otica-ecg-chest-electrode-bulb/?add-to-cart=10281,,all-products.html,,3,,,
,,product/otica-ecg-chest-electrode-bulb/?add-to-cart=10281,,all-products.html,,4,,,
,,product/otica-ecg-chest-electrode-bulb/?add-to-cart=10281,,all-products.html,,5,,,
,,product/otica-ecg-chest-electrode-bulb/?add-to-cart=10281,,all-products.html,,6,,,
,,product/otica-ecg-chest-electrode-bulb/?add-to-cart=10281,,all-products.html,,7,,,
,,product/otica-ecg-chest-electrode-bulb/?add-to-cart=10282,,all-products.html,,1,,,
,,product/otica-ecg-chest-electrode-bulb/?add-to-cart=10282,,all-products.html,,2,,,
,,product/otica-ecg-chest-electrode-bulb/?add-to-cart=10282,,all-products.html,,3,,,
,,product/otica-ecg-chest-electrode-bulb/?add-to-cart=10282,,all-products.html,,4,,,
,,product/otica-ecg-chest-electrode-bulb/?add-to-cart=10282,,all-products.html,,5,,,
,,product/otica-ecg-chest-electrode-bulb/?add-to-cart=10282,,all-products.html,,6,,,
,,product/otica-ecg-chest-electrode-bulb/?add-to-cart=10282,,all-products.html,,7,,,
,,product/otica-electric-plaster-cutter/?add_to_wishlist=10276&_wpnonce=0081c8f33d,,all-products.html,,1,,,
,,product/otica-electric-plaster-cutter/?add_to_wishlist=10276&_wpnonce=0081c8f33d,,all-products.html,,2,,,
,,product/otica-electric-plaster-cutter/?add_to_wishlist=10276&_wpnonce=0081c8f33d,,all-products.html,,3,,,
,,product/otica-electric-plaster-cutter/?add_to_wishlist=10276&_wpnonce=0081c8f33d,,all-products.html,,4,,,
,,product/otica-electric-plaster-cutter/?add_to_wishlist=10276&_wpnonce=0081c8f33d,,all-products.html,,5,,,
,,product/otica-electric-plaster-cutter/?add_to_wishlist=10276&_wpnonce=0081c8f33d,,all-products.html,,6,,,
,,product/otica-electric-plaster-cutter/?add_to_wishlist=10276&_wpnonce=0081c8f33d,,all-products.html,,7,,,
,,product/otica-electric-plaster-cutter/?add_to_wishlist=11166&_wpnonce=0081c8f33d,,all-products.html,,1,,,
,,product/otica-electric-plaster-cutter/?add_to_wishlist=11166&_wpnonce=0081c8f33d,,all-products.html,,2,,,
,,product/otica-electric-plaster-cutter/?add_to_wishlist=11166&_wpnonce=0081c8f33d,,all-products.html,,3,,,
,,product/otica-electric-plaster-cutter/?add_to_wishlist=11166&_wpnonce=0081c8f33d,,all-products.html,,4,,,
,,product/otica-electric-plaster-cutter/?add_to_wishlist=11166&_wpnonce=0081c8f33d,,all-products.html,,5,,,
,,product/otica-electric-plaster-cutter/?add_to_wishlist=11166&_wpnonce=0081c8f33d,,all-products.html,,6,,,
,,product/otica-electric-plaster-cutter/?add_to_wishlist=11166&_wpnonce=0081c8f33d,,all-products.html,,7,,,
,,product/otica-foldable-soft-stretcher-with-safety-belt/?attribute_pa_color=orange,,medical-device/product/emergency-stretcher.html,,1,,,
,,product/otica-foldable-soft-stretcher-with-safety-belt/?attribute_pa_color=orange,,medical-device/product/emergency-stretcher.html,,2,,,
,,product/otica-foldable-soft-stretcher-with-safety-belt/?attribute_pa_color=orange,,medical-device/product/emergency-stretcher.html,,3,,,
,,product/otica-foldable-soft-stretcher-with-safety-belt/?attribute_pa_color=orange,,medical-device/product/emergency-stretcher.html,,4,,,
,,product/otica-foldable-soft-stretcher-with-safety-belt/?attribute_pa_color=orange,,medical-device/product/emergency-stretcher.html,,5,,,
,,product/otica-foldable-soft-stretcher-with-safety-belt/?attribute_pa_color=orange,,medical-device/product/emergency-stretcher.html,,6,,,
,,product/otica-foldable-soft-stretcher-with-safety-belt/?attribute_pa_color=orange,,medical-device/product/emergency-stretcher.html,,7,,,
,,product/otica-formalin-chamber/,,surgical-instrument/sterilization-tray/formalin-chamber.html,,1,,,
,,product/otica-formalin-chamber/,,surgical-instrument/sterilization-tray/formalin-chamber.html,,2,,,
,,product/otica-formalin-chamber/,,surgical-instrument/sterilization-tray/formalin-chamber.html,,3,,,
,,product/otica-formalin-chamber/,,surgical-instrument/sterilization-tray/formalin-chamber.html,,4,,,
,,product/otica-formalin-chamber/,,surgical-instrument/sterilization-tray/formalin-chamber.html,,5,,,
,,product/otica-formalin-chamber/,,surgical-instrument/sterilization-tray/formalin-chamber.html,,6,,,
,,product/otica-formalin-chamber/,,surgical-instrument/sterilization-tray/formalin-chamber.html,,7,,,
,,product/otica-hospital-nebulizer-machine-oneb-9/,,home-healthcare-devices.html,,1,,,
,,product/otica-hospital-nebulizer-machine-oneb-9/,,home-healthcare-devices.html,,2,,,
,,product/otica-hospital-nebulizer-machine-oneb-9/,,home-healthcare-devices.html,,3,,,
,,product/otica-hospital-nebulizer-machine-oneb-9/,,home-healthcare-devices.html,,4,,,
,,product/otica-hospital-nebulizer-machine-oneb-9/,,home-healthcare-devices.html,,5,,,
,,product/otica-hospital-nebulizer-machine-oneb-9/,,home-healthcare-devices.html,,6,,,
,,product/otica-hospital-nebulizer-machine-oneb-9/,,home-healthcare-devices.html,,7,,,
,,product/otica-humidifier-bottle-for-oxygen-concentrator/?add-to-cart=10270,,home-healthcare-devices/oxygen-concentrator.html,,1,,,
,,product/otica-humidifier-bottle-for-oxygen-concentrator/?add-to-cart=10270,,home-healthcare-devices/oxygen-concentrator.html,,2,,,
,,product/otica-humidifier-bottle-for-oxygen-concentrator/?add-to-cart=10270,,home-healthcare-devices/oxygen-concentrator.html,,3,,,
,,product/otica-humidifier-bottle-for-oxygen-concentrator/?add-to-cart=10270,,home-healthcare-devices/oxygen-concentrator.html,,4,,,
,,product/otica-humidifier-bottle-for-oxygen-concentrator/?add-to-cart=10270,,home-healthcare-devices/oxygen-concentrator.html,,5,,,
,,product/otica-humidifier-bottle-for-oxygen-concentrator/?add-to-cart=10270,,home-healthcare-devices/oxygen-concentrator.html,,6,,,
,,product/otica-humidifier-bottle-for-oxygen-concentrator/?add-to-cart=10270,,home-healthcare-devices/oxygen-concentrator.html,,7,,,
,,product/otica-lancing-device-adjustable-depth/,,all-products.html,,1,,,
,,product/otica-lancing-device-adjustable-depth/,,all-products.html,,2,,,
,,product/otica-lancing-device-adjustable-depth/,,all-products.html,,3,,,
,,product/otica-lancing-device-adjustable-depth/,,all-products.html,,4,,,
,,product/otica-lancing-device-adjustable-depth/,,all-products.html,,5,,,
,,product/otica-lancing-device-adjustable-depth/,,all-products.html,,6,,,
,,product/otica-lancing-device-adjustable-depth/,,all-products.html,,7,,,
,,product/otica-laryngoscope-with-set-of-4-macintosh-blade-adult/,,professional-diagnostic-equipment/product/laryngoscope.html,,1,,,
,,product/otica-laryngoscope-with-set-of-4-macintosh-blade-adult/,,professional-diagnostic-equipment/product/laryngoscope.html,,2,,,
,,product/otica-laryngoscope-with-set-of-4-macintosh-blade-adult/,,professional-diagnostic-equipment/product/laryngoscope.html,,3,,,
,,product/otica-laryngoscope-with-set-of-4-macintosh-blade-adult/,,professional-diagnostic-equipment/product/laryngoscope.html,,4,,,
,,product/otica-laryngoscope-with-set-of-4-macintosh-blade-adult/,,professional-diagnostic-equipment/product/laryngoscope.html,,5,,,
,,product/otica-laryngoscope-with-set-of-4-macintosh-blade-adult/,,professional-diagnostic-equipment/product/laryngoscope.html,,6,,,
,,product/otica-laryngoscope-with-set-of-4-macintosh-blade-adult/,,professional-diagnostic-equipment/product/laryngoscope.html,,7,,,
,,product/otica-laryngoscope-with-set-of-4-macintosh-blade-adult/?add_to_wishlist=11174&_wpnonce=8f9f0fec33,,professional-diagnostic-equipment/product/laryngoscope.html,,1,,,
,,product/otica-laryngoscope-with-set-of-4-macintosh-blade-adult/?add_to_wishlist=11174&_wpnonce=8f9f0fec33,,professional-diagnostic-equipment/product/laryngoscope.html,,2,,,
,,product/otica-laryngoscope-with-set-of-4-macintosh-blade-adult/?add_to_wishlist=11174&_wpnonce=8f9f0fec33,,professional-diagnostic-equipment/product/laryngoscope.html,,3,,,
,,product/otica-laryngoscope-with-set-of-4-macintosh-blade-adult/?add_to_wishlist=11174&_wpnonce=8f9f0fec33,,professional-diagnostic-equipment/product/laryngoscope.html,,4,,,
,,product/otica-laryngoscope-with-set-of-4-macintosh-blade-adult/?add_to_wishlist=11174&_wpnonce=8f9f0fec33,,professional-diagnostic-equipment/product/laryngoscope.html,,5,,,
,,product/otica-laryngoscope-with-set-of-4-macintosh-blade-adult/?add_to_wishlist=11174&_wpnonce=8f9f0fec33,,professional-diagnostic-equipment/product/laryngoscope.html,,6,,,
,,product/otica-laryngoscope-with-set-of-4-macintosh-blade-adult/?add_to_wishlist=11174&_wpnonce=8f9f0fec33,,professional-diagnostic-equipment/product/laryngoscope.html,,7,,,
,,product/otica-led-headlight-for-ent-surgery-5w/,,professional-diagnostic-equipment/product/exam-light.html,,1,,,
,,product/otica-led-headlight-for-ent-surgery-5w/,,professional-diagnostic-equipment/product/exam-light.html,,2,,,
,,product/otica-led-headlight-for-ent-surgery-5w/,,professional-diagnostic-equipment/product/exam-light.html,,3,,,
,,product/otica-led-headlight-for-ent-surgery-5w/,,professional-diagnostic-equipment/product/exam-light.html,,4,,,
,,product/otica-led-headlight-for-ent-surgery-5w/,,professional-diagnostic-equipment/product/exam-light.html,,5,,,
,,product/otica-led-headlight-for-ent-surgery-5w/,,professional-diagnostic-equipment/product/exam-light.html,,6,,,
,,product/otica-led-headlight-for-ent-surgery-5w/,,professional-diagnostic-equipment/product/exam-light.html,,7,,,
,,product/otica-nebulizer-complete-compressor-nebuliser-system/,,home-healthcare-devices/allergy-sinus-asthma.html,,1,,,
,,product/otica-nebulizer-complete-compressor-nebuliser-system/,,home-healthcare-devices/allergy-sinus-asthma.html,,2,,,
,,product/otica-nebulizer-complete-compressor-nebuliser-system/,,home-healthcare-devices/allergy-sinus-asthma.html,,3,,,
,,product/otica-nebulizer-complete-compressor-nebuliser-system/,,home-healthcare-devices/allergy-sinus-asthma.html,,4,,,
,,product/otica-nebulizer-complete-compressor-nebuliser-system/,,home-healthcare-devices/allergy-sinus-asthma.html,,5,,,
,,product/otica-nebulizer-complete-compressor-nebuliser-system/,,home-healthcare-devices/allergy-sinus-asthma.html,,6,,,
,,product/otica-nebulizer-complete-compressor-nebuliser-system/,,home-healthcare-devices/allergy-sinus-asthma.html,,7,,,
,,product/otica-oxygen-hood-for-children-new-born-baby/?add-to-cart=5457,,home-healthcare-devices/mother-and-child-care.html,,1,,,
,,product/otica-oxygen-hood-for-children-new-born-baby/?add-to-cart=5457,,home-healthcare-devices/mother-and-child-care.html,,2,,,
,,product/otica-oxygen-hood-for-children-new-born-baby/?add-to-cart=5457,,home-healthcare-devices/mother-and-child-care.html,,3,,,
,,product/otica-oxygen-hood-for-children-new-born-baby/?add-to-cart=5457,,home-healthcare-devices/mother-and-child-care.html,,4,,,
,,product/otica-oxygen-hood-for-children-new-born-baby/?add-to-cart=5457,,home-healthcare-devices/mother-and-child-care.html,,5,,,
,,product/otica-oxygen-hood-for-children-new-born-baby/?add-to-cart=5457,,home-healthcare-devices/mother-and-child-care.html,,6,,,
,,product/otica-oxygen-hood-for-children-new-born-baby/?add-to-cart=5457,,home-healthcare-devices/mother-and-child-care.html,,7,,,
,,product/otica-oxygen-hood-for-children-new-born-baby/?add-to-cart=5537,,home-healthcare-devices/mother-and-child-care.html,,1,,,
,,product/otica-oxygen-hood-for-children-new-born-baby/?add-to-cart=5537,,home-healthcare-devices/mother-and-child-care.html,,2,,,
,,product/otica-oxygen-hood-for-children-new-born-baby/?add-to-cart=5537,,home-healthcare-devices/mother-and-child-care.html,,3,,,
,,product/otica-oxygen-hood-for-children-new-born-baby/?add-to-cart=5537,,home-healthcare-devices/mother-and-child-care.html,,4,,,
,,product/otica-oxygen-hood-for-children-new-born-baby/?add-to-cart=5537,,home-healthcare-devices/mother-and-child-care.html,,5,,,
,,product/otica-oxygen-hood-for-children-new-born-baby/?add-to-cart=5537,,home-healthcare-devices/mother-and-child-care.html,,6,,,
,,product/otica-oxygen-hood-for-children-new-born-baby/?add-to-cart=5537,,home-healthcare-devices/mother-and-child-care.html,,7,,,
,,product/otica-pediatric-laryngoscope-miller-type-set-blade-size-00-0-and-1/?add-to-cart=10273,,professional-diagnostic-equipment/product/laryngoscope.html,,1,,,
,,product/otica-pediatric-laryngoscope-miller-type-set-blade-size-00-0-and-1/?add-to-cart=10273,,professional-diagnostic-equipment/product/laryngoscope.html,,2,,,
,,product/otica-pediatric-laryngoscope-miller-type-set-blade-size-00-0-and-1/?add-to-cart=10273,,professional-diagnostic-equipment/product/laryngoscope.html,,3,,,
,,product/otica-pediatric-laryngoscope-miller-type-set-blade-size-00-0-and-1/?add-to-cart=10273,,professional-diagnostic-equipment/product/laryngoscope.html,,4,,,
,,product/otica-pediatric-laryngoscope-miller-type-set-blade-size-00-0-and-1/?add-to-cart=10273,,professional-diagnostic-equipment/product/laryngoscope.html,,5,,,
,,product/otica-pediatric-laryngoscope-miller-type-set-blade-size-00-0-and-1/?add-to-cart=10273,,professional-diagnostic-equipment/product/laryngoscope.html,,6,,,
,,product/otica-pediatric-laryngoscope-miller-type-set-blade-size-00-0-and-1/?add-to-cart=10273,,professional-diagnostic-equipment/product/laryngoscope.html,,7,,,
,,product/otica-pediatric-laryngoscope-miller-type-set-blade-size-00-0-and-1/?add-to-cart=10281,,professional-diagnostic-equipment/product/laryngoscope.html,,1,,,
,,product/otica-pediatric-laryngoscope-miller-type-set-blade-size-00-0-and-1/?add-to-cart=10281,,professional-diagnostic-equipment/product/laryngoscope.html,,2,,,
,,product/otica-pediatric-laryngoscope-miller-type-set-blade-size-00-0-and-1/?add-to-cart=10281,,professional-diagnostic-equipment/product/laryngoscope.html,,3,,,
,,product/otica-pediatric-laryngoscope-miller-type-set-blade-size-00-0-and-1/?add-to-cart=10281,,professional-diagnostic-equipment/product/laryngoscope.html,,4,,,
,,product/otica-pediatric-laryngoscope-miller-type-set-blade-size-00-0-and-1/?add-to-cart=10281,,professional-diagnostic-equipment/product/laryngoscope.html,,5,,,
,,product/otica-pediatric-laryngoscope-miller-type-set-blade-size-00-0-and-1/?add-to-cart=10281,,professional-diagnostic-equipment/product/laryngoscope.html,,6,,,
,,product/otica-pediatric-laryngoscope-miller-type-set-blade-size-00-0-and-1/?add-to-cart=10281,,professional-diagnostic-equipment/product/laryngoscope.html,,7,,,
,,product/otica-pediatric-laryngoscope-miller-type-set-blade-size-00-0-and-1/?add-to-cart=10283,,professional-diagnostic-equipment/product/laryngoscope.html,,1,,,
,,product/otica-pediatric-laryngoscope-miller-type-set-blade-size-00-0-and-1/?add-to-cart=10283,,professional-diagnostic-equipment/product/laryngoscope.html,,2,,,
,,product/otica-pediatric-laryngoscope-miller-type-set-blade-size-00-0-and-1/?add-to-cart=10283,,professional-diagnostic-equipment/product/laryngoscope.html,,3,,,
,,product/otica-pediatric-laryngoscope-miller-type-set-blade-size-00-0-and-1/?add-to-cart=10283,,professional-diagnostic-equipment/product/laryngoscope.html,,4,,,
,,product/otica-pediatric-laryngoscope-miller-type-set-blade-size-00-0-and-1/?add-to-cart=10283,,professional-diagnostic-equipment/product/laryngoscope.html,,5,,,
,,product/otica-pediatric-laryngoscope-miller-type-set-blade-size-00-0-and-1/?add-to-cart=10283,,professional-diagnostic-equipment/product/laryngoscope.html,,6,,,
,,product/otica-pediatric-laryngoscope-miller-type-set-blade-size-00-0-and-1/?add-to-cart=10283,,professional-diagnostic-equipment/product/laryngoscope.html,,7,,,
,,product/otica-pediatric-laryngoscope-miller-type-set-blade-size-00-0-and-1/?add-to-cart=5433,,professional-diagnostic-equipment/product/laryngoscope.html,,1,,,
,,product/otica-pediatric-laryngoscope-miller-type-set-blade-size-00-0-and-1/?add-to-cart=5433,,professional-diagnostic-equipment/product/laryngoscope.html,,2,,,
,,product/otica-pediatric-laryngoscope-miller-type-set-blade-size-00-0-and-1/?add-to-cart=5433,,professional-diagnostic-equipment/product/laryngoscope.html,,3,,,
,,product/otica-pediatric-laryngoscope-miller-type-set-blade-size-00-0-and-1/?add-to-cart=5433,,professional-diagnostic-equipment/product/laryngoscope.html,,4,,,
,,product/otica-pediatric-laryngoscope-miller-type-set-blade-size-00-0-and-1/?add-to-cart=5433,,professional-diagnostic-equipment/product/laryngoscope.html,,5,,,
,,product/otica-pediatric-laryngoscope-miller-type-set-blade-size-00-0-and-1/?add-to-cart=5433,,professional-diagnostic-equipment/product/laryngoscope.html,,6,,,
,,product/otica-pediatric-laryngoscope-miller-type-set-blade-size-00-0-and-1/?add-to-cart=5433,,professional-diagnostic-equipment/product/laryngoscope.html,,7,,,
,,product/otica-pediatric-vein-finder/,,home-healthcare-devices/mother-and-child-care.html,,1,,,
,,product/otica-pediatric-vein-finder/,,home-healthcare-devices/mother-and-child-care.html,,2,,,
,,product/otica-pediatric-vein-finder/,,home-healthcare-devices/mother-and-child-care.html,,3,,,
,,product/otica-pediatric-vein-finder/,,home-healthcare-devices/mother-and-child-care.html,,4,,,
,,product/otica-pediatric-vein-finder/,,home-healthcare-devices/mother-and-child-care.html,,5,,,
,,product/otica-pediatric-vein-finder/,,home-healthcare-devices/mother-and-child-care.html,,6,,,
,,product/otica-pediatric-vein-finder/,,home-healthcare-devices/mother-and-child-care.html,,7,,,
,,product/otica-plus-premium-i-v-cannula/,,home-healthcare-devices.html,,1,,,
,,product/otica-plus-premium-i-v-cannula/,,home-healthcare-devices.html,,2,,,
,,product/otica-plus-premium-i-v-cannula/,,home-healthcare-devices.html,,3,,,
,,product/otica-plus-premium-i-v-cannula/,,home-healthcare-devices.html,,4,,,
,,product/otica-plus-premium-i-v-cannula/,,home-healthcare-devices.html,,5,,,
,,product/otica-plus-premium-i-v-cannula/,,home-healthcare-devices.html,,6,,,
,,product/otica-plus-premium-i-v-cannula/,,home-healthcare-devices.html,,7,,,
,,product/otica-reusable-nibp-adult-cuff-with-single-tube/?add-to-cart=10271,,medical-device/accessories/nibp.html,,1,,,
,,product/otica-reusable-nibp-adult-cuff-with-single-tube/?add-to-cart=10271,,medical-device/accessories/nibp.html,,2,,,
,,product/otica-reusable-nibp-adult-cuff-with-single-tube/?add-to-cart=10271,,medical-device/accessories/nibp.html,,3,,,
,,product/otica-reusable-nibp-adult-cuff-with-single-tube/?add-to-cart=10271,,medical-device/accessories/nibp.html,,4,,,
,,product/otica-reusable-nibp-adult-cuff-with-single-tube/?add-to-cart=10271,,medical-device/accessories/nibp.html,,5,,,
,,product/otica-reusable-nibp-adult-cuff-with-single-tube/?add-to-cart=10271,,medical-device/accessories/nibp.html,,6,,,
,,product/otica-reusable-nibp-adult-cuff-with-single-tube/?add-to-cart=10271,,medical-device/accessories/nibp.html,,7,,,
,,product/otica-reusable-nibp-adult-cuff-with-single-tube/?attribute_pa_size=adult,,medical-device/accessories/nibp.html,,1,,,
,,product/otica-reusable-nibp-adult-cuff-with-single-tube/?attribute_pa_size=adult,,medical-device/accessories/nibp.html,,2,,,
,,product/otica-reusable-nibp-adult-cuff-with-single-tube/?attribute_pa_size=adult,,medical-device/accessories/nibp.html,,3,,,
,,product/otica-reusable-nibp-adult-cuff-with-single-tube/?attribute_pa_size=adult,,medical-device/accessories/nibp.html,,4,,,
,,product/otica-reusable-nibp-adult-cuff-with-single-tube/?attribute_pa_size=adult,,medical-device/accessories/nibp.html,,5,,,
,,product/otica-reusable-nibp-adult-cuff-with-single-tube/?attribute_pa_size=adult,,medical-device/accessories/nibp.html,,6,,,
,,product/otica-reusable-nibp-adult-cuff-with-single-tube/?attribute_pa_size=adult,,medical-device/accessories/nibp.html,,7,,,
,,product/otica-steel-stand-wall-mount/,,medical-device.html,,1,,,
,,product/otica-steel-stand-wall-mount/,,medical-device.html,,2,,,
,,product/otica-steel-stand-wall-mount/,,medical-device.html,,3,,,
,,product/otica-steel-stand-wall-mount/,,medical-device.html,,4,,,
,,product/otica-steel-stand-wall-mount/,,medical-device.html,,5,,,
,,product/otica-steel-stand-wall-mount/,,medical-device.html,,6,,,
,,product/otica-steel-stand-wall-mount/,,medical-device.html,,7,,,
,,product/otica-tablet-cutter/?add-to-cart=10282,,home-healthcare-devices/elderly-care/tablet-cutter-crusher.html,,1,,,
,,product/otica-tablet-cutter/?add-to-cart=10282,,home-healthcare-devices/elderly-care/tablet-cutter-crusher.html,,2,,,
,,product/otica-tablet-cutter/?add-to-cart=10282,,home-healthcare-devices/elderly-care/tablet-cutter-crusher.html,,3,,,
,,product/otica-tablet-cutter/?add-to-cart=10282,,home-healthcare-devices/elderly-care/tablet-cutter-crusher.html,,4,,,
,,product/otica-tablet-cutter/?add-to-cart=10282,,home-healthcare-devices/elderly-care/tablet-cutter-crusher.html,,5,,,
,,product/otica-tablet-cutter/?add-to-cart=10282,,home-healthcare-devices/elderly-care/tablet-cutter-crusher.html,,6,,,
,,product/otica-tablet-cutter/?add-to-cart=10282,,home-healthcare-devices/elderly-care/tablet-cutter-crusher.html,,7,,,
,,product/otica-two-fold-stretcher-for-medical-emergency-with-patient-holding-strap-with-cover-ms/,,home-healthcare-devices/elderly-care/medical-stretcher.html,,1,,,
,,product/otica-two-fold-stretcher-for-medical-emergency-with-patient-holding-strap-with-cover-ms/,,home-healthcare-devices/elderly-care/medical-stretcher.html,,2,,,
,,product/otica-two-fold-stretcher-for-medical-emergency-with-patient-holding-strap-with-cover-ms/,,home-healthcare-devices/elderly-care/medical-stretcher.html,,3,,,
,,product/otica-two-fold-stretcher-for-medical-emergency-with-patient-holding-strap-with-cover-ms/,,home-healthcare-devices/elderly-care/medical-stretcher.html,,4,,,
,,product/otica-two-fold-stretcher-for-medical-emergency-with-patient-holding-strap-with-cover-ms/,,home-healthcare-devices/elderly-care/medical-stretcher.html,,5,,,
,,product/otica-two-fold-stretcher-for-medical-emergency-with-patient-holding-strap-with-cover-ms/,,home-healthcare-devices/elderly-care/medical-stretcher.html,,6,,,
,,product/otica-two-fold-stretcher-for-medical-emergency-with-patient-holding-strap-with-cover-ms/,,home-healthcare-devices/elderly-care/medical-stretcher.html,,7,,,
,,product/otica-water-bed-owb-8/,,home-healthcare-devices.html,,1,,,
,,product/otica-water-bed-owb-8/,,home-healthcare-devices.html,,2,,,
,,product/otica-water-bed-owb-8/,,home-healthcare-devices.html,,3,,,
,,product/otica-water-bed-owb-8/,,home-healthcare-devices.html,,4,,,
,,product/otica-water-bed-owb-8/,,home-healthcare-devices.html,,5,,,
,,product/otica-water-bed-owb-8/,,home-healthcare-devices.html,,6,,,
,,product/otica-water-bed-owb-8/,,home-healthcare-devices.html,,7,,,
,,product/otica-x-ray-view-box-led-film/,,professional-diagnostic-equipment/product/xray-viewer.html,,1,,,
,,product/otica-x-ray-view-box-led-film/,,professional-diagnostic-equipment/product/xray-viewer.html,,2,,,
,,product/otica-x-ray-view-box-led-film/,,professional-diagnostic-equipment/product/xray-viewer.html,,3,,,
,,product/otica-x-ray-view-box-led-film/,,professional-diagnostic-equipment/product/xray-viewer.html,,4,,,
,,product/otica-x-ray-view-box-led-film/,,professional-diagnostic-equipment/product/xray-viewer.html,,5,,,
,,product/otica-x-ray-view-box-led-film/,,professional-diagnostic-equipment/product/xray-viewer.html,,6,,,
,,product/otica-x-ray-view-box-led-film/,,professional-diagnostic-equipment/product/xray-viewer.html,,7,,,
,,product/otica-y-connector/?add-to-cart=10279,,all-products.html,,1,,,
,,product/otica-y-connector/?add-to-cart=10279,,all-products.html,,2,,,
,,product/otica-y-connector/?add-to-cart=10279,,all-products.html,,3,,,
,,product/otica-y-connector/?add-to-cart=10279,,all-products.html,,4,,,
,,product/otica-y-connector/?add-to-cart=10279,,all-products.html,,5,,,
,,product/otica-y-connector/?add-to-cart=10279,,all-products.html,,6,,,
,,product/otica-y-connector/?add-to-cart=10279,,all-products.html,,7,,,
,,product/ovum-forcep/?add-to-cart=11123,,all-products.html,,1,,,
,,product/ovum-forcep/?add-to-cart=11123,,all-products.html,,2,,,
,,product/ovum-forcep/?add-to-cart=11123,,all-products.html,,3,,,
,,product/ovum-forcep/?add-to-cart=11123,,all-products.html,,4,,,
,,product/ovum-forcep/?add-to-cart=11123,,all-products.html,,5,,,
,,product/ovum-forcep/?add-to-cart=11123,,all-products.html,,6,,,
,,product/ovum-forcep/?add-to-cart=11123,,all-products.html,,7,,,
,,product/ovum-forcep/?add-to-cart=11134,,all-products.html,,1,,,
,,product/ovum-forcep/?add-to-cart=11134,,all-products.html,,2,,,
,,product/ovum-forcep/?add-to-cart=11134,,all-products.html,,3,,,
,,product/ovum-forcep/?add-to-cart=11134,,all-products.html,,4,,,
,,product/ovum-forcep/?add-to-cart=11134,,all-products.html,,5,,,
,,product/ovum-forcep/?add-to-cart=11134,,all-products.html,,6,,,
,,product/ovum-forcep/?add-to-cart=11134,,all-products.html,,7,,,
,,product/ovum-forcep/?add-to-cart=11152,,all-products.html,,1,,,
,,product/ovum-forcep/?add-to-cart=11152,,all-products.html,,2,,,
,,product/ovum-forcep/?add-to-cart=11152,,all-products.html,,3,,,
,,product/ovum-forcep/?add-to-cart=11152,,all-products.html,,4,,,
,,product/ovum-forcep/?add-to-cart=11152,,all-products.html,,5,,,
,,product/ovum-forcep/?add-to-cart=11152,,all-products.html,,6,,,
,,product/ovum-forcep/?add-to-cart=11152,,all-products.html,,7,,,
,,product/ovum-forcep/?add-to-cart=11158,,all-products.html,,1,,,
,,product/ovum-forcep/?add-to-cart=11158,,all-products.html,,2,,,
,,product/ovum-forcep/?add-to-cart=11158,,all-products.html,,3,,,
,,product/ovum-forcep/?add-to-cart=11158,,all-products.html,,4,,,
,,product/ovum-forcep/?add-to-cart=11158,,all-products.html,,5,,,
,,product/ovum-forcep/?add-to-cart=11158,,all-products.html,,6,,,
,,product/ovum-forcep/?add-to-cart=11158,,all-products.html,,7,,,
,,product/oxymed-portable-oxygen-concentrator-indias-first-portable-oxygen-concentrator-lightest-ever-2kgpulse-mode-1-to-5-litre-per-min-us-fda-ce-approved-3-year-warranty/?add-to-cart=5451,,home-healthcare-devices/oxygen-concentrator.html,,1,,,
,,product/oxymed-portable-oxygen-concentrator-indias-first-portable-oxygen-concentrator-lightest-ever-2kgpulse-mode-1-to-5-litre-per-min-us-fda-ce-approved-3-year-warranty/?add-to-cart=5451,,home-healthcare-devices/oxygen-concentrator.html,,2,,,
,,product/oxymed-portable-oxygen-concentrator-indias-first-portable-oxygen-concentrator-lightest-ever-2kgpulse-mode-1-to-5-litre-per-min-us-fda-ce-approved-3-year-warranty/?add-to-cart=5451,,home-healthcare-devices/oxygen-concentrator.html,,3,,,
,,product/oxymed-portable-oxygen-concentrator-indias-first-portable-oxygen-concentrator-lightest-ever-2kgpulse-mode-1-to-5-litre-per-min-us-fda-ce-approved-3-year-warranty/?add-to-cart=5451,,home-healthcare-devices/oxygen-concentrator.html,,4,,,
,,product/oxymed-portable-oxygen-concentrator-indias-first-portable-oxygen-concentrator-lightest-ever-2kgpulse-mode-1-to-5-litre-per-min-us-fda-ce-approved-3-year-warranty/?add-to-cart=5451,,home-healthcare-devices/oxygen-concentrator.html,,5,,,
,,product/oxymed-portable-oxygen-concentrator-indias-first-portable-oxygen-concentrator-lightest-ever-2kgpulse-mode-1-to-5-litre-per-min-us-fda-ce-approved-3-year-warranty/?add-to-cart=5451,,home-healthcare-devices/oxygen-concentrator.html,,6,,,
,,product/oxymed-portable-oxygen-concentrator-indias-first-portable-oxygen-concentrator-lightest-ever-2kgpulse-mode-1-to-5-litre-per-min-us-fda-ce-approved-3-year-warranty/?add-to-cart=5451,,home-healthcare-devices/oxygen-concentrator.html,,7,,,
,,product/oxymed-portable-oxygen-concentrator-indias-first-portable-oxygen-concentrator-lightest-ever-2kgpulse-mode-1-to-5-litre-per-min-us-fda-ce-approved-3-year-warranty/?add-to-cart=5531,,home-healthcare-devices/oxygen-concentrator.html,,1,,,
,,product/oxymed-portable-oxygen-concentrator-indias-first-portable-oxygen-concentrator-lightest-ever-2kgpulse-mode-1-to-5-litre-per-min-us-fda-ce-approved-3-year-warranty/?add-to-cart=5531,,home-healthcare-devices/oxygen-concentrator.html,,2,,,
,,product/oxymed-portable-oxygen-concentrator-indias-first-portable-oxygen-concentrator-lightest-ever-2kgpulse-mode-1-to-5-litre-per-min-us-fda-ce-approved-3-year-warranty/?add-to-cart=5531,,home-healthcare-devices/oxygen-concentrator.html,,3,,,
,,product/oxymed-portable-oxygen-concentrator-indias-first-portable-oxygen-concentrator-lightest-ever-2kgpulse-mode-1-to-5-litre-per-min-us-fda-ce-approved-3-year-warranty/?add-to-cart=5531,,home-healthcare-devices/oxygen-concentrator.html,,4,,,
,,product/oxymed-portable-oxygen-concentrator-indias-first-portable-oxygen-concentrator-lightest-ever-2kgpulse-mode-1-to-5-litre-per-min-us-fda-ce-approved-3-year-warranty/?add-to-cart=5531,,home-healthcare-devices/oxygen-concentrator.html,,5,,,
,,product/oxymed-portable-oxygen-concentrator-indias-first-portable-oxygen-concentrator-lightest-ever-2kgpulse-mode-1-to-5-litre-per-min-us-fda-ce-approved-3-year-warranty/?add-to-cart=5531,,home-healthcare-devices/oxygen-concentrator.html,,6,,,
,,product/oxymed-portable-oxygen-concentrator-indias-first-portable-oxygen-concentrator-lightest-ever-2kgpulse-mode-1-to-5-litre-per-min-us-fda-ce-approved-3-year-warranty/?add-to-cart=5531,,home-healthcare-devices/oxygen-concentrator.html,,7,,,
,,product/oxymed-portable-oxygen-concentrator-indias-first-portable-oxygen-concentrator-lightest-ever-2kgpulse-mode-1-to-5-litre-per-min-us-fda-ce-approved-3-year-warranty/?add-to-cart=5554,,home-healthcare-devices/oxygen-concentrator.html,,1,,,
,,product/oxymed-portable-oxygen-concentrator-indias-first-portable-oxygen-concentrator-lightest-ever-2kgpulse-mode-1-to-5-litre-per-min-us-fda-ce-approved-3-year-warranty/?add-to-cart=5554,,home-healthcare-devices/oxygen-concentrator.html,,2,,,
,,product/oxymed-portable-oxygen-concentrator-indias-first-portable-oxygen-concentrator-lightest-ever-2kgpulse-mode-1-to-5-litre-per-min-us-fda-ce-approved-3-year-warranty/?add-to-cart=5554,,home-healthcare-devices/oxygen-concentrator.html,,3,,,
,,product/oxymed-portable-oxygen-concentrator-indias-first-portable-oxygen-concentrator-lightest-ever-2kgpulse-mode-1-to-5-litre-per-min-us-fda-ce-approved-3-year-warranty/?add-to-cart=5554,,home-healthcare-devices/oxygen-concentrator.html,,4,,,
,,product/oxymed-portable-oxygen-concentrator-indias-first-portable-oxygen-concentrator-lightest-ever-2kgpulse-mode-1-to-5-litre-per-min-us-fda-ce-approved-3-year-warranty/?add-to-cart=5554,,home-healthcare-devices/oxygen-concentrator.html,,5,,,
,,product/oxymed-portable-oxygen-concentrator-indias-first-portable-oxygen-concentrator-lightest-ever-2kgpulse-mode-1-to-5-litre-per-min-us-fda-ce-approved-3-year-warranty/?add-to-cart=5554,,home-healthcare-devices/oxygen-concentrator.html,,6,,,
,,product/oxymed-portable-oxygen-concentrator-indias-first-portable-oxygen-concentrator-lightest-ever-2kgpulse-mode-1-to-5-litre-per-min-us-fda-ce-approved-3-year-warranty/?add-to-cart=5554,,home-healthcare-devices/oxygen-concentrator.html,,7,,,
,,product/philips-dreamstation-bipap-avaps/,,home-healthcare-devices/respiratory-mask/bipap-mask.html,,1,,,
,,product/philips-dreamstation-bipap-avaps/,,home-healthcare-devices/respiratory-mask/bipap-mask.html,,2,,,
,,product/philips-dreamstation-bipap-avaps/,,home-healthcare-devices/respiratory-mask/bipap-mask.html,,3,,,
,,product/philips-dreamstation-bipap-avaps/,,home-healthcare-devices/respiratory-mask/bipap-mask.html,,4,,,
,,product/philips-dreamstation-bipap-avaps/,,home-healthcare-devices/respiratory-mask/bipap-mask.html,,5,,,
,,product/philips-dreamstation-bipap-avaps/,,home-healthcare-devices/respiratory-mask/bipap-mask.html,,6,,,
,,product/philips-dreamstation-bipap-avaps/,,home-healthcare-devices/respiratory-mask/bipap-mask.html,,7,,,
,,product/philips-respironics-dreamwear-under-the-nose-nasal-mask-ref-1116720/,,home-healthcare-devices/respiratory-mask.html,,1,,,
,,product/philips-respironics-dreamwear-under-the-nose-nasal-mask-ref-1116720/,,home-healthcare-devices/respiratory-mask.html,,2,,,
,,product/philips-respironics-dreamwear-under-the-nose-nasal-mask-ref-1116720/,,home-healthcare-devices/respiratory-mask.html,,3,,,
,,product/philips-respironics-dreamwear-under-the-nose-nasal-mask-ref-1116720/,,home-healthcare-devices/respiratory-mask.html,,4,,,
,,product/philips-respironics-dreamwear-under-the-nose-nasal-mask-ref-1116720/,,home-healthcare-devices/respiratory-mask.html,,5,,,
,,product/philips-respironics-dreamwear-under-the-nose-nasal-mask-ref-1116720/,,home-healthcare-devices/respiratory-mask.html,,6,,,
,,product/philips-respironics-dreamwear-under-the-nose-nasal-mask-ref-1116720/,,home-healthcare-devices/respiratory-mask.html,,7,,,
,,product/portable-suction-machine/,,medical-device/product/suction-machine.html,,1,,,
,,product/portable-suction-machine/,,medical-device/product/suction-machine.html,,2,,,
,,product/portable-suction-machine/,,medical-device/product/suction-machine.html,,3,,,
,,product/portable-suction-machine/,,medical-device/product/suction-machine.html,,4,,,
,,product/portable-suction-machine/,,medical-device/product/suction-machine.html,,5,,,
,,product/portable-suction-machine/,,medical-device/product/suction-machine.html,,6,,,
,,product/portable-suction-machine/,,medical-device/product/suction-machine.html,,7,,,
,,product/semi-fowler-bed/?add-to-cart=11170,,all-products.html,,1,,,
,,product/semi-fowler-bed/?add-to-cart=11170,,all-products.html,,2,,,
,,product/semi-fowler-bed/?add-to-cart=11170,,all-products.html,,3,,,
,,product/semi-fowler-bed/?add-to-cart=11170,,all-products.html,,4,,,
,,product/semi-fowler-bed/?add-to-cart=11170,,all-products.html,,5,,,
,,product/semi-fowler-bed/?add-to-cart=11170,,all-products.html,,6,,,
,,product/semi-fowler-bed/?add-to-cart=11170,,all-products.html,,7,,,
,,product/semi-fowler-bed/?add-to-cart=11180,,all-products.html,,1,,,
,,product/semi-fowler-bed/?add-to-cart=11180,,all-products.html,,2,,,
,,product/semi-fowler-bed/?add-to-cart=11180,,all-products.html,,3,,,
,,product/semi-fowler-bed/?add-to-cart=11180,,all-products.html,,4,,,
,,product/semi-fowler-bed/?add-to-cart=11180,,all-products.html,,5,,,
,,product/semi-fowler-bed/?add-to-cart=11180,,all-products.html,,6,,,
,,product/semi-fowler-bed/?add-to-cart=11180,,all-products.html,,7,,,
,,product/semi-fowler-bed/?add-to-cart=11186,,all-products.html,,1,,,
,,product/semi-fowler-bed/?add-to-cart=11186,,all-products.html,,2,,,
,,product/semi-fowler-bed/?add-to-cart=11186,,all-products.html,,3,,,
,,product/semi-fowler-bed/?add-to-cart=11186,,all-products.html,,4,,,
,,product/semi-fowler-bed/?add-to-cart=11186,,all-products.html,,5,,,
,,product/semi-fowler-bed/?add-to-cart=11186,,all-products.html,,6,,,
,,product/semi-fowler-bed/?add-to-cart=11186,,all-products.html,,7,,,
,,product/semi-fowler-bed/?add-to-cart=5433,,all-products.html,,1,,,
,,product/semi-fowler-bed/?add-to-cart=5433,,all-products.html,,2,,,
,,product/semi-fowler-bed/?add-to-cart=5433,,all-products.html,,3,,,
,,product/semi-fowler-bed/?add-to-cart=5433,,all-products.html,,4,,,
,,product/semi-fowler-bed/?add-to-cart=5433,,all-products.html,,5,,,
,,product/semi-fowler-bed/?add-to-cart=5433,,all-products.html,,6,,,
,,product/semi-fowler-bed/?add-to-cart=5433,,all-products.html,,7,,,
,,product/semi-fowler-bed/?add-to-cart=9898,,all-products.html,,1,,,
,,product/semi-fowler-bed/?add-to-cart=9898,,all-products.html,,2,,,
,,product/semi-fowler-bed/?add-to-cart=9898,,all-products.html,,3,,,
,,product/semi-fowler-bed/?add-to-cart=9898,,all-products.html,,4,,,
,,product/semi-fowler-bed/?add-to-cart=9898,,all-products.html,,5,,,
,,product/semi-fowler-bed/?add-to-cart=9898,,all-products.html,,6,,,
,,product/semi-fowler-bed/?add-to-cart=9898,,all-products.html,,7,,,
,,product/sponge-holding-forcep/?add_to_wishlist=5779&_wpnonce=8f9f0fec33,,all-products.html,,1,,,
,,product/sponge-holding-forcep/?add_to_wishlist=5779&_wpnonce=8f9f0fec33,,all-products.html,,2,,,
,,product/sponge-holding-forcep/?add_to_wishlist=5779&_wpnonce=8f9f0fec33,,all-products.html,,3,,,
,,product/sponge-holding-forcep/?add_to_wishlist=5779&_wpnonce=8f9f0fec33,,all-products.html,,4,,,
,,product/sponge-holding-forcep/?add_to_wishlist=5779&_wpnonce=8f9f0fec33,,all-products.html,,5,,,
,,product/sponge-holding-forcep/?add_to_wishlist=5779&_wpnonce=8f9f0fec33,,all-products.html,,6,,,
,,product/sponge-holding-forcep/?add_to_wishlist=5779&_wpnonce=8f9f0fec33,,all-products.html,,7,,,
,,product/suture-cutting-scissor/?add-to-cart=11101,,all-products.html,,1,,,
,,product/suture-cutting-scissor/?add-to-cart=11101,,all-products.html,,2,,,
,,product/suture-cutting-scissor/?add-to-cart=11101,,all-products.html,,3,,,
,,product/suture-cutting-scissor/?add-to-cart=11101,,all-products.html,,4,,,
,,product/suture-cutting-scissor/?add-to-cart=11101,,all-products.html,,5,,,
,,product/suture-cutting-scissor/?add-to-cart=11101,,all-products.html,,6,,,
,,product/suture-cutting-scissor/?add-to-cart=11101,,all-products.html,,7,,,
,,product/suture-cutting-scissor/?add-to-cart=11140,,all-products.html,,1,,,
,,product/suture-cutting-scissor/?add-to-cart=11140,,all-products.html,,2,,,
,,product/suture-cutting-scissor/?add-to-cart=11140,,all-products.html,,3,,,
,,product/suture-cutting-scissor/?add-to-cart=11140,,all-products.html,,4,,,
,,product/suture-cutting-scissor/?add-to-cart=11140,,all-products.html,,5,,,
,,product/suture-cutting-scissor/?add-to-cart=11140,,all-products.html,,6,,,
,,product/suture-cutting-scissor/?add-to-cart=11140,,all-products.html,,7,,,
,,product/suture-cutting-scissor/?add-to-cart=11143,,all-products.html,,1,,,
,,product/suture-cutting-scissor/?add-to-cart=11143,,all-products.html,,2,,,
,,product/suture-cutting-scissor/?add-to-cart=11143,,all-products.html,,3,,,
,,product/suture-cutting-scissor/?add-to-cart=11143,,all-products.html,,4,,,
,,product/suture-cutting-scissor/?add-to-cart=11143,,all-products.html,,5,,,
,,product/suture-cutting-scissor/?add-to-cart=11143,,all-products.html,,6,,,
,,product/suture-cutting-scissor/?add-to-cart=11143,,all-products.html,,7,,,
,,product/suture-cutting-scissor/?add-to-cart=11146,,all-products.html,,1,,,
,,product/suture-cutting-scissor/?add-to-cart=11146,,all-products.html,,2,,,
,,product/suture-cutting-scissor/?add-to-cart=11146,,all-products.html,,3,,,
,,product/suture-cutting-scissor/?add-to-cart=11146,,all-products.html,,4,,,
,,product/suture-cutting-scissor/?add-to-cart=11146,,all-products.html,,5,,,
,,product/suture-cutting-scissor/?add-to-cart=11146,,all-products.html,,6,,,
,,product/suture-cutting-scissor/?add-to-cart=11146,,all-products.html,,7,,,
,,product/suture-cutting-scissor/?add-to-cart=11152,,all-products.html,,1,,,
,,product/suture-cutting-scissor/?add-to-cart=11152,,all-products.html,,2,,,
,,product/suture-cutting-scissor/?add-to-cart=11152,,all-products.html,,3,,,
,,product/suture-cutting-scissor/?add-to-cart=11152,,all-products.html,,4,,,
,,product/suture-cutting-scissor/?add-to-cart=11152,,all-products.html,,5,,,
,,product/suture-cutting-scissor/?add-to-cart=11152,,all-products.html,,6,,,
,,product/suture-cutting-scissor/?add-to-cart=11152,,all-products.html,,7,,,
,,product/suture-cutting-scissor/?add-to-cart=11164,,all-products.html,,1,,,
,,product/suture-cutting-scissor/?add-to-cart=11164,,all-products.html,,2,,,
,,product/suture-cutting-scissor/?add-to-cart=11164,,all-products.html,,3,,,
,,product/suture-cutting-scissor/?add-to-cart=11164,,all-products.html,,4,,,
,,product/suture-cutting-scissor/?add-to-cart=11164,,all-products.html,,5,,,
,,product/suture-cutting-scissor/?add-to-cart=11164,,all-products.html,,6,,,
,,product/suture-cutting-scissor/?add-to-cart=11164,,all-products.html,,7,,,
,,product/suture-cutting-scissor/?add-to-cart=6278,,all-products.html,,1,,,
,,product/suture-cutting-scissor/?add-to-cart=6278,,all-products.html,,2,,,
,,product/suture-cutting-scissor/?add-to-cart=6278,,all-products.html,,3,,,
,,product/suture-cutting-scissor/?add-to-cart=6278,,all-products.html,,4,,,
,,product/suture-cutting-scissor/?add-to-cart=6278,,all-products.html,,5,,,
,,product/suture-cutting-scissor/?add-to-cart=6278,,all-products.html,,6,,,
,,product/suture-cutting-scissor/?add-to-cart=6278,,all-products.html,,7,,,
,,product/tooth-forcep/?add-to-cart=10283,,all-products.html,,1,,,
,,product/tooth-forcep/?add-to-cart=10283,,all-products.html,,2,,,
,,product/tooth-forcep/?add-to-cart=10283,,all-products.html,,3,,,
,,product/tooth-forcep/?add-to-cart=10283,,all-products.html,,4,,,
,,product/tooth-forcep/?add-to-cart=10283,,all-products.html,,5,,,
,,product/tooth-forcep/?add-to-cart=10283,,all-products.html,,6,,,
,,product/tooth-forcep/?add-to-cart=10283,,all-products.html,,7,,,
,,product/tooth-forcep/?add-to-cart=11112,,all-products.html,,1,,,
,,product/tooth-forcep/?add-to-cart=11112,,all-products.html,,2,,,
,,product/tooth-forcep/?add-to-cart=11112,,all-products.html,,3,,,
,,product/tooth-forcep/?add-to-cart=11112,,all-products.html,,4,,,
,,product/tooth-forcep/?add-to-cart=11112,,all-products.html,,5,,,
,,product/tooth-forcep/?add-to-cart=11112,,all-products.html,,6,,,
,,product/tooth-forcep/?add-to-cart=11112,,all-products.html,,7,,,
,,product/tooth-forcep/?add-to-cart=11134,,all-products.html,,1,,,
,,product/tooth-forcep/?add-to-cart=11134,,all-products.html,,2,,,
,,product/tooth-forcep/?add-to-cart=11134,,all-products.html,,3,,,
,,product/tooth-forcep/?add-to-cart=11134,,all-products.html,,4,,,
,,product/tooth-forcep/?add-to-cart=11134,,all-products.html,,5,,,
,,product/tooth-forcep/?add-to-cart=11134,,all-products.html,,6,,,
,,product/tooth-forcep/?add-to-cart=11134,,all-products.html,,7,,,
,,product/tooth-forcep/?add-to-cart=11152,,all-products.html,,1,,,
,,product/tooth-forcep/?add-to-cart=11152,,all-products.html,,2,,,
,,product/tooth-forcep/?add-to-cart=11152,,all-products.html,,3,,,
,,product/tooth-forcep/?add-to-cart=11152,,all-products.html,,4,,,
,,product/tooth-forcep/?add-to-cart=11152,,all-products.html,,5,,,
,,product/tooth-forcep/?add-to-cart=11152,,all-products.html,,6,,,
,,product/tooth-forcep/?add-to-cart=11152,,all-products.html,,7,,,
,,product/tourniquet-machine/?add-to-cart=5544,,all-products.html,,1,,,
,,product/tourniquet-machine/?add-to-cart=5544,,all-products.html,,2,,,
,,product/tourniquet-machine/?add-to-cart=5544,,all-products.html,,3,,,
,,product/tourniquet-machine/?add-to-cart=5544,,all-products.html,,4,,,
,,product/tourniquet-machine/?add-to-cart=5544,,all-products.html,,5,,,
,,product/tourniquet-machine/?add-to-cart=5544,,all-products.html,,6,,,
,,product/tourniquet-machine/?add-to-cart=5544,,all-products.html,,7,,,
,,product/tourniquet-machine/?add-to-cart=5550,,all-products.html,,1,,,
,,product/tourniquet-machine/?add-to-cart=5550,,all-products.html,,2,,,
,,product/tourniquet-machine/?add-to-cart=5550,,all-products.html,,3,,,
,,product/tourniquet-machine/?add-to-cart=5550,,all-products.html,,4,,,
,,product/tourniquet-machine/?add-to-cart=5550,,all-products.html,,5,,,
,,product/tourniquet-machine/?add-to-cart=5550,,all-products.html,,6,,,
,,product/tourniquet-machine/?add-to-cart=5550,,all-products.html,,7,,,
,,product/vcomin-fd-530d-fetal-doppler/,,all-products.html,,1,,,
,,product/vcomin-fd-530d-fetal-doppler/,,all-products.html,,2,,,
,,product/vcomin-fd-530d-fetal-doppler/,,all-products.html,,3,,,
,,product/vcomin-fd-530d-fetal-doppler/,,all-products.html,,4,,,
,,product/vcomin-fd-530d-fetal-doppler/,,all-products.html,,5,,,
,,product/vcomin-fd-530d-fetal-doppler/,,all-products.html,,6,,,
,,product/vcomin-fd-530d-fetal-doppler/,,all-products.html,,7,,,
,,product/vein-hunter/,,all-products.html,,1,,,
,,product/vein-hunter/,,all-products.html,,2,,,
,,product/vein-hunter/,,all-products.html,,3,,,
,,product/vein-hunter/,,all-products.html,,4,,,
,,product/vein-hunter/,,all-products.html,,5,,,
,,product/vein-hunter/,,all-products.html,,6,,,
,,product/vein-hunter/,,all-products.html,,7,,,
,,product/vein-hunter/?add-to-cart=5433,,all-products.html,,1,,,
,,product/vein-hunter/?add-to-cart=5433,,all-products.html,,2,,,
,,product/vein-hunter/?add-to-cart=5433,,all-products.html,,3,,,
,,product/vein-hunter/?add-to-cart=5433,,all-products.html,,4,,,
,,product/vein-hunter/?add-to-cart=5433,,all-products.html,,5,,,
,,product/vein-hunter/?add-to-cart=5433,,all-products.html,,6,,,
,,product/vein-hunter/?add-to-cart=5433,,all-products.html,,7,,,
,,product/vulsellum-forceps/?add_to_wishlist=10277&_wpnonce=e1e8375e9d,,all-products.html,,1,,,
,,product/vulsellum-forceps/?add_to_wishlist=10277&_wpnonce=e1e8375e9d,,all-products.html,,2,,,
,,product/vulsellum-forceps/?add_to_wishlist=10277&_wpnonce=e1e8375e9d,,all-products.html,,3,,,
,,product/vulsellum-forceps/?add_to_wishlist=10277&_wpnonce=e1e8375e9d,,all-products.html,,4,,,
,,product/vulsellum-forceps/?add_to_wishlist=10277&_wpnonce=e1e8375e9d,,all-products.html,,5,,,
,,product/vulsellum-forceps/?add_to_wishlist=10277&_wpnonce=e1e8375e9d,,all-products.html,,6,,,
,,product/vulsellum-forceps/?add_to_wishlist=10277&_wpnonce=e1e8375e9d,,all-products.html,,7,,,
,,product/vulsellum-forceps/?add_to_wishlist=11105&_wpnonce=e1e8375e9d,,all-products.html,,1,,,
,,product/vulsellum-forceps/?add_to_wishlist=11105&_wpnonce=e1e8375e9d,,all-products.html,,2,,,
,,product/vulsellum-forceps/?add_to_wishlist=11105&_wpnonce=e1e8375e9d,,all-products.html,,3,,,
,,product/vulsellum-forceps/?add_to_wishlist=11105&_wpnonce=e1e8375e9d,,all-products.html,,4,,,
,,product/vulsellum-forceps/?add_to_wishlist=11105&_wpnonce=e1e8375e9d,,all-products.html,,5,,,
,,product/vulsellum-forceps/?add_to_wishlist=11105&_wpnonce=e1e8375e9d,,all-products.html,,6,,,
,,product/vulsellum-forceps/?add_to_wishlist=11105&_wpnonce=e1e8375e9d,,all-products.html,,7,,,
,,product/vulsellum-forceps/?add_to_wishlist=11146&_wpnonce=e1e8375e9d,,all-products.html,,1,,,
,,product/vulsellum-forceps/?add_to_wishlist=11146&_wpnonce=e1e8375e9d,,all-products.html,,2,,,
,,product/vulsellum-forceps/?add_to_wishlist=11146&_wpnonce=e1e8375e9d,,all-products.html,,3,,,
,,product/vulsellum-forceps/?add_to_wishlist=11146&_wpnonce=e1e8375e9d,,all-products.html,,4,,,
,,product/vulsellum-forceps/?add_to_wishlist=11146&_wpnonce=e1e8375e9d,,all-products.html,,5,,,
,,product/vulsellum-forceps/?add_to_wishlist=11146&_wpnonce=e1e8375e9d,,all-products.html,,6,,,
,,product/vulsellum-forceps/?add_to_wishlist=11146&_wpnonce=e1e8375e9d,,all-products.html,,7,,,
,,product/vulsellum-forceps/?add_to_wishlist=11155&_wpnonce=e1e8375e9d,,all-products.html,,1,,,
,,product/vulsellum-forceps/?add_to_wishlist=11155&_wpnonce=e1e8375e9d,,all-products.html,,2,,,
,,product/vulsellum-forceps/?add_to_wishlist=11155&_wpnonce=e1e8375e9d,,all-products.html,,3,,,
,,product/vulsellum-forceps/?add_to_wishlist=11155&_wpnonce=e1e8375e9d,,all-products.html,,4,,,
,,product/vulsellum-forceps/?add_to_wishlist=11155&_wpnonce=e1e8375e9d,,all-products.html,,5,,,
,,product/vulsellum-forceps/?add_to_wishlist=11155&_wpnonce=e1e8375e9d,,all-products.html,,6,,,
,,product/vulsellum-forceps/?add_to_wishlist=11155&_wpnonce=e1e8375e9d,,all-products.html,,7,,,
,,product/vulsellum-forceps/?add_to_wishlist=11164&_wpnonce=e1e8375e9d,,all-products.html,,1,,,
,,product/vulsellum-forceps/?add_to_wishlist=11164&_wpnonce=e1e8375e9d,,all-products.html,,2,,,
,,product/vulsellum-forceps/?add_to_wishlist=11164&_wpnonce=e1e8375e9d,,all-products.html,,3,,,
,,product/vulsellum-forceps/?add_to_wishlist=11164&_wpnonce=e1e8375e9d,,all-products.html,,4,,,
,,product/vulsellum-forceps/?add_to_wishlist=11164&_wpnonce=e1e8375e9d,,all-products.html,,5,,,
,,product/vulsellum-forceps/?add_to_wishlist=11164&_wpnonce=e1e8375e9d,,all-products.html,,6,,,
,,product/vulsellum-forceps/?add_to_wishlist=11164&_wpnonce=e1e8375e9d,,all-products.html,,7,,,
,,product/vulsellum-forceps/?add-to-cart=11105,,all-products.html,,1,,,
,,product/vulsellum-forceps/?add-to-cart=11105,,all-products.html,,2,,,
,,product/vulsellum-forceps/?add-to-cart=11105,,all-products.html,,3,,,
,,product/vulsellum-forceps/?add-to-cart=11105,,all-products.html,,4,,,
,,product/vulsellum-forceps/?add-to-cart=11105,,all-products.html,,5,,,
,,product/vulsellum-forceps/?add-to-cart=11105,,all-products.html,,6,,,
,,product/vulsellum-forceps/?add-to-cart=11105,,all-products.html,,7,,,
,,product/vulsellum-forceps/?add-to-cart=11150,,all-products.html,,1,,,
,,product/vulsellum-forceps/?add-to-cart=11150,,all-products.html,,2,,,
,,product/vulsellum-forceps/?add-to-cart=11150,,all-products.html,,3,,,
,,product/vulsellum-forceps/?add-to-cart=11150,,all-products.html,,4,,,
,,product/vulsellum-forceps/?add-to-cart=11150,,all-products.html,,5,,,
,,product/vulsellum-forceps/?add-to-cart=11150,,all-products.html,,6,,,
,,product/vulsellum-forceps/?add-to-cart=11150,,all-products.html,,7,,,
,,product/vulsellum-forceps/?add-to-cart=11155,,all-products.html,,1,,,
,,product/vulsellum-forceps/?add-to-cart=11155,,all-products.html,,2,,,
,,product/vulsellum-forceps/?add-to-cart=11155,,all-products.html,,3,,,
,,product/vulsellum-forceps/?add-to-cart=11155,,all-products.html,,4,,,
,,product/vulsellum-forceps/?add-to-cart=11155,,all-products.html,,5,,,
,,product/vulsellum-forceps/?add-to-cart=11155,,all-products.html,,6,,,
,,product/vulsellum-forceps/?add-to-cart=11155,,all-products.html,,7,,,
,,product/welch-allyn-3-5v-fibre-optic-led-otoscope-set-25282-cl-rechargeable/?add-to-cart=5431,,professional-diagnostic-equipment/product/otoscopes.html,,1,,,
,,product/welch-allyn-3-5v-fibre-optic-led-otoscope-set-25282-cl-rechargeable/?add-to-cart=5431,,professional-diagnostic-equipment/product/otoscopes.html,,2,,,
,,product/welch-allyn-3-5v-fibre-optic-led-otoscope-set-25282-cl-rechargeable/?add-to-cart=5431,,professional-diagnostic-equipment/product/otoscopes.html,,3,,,
,,product/welch-allyn-3-5v-fibre-optic-led-otoscope-set-25282-cl-rechargeable/?add-to-cart=5431,,professional-diagnostic-equipment/product/otoscopes.html,,4,,,
,,product/welch-allyn-3-5v-fibre-optic-led-otoscope-set-25282-cl-rechargeable/?add-to-cart=5431,,professional-diagnostic-equipment/product/otoscopes.html,,5,,,
,,product/welch-allyn-3-5v-fibre-optic-led-otoscope-set-25282-cl-rechargeable/?add-to-cart=5431,,professional-diagnostic-equipment/product/otoscopes.html,,6,,,
,,product/welch-allyn-3-5v-fibre-optic-led-otoscope-set-25282-cl-rechargeable/?add-to-cart=5431,,professional-diagnostic-equipment/product/otoscopes.html,,7,,,
,,product/welch-allyn-3-5v-fibre-optic-led-otoscope-set-25282-cl-rechargeable/?add-to-cart=5441,,professional-diagnostic-equipment/product/otoscopes.html,,1,,,
,,product/welch-allyn-3-5v-fibre-optic-led-otoscope-set-25282-cl-rechargeable/?add-to-cart=5441,,professional-diagnostic-equipment/product/otoscopes.html,,2,,,
,,product/welch-allyn-3-5v-fibre-optic-led-otoscope-set-25282-cl-rechargeable/?add-to-cart=5441,,professional-diagnostic-equipment/product/otoscopes.html,,3,,,
,,product/welch-allyn-3-5v-fibre-optic-led-otoscope-set-25282-cl-rechargeable/?add-to-cart=5441,,professional-diagnostic-equipment/product/otoscopes.html,,4,,,
,,product/welch-allyn-3-5v-fibre-optic-led-otoscope-set-25282-cl-rechargeable/?add-to-cart=5441,,professional-diagnostic-equipment/product/otoscopes.html,,5,,,
,,product/welch-allyn-3-5v-fibre-optic-led-otoscope-set-25282-cl-rechargeable/?add-to-cart=5441,,professional-diagnostic-equipment/product/otoscopes.html,,6,,,
,,product/welch-allyn-3-5v-fibre-optic-led-otoscope-set-25282-cl-rechargeable/?add-to-cart=5441,,professional-diagnostic-equipment/product/otoscopes.html,,7,,,
,,product/welch-allyn-3-5v-fibre-optic-led-otoscope-set-25282-cl-rechargeable/?add-to-cart=5521,,professional-diagnostic-equipment/product/otoscopes.html,,1,,,
,,product/welch-allyn-3-5v-fibre-optic-led-otoscope-set-25282-cl-rechargeable/?add-to-cart=5521,,professional-diagnostic-equipment/product/otoscopes.html,,2,,,
,,product/welch-allyn-3-5v-fibre-optic-led-otoscope-set-25282-cl-rechargeable/?add-to-cart=5521,,professional-diagnostic-equipment/product/otoscopes.html,,3,,,
,,product/welch-allyn-3-5v-fibre-optic-led-otoscope-set-25282-cl-rechargeable/?add-to-cart=5521,,professional-diagnostic-equipment/product/otoscopes.html,,4,,,
,,product/welch-allyn-3-5v-fibre-optic-led-otoscope-set-25282-cl-rechargeable/?add-to-cart=5521,,professional-diagnostic-equipment/product/otoscopes.html,,5,,,
,,product/welch-allyn-3-5v-fibre-optic-led-otoscope-set-25282-cl-rechargeable/?add-to-cart=5521,,professional-diagnostic-equipment/product/otoscopes.html,,6,,,
,,product/welch-allyn-3-5v-fibre-optic-led-otoscope-set-25282-cl-rechargeable/?add-to-cart=5521,,professional-diagnostic-equipment/product/otoscopes.html,,7,,,
,,product/welch-allyn-3-5v-fibre-optic-led-otoscope-set-25282-cl-rechargeable/?add-to-cart=5541,,professional-diagnostic-equipment/product/otoscopes.html,,1,,,
,,product/welch-allyn-3-5v-fibre-optic-led-otoscope-set-25282-cl-rechargeable/?add-to-cart=5541,,professional-diagnostic-equipment/product/otoscopes.html,,2,,,
,,product/welch-allyn-3-5v-fibre-optic-led-otoscope-set-25282-cl-rechargeable/?add-to-cart=5541,,professional-diagnostic-equipment/product/otoscopes.html,,3,,,
,,product/welch-allyn-3-5v-fibre-optic-led-otoscope-set-25282-cl-rechargeable/?add-to-cart=5541,,professional-diagnostic-equipment/product/otoscopes.html,,4,,,
,,product/welch-allyn-3-5v-fibre-optic-led-otoscope-set-25282-cl-rechargeable/?add-to-cart=5541,,professional-diagnostic-equipment/product/otoscopes.html,,5,,,
,,product/welch-allyn-3-5v-fibre-optic-led-otoscope-set-25282-cl-rechargeable/?add-to-cart=5541,,professional-diagnostic-equipment/product/otoscopes.html,,6,,,
,,product/welch-allyn-3-5v-fibre-optic-led-otoscope-set-25282-cl-rechargeable/?add-to-cart=5541,,professional-diagnostic-equipment/product/otoscopes.html,,7,,,
,,product/welch-allyn-3-5v-fibre-optic-led-otoscope-set-25282-cl-rechargeable/?add-to-cart=5542,,professional-diagnostic-equipment/product/otoscopes.html,,1,,,
,,product/welch-allyn-3-5v-fibre-optic-led-otoscope-set-25282-cl-rechargeable/?add-to-cart=5542,,professional-diagnostic-equipment/product/otoscopes.html,,2,,,
,,product/welch-allyn-3-5v-fibre-optic-led-otoscope-set-25282-cl-rechargeable/?add-to-cart=5542,,professional-diagnostic-equipment/product/otoscopes.html,,3,,,
,,product/welch-allyn-3-5v-fibre-optic-led-otoscope-set-25282-cl-rechargeable/?add-to-cart=5542,,professional-diagnostic-equipment/product/otoscopes.html,,4,,,
,,product/welch-allyn-3-5v-fibre-optic-led-otoscope-set-25282-cl-rechargeable/?add-to-cart=5542,,professional-diagnostic-equipment/product/otoscopes.html,,5,,,
,,product/welch-allyn-3-5v-fibre-optic-led-otoscope-set-25282-cl-rechargeable/?add-to-cart=5542,,professional-diagnostic-equipment/product/otoscopes.html,,6,,,
,,product/welch-allyn-3-5v-fibre-optic-led-otoscope-set-25282-cl-rechargeable/?add-to-cart=5542,,professional-diagnostic-equipment/product/otoscopes.html,,7,,,
,,product/welch-allyn-92880-pur-pocketplus-led-diagnostic-set-otoscopeophthalmoscope-with-hard-case-by-otica-purple/?add_to_wishlist=5519&_wpnonce=ef95b38fda,,professional-diagnostic-equipment/product/otoscopes.html,,1,,,
,,product/welch-allyn-92880-pur-pocketplus-led-diagnostic-set-otoscopeophthalmoscope-with-hard-case-by-otica-purple/?add_to_wishlist=5519&_wpnonce=ef95b38fda,,professional-diagnostic-equipment/product/otoscopes.html,,2,,,
,,product/welch-allyn-92880-pur-pocketplus-led-diagnostic-set-otoscopeophthalmoscope-with-hard-case-by-otica-purple/?add_to_wishlist=5519&_wpnonce=ef95b38fda,,professional-diagnostic-equipment/product/otoscopes.html,,3,,,
,,product/welch-allyn-92880-pur-pocketplus-led-diagnostic-set-otoscopeophthalmoscope-with-hard-case-by-otica-purple/?add_to_wishlist=5519&_wpnonce=ef95b38fda,,professional-diagnostic-equipment/product/otoscopes.html,,4,,,
,,product/welch-allyn-92880-pur-pocketplus-led-diagnostic-set-otoscopeophthalmoscope-with-hard-case-by-otica-purple/?add_to_wishlist=5519&_wpnonce=ef95b38fda,,professional-diagnostic-equipment/product/otoscopes.html,,5,,,
,,product/welch-allyn-92880-pur-pocketplus-led-diagnostic-set-otoscopeophthalmoscope-with-hard-case-by-otica-purple/?add_to_wishlist=5519&_wpnonce=ef95b38fda,,professional-diagnostic-equipment/product/otoscopes.html,,6,,,
,,product/welch-allyn-92880-pur-pocketplus-led-diagnostic-set-otoscopeophthalmoscope-with-hard-case-by-otica-purple/?add_to_wishlist=5519&_wpnonce=ef95b38fda,,professional-diagnostic-equipment/product/otoscopes.html,,7,,,
,,product/welch-allyn-92880-pur-pocketplus-led-diagnostic-set-otoscopeophthalmoscope-with-hard-case-by-otica-purple/?add_to_wishlist=5521&_wpnonce=ef95b38fda,,professional-diagnostic-equipment/product/otoscopes.html,,1,,,
,,product/welch-allyn-92880-pur-pocketplus-led-diagnostic-set-otoscopeophthalmoscope-with-hard-case-by-otica-purple/?add_to_wishlist=5521&_wpnonce=ef95b38fda,,professional-diagnostic-equipment/product/otoscopes.html,,2,,,
,,product/welch-allyn-92880-pur-pocketplus-led-diagnostic-set-otoscopeophthalmoscope-with-hard-case-by-otica-purple/?add_to_wishlist=5521&_wpnonce=ef95b38fda,,professional-diagnostic-equipment/product/otoscopes.html,,3,,,
,,product/welch-allyn-92880-pur-pocketplus-led-diagnostic-set-otoscopeophthalmoscope-with-hard-case-by-otica-purple/?add_to_wishlist=5521&_wpnonce=ef95b38fda,,professional-diagnostic-equipment/product/otoscopes.html,,4,,,
,,product/welch-allyn-92880-pur-pocketplus-led-diagnostic-set-otoscopeophthalmoscope-with-hard-case-by-otica-purple/?add_to_wishlist=5521&_wpnonce=ef95b38fda,,professional-diagnostic-equipment/product/otoscopes.html,,5,,,
,,product/welch-allyn-92880-pur-pocketplus-led-diagnostic-set-otoscopeophthalmoscope-with-hard-case-by-otica-purple/?add_to_wishlist=5521&_wpnonce=ef95b38fda,,professional-diagnostic-equipment/product/otoscopes.html,,6,,,
,,product/welch-allyn-92880-pur-pocketplus-led-diagnostic-set-otoscopeophthalmoscope-with-hard-case-by-otica-purple/?add_to_wishlist=5521&_wpnonce=ef95b38fda,,professional-diagnostic-equipment/product/otoscopes.html,,7,,,
,,product/welch-allyn-92880-pur-pocketplus-led-diagnostic-set-otoscopeophthalmoscope-with-hard-case-by-otica-purple/?add_to_wishlist=5533&_wpnonce=ef95b38fda,,professional-diagnostic-equipment/product/otoscopes.html,,1,,,
,,product/welch-allyn-92880-pur-pocketplus-led-diagnostic-set-otoscopeophthalmoscope-with-hard-case-by-otica-purple/?add_to_wishlist=5533&_wpnonce=ef95b38fda,,professional-diagnostic-equipment/product/otoscopes.html,,2,,,
,,product/welch-allyn-92880-pur-pocketplus-led-diagnostic-set-otoscopeophthalmoscope-with-hard-case-by-otica-purple/?add_to_wishlist=5533&_wpnonce=ef95b38fda,,professional-diagnostic-equipment/product/otoscopes.html,,3,,,
,,product/welch-allyn-92880-pur-pocketplus-led-diagnostic-set-otoscopeophthalmoscope-with-hard-case-by-otica-purple/?add_to_wishlist=5533&_wpnonce=ef95b38fda,,professional-diagnostic-equipment/product/otoscopes.html,,4,,,
,,product/welch-allyn-92880-pur-pocketplus-led-diagnostic-set-otoscopeophthalmoscope-with-hard-case-by-otica-purple/?add_to_wishlist=5533&_wpnonce=ef95b38fda,,professional-diagnostic-equipment/product/otoscopes.html,,5,,,
,,product/welch-allyn-92880-pur-pocketplus-led-diagnostic-set-otoscopeophthalmoscope-with-hard-case-by-otica-purple/?add_to_wishlist=5533&_wpnonce=ef95b38fda,,professional-diagnostic-equipment/product/otoscopes.html,,6,,,
,,product/welch-allyn-92880-pur-pocketplus-led-diagnostic-set-otoscopeophthalmoscope-with-hard-case-by-otica-purple/?add_to_wishlist=5533&_wpnonce=ef95b38fda,,professional-diagnostic-equipment/product/otoscopes.html,,7,,,
,,product/welch-allyn-92880-pur-pocketplus-led-diagnostic-set-otoscopeophthalmoscope-with-hard-case-by-otica-purple/?add_to_wishlist=5550&_wpnonce=ef95b38fda,,professional-diagnostic-equipment/product/otoscopes.html,,1,,,
,,product/welch-allyn-92880-pur-pocketplus-led-diagnostic-set-otoscopeophthalmoscope-with-hard-case-by-otica-purple/?add_to_wishlist=5550&_wpnonce=ef95b38fda,,professional-diagnostic-equipment/product/otoscopes.html,,2,,,
,,product/welch-allyn-92880-pur-pocketplus-led-diagnostic-set-otoscopeophthalmoscope-with-hard-case-by-otica-purple/?add_to_wishlist=5550&_wpnonce=ef95b38fda,,professional-diagnostic-equipment/product/otoscopes.html,,3,,,
,,product/welch-allyn-92880-pur-pocketplus-led-diagnostic-set-otoscopeophthalmoscope-with-hard-case-by-otica-purple/?add_to_wishlist=5550&_wpnonce=ef95b38fda,,professional-diagnostic-equipment/product/otoscopes.html,,4,,,
,,product/welch-allyn-92880-pur-pocketplus-led-diagnostic-set-otoscopeophthalmoscope-with-hard-case-by-otica-purple/?add_to_wishlist=5550&_wpnonce=ef95b38fda,,professional-diagnostic-equipment/product/otoscopes.html,,5,,,
,,product/welch-allyn-92880-pur-pocketplus-led-diagnostic-set-otoscopeophthalmoscope-with-hard-case-by-otica-purple/?add_to_wishlist=5550&_wpnonce=ef95b38fda,,professional-diagnostic-equipment/product/otoscopes.html,,6,,,
,,product/welch-allyn-92880-pur-pocketplus-led-diagnostic-set-otoscopeophthalmoscope-with-hard-case-by-otica-purple/?add_to_wishlist=5550&_wpnonce=ef95b38fda,,professional-diagnostic-equipment/product/otoscopes.html,,7,,,
,,product/welch-allyn-92880-pur-pocketplus-led-diagnostic-set-otoscopeophthalmoscope-with-hard-case-by-otica-purple/?add_to_wishlist=5926&_wpnonce=ef95b38fda,,professional-diagnostic-equipment/product/otoscopes.html,,1,,,
,,product/welch-allyn-92880-pur-pocketplus-led-diagnostic-set-otoscopeophthalmoscope-with-hard-case-by-otica-purple/?add_to_wishlist=5926&_wpnonce=ef95b38fda,,professional-diagnostic-equipment/product/otoscopes.html,,2,,,
,,product/welch-allyn-92880-pur-pocketplus-led-diagnostic-set-otoscopeophthalmoscope-with-hard-case-by-otica-purple/?add_to_wishlist=5926&_wpnonce=ef95b38fda,,professional-diagnostic-equipment/product/otoscopes.html,,3,,,
,,product/welch-allyn-92880-pur-pocketplus-led-diagnostic-set-otoscopeophthalmoscope-with-hard-case-by-otica-purple/?add_to_wishlist=5926&_wpnonce=ef95b38fda,,professional-diagnostic-equipment/product/otoscopes.html,,4,,,
,,product/welch-allyn-92880-pur-pocketplus-led-diagnostic-set-otoscopeophthalmoscope-with-hard-case-by-otica-purple/?add_to_wishlist=5926&_wpnonce=ef95b38fda,,professional-diagnostic-equipment/product/otoscopes.html,,5,,,
,,product/welch-allyn-92880-pur-pocketplus-led-diagnostic-set-otoscopeophthalmoscope-with-hard-case-by-otica-purple/?add_to_wishlist=5926&_wpnonce=ef95b38fda,,professional-diagnostic-equipment/product/otoscopes.html,,6,,,
,,product/welch-allyn-92880-pur-pocketplus-led-diagnostic-set-otoscopeophthalmoscope-with-hard-case-by-otica-purple/?add_to_wishlist=5926&_wpnonce=ef95b38fda,,professional-diagnostic-equipment/product/otoscopes.html,,7,,,
,,product/welch-allyn-92880-pur-pocketplus-led-diagnostic-set-otoscopeophthalmoscope-with-hard-case-by-otica-purple/?add-to-cart=5431,,professional-diagnostic-equipment/product/otoscopes.html,,1,,,
,,product/welch-allyn-92880-pur-pocketplus-led-diagnostic-set-otoscopeophthalmoscope-with-hard-case-by-otica-purple/?add-to-cart=5431,,professional-diagnostic-equipment/product/otoscopes.html,,2,,,
,,product/welch-allyn-92880-pur-pocketplus-led-diagnostic-set-otoscopeophthalmoscope-with-hard-case-by-otica-purple/?add-to-cart=5431,,professional-diagnostic-equipment/product/otoscopes.html,,3,,,
,,product/welch-allyn-92880-pur-pocketplus-led-diagnostic-set-otoscopeophthalmoscope-with-hard-case-by-otica-purple/?add-to-cart=5431,,professional-diagnostic-equipment/product/otoscopes.html,,4,,,
,,product/welch-allyn-92880-pur-pocketplus-led-diagnostic-set-otoscopeophthalmoscope-with-hard-case-by-otica-purple/?add-to-cart=5431,,professional-diagnostic-equipment/product/otoscopes.html,,5,,,
,,product/welch-allyn-92880-pur-pocketplus-led-diagnostic-set-otoscopeophthalmoscope-with-hard-case-by-otica-purple/?add-to-cart=5431,,professional-diagnostic-equipment/product/otoscopes.html,,6,,,
,,product/welch-allyn-92880-pur-pocketplus-led-diagnostic-set-otoscopeophthalmoscope-with-hard-case-by-otica-purple/?add-to-cart=5431,,professional-diagnostic-equipment/product/otoscopes.html,,7,,,
,,product/welch-allyn-92880-pur-pocketplus-led-diagnostic-set-otoscopeophthalmoscope-with-hard-case-by-otica-purple/?add-to-cart=5433,,professional-diagnostic-equipment/product/otoscopes.html,,1,,,
,,product/welch-allyn-92880-pur-pocketplus-led-diagnostic-set-otoscopeophthalmoscope-with-hard-case-by-otica-purple/?add-to-cart=5433,,professional-diagnostic-equipment/product/otoscopes.html,,2,,,
,,product/welch-allyn-92880-pur-pocketplus-led-diagnostic-set-otoscopeophthalmoscope-with-hard-case-by-otica-purple/?add-to-cart=5433,,professional-diagnostic-equipment/product/otoscopes.html,,3,,,
,,product/welch-allyn-92880-pur-pocketplus-led-diagnostic-set-otoscopeophthalmoscope-with-hard-case-by-otica-purple/?add-to-cart=5433,,professional-diagnostic-equipment/product/otoscopes.html,,4,,,
,,product/welch-allyn-92880-pur-pocketplus-led-diagnostic-set-otoscopeophthalmoscope-with-hard-case-by-otica-purple/?add-to-cart=5433,,professional-diagnostic-equipment/product/otoscopes.html,,5,,,
,,product/welch-allyn-92880-pur-pocketplus-led-diagnostic-set-otoscopeophthalmoscope-with-hard-case-by-otica-purple/?add-to-cart=5433,,professional-diagnostic-equipment/product/otoscopes.html,,6,,,
,,product/welch-allyn-92880-pur-pocketplus-led-diagnostic-set-otoscopeophthalmoscope-with-hard-case-by-otica-purple/?add-to-cart=5433,,professional-diagnostic-equipment/product/otoscopes.html,,7,,,
,,product/welch-allyn-92880-pur-pocketplus-led-diagnostic-set-otoscopeophthalmoscope-with-hard-case-by-otica-purple/?add-to-cart=5521,,professional-diagnostic-equipment/product/otoscopes.html,,1,,,
,,product/welch-allyn-92880-pur-pocketplus-led-diagnostic-set-otoscopeophthalmoscope-with-hard-case-by-otica-purple/?add-to-cart=5521,,professional-diagnostic-equipment/product/otoscopes.html,,2,,,
,,product/welch-allyn-92880-pur-pocketplus-led-diagnostic-set-otoscopeophthalmoscope-with-hard-case-by-otica-purple/?add-to-cart=5521,,professional-diagnostic-equipment/product/otoscopes.html,,3,,,
,,product/welch-allyn-92880-pur-pocketplus-led-diagnostic-set-otoscopeophthalmoscope-with-hard-case-by-otica-purple/?add-to-cart=5521,,professional-diagnostic-equipment/product/otoscopes.html,,4,,,
,,product/welch-allyn-92880-pur-pocketplus-led-diagnostic-set-otoscopeophthalmoscope-with-hard-case-by-otica-purple/?add-to-cart=5521,,professional-diagnostic-equipment/product/otoscopes.html,,5,,,
,,product/welch-allyn-92880-pur-pocketplus-led-diagnostic-set-otoscopeophthalmoscope-with-hard-case-by-otica-purple/?add-to-cart=5521,,professional-diagnostic-equipment/product/otoscopes.html,,6,,,
,,product/welch-allyn-92880-pur-pocketplus-led-diagnostic-set-otoscopeophthalmoscope-with-hard-case-by-otica-purple/?add-to-cart=5521,,professional-diagnostic-equipment/product/otoscopes.html,,7,,,
,,product/welch-allyn-92880-pur-pocketplus-led-diagnostic-set-otoscopeophthalmoscope-with-hard-case-by-otica-purple/?add-to-cart=5533,,professional-diagnostic-equipment/product/otoscopes.html,,1,,,
,,product/welch-allyn-92880-pur-pocketplus-led-diagnostic-set-otoscopeophthalmoscope-with-hard-case-by-otica-purple/?add-to-cart=5533,,professional-diagnostic-equipment/product/otoscopes.html,,2,,,
,,product/welch-allyn-92880-pur-pocketplus-led-diagnostic-set-otoscopeophthalmoscope-with-hard-case-by-otica-purple/?add-to-cart=5533,,professional-diagnostic-equipment/product/otoscopes.html,,3,,,
,,product/welch-allyn-92880-pur-pocketplus-led-diagnostic-set-otoscopeophthalmoscope-with-hard-case-by-otica-purple/?add-to-cart=5533,,professional-diagnostic-equipment/product/otoscopes.html,,4,,,
,,product/welch-allyn-92880-pur-pocketplus-led-diagnostic-set-otoscopeophthalmoscope-with-hard-case-by-otica-purple/?add-to-cart=5533,,professional-diagnostic-equipment/product/otoscopes.html,,5,,,
,,product/welch-allyn-92880-pur-pocketplus-led-diagnostic-set-otoscopeophthalmoscope-with-hard-case-by-otica-purple/?add-to-cart=5533,,professional-diagnostic-equipment/product/otoscopes.html,,6,,,
,,product/welch-allyn-92880-pur-pocketplus-led-diagnostic-set-otoscopeophthalmoscope-with-hard-case-by-otica-purple/?add-to-cart=5533,,professional-diagnostic-equipment/product/otoscopes.html,,7,,,
,,product/welch-allyn-92880-pur-pocketplus-led-diagnostic-set-otoscopeophthalmoscope-with-hard-case-by-otica-purple/?add-to-cart=5541,,professional-diagnostic-equipment/product/otoscopes.html,,1,,,
,,product/welch-allyn-92880-pur-pocketplus-led-diagnostic-set-otoscopeophthalmoscope-with-hard-case-by-otica-purple/?add-to-cart=5541,,professional-diagnostic-equipment/product/otoscopes.html,,2,,,
,,product/welch-allyn-92880-pur-pocketplus-led-diagnostic-set-otoscopeophthalmoscope-with-hard-case-by-otica-purple/?add-to-cart=5541,,professional-diagnostic-equipment/product/otoscopes.html,,3,,,
,,product/welch-allyn-92880-pur-pocketplus-led-diagnostic-set-otoscopeophthalmoscope-with-hard-case-by-otica-purple/?add-to-cart=5541,,professional-diagnostic-equipment/product/otoscopes.html,,4,,,
,,product/welch-allyn-92880-pur-pocketplus-led-diagnostic-set-otoscopeophthalmoscope-with-hard-case-by-otica-purple/?add-to-cart=5541,,professional-diagnostic-equipment/product/otoscopes.html,,5,,,
,,product/welch-allyn-92880-pur-pocketplus-led-diagnostic-set-otoscopeophthalmoscope-with-hard-case-by-otica-purple/?add-to-cart=5541,,professional-diagnostic-equipment/product/otoscopes.html,,6,,,
,,product/welch-allyn-92880-pur-pocketplus-led-diagnostic-set-otoscopeophthalmoscope-with-hard-case-by-otica-purple/?add-to-cart=5541,,professional-diagnostic-equipment/product/otoscopes.html,,7,,,
,,product/welch-allyn-bulb-for-diagnostic-otoscope-2-5v-eapart-no-03400-u/?add_to_wishlist=5500&_wpnonce=e1e8375e9d,,professional-diagnostic-equipment/product/otoscopes.html,,1,,,
,,product/welch-allyn-bulb-for-diagnostic-otoscope-2-5v-eapart-no-03400-u/?add_to_wishlist=5500&_wpnonce=e1e8375e9d,,professional-diagnostic-equipment/product/otoscopes.html,,2,,,
,,product/welch-allyn-bulb-for-diagnostic-otoscope-2-5v-eapart-no-03400-u/?add_to_wishlist=5500&_wpnonce=e1e8375e9d,,professional-diagnostic-equipment/product/otoscopes.html,,3,,,
,,product/welch-allyn-bulb-for-diagnostic-otoscope-2-5v-eapart-no-03400-u/?add_to_wishlist=5500&_wpnonce=e1e8375e9d,,professional-diagnostic-equipment/product/otoscopes.html,,4,,,
,,product/welch-allyn-bulb-for-diagnostic-otoscope-2-5v-eapart-no-03400-u/?add_to_wishlist=5500&_wpnonce=e1e8375e9d,,professional-diagnostic-equipment/product/otoscopes.html,,5,,,
,,product/welch-allyn-bulb-for-diagnostic-otoscope-2-5v-eapart-no-03400-u/?add_to_wishlist=5500&_wpnonce=e1e8375e9d,,professional-diagnostic-equipment/product/otoscopes.html,,6,,,
,,product/welch-allyn-bulb-for-diagnostic-otoscope-2-5v-eapart-no-03400-u/?add_to_wishlist=5500&_wpnonce=e1e8375e9d,,professional-diagnostic-equipment/product/otoscopes.html,,7,,,
,,product/welch-allyn-bulb-for-diagnostic-otoscope-2-5v-eapart-no-03400-u/?add_to_wishlist=6328&_wpnonce=e1e8375e9d,,professional-diagnostic-equipment/product/otoscopes.html,,1,,,
,,product/welch-allyn-bulb-for-diagnostic-otoscope-2-5v-eapart-no-03400-u/?add_to_wishlist=6328&_wpnonce=e1e8375e9d,,professional-diagnostic-equipment/product/otoscopes.html,,2,,,
,,product/welch-allyn-bulb-for-diagnostic-otoscope-2-5v-eapart-no-03400-u/?add_to_wishlist=6328&_wpnonce=e1e8375e9d,,professional-diagnostic-equipment/product/otoscopes.html,,3,,,
,,product/welch-allyn-bulb-for-diagnostic-otoscope-2-5v-eapart-no-03400-u/?add_to_wishlist=6328&_wpnonce=e1e8375e9d,,professional-diagnostic-equipment/product/otoscopes.html,,4,,,
,,product/welch-allyn-bulb-for-diagnostic-otoscope-2-5v-eapart-no-03400-u/?add_to_wishlist=6328&_wpnonce=e1e8375e9d,,professional-diagnostic-equipment/product/otoscopes.html,,5,,,
,,product/welch-allyn-bulb-for-diagnostic-otoscope-2-5v-eapart-no-03400-u/?add_to_wishlist=6328&_wpnonce=e1e8375e9d,,professional-diagnostic-equipment/product/otoscopes.html,,6,,,
,,product/welch-allyn-bulb-for-diagnostic-otoscope-2-5v-eapart-no-03400-u/?add_to_wishlist=6328&_wpnonce=e1e8375e9d,,professional-diagnostic-equipment/product/otoscopes.html,,7,,,
,,product/welch-allyn-bulb-for-diagnostic-otoscope-2-5v-eapart-no-03400-u/?add-to-cart=5441,,professional-diagnostic-equipment/product/otoscopes.html,,1,,,
,,product/welch-allyn-bulb-for-diagnostic-otoscope-2-5v-eapart-no-03400-u/?add-to-cart=5441,,professional-diagnostic-equipment/product/otoscopes.html,,2,,,
,,product/welch-allyn-bulb-for-diagnostic-otoscope-2-5v-eapart-no-03400-u/?add-to-cart=5441,,professional-diagnostic-equipment/product/otoscopes.html,,3,,,
,,product/welch-allyn-bulb-for-diagnostic-otoscope-2-5v-eapart-no-03400-u/?add-to-cart=5441,,professional-diagnostic-equipment/product/otoscopes.html,,4,,,
,,product/welch-allyn-bulb-for-diagnostic-otoscope-2-5v-eapart-no-03400-u/?add-to-cart=5441,,professional-diagnostic-equipment/product/otoscopes.html,,5,,,
,,product/welch-allyn-bulb-for-diagnostic-otoscope-2-5v-eapart-no-03400-u/?add-to-cart=5441,,professional-diagnostic-equipment/product/otoscopes.html,,6,,,
,,product/welch-allyn-bulb-for-diagnostic-otoscope-2-5v-eapart-no-03400-u/?add-to-cart=5441,,professional-diagnostic-equipment/product/otoscopes.html,,7,,,
,,product/welch-allyn-bulb-for-diagnostic-otoscope-2-5v-eapart-no-03400-u/?add-to-cart=5544,,professional-diagnostic-equipment/product/otoscopes.html,,1,,,
,,product/welch-allyn-bulb-for-diagnostic-otoscope-2-5v-eapart-no-03400-u/?add-to-cart=5544,,professional-diagnostic-equipment/product/otoscopes.html,,2,,,
,,product/welch-allyn-bulb-for-diagnostic-otoscope-2-5v-eapart-no-03400-u/?add-to-cart=5544,,professional-diagnostic-equipment/product/otoscopes.html,,3,,,
,,product/welch-allyn-bulb-for-diagnostic-otoscope-2-5v-eapart-no-03400-u/?add-to-cart=5544,,professional-diagnostic-equipment/product/otoscopes.html,,4,,,
,,product/welch-allyn-bulb-for-diagnostic-otoscope-2-5v-eapart-no-03400-u/?add-to-cart=5544,,professional-diagnostic-equipment/product/otoscopes.html,,5,,,
,,product/welch-allyn-bulb-for-diagnostic-otoscope-2-5v-eapart-no-03400-u/?add-to-cart=5544,,professional-diagnostic-equipment/product/otoscopes.html,,6,,,
,,product/welch-allyn-bulb-for-diagnostic-otoscope-2-5v-eapart-no-03400-u/?add-to-cart=5544,,professional-diagnostic-equipment/product/otoscopes.html,,7,,,
,,product/welch-allyn-bulb-for-diagnostic-otoscope-2-5v-eapart-no-03400-u/?add-to-cart=5550,,professional-diagnostic-equipment/product/otoscopes.html,,1,,,
,,product/welch-allyn-bulb-for-diagnostic-otoscope-2-5v-eapart-no-03400-u/?add-to-cart=5550,,professional-diagnostic-equipment/product/otoscopes.html,,2,,,
,,product/welch-allyn-bulb-for-diagnostic-otoscope-2-5v-eapart-no-03400-u/?add-to-cart=5550,,professional-diagnostic-equipment/product/otoscopes.html,,3,,,
,,product/welch-allyn-bulb-for-diagnostic-otoscope-2-5v-eapart-no-03400-u/?add-to-cart=5550,,professional-diagnostic-equipment/product/otoscopes.html,,4,,,
,,product/welch-allyn-bulb-for-diagnostic-otoscope-2-5v-eapart-no-03400-u/?add-to-cart=5550,,professional-diagnostic-equipment/product/otoscopes.html,,5,,,
,,product/welch-allyn-bulb-for-diagnostic-otoscope-2-5v-eapart-no-03400-u/?add-to-cart=5550,,professional-diagnostic-equipment/product/otoscopes.html,,6,,,
,,product/welch-allyn-bulb-for-diagnostic-otoscope-2-5v-eapart-no-03400-u/?add-to-cart=5550,,professional-diagnostic-equipment/product/otoscopes.html,,7,,,
,,product/welch-allyn-coaxial-ophthalmoscope-head-only-11720-l/?add_to_wishlist=5500&_wpnonce=c997d212ae,,professional-diagnostic-equipment/product/ophthalmoscope.html,,1,,,
,,product/welch-allyn-coaxial-ophthalmoscope-head-only-11720-l/?add_to_wishlist=5500&_wpnonce=c997d212ae,,professional-diagnostic-equipment/product/ophthalmoscope.html,,2,,,
,,product/welch-allyn-coaxial-ophthalmoscope-head-only-11720-l/?add_to_wishlist=5500&_wpnonce=c997d212ae,,professional-diagnostic-equipment/product/ophthalmoscope.html,,3,,,
,,product/welch-allyn-coaxial-ophthalmoscope-head-only-11720-l/?add_to_wishlist=5500&_wpnonce=c997d212ae,,professional-diagnostic-equipment/product/ophthalmoscope.html,,4,,,
,,product/welch-allyn-coaxial-ophthalmoscope-head-only-11720-l/?add_to_wishlist=5500&_wpnonce=c997d212ae,,professional-diagnostic-equipment/product/ophthalmoscope.html,,5,,,
,,product/welch-allyn-coaxial-ophthalmoscope-head-only-11720-l/?add_to_wishlist=5500&_wpnonce=c997d212ae,,professional-diagnostic-equipment/product/ophthalmoscope.html,,6,,,
,,product/welch-allyn-coaxial-ophthalmoscope-head-only-11720-l/?add_to_wishlist=5500&_wpnonce=c997d212ae,,professional-diagnostic-equipment/product/ophthalmoscope.html,,7,,,
,,product/welch-allyn-coaxial-ophthalmoscope-head-only-11720-l/?add-to-cart=5433,,professional-diagnostic-equipment/product/ophthalmoscope.html,,1,,,
,,product/welch-allyn-coaxial-ophthalmoscope-head-only-11720-l/?add-to-cart=5433,,professional-diagnostic-equipment/product/ophthalmoscope.html,,2,,,
,,product/welch-allyn-coaxial-ophthalmoscope-head-only-11720-l/?add-to-cart=5433,,professional-diagnostic-equipment/product/ophthalmoscope.html,,3,,,
,,product/welch-allyn-coaxial-ophthalmoscope-head-only-11720-l/?add-to-cart=5433,,professional-diagnostic-equipment/product/ophthalmoscope.html,,4,,,
,,product/welch-allyn-coaxial-ophthalmoscope-head-only-11720-l/?add-to-cart=5433,,professional-diagnostic-equipment/product/ophthalmoscope.html,,5,,,
,,product/welch-allyn-coaxial-ophthalmoscope-head-only-11720-l/?add-to-cart=5433,,professional-diagnostic-equipment/product/ophthalmoscope.html,,6,,,
,,product/welch-allyn-coaxial-ophthalmoscope-head-only-11720-l/?add-to-cart=5433,,professional-diagnostic-equipment/product/ophthalmoscope.html,,7,,,
,,product/welch-allyn-coaxial-ophthalmoscope-head-only-11720-l/?add-to-cart=5521,,professional-diagnostic-equipment/product/ophthalmoscope.html,,1,,,
,,product/welch-allyn-coaxial-ophthalmoscope-head-only-11720-l/?add-to-cart=5521,,professional-diagnostic-equipment/product/ophthalmoscope.html,,2,,,
,,product/welch-allyn-coaxial-ophthalmoscope-head-only-11720-l/?add-to-cart=5521,,professional-diagnostic-equipment/product/ophthalmoscope.html,,3,,,
,,product/welch-allyn-coaxial-ophthalmoscope-head-only-11720-l/?add-to-cart=5521,,professional-diagnostic-equipment/product/ophthalmoscope.html,,4,,,
,,product/welch-allyn-coaxial-ophthalmoscope-head-only-11720-l/?add-to-cart=5521,,professional-diagnostic-equipment/product/ophthalmoscope.html,,5,,,
,,product/welch-allyn-coaxial-ophthalmoscope-head-only-11720-l/?add-to-cart=5521,,professional-diagnostic-equipment/product/ophthalmoscope.html,,6,,,
,,product/welch-allyn-coaxial-ophthalmoscope-head-only-11720-l/?add-to-cart=5521,,professional-diagnostic-equipment/product/ophthalmoscope.html,,7,,,
,,product/welch-allyn-coaxial-ophthalmoscope-head-only-11720-l/?add-to-cart=5537,,professional-diagnostic-equipment/product/ophthalmoscope.html,,1,,,
,,product/welch-allyn-coaxial-ophthalmoscope-head-only-11720-l/?add-to-cart=5537,,professional-diagnostic-equipment/product/ophthalmoscope.html,,2,,,
,,product/welch-allyn-coaxial-ophthalmoscope-head-only-11720-l/?add-to-cart=5537,,professional-diagnostic-equipment/product/ophthalmoscope.html,,3,,,
,,product/welch-allyn-coaxial-ophthalmoscope-head-only-11720-l/?add-to-cart=5537,,professional-diagnostic-equipment/product/ophthalmoscope.html,,4,,,
,,product/welch-allyn-coaxial-ophthalmoscope-head-only-11720-l/?add-to-cart=5537,,professional-diagnostic-equipment/product/ophthalmoscope.html,,5,,,
,,product/welch-allyn-coaxial-ophthalmoscope-head-only-11720-l/?add-to-cart=5537,,professional-diagnostic-equipment/product/ophthalmoscope.html,,6,,,
,,product/welch-allyn-coaxial-ophthalmoscope-head-only-11720-l/?add-to-cart=5537,,professional-diagnostic-equipment/product/ophthalmoscope.html,,7,,,
,,product/welch-allyn-flexiport-reusable-blood-pressure-cuffs/?add_to_wishlist=6445,,home-healthcare-devices/elderly-care/bp-monitor-cuff.html,,1,,,
,,product/welch-allyn-flexiport-reusable-blood-pressure-cuffs/?add_to_wishlist=6445,,home-healthcare-devices/elderly-care/bp-monitor-cuff.html,,2,,,
,,product/welch-allyn-flexiport-reusable-blood-pressure-cuffs/?add_to_wishlist=6445,,home-healthcare-devices/elderly-care/bp-monitor-cuff.html,,3,,,
,,product/welch-allyn-flexiport-reusable-blood-pressure-cuffs/?add_to_wishlist=6445,,home-healthcare-devices/elderly-care/bp-monitor-cuff.html,,4,,,
,,product/welch-allyn-flexiport-reusable-blood-pressure-cuffs/?add_to_wishlist=6445,,home-healthcare-devices/elderly-care/bp-monitor-cuff.html,,5,,,
,,product/welch-allyn-flexiport-reusable-blood-pressure-cuffs/?add_to_wishlist=6445,,home-healthcare-devices/elderly-care/bp-monitor-cuff.html,,6,,,
,,product/welch-allyn-flexiport-reusable-blood-pressure-cuffs/?add_to_wishlist=6445,,home-healthcare-devices/elderly-care/bp-monitor-cuff.html,,7,,,
,,product/welch-allyn-flexiport-reusable-blood-pressure-cuffs/?add_to_wishlist=6450,,home-healthcare-devices/elderly-care/bp-monitor-cuff.html,,1,,,
,,product/welch-allyn-flexiport-reusable-blood-pressure-cuffs/?add_to_wishlist=6450,,home-healthcare-devices/elderly-care/bp-monitor-cuff.html,,2,,,
,,product/welch-allyn-flexiport-reusable-blood-pressure-cuffs/?add_to_wishlist=6450,,home-healthcare-devices/elderly-care/bp-monitor-cuff.html,,3,,,
,,product/welch-allyn-flexiport-reusable-blood-pressure-cuffs/?add_to_wishlist=6450,,home-healthcare-devices/elderly-care/bp-monitor-cuff.html,,4,,,
,,product/welch-allyn-flexiport-reusable-blood-pressure-cuffs/?add_to_wishlist=6450,,home-healthcare-devices/elderly-care/bp-monitor-cuff.html,,5,,,
,,product/welch-allyn-flexiport-reusable-blood-pressure-cuffs/?add_to_wishlist=6450,,home-healthcare-devices/elderly-care/bp-monitor-cuff.html,,6,,,
,,product/welch-allyn-flexiport-reusable-blood-pressure-cuffs/?add_to_wishlist=6450,,home-healthcare-devices/elderly-care/bp-monitor-cuff.html,,7,,,
,,product/welch-allyn-flexiport-reusable-blood-pressure-cuffs/?add_to_wishlist=6584,,home-healthcare-devices/elderly-care/bp-monitor-cuff.html,,1,,,
,,product/welch-allyn-flexiport-reusable-blood-pressure-cuffs/?add_to_wishlist=6584,,home-healthcare-devices/elderly-care/bp-monitor-cuff.html,,2,,,
,,product/welch-allyn-flexiport-reusable-blood-pressure-cuffs/?add_to_wishlist=6584,,home-healthcare-devices/elderly-care/bp-monitor-cuff.html,,3,,,
,,product/welch-allyn-flexiport-reusable-blood-pressure-cuffs/?add_to_wishlist=6584,,home-healthcare-devices/elderly-care/bp-monitor-cuff.html,,4,,,
,,product/welch-allyn-flexiport-reusable-blood-pressure-cuffs/?add_to_wishlist=6584,,home-healthcare-devices/elderly-care/bp-monitor-cuff.html,,5,,,
,,product/welch-allyn-flexiport-reusable-blood-pressure-cuffs/?add_to_wishlist=6584,,home-healthcare-devices/elderly-care/bp-monitor-cuff.html,,6,,,
,,product/welch-allyn-flexiport-reusable-blood-pressure-cuffs/?add_to_wishlist=6584,,home-healthcare-devices/elderly-care/bp-monitor-cuff.html,,7,,,
,,product/welch-allyn-flexiport-reusable-blood-pressure-cuffs/?add-to-cart=5431,,home-healthcare-devices/elderly-care/bp-monitor-cuff.html,,1,,,
,,product/welch-allyn-flexiport-reusable-blood-pressure-cuffs/?add-to-cart=5431,,home-healthcare-devices/elderly-care/bp-monitor-cuff.html,,2,,,
,,product/welch-allyn-flexiport-reusable-blood-pressure-cuffs/?add-to-cart=5431,,home-healthcare-devices/elderly-care/bp-monitor-cuff.html,,3,,,
,,product/welch-allyn-flexiport-reusable-blood-pressure-cuffs/?add-to-cart=5431,,home-healthcare-devices/elderly-care/bp-monitor-cuff.html,,4,,,
,,product/welch-allyn-flexiport-reusable-blood-pressure-cuffs/?add-to-cart=5431,,home-healthcare-devices/elderly-care/bp-monitor-cuff.html,,5,,,
,,product/welch-allyn-flexiport-reusable-blood-pressure-cuffs/?add-to-cart=5431,,home-healthcare-devices/elderly-care/bp-monitor-cuff.html,,6,,,
,,product/welch-allyn-flexiport-reusable-blood-pressure-cuffs/?add-to-cart=5431,,home-healthcare-devices/elderly-care/bp-monitor-cuff.html,,7,,,
,,product/welch-allyn-flexiport-reusable-blood-pressure-cuffs/?add-to-cart=5457,,home-healthcare-devices/elderly-care/bp-monitor-cuff.html,,1,,,
,,product/welch-allyn-flexiport-reusable-blood-pressure-cuffs/?add-to-cart=5457,,home-healthcare-devices/elderly-care/bp-monitor-cuff.html,,2,,,
,,product/welch-allyn-flexiport-reusable-blood-pressure-cuffs/?add-to-cart=5457,,home-healthcare-devices/elderly-care/bp-monitor-cuff.html,,3,,,
,,product/welch-allyn-flexiport-reusable-blood-pressure-cuffs/?add-to-cart=5457,,home-healthcare-devices/elderly-care/bp-monitor-cuff.html,,4,,,
,,product/welch-allyn-flexiport-reusable-blood-pressure-cuffs/?add-to-cart=5457,,home-healthcare-devices/elderly-care/bp-monitor-cuff.html,,5,,,
,,product/welch-allyn-flexiport-reusable-blood-pressure-cuffs/?add-to-cart=5457,,home-healthcare-devices/elderly-care/bp-monitor-cuff.html,,6,,,
,,product/welch-allyn-flexiport-reusable-blood-pressure-cuffs/?add-to-cart=5457,,home-healthcare-devices/elderly-care/bp-monitor-cuff.html,,7,,,
,,product/welch-allyn-flexiport-reusable-blood-pressure-cuffs/?add-to-cart=5541,,home-healthcare-devices/elderly-care/bp-monitor-cuff.html,,1,,,
,,product/welch-allyn-flexiport-reusable-blood-pressure-cuffs/?add-to-cart=5541,,home-healthcare-devices/elderly-care/bp-monitor-cuff.html,,2,,,
,,product/welch-allyn-flexiport-reusable-blood-pressure-cuffs/?add-to-cart=5541,,home-healthcare-devices/elderly-care/bp-monitor-cuff.html,,3,,,
,,product/welch-allyn-flexiport-reusable-blood-pressure-cuffs/?add-to-cart=5541,,home-healthcare-devices/elderly-care/bp-monitor-cuff.html,,4,,,
,,product/welch-allyn-flexiport-reusable-blood-pressure-cuffs/?add-to-cart=5541,,home-healthcare-devices/elderly-care/bp-monitor-cuff.html,,5,,,
,,product/welch-allyn-flexiport-reusable-blood-pressure-cuffs/?add-to-cart=5541,,home-healthcare-devices/elderly-care/bp-monitor-cuff.html,,6,,,
,,product/welch-allyn-flexiport-reusable-blood-pressure-cuffs/?add-to-cart=5541,,home-healthcare-devices/elderly-care/bp-monitor-cuff.html,,7,,,
,,product/welch-allyn-flexiport-reusable-blood-pressure-cuffs/?add-to-cart=5544,,home-healthcare-devices/elderly-care/bp-monitor-cuff.html,,1,,,
,,product/welch-allyn-flexiport-reusable-blood-pressure-cuffs/?add-to-cart=5544,,home-healthcare-devices/elderly-care/bp-monitor-cuff.html,,2,,,
,,product/welch-allyn-flexiport-reusable-blood-pressure-cuffs/?add-to-cart=5544,,home-healthcare-devices/elderly-care/bp-monitor-cuff.html,,3,,,
,,product/welch-allyn-flexiport-reusable-blood-pressure-cuffs/?add-to-cart=5544,,home-healthcare-devices/elderly-care/bp-monitor-cuff.html,,4,,,
,,product/welch-allyn-flexiport-reusable-blood-pressure-cuffs/?add-to-cart=5544,,home-healthcare-devices/elderly-care/bp-monitor-cuff.html,,5,,,
,,product/welch-allyn-flexiport-reusable-blood-pressure-cuffs/?add-to-cart=5544,,home-healthcare-devices/elderly-care/bp-monitor-cuff.html,,6,,,
,,product/welch-allyn-flexiport-reusable-blood-pressure-cuffs/?add-to-cart=5544,,home-healthcare-devices/elderly-care/bp-monitor-cuff.html,,7,,,
,,product/welch-allyn-flexiport-reusable-blood-pressure-cuffs/?attribute_pa_size=adult-11,,home-healthcare-devices/elderly-care/bp-monitor-cuff.html,,1,,,
,,product/welch-allyn-flexiport-reusable-blood-pressure-cuffs/?attribute_pa_size=adult-11,,home-healthcare-devices/elderly-care/bp-monitor-cuff.html,,2,,,
,,product/welch-allyn-flexiport-reusable-blood-pressure-cuffs/?attribute_pa_size=adult-11,,home-healthcare-devices/elderly-care/bp-monitor-cuff.html,,3,,,
,,product/welch-allyn-flexiport-reusable-blood-pressure-cuffs/?attribute_pa_size=adult-11,,home-healthcare-devices/elderly-care/bp-monitor-cuff.html,,4,,,
,,product/welch-allyn-flexiport-reusable-blood-pressure-cuffs/?attribute_pa_size=adult-11,,home-healthcare-devices/elderly-care/bp-monitor-cuff.html,,5,,,
,,product/welch-allyn-flexiport-reusable-blood-pressure-cuffs/?attribute_pa_size=adult-11,,home-healthcare-devices/elderly-care/bp-monitor-cuff.html,,6,,,
,,product/welch-allyn-flexiport-reusable-blood-pressure-cuffs/?attribute_pa_size=adult-11,,home-healthcare-devices/elderly-care/bp-monitor-cuff.html,,7,,,
,,product/welch-allyn-flexiport-reusable-blood-pressure-cuffs/?attribute_pa_size=child-9,,home-healthcare-devices/elderly-care/bp-monitor-cuff.html,,1,,,
,,product/welch-allyn-flexiport-reusable-blood-pressure-cuffs/?attribute_pa_size=child-9,,home-healthcare-devices/elderly-care/bp-monitor-cuff.html,,2,,,
,,product/welch-allyn-flexiport-reusable-blood-pressure-cuffs/?attribute_pa_size=child-9,,home-healthcare-devices/elderly-care/bp-monitor-cuff.html,,3,,,
,,product/welch-allyn-flexiport-reusable-blood-pressure-cuffs/?attribute_pa_size=child-9,,home-healthcare-devices/elderly-care/bp-monitor-cuff.html,,4,,,
,,product/welch-allyn-flexiport-reusable-blood-pressure-cuffs/?attribute_pa_size=child-9,,home-healthcare-devices/elderly-care/bp-monitor-cuff.html,,5,,,
,,product/welch-allyn-flexiport-reusable-blood-pressure-cuffs/?attribute_pa_size=child-9,,home-healthcare-devices/elderly-care/bp-monitor-cuff.html,,6,,,
,,product/welch-allyn-flexiport-reusable-blood-pressure-cuffs/?attribute_pa_size=child-9,,home-healthcare-devices/elderly-care/bp-monitor-cuff.html,,7,,,
,,product/welch-allyn-flexiport-reusable-blood-pressure-cuffs/?attribute_pa_size=infant-7,,home-healthcare-devices/elderly-care/bp-monitor-cuff.html,,1,,,
,,product/welch-allyn-flexiport-reusable-blood-pressure-cuffs/?attribute_pa_size=infant-7,,home-healthcare-devices/elderly-care/bp-monitor-cuff.html,,2,,,
,,product/welch-allyn-flexiport-reusable-blood-pressure-cuffs/?attribute_pa_size=infant-7,,home-healthcare-devices/elderly-care/bp-monitor-cuff.html,,3,,,
,,product/welch-allyn-flexiport-reusable-blood-pressure-cuffs/?attribute_pa_size=infant-7,,home-healthcare-devices/elderly-care/bp-monitor-cuff.html,,4,,,
,,product/welch-allyn-flexiport-reusable-blood-pressure-cuffs/?attribute_pa_size=infant-7,,home-healthcare-devices/elderly-care/bp-monitor-cuff.html,,5,,,
,,product/welch-allyn-flexiport-reusable-blood-pressure-cuffs/?attribute_pa_size=infant-7,,home-healthcare-devices/elderly-care/bp-monitor-cuff.html,,6,,,
,,product/welch-allyn-flexiport-reusable-blood-pressure-cuffs/?attribute_pa_size=infant-7,,home-healthcare-devices/elderly-care/bp-monitor-cuff.html,,7,,,
,,product/welch-allyn-flexiport-reusable-blood-pressure-cuffs/?attribute_pa_size=large-adult-12,,home-healthcare-devices/elderly-care/bp-monitor-cuff.html,,1,,,
,,product/welch-allyn-flexiport-reusable-blood-pressure-cuffs/?attribute_pa_size=large-adult-12,,home-healthcare-devices/elderly-care/bp-monitor-cuff.html,,2,,,
,,product/welch-allyn-flexiport-reusable-blood-pressure-cuffs/?attribute_pa_size=large-adult-12,,home-healthcare-devices/elderly-care/bp-monitor-cuff.html,,3,,,
,,product/welch-allyn-flexiport-reusable-blood-pressure-cuffs/?attribute_pa_size=large-adult-12,,home-healthcare-devices/elderly-care/bp-monitor-cuff.html,,4,,,
,,product/welch-allyn-flexiport-reusable-blood-pressure-cuffs/?attribute_pa_size=large-adult-12,,home-healthcare-devices/elderly-care/bp-monitor-cuff.html,,5,,,
,,product/welch-allyn-flexiport-reusable-blood-pressure-cuffs/?attribute_pa_size=large-adult-12,,home-healthcare-devices/elderly-care/bp-monitor-cuff.html,,6,,,
,,product/welch-allyn-flexiport-reusable-blood-pressure-cuffs/?attribute_pa_size=large-adult-12,,home-healthcare-devices/elderly-care/bp-monitor-cuff.html,,7,,,
,,product/welch-allyn-flexiport-reusable-blood-pressure-cuffs/?attribute_pa_size=large-adult-long-12l,,home-healthcare-devices/elderly-care/bp-monitor-cuff.html,,1,,,
,,product/welch-allyn-flexiport-reusable-blood-pressure-cuffs/?attribute_pa_size=large-adult-long-12l,,home-healthcare-devices/elderly-care/bp-monitor-cuff.html,,2,,,
,,product/welch-allyn-flexiport-reusable-blood-pressure-cuffs/?attribute_pa_size=large-adult-long-12l,,home-healthcare-devices/elderly-care/bp-monitor-cuff.html,,3,,,
,,product/welch-allyn-flexiport-reusable-blood-pressure-cuffs/?attribute_pa_size=large-adult-long-12l,,home-healthcare-devices/elderly-care/bp-monitor-cuff.html,,4,,,
,,product/welch-allyn-flexiport-reusable-blood-pressure-cuffs/?attribute_pa_size=large-adult-long-12l,,home-healthcare-devices/elderly-care/bp-monitor-cuff.html,,5,,,
,,product/welch-allyn-flexiport-reusable-blood-pressure-cuffs/?attribute_pa_size=large-adult-long-12l,,home-healthcare-devices/elderly-care/bp-monitor-cuff.html,,6,,,
,,product/welch-allyn-flexiport-reusable-blood-pressure-cuffs/?attribute_pa_size=large-adult-long-12l,,home-healthcare-devices/elderly-care/bp-monitor-cuff.html,,7,,,
,,product/welch-allyn-flexiport-reusable-blood-pressure-cuffs/?attribute_pa_size=small-adult-10,,home-healthcare-devices/elderly-care/bp-monitor-cuff.html,,1,,,
,,product/welch-allyn-flexiport-reusable-blood-pressure-cuffs/?attribute_pa_size=small-adult-10,,home-healthcare-devices/elderly-care/bp-monitor-cuff.html,,2,,,
,,product/welch-allyn-flexiport-reusable-blood-pressure-cuffs/?attribute_pa_size=small-adult-10,,home-healthcare-devices/elderly-care/bp-monitor-cuff.html,,3,,,
,,product/welch-allyn-flexiport-reusable-blood-pressure-cuffs/?attribute_pa_size=small-adult-10,,home-healthcare-devices/elderly-care/bp-monitor-cuff.html,,4,,,
,,product/welch-allyn-flexiport-reusable-blood-pressure-cuffs/?attribute_pa_size=small-adult-10,,home-healthcare-devices/elderly-care/bp-monitor-cuff.html,,5,,,
,,product/welch-allyn-flexiport-reusable-blood-pressure-cuffs/?attribute_pa_size=small-adult-10,,home-healthcare-devices/elderly-care/bp-monitor-cuff.html,,6,,,
,,product/welch-allyn-flexiport-reusable-blood-pressure-cuffs/?attribute_pa_size=small-adult-10,,home-healthcare-devices/elderly-care/bp-monitor-cuff.html,,7,,,
,,product/welch-allyn-flexiport-reusable-blood-pressure-cuffs/?attribute_pa_size=small-child-8,,home-healthcare-devices/elderly-care/bp-monitor-cuff.html,,1,,,
,,product/welch-allyn-flexiport-reusable-blood-pressure-cuffs/?attribute_pa_size=small-child-8,,home-healthcare-devices/elderly-care/bp-monitor-cuff.html,,2,,,
,,product/welch-allyn-flexiport-reusable-blood-pressure-cuffs/?attribute_pa_size=small-child-8,,home-healthcare-devices/elderly-care/bp-monitor-cuff.html,,3,,,
,,product/welch-allyn-flexiport-reusable-blood-pressure-cuffs/?attribute_pa_size=small-child-8,,home-healthcare-devices/elderly-care/bp-monitor-cuff.html,,4,,,
,,product/welch-allyn-flexiport-reusable-blood-pressure-cuffs/?attribute_pa_size=small-child-8,,home-healthcare-devices/elderly-care/bp-monitor-cuff.html,,5,,,
,,product/welch-allyn-flexiport-reusable-blood-pressure-cuffs/?attribute_pa_size=small-child-8,,home-healthcare-devices/elderly-care/bp-monitor-cuff.html,,6,,,
,,product/welch-allyn-flexiport-reusable-blood-pressure-cuffs/?attribute_pa_size=small-child-8,,home-healthcare-devices/elderly-care/bp-monitor-cuff.html,,7,,,
,,product/welch-allyn-flexiport-reusable-blood-pressure-cuffs/?attribute_pa_size=small-infant-6,,home-healthcare-devices/elderly-care/bp-monitor-cuff.html,,1,,,
,,product/welch-allyn-flexiport-reusable-blood-pressure-cuffs/?attribute_pa_size=small-infant-6,,home-healthcare-devices/elderly-care/bp-monitor-cuff.html,,2,,,
,,product/welch-allyn-flexiport-reusable-blood-pressure-cuffs/?attribute_pa_size=small-infant-6,,home-healthcare-devices/elderly-care/bp-monitor-cuff.html,,3,,,
,,product/welch-allyn-flexiport-reusable-blood-pressure-cuffs/?attribute_pa_size=small-infant-6,,home-healthcare-devices/elderly-care/bp-monitor-cuff.html,,4,,,
,,product/welch-allyn-flexiport-reusable-blood-pressure-cuffs/?attribute_pa_size=small-infant-6,,home-healthcare-devices/elderly-care/bp-monitor-cuff.html,,5,,,
,,product/welch-allyn-flexiport-reusable-blood-pressure-cuffs/?attribute_pa_size=small-infant-6,,home-healthcare-devices/elderly-care/bp-monitor-cuff.html,,6,,,
,,product/welch-allyn-flexiport-reusable-blood-pressure-cuffs/?attribute_pa_size=small-infant-6,,home-healthcare-devices/elderly-care/bp-monitor-cuff.html,,7,,,
,,product/welch-allyn-led-coaxial-ophthalmoscope-11772-vcl-rechargeable/?add-to-cart=5521,,professional-diagnostic-equipment/product/ophthalmoscope.html,,1,,,
,,product/welch-allyn-led-coaxial-ophthalmoscope-11772-vcl-rechargeable/?add-to-cart=5521,,professional-diagnostic-equipment/product/ophthalmoscope.html,,2,,,
,,product/welch-allyn-led-coaxial-ophthalmoscope-11772-vcl-rechargeable/?add-to-cart=5521,,professional-diagnostic-equipment/product/ophthalmoscope.html,,3,,,
,,product/welch-allyn-led-coaxial-ophthalmoscope-11772-vcl-rechargeable/?add-to-cart=5521,,professional-diagnostic-equipment/product/ophthalmoscope.html,,4,,,
,,product/welch-allyn-led-coaxial-ophthalmoscope-11772-vcl-rechargeable/?add-to-cart=5521,,professional-diagnostic-equipment/product/ophthalmoscope.html,,5,,,
,,product/welch-allyn-led-coaxial-ophthalmoscope-11772-vcl-rechargeable/?add-to-cart=5521,,professional-diagnostic-equipment/product/ophthalmoscope.html,,6,,,
,,product/welch-allyn-led-coaxial-ophthalmoscope-11772-vcl-rechargeable/?add-to-cart=5521,,professional-diagnostic-equipment/product/ophthalmoscope.html,,7,,,
,,product/welch-allyn-led-coaxial-ophthalmoscope-11772-vcl-rechargeable/?add-to-cart=5531,,professional-diagnostic-equipment/product/ophthalmoscope.html,,1,,,
,,product/welch-allyn-led-coaxial-ophthalmoscope-11772-vcl-rechargeable/?add-to-cart=5531,,professional-diagnostic-equipment/product/ophthalmoscope.html,,2,,,
,,product/welch-allyn-led-coaxial-ophthalmoscope-11772-vcl-rechargeable/?add-to-cart=5531,,professional-diagnostic-equipment/product/ophthalmoscope.html,,3,,,
,,product/welch-allyn-led-coaxial-ophthalmoscope-11772-vcl-rechargeable/?add-to-cart=5531,,professional-diagnostic-equipment/product/ophthalmoscope.html,,4,,,
,,product/welch-allyn-led-coaxial-ophthalmoscope-11772-vcl-rechargeable/?add-to-cart=5531,,professional-diagnostic-equipment/product/ophthalmoscope.html,,5,,,
,,product/welch-allyn-led-coaxial-ophthalmoscope-11772-vcl-rechargeable/?add-to-cart=5531,,professional-diagnostic-equipment/product/ophthalmoscope.html,,6,,,
,,product/welch-allyn-led-coaxial-ophthalmoscope-11772-vcl-rechargeable/?add-to-cart=5531,,professional-diagnostic-equipment/product/ophthalmoscope.html,,7,,,
,,product/welch-allyn-led-coaxial-ophthalmoscope-11772-vcl-rechargeable/?add-to-cart=5541,,professional-diagnostic-equipment/product/ophthalmoscope.html,,1,,,
,,product/welch-allyn-led-coaxial-ophthalmoscope-11772-vcl-rechargeable/?add-to-cart=5541,,professional-diagnostic-equipment/product/ophthalmoscope.html,,2,,,
,,product/welch-allyn-led-coaxial-ophthalmoscope-11772-vcl-rechargeable/?add-to-cart=5541,,professional-diagnostic-equipment/product/ophthalmoscope.html,,3,,,
,,product/welch-allyn-led-coaxial-ophthalmoscope-11772-vcl-rechargeable/?add-to-cart=5541,,professional-diagnostic-equipment/product/ophthalmoscope.html,,4,,,
,,product/welch-allyn-led-coaxial-ophthalmoscope-11772-vcl-rechargeable/?add-to-cart=5541,,professional-diagnostic-equipment/product/ophthalmoscope.html,,5,,,
,,product/welch-allyn-led-coaxial-ophthalmoscope-11772-vcl-rechargeable/?add-to-cart=5541,,professional-diagnostic-equipment/product/ophthalmoscope.html,,6,,,
,,product/welch-allyn-led-coaxial-ophthalmoscope-11772-vcl-rechargeable/?add-to-cart=5541,,professional-diagnostic-equipment/product/ophthalmoscope.html,,7,,,
,,product/welch-allyn-led-coaxial-ophthalmoscope-11772-vcl-rechargeable/?add-to-cart=5550,,professional-diagnostic-equipment/product/ophthalmoscope.html,,1,,,
,,product/welch-allyn-led-coaxial-ophthalmoscope-11772-vcl-rechargeable/?add-to-cart=5550,,professional-diagnostic-equipment/product/ophthalmoscope.html,,2,,,
,,product/welch-allyn-led-coaxial-ophthalmoscope-11772-vcl-rechargeable/?add-to-cart=5550,,professional-diagnostic-equipment/product/ophthalmoscope.html,,3,,,
,,product/welch-allyn-led-coaxial-ophthalmoscope-11772-vcl-rechargeable/?add-to-cart=5550,,professional-diagnostic-equipment/product/ophthalmoscope.html,,4,,,
,,product/welch-allyn-led-coaxial-ophthalmoscope-11772-vcl-rechargeable/?add-to-cart=5550,,professional-diagnostic-equipment/product/ophthalmoscope.html,,5,,,
,,product/welch-allyn-led-coaxial-ophthalmoscope-11772-vcl-rechargeable/?add-to-cart=5550,,professional-diagnostic-equipment/product/ophthalmoscope.html,,6,,,
,,product/welch-allyn-led-coaxial-ophthalmoscope-11772-vcl-rechargeable/?add-to-cart=5550,,professional-diagnostic-equipment/product/ophthalmoscope.html,,7,,,
,,product/welch-allyn-led-coaxial-ophthalmoscope-11772-vcl-rechargeable/?add-to-cart=5554,,professional-diagnostic-equipment/product/ophthalmoscope.html,,1,,,
,,product/welch-allyn-led-coaxial-ophthalmoscope-11772-vcl-rechargeable/?add-to-cart=5554,,professional-diagnostic-equipment/product/ophthalmoscope.html,,2,,,
,,product/welch-allyn-led-coaxial-ophthalmoscope-11772-vcl-rechargeable/?add-to-cart=5554,,professional-diagnostic-equipment/product/ophthalmoscope.html,,3,,,
,,product/welch-allyn-led-coaxial-ophthalmoscope-11772-vcl-rechargeable/?add-to-cart=5554,,professional-diagnostic-equipment/product/ophthalmoscope.html,,4,,,
,,product/welch-allyn-led-coaxial-ophthalmoscope-11772-vcl-rechargeable/?add-to-cart=5554,,professional-diagnostic-equipment/product/ophthalmoscope.html,,5,,,
,,product/welch-allyn-led-coaxial-ophthalmoscope-11772-vcl-rechargeable/?add-to-cart=5554,,professional-diagnostic-equipment/product/ophthalmoscope.html,,6,,,
,,product/welch-allyn-led-coaxial-ophthalmoscope-11772-vcl-rechargeable/?add-to-cart=5554,,professional-diagnostic-equipment/product/ophthalmoscope.html,,7,,,
,,product/welch-allyn-pocket-led-fiber-optic-otoscope-with-aa-battery-22870/,,professional-diagnostic-equipment/product/otoscopes.html,,1,,,
,,product/welch-allyn-pocket-led-fiber-optic-otoscope-with-aa-battery-22870/,,professional-diagnostic-equipment/product/otoscopes.html,,2,,,
,,product/welch-allyn-pocket-led-fiber-optic-otoscope-with-aa-battery-22870/,,professional-diagnostic-equipment/product/otoscopes.html,,3,,,
,,product/welch-allyn-pocket-led-fiber-optic-otoscope-with-aa-battery-22870/,,professional-diagnostic-equipment/product/otoscopes.html,,4,,,
,,product/welch-allyn-pocket-led-fiber-optic-otoscope-with-aa-battery-22870/,,professional-diagnostic-equipment/product/otoscopes.html,,5,,,
,,product/welch-allyn-pocket-led-fiber-optic-otoscope-with-aa-battery-22870/,,professional-diagnostic-equipment/product/otoscopes.html,,6,,,
,,product/welch-allyn-pocket-led-fiber-optic-otoscope-with-aa-battery-22870/,,professional-diagnostic-equipment/product/otoscopes.html,,7,,,
,,product/welch-allyn-pocket-led-ophthalmoscope-with-aa-battery-handle-12870-white/?add_to_wishlist=5513&_wpnonce=f0144d146d,,professional-diagnostic-equipment/product/ophthalmoscope.html,,1,,,
,,product/welch-allyn-pocket-led-ophthalmoscope-with-aa-battery-handle-12870-white/?add_to_wishlist=5513&_wpnonce=f0144d146d,,professional-diagnostic-equipment/product/ophthalmoscope.html,,2,,,
,,product/welch-allyn-pocket-led-ophthalmoscope-with-aa-battery-handle-12870-white/?add_to_wishlist=5513&_wpnonce=f0144d146d,,professional-diagnostic-equipment/product/ophthalmoscope.html,,3,,,
,,product/welch-allyn-pocket-led-ophthalmoscope-with-aa-battery-handle-12870-white/?add_to_wishlist=5513&_wpnonce=f0144d146d,,professional-diagnostic-equipment/product/ophthalmoscope.html,,4,,,
,,product/welch-allyn-pocket-led-ophthalmoscope-with-aa-battery-handle-12870-white/?add_to_wishlist=5513&_wpnonce=f0144d146d,,professional-diagnostic-equipment/product/ophthalmoscope.html,,5,,,
,,product/welch-allyn-pocket-led-ophthalmoscope-with-aa-battery-handle-12870-white/?add_to_wishlist=5513&_wpnonce=f0144d146d,,professional-diagnostic-equipment/product/ophthalmoscope.html,,6,,,
,,product/welch-allyn-pocket-led-ophthalmoscope-with-aa-battery-handle-12870-white/?add_to_wishlist=5513&_wpnonce=f0144d146d,,professional-diagnostic-equipment/product/ophthalmoscope.html,,7,,,
,,product/welch-allyn-pocket-led-ophthalmoscope-with-aa-battery-handle-12870-white/?add-to-cart=5521,,professional-diagnostic-equipment/product/ophthalmoscope.html,,1,,,
,,product/welch-allyn-pocket-led-ophthalmoscope-with-aa-battery-handle-12870-white/?add-to-cart=5521,,professional-diagnostic-equipment/product/ophthalmoscope.html,,2,,,
,,product/welch-allyn-pocket-led-ophthalmoscope-with-aa-battery-handle-12870-white/?add-to-cart=5521,,professional-diagnostic-equipment/product/ophthalmoscope.html,,3,,,
,,product/welch-allyn-pocket-led-ophthalmoscope-with-aa-battery-handle-12870-white/?add-to-cart=5521,,professional-diagnostic-equipment/product/ophthalmoscope.html,,4,,,
,,product/welch-allyn-pocket-led-ophthalmoscope-with-aa-battery-handle-12870-white/?add-to-cart=5521,,professional-diagnostic-equipment/product/ophthalmoscope.html,,5,,,
,,product/welch-allyn-pocket-led-ophthalmoscope-with-aa-battery-handle-12870-white/?add-to-cart=5521,,professional-diagnostic-equipment/product/ophthalmoscope.html,,6,,,
,,product/welch-allyn-pocket-led-ophthalmoscope-with-aa-battery-handle-12870-white/?add-to-cart=5521,,professional-diagnostic-equipment/product/ophthalmoscope.html,,7,,,
,,product/welch-allyn-pocket-led-ophthalmoscope-with-aa-battery-handle-12870-white/?add-to-cart=5537,,professional-diagnostic-equipment/product/ophthalmoscope.html,,1,,,
,,product/welch-allyn-pocket-led-ophthalmoscope-with-aa-battery-handle-12870-white/?add-to-cart=5537,,professional-diagnostic-equipment/product/ophthalmoscope.html,,2,,,
,,product/welch-allyn-pocket-led-ophthalmoscope-with-aa-battery-handle-12870-white/?add-to-cart=5537,,professional-diagnostic-equipment/product/ophthalmoscope.html,,3,,,
,,product/welch-allyn-pocket-led-ophthalmoscope-with-aa-battery-handle-12870-white/?add-to-cart=5537,,professional-diagnostic-equipment/product/ophthalmoscope.html,,4,,,
,,product/welch-allyn-pocket-led-ophthalmoscope-with-aa-battery-handle-12870-white/?add-to-cart=5537,,professional-diagnostic-equipment/product/ophthalmoscope.html,,5,,,
,,product/welch-allyn-pocket-led-ophthalmoscope-with-aa-battery-handle-12870-white/?add-to-cart=5537,,professional-diagnostic-equipment/product/ophthalmoscope.html,,6,,,
,,product/welch-allyn-pocket-led-ophthalmoscope-with-aa-battery-handle-12870-white/?add-to-cart=5537,,professional-diagnostic-equipment/product/ophthalmoscope.html,,7,,,
,,product/welch-allyn-pocket-led-ophthalmoscope-with-aa-battery-handle-12870-white/?add-to-cart=5550,,professional-diagnostic-equipment/product/ophthalmoscope.html,,1,,,
,,product/welch-allyn-pocket-led-ophthalmoscope-with-aa-battery-handle-12870-white/?add-to-cart=5550,,professional-diagnostic-equipment/product/ophthalmoscope.html,,2,,,
,,product/welch-allyn-pocket-led-ophthalmoscope-with-aa-battery-handle-12870-white/?add-to-cart=5550,,professional-diagnostic-equipment/product/ophthalmoscope.html,,3,,,
,,product/welch-allyn-pocket-led-ophthalmoscope-with-aa-battery-handle-12870-white/?add-to-cart=5550,,professional-diagnostic-equipment/product/ophthalmoscope.html,,4,,,
,,product/welch-allyn-pocket-led-ophthalmoscope-with-aa-battery-handle-12870-white/?add-to-cart=5550,,professional-diagnostic-equipment/product/ophthalmoscope.html,,5,,,
,,product/welch-allyn-pocket-led-ophthalmoscope-with-aa-battery-handle-12870-white/?add-to-cart=5550,,professional-diagnostic-equipment/product/ophthalmoscope.html,,6,,,
,,product/welch-allyn-pocket-led-ophthalmoscope-with-aa-battery-handle-12870-white/?add-to-cart=5550,,professional-diagnostic-equipment/product/ophthalmoscope.html,,7,,,
,,product/welch-allyn-pocket-otoscope-with-halogen-bulb-and-fiber-optic-illumination-22860/?add-to-cart=5441,,professional-diagnostic-equipment/product/otoscopes.html,,1,,,
,,product/welch-allyn-pocket-otoscope-with-halogen-bulb-and-fiber-optic-illumination-22860/?add-to-cart=5441,,professional-diagnostic-equipment/product/otoscopes.html,,2,,,
,,product/welch-allyn-pocket-otoscope-with-halogen-bulb-and-fiber-optic-illumination-22860/?add-to-cart=5441,,professional-diagnostic-equipment/product/otoscopes.html,,3,,,
,,product/welch-allyn-pocket-otoscope-with-halogen-bulb-and-fiber-optic-illumination-22860/?add-to-cart=5441,,professional-diagnostic-equipment/product/otoscopes.html,,4,,,
,,product/welch-allyn-pocket-otoscope-with-halogen-bulb-and-fiber-optic-illumination-22860/?add-to-cart=5441,,professional-diagnostic-equipment/product/otoscopes.html,,5,,,
,,product/welch-allyn-pocket-otoscope-with-halogen-bulb-and-fiber-optic-illumination-22860/?add-to-cart=5441,,professional-diagnostic-equipment/product/otoscopes.html,,6,,,
,,product/welch-allyn-pocket-otoscope-with-halogen-bulb-and-fiber-optic-illumination-22860/?add-to-cart=5441,,professional-diagnostic-equipment/product/otoscopes.html,,7,,,
,,product/welch-allyn-pocket-otoscope-with-halogen-bulb-and-fiber-optic-illumination-22860/?add-to-cart=5531,,professional-diagnostic-equipment/product/otoscopes.html,,1,,,
,,product/welch-allyn-pocket-otoscope-with-halogen-bulb-and-fiber-optic-illumination-22860/?add-to-cart=5531,,professional-diagnostic-equipment/product/otoscopes.html,,2,,,
,,product/welch-allyn-pocket-otoscope-with-halogen-bulb-and-fiber-optic-illumination-22860/?add-to-cart=5531,,professional-diagnostic-equipment/product/otoscopes.html,,3,,,
,,product/welch-allyn-pocket-otoscope-with-halogen-bulb-and-fiber-optic-illumination-22860/?add-to-cart=5531,,professional-diagnostic-equipment/product/otoscopes.html,,4,,,
,,product/welch-allyn-pocket-otoscope-with-halogen-bulb-and-fiber-optic-illumination-22860/?add-to-cart=5531,,professional-diagnostic-equipment/product/otoscopes.html,,5,,,
,,product/welch-allyn-pocket-otoscope-with-halogen-bulb-and-fiber-optic-illumination-22860/?add-to-cart=5531,,professional-diagnostic-equipment/product/otoscopes.html,,6,,,
,,product/welch-allyn-pocket-otoscope-with-halogen-bulb-and-fiber-optic-illumination-22860/?add-to-cart=5531,,professional-diagnostic-equipment/product/otoscopes.html,,7,,,
,,product/welch-allyn-pocket-otoscope-with-halogen-bulb-and-fiber-optic-illumination-22860/?add-to-cart=5541,,professional-diagnostic-equipment/product/otoscopes.html,,1,,,
,,product/welch-allyn-pocket-otoscope-with-halogen-bulb-and-fiber-optic-illumination-22860/?add-to-cart=5541,,professional-diagnostic-equipment/product/otoscopes.html,,2,,,
,,product/welch-allyn-pocket-otoscope-with-halogen-bulb-and-fiber-optic-illumination-22860/?add-to-cart=5541,,professional-diagnostic-equipment/product/otoscopes.html,,3,,,
,,product/welch-allyn-pocket-otoscope-with-halogen-bulb-and-fiber-optic-illumination-22860/?add-to-cart=5541,,professional-diagnostic-equipment/product/otoscopes.html,,4,,,
,,product/welch-allyn-pocket-otoscope-with-halogen-bulb-and-fiber-optic-illumination-22860/?add-to-cart=5541,,professional-diagnostic-equipment/product/otoscopes.html,,5,,,
,,product/welch-allyn-pocket-otoscope-with-halogen-bulb-and-fiber-optic-illumination-22860/?add-to-cart=5541,,professional-diagnostic-equipment/product/otoscopes.html,,6,,,
,,product/welch-allyn-pocket-otoscope-with-halogen-bulb-and-fiber-optic-illumination-22860/?add-to-cart=5541,,professional-diagnostic-equipment/product/otoscopes.html,,7,,,
,,product/yuwell-7a-23b-heavy-duty-double-bottle-electric-suction-apparatus-high-flow-40-lpm-2-x-2-5-liter-glass-jars/,,all-products.html,,1,,,
,,product/yuwell-7a-23b-heavy-duty-double-bottle-electric-suction-apparatus-high-flow-40-lpm-2-x-2-5-liter-glass-jars/,,all-products.html,,2,,,
,,product/yuwell-7a-23b-heavy-duty-double-bottle-electric-suction-apparatus-high-flow-40-lpm-2-x-2-5-liter-glass-jars/,,all-products.html,,3,,,
,,product/yuwell-7a-23b-heavy-duty-double-bottle-electric-suction-apparatus-high-flow-40-lpm-2-x-2-5-liter-glass-jars/,,all-products.html,,4,,,
,,product/yuwell-7a-23b-heavy-duty-double-bottle-electric-suction-apparatus-high-flow-40-lpm-2-x-2-5-liter-glass-jars/,,all-products.html,,5,,,
,,product/yuwell-7a-23b-heavy-duty-double-bottle-electric-suction-apparatus-high-flow-40-lpm-2-x-2-5-liter-glass-jars/,,all-products.html,,6,,,
,,product/yuwell-7a-23b-heavy-duty-double-bottle-electric-suction-apparatus-high-flow-40-lpm-2-x-2-5-liter-glass-jars/,,all-products.html,,7,,,
,,product01-1/,,all-products.html,,1,,,
,,product01-1/,,all-products.html,,2,,,
,,product01-1/,,all-products.html,,3,,,
,,product01-1/,,all-products.html,,4,,,
,,product01-1/,,all-products.html,,5,,,
,,product01-1/,,all-products.html,,6,,,
,,product01-1/,,all-products.html,,7,,,
,,product13-13/,,all-products.html,,1,,,
,,product13-13/,,all-products.html,,2,,,
,,product13-13/,,all-products.html,,3,,,
,,product13-13/,,all-products.html,,4,,,
,,product13-13/,,all-products.html,,5,,,
,,product13-13/,,all-products.html,,6,,,
,,product13-13/,,all-products.html,,7,,,
,,product28-28/,,all-products.html,,1,,,
,,product28-28/,,all-products.html,,2,,,
,,product28-28/,,all-products.html,,3,,,
,,product28-28/,,all-products.html,,4,,,
,,product28-28/,,all-products.html,,5,,,
,,product28-28/,,all-products.html,,6,,,
,,product28-28/,,all-products.html,,7,,,
,,product-category/a-z/?add_to_wishlist=10122&_wpnonce=ef95b38fda,,all-products.html,,1,,,
,,product-category/a-z/?add_to_wishlist=10122&_wpnonce=ef95b38fda,,all-products.html,,2,,,
,,product-category/a-z/?add_to_wishlist=10122&_wpnonce=ef95b38fda,,all-products.html,,3,,,
,,product-category/a-z/?add_to_wishlist=10122&_wpnonce=ef95b38fda,,all-products.html,,4,,,
,,product-category/a-z/?add_to_wishlist=10122&_wpnonce=ef95b38fda,,all-products.html,,5,,,
,,product-category/a-z/?add_to_wishlist=10122&_wpnonce=ef95b38fda,,all-products.html,,6,,,
,,product-category/a-z/?add_to_wishlist=10122&_wpnonce=ef95b38fda,,all-products.html,,7,,,
,,product-category/a-z/?add_to_wishlist=5433&_wpnonce=ef95b38fda,,all-products.html,,1,,,
,,product-category/a-z/?add_to_wishlist=5433&_wpnonce=ef95b38fda,,all-products.html,,2,,,
,,product-category/a-z/?add_to_wishlist=5433&_wpnonce=ef95b38fda,,all-products.html,,3,,,
,,product-category/a-z/?add_to_wishlist=5433&_wpnonce=ef95b38fda,,all-products.html,,4,,,
,,product-category/a-z/?add_to_wishlist=5433&_wpnonce=ef95b38fda,,all-products.html,,5,,,
,,product-category/a-z/?add_to_wishlist=5433&_wpnonce=ef95b38fda,,all-products.html,,6,,,
,,product-category/a-z/?add_to_wishlist=5433&_wpnonce=ef95b38fda,,all-products.html,,7,,,
,,product-category/a-z/?add_to_wishlist=5457&_wpnonce=ef95b38fda,,all-products.html,,1,,,
,,product-category/a-z/?add_to_wishlist=5457&_wpnonce=ef95b38fda,,all-products.html,,2,,,
,,product-category/a-z/?add_to_wishlist=5457&_wpnonce=ef95b38fda,,all-products.html,,3,,,
,,product-category/a-z/?add_to_wishlist=5457&_wpnonce=ef95b38fda,,all-products.html,,4,,,
,,product-category/a-z/?add_to_wishlist=5457&_wpnonce=ef95b38fda,,all-products.html,,5,,,
,,product-category/a-z/?add_to_wishlist=5457&_wpnonce=ef95b38fda,,all-products.html,,6,,,
,,product-category/a-z/?add_to_wishlist=5457&_wpnonce=ef95b38fda,,all-products.html,,7,,,
,,product-category/a-z/?add_to_wishlist=5468&_wpnonce=ef95b38fda,,all-products.html,,1,,,
,,product-category/a-z/?add_to_wishlist=5468&_wpnonce=ef95b38fda,,all-products.html,,2,,,
,,product-category/a-z/?add_to_wishlist=5468&_wpnonce=ef95b38fda,,all-products.html,,3,,,
,,product-category/a-z/?add_to_wishlist=5468&_wpnonce=ef95b38fda,,all-products.html,,4,,,
,,product-category/a-z/?add_to_wishlist=5468&_wpnonce=ef95b38fda,,all-products.html,,5,,,
,,product-category/a-z/?add_to_wishlist=5468&_wpnonce=ef95b38fda,,all-products.html,,6,,,
,,product-category/a-z/?add_to_wishlist=5468&_wpnonce=ef95b38fda,,all-products.html,,7,,,
,,product-category/a-z/?add_to_wishlist=5500&_wpnonce=ef95b38fda,,all-products.html,,1,,,
,,product-category/a-z/?add_to_wishlist=5500&_wpnonce=ef95b38fda,,all-products.html,,2,,,
,,product-category/a-z/?add_to_wishlist=5500&_wpnonce=ef95b38fda,,all-products.html,,3,,,
,,product-category/a-z/?add_to_wishlist=5500&_wpnonce=ef95b38fda,,all-products.html,,4,,,
,,product-category/a-z/?add_to_wishlist=5500&_wpnonce=ef95b38fda,,all-products.html,,5,,,
,,product-category/a-z/?add_to_wishlist=5500&_wpnonce=ef95b38fda,,all-products.html,,6,,,
,,product-category/a-z/?add_to_wishlist=5500&_wpnonce=ef95b38fda,,all-products.html,,7,,,
,,product-category/a-z/?add_to_wishlist=5505&_wpnonce=ef95b38fda,,all-products.html,,1,,,
,,product-category/a-z/?add_to_wishlist=5505&_wpnonce=ef95b38fda,,all-products.html,,2,,,
,,product-category/a-z/?add_to_wishlist=5505&_wpnonce=ef95b38fda,,all-products.html,,3,,,
,,product-category/a-z/?add_to_wishlist=5505&_wpnonce=ef95b38fda,,all-products.html,,4,,,
,,product-category/a-z/?add_to_wishlist=5505&_wpnonce=ef95b38fda,,all-products.html,,5,,,
,,product-category/a-z/?add_to_wishlist=5505&_wpnonce=ef95b38fda,,all-products.html,,6,,,
,,product-category/a-z/?add_to_wishlist=5505&_wpnonce=ef95b38fda,,all-products.html,,7,,,
,,product-category/a-z/?add_to_wishlist=5508&_wpnonce=ef95b38fda,,all-products.html,,1,,,
,,product-category/a-z/?add_to_wishlist=5508&_wpnonce=ef95b38fda,,all-products.html,,2,,,
,,product-category/a-z/?add_to_wishlist=5508&_wpnonce=ef95b38fda,,all-products.html,,3,,,
,,product-category/a-z/?add_to_wishlist=5508&_wpnonce=ef95b38fda,,all-products.html,,4,,,
,,product-category/a-z/?add_to_wishlist=5508&_wpnonce=ef95b38fda,,all-products.html,,5,,,
,,product-category/a-z/?add_to_wishlist=5508&_wpnonce=ef95b38fda,,all-products.html,,6,,,
,,product-category/a-z/?add_to_wishlist=5508&_wpnonce=ef95b38fda,,all-products.html,,7,,,
,,product-category/a-z/?add_to_wishlist=5513&_wpnonce=ef95b38fda,,all-products.html,,1,,,
,,product-category/a-z/?add_to_wishlist=5513&_wpnonce=ef95b38fda,,all-products.html,,2,,,
,,product-category/a-z/?add_to_wishlist=5513&_wpnonce=ef95b38fda,,all-products.html,,3,,,
,,product-category/a-z/?add_to_wishlist=5513&_wpnonce=ef95b38fda,,all-products.html,,4,,,
,,product-category/a-z/?add_to_wishlist=5513&_wpnonce=ef95b38fda,,all-products.html,,5,,,
,,product-category/a-z/?add_to_wishlist=5513&_wpnonce=ef95b38fda,,all-products.html,,6,,,
,,product-category/a-z/?add_to_wishlist=5513&_wpnonce=ef95b38fda,,all-products.html,,7,,,
,,product-category/a-z/?add_to_wishlist=5515&_wpnonce=ef95b38fda,,all-products.html,,1,,,
,,product-category/a-z/?add_to_wishlist=5515&_wpnonce=ef95b38fda,,all-products.html,,2,,,
,,product-category/a-z/?add_to_wishlist=5515&_wpnonce=ef95b38fda,,all-products.html,,3,,,
,,product-category/a-z/?add_to_wishlist=5515&_wpnonce=ef95b38fda,,all-products.html,,4,,,
,,product-category/a-z/?add_to_wishlist=5515&_wpnonce=ef95b38fda,,all-products.html,,5,,,
,,product-category/a-z/?add_to_wishlist=5515&_wpnonce=ef95b38fda,,all-products.html,,6,,,
,,product-category/a-z/?add_to_wishlist=5515&_wpnonce=ef95b38fda,,all-products.html,,7,,,
,,product-category/a-z/?add_to_wishlist=5544&_wpnonce=ef95b38fda,,all-products.html,,1,,,
,,product-category/a-z/?add_to_wishlist=5544&_wpnonce=ef95b38fda,,all-products.html,,2,,,
,,product-category/a-z/?add_to_wishlist=5544&_wpnonce=ef95b38fda,,all-products.html,,3,,,
,,product-category/a-z/?add_to_wishlist=5544&_wpnonce=ef95b38fda,,all-products.html,,4,,,
,,product-category/a-z/?add_to_wishlist=5544&_wpnonce=ef95b38fda,,all-products.html,,5,,,
,,product-category/a-z/?add_to_wishlist=5544&_wpnonce=ef95b38fda,,all-products.html,,6,,,
,,product-category/a-z/?add_to_wishlist=5544&_wpnonce=ef95b38fda,,all-products.html,,7,,,
,,product-category/a-z/?add_to_wishlist=5550&_wpnonce=ef95b38fda,,all-products.html,,1,,,
,,product-category/a-z/?add_to_wishlist=5550&_wpnonce=ef95b38fda,,all-products.html,,2,,,
,,product-category/a-z/?add_to_wishlist=5550&_wpnonce=ef95b38fda,,all-products.html,,3,,,
,,product-category/a-z/?add_to_wishlist=5550&_wpnonce=ef95b38fda,,all-products.html,,4,,,
,,product-category/a-z/?add_to_wishlist=5550&_wpnonce=ef95b38fda,,all-products.html,,5,,,
,,product-category/a-z/?add_to_wishlist=5550&_wpnonce=ef95b38fda,,all-products.html,,6,,,
,,product-category/a-z/?add_to_wishlist=5550&_wpnonce=ef95b38fda,,all-products.html,,7,,,
,,product-category/a-z/?add_to_wishlist=5556&_wpnonce=ef95b38fda,,all-products.html,,1,,,
,,product-category/a-z/?add_to_wishlist=5556&_wpnonce=ef95b38fda,,all-products.html,,2,,,
,,product-category/a-z/?add_to_wishlist=5556&_wpnonce=ef95b38fda,,all-products.html,,3,,,
,,product-category/a-z/?add_to_wishlist=5556&_wpnonce=ef95b38fda,,all-products.html,,4,,,
,,product-category/a-z/?add_to_wishlist=5556&_wpnonce=ef95b38fda,,all-products.html,,5,,,
,,product-category/a-z/?add_to_wishlist=5556&_wpnonce=ef95b38fda,,all-products.html,,6,,,
,,product-category/a-z/?add_to_wishlist=5556&_wpnonce=ef95b38fda,,all-products.html,,7,,,
,,product-category/a-z/?add_to_wishlist=5865&_wpnonce=c43aa55349,,all-products.html,,1,,,
,,product-category/a-z/?add_to_wishlist=5865&_wpnonce=c43aa55349,,all-products.html,,2,,,
,,product-category/a-z/?add_to_wishlist=5865&_wpnonce=c43aa55349,,all-products.html,,3,,,
,,product-category/a-z/?add_to_wishlist=5865&_wpnonce=c43aa55349,,all-products.html,,4,,,
,,product-category/a-z/?add_to_wishlist=5865&_wpnonce=c43aa55349,,all-products.html,,5,,,
,,product-category/a-z/?add_to_wishlist=5865&_wpnonce=c43aa55349,,all-products.html,,6,,,
,,product-category/a-z/?add_to_wishlist=5865&_wpnonce=c43aa55349,,all-products.html,,7,,,
,,product-category/a-z/?add_to_wishlist=5865&_wpnonce=ef95b38fda,,all-products.html,,1,,,
,,product-category/a-z/?add_to_wishlist=5865&_wpnonce=ef95b38fda,,all-products.html,,2,,,
,,product-category/a-z/?add_to_wishlist=5865&_wpnonce=ef95b38fda,,all-products.html,,3,,,
,,product-category/a-z/?add_to_wishlist=5865&_wpnonce=ef95b38fda,,all-products.html,,4,,,
,,product-category/a-z/?add_to_wishlist=5865&_wpnonce=ef95b38fda,,all-products.html,,5,,,
,,product-category/a-z/?add_to_wishlist=5865&_wpnonce=ef95b38fda,,all-products.html,,6,,,
,,product-category/a-z/?add_to_wishlist=5865&_wpnonce=ef95b38fda,,all-products.html,,7,,,
,,product-category/a-z/?add_to_wishlist=5880&_wpnonce=ef95b38fda,,all-products.html,,1,,,
,,product-category/a-z/?add_to_wishlist=5880&_wpnonce=ef95b38fda,,all-products.html,,2,,,
,,product-category/a-z/?add_to_wishlist=5880&_wpnonce=ef95b38fda,,all-products.html,,3,,,
,,product-category/a-z/?add_to_wishlist=5880&_wpnonce=ef95b38fda,,all-products.html,,4,,,
,,product-category/a-z/?add_to_wishlist=5880&_wpnonce=ef95b38fda,,all-products.html,,5,,,
,,product-category/a-z/?add_to_wishlist=5880&_wpnonce=ef95b38fda,,all-products.html,,6,,,
,,product-category/a-z/?add_to_wishlist=5880&_wpnonce=ef95b38fda,,all-products.html,,7,,,
,,product-category/a-z/?add_to_wishlist=5926&_wpnonce=ef95b38fda,,all-products.html,,1,,,
,,product-category/a-z/?add_to_wishlist=5926&_wpnonce=ef95b38fda,,all-products.html,,2,,,
,,product-category/a-z/?add_to_wishlist=5926&_wpnonce=ef95b38fda,,all-products.html,,3,,,
,,product-category/a-z/?add_to_wishlist=5926&_wpnonce=ef95b38fda,,all-products.html,,4,,,
,,product-category/a-z/?add_to_wishlist=5926&_wpnonce=ef95b38fda,,all-products.html,,5,,,
,,product-category/a-z/?add_to_wishlist=5926&_wpnonce=ef95b38fda,,all-products.html,,6,,,
,,product-category/a-z/?add_to_wishlist=5926&_wpnonce=ef95b38fda,,all-products.html,,7,,,
,,product-category/a-z/?add_to_wishlist=6328&_wpnonce=c43aa55349,,all-products.html,,1,,,
,,product-category/a-z/?add_to_wishlist=6328&_wpnonce=c43aa55349,,all-products.html,,2,,,
,,product-category/a-z/?add_to_wishlist=6328&_wpnonce=c43aa55349,,all-products.html,,3,,,
,,product-category/a-z/?add_to_wishlist=6328&_wpnonce=c43aa55349,,all-products.html,,4,,,
,,product-category/a-z/?add_to_wishlist=6328&_wpnonce=c43aa55349,,all-products.html,,5,,,
,,product-category/a-z/?add_to_wishlist=6328&_wpnonce=c43aa55349,,all-products.html,,6,,,
,,product-category/a-z/?add_to_wishlist=6328&_wpnonce=c43aa55349,,all-products.html,,7,,,
,,product-category/a-z/?add_to_wishlist=6335&_wpnonce=ef95b38fda,,all-products.html,,1,,,
,,product-category/a-z/?add_to_wishlist=6335&_wpnonce=ef95b38fda,,all-products.html,,2,,,
,,product-category/a-z/?add_to_wishlist=6335&_wpnonce=ef95b38fda,,all-products.html,,3,,,
,,product-category/a-z/?add_to_wishlist=6335&_wpnonce=ef95b38fda,,all-products.html,,4,,,
,,product-category/a-z/?add_to_wishlist=6335&_wpnonce=ef95b38fda,,all-products.html,,5,,,
,,product-category/a-z/?add_to_wishlist=6335&_wpnonce=ef95b38fda,,all-products.html,,6,,,
,,product-category/a-z/?add_to_wishlist=6335&_wpnonce=ef95b38fda,,all-products.html,,7,,,
,,product-category/a-z/?add_to_wishlist=6431&_wpnonce=ef95b38fda,,all-products.html,,1,,,
,,product-category/a-z/?add_to_wishlist=6431&_wpnonce=ef95b38fda,,all-products.html,,2,,,
,,product-category/a-z/?add_to_wishlist=6431&_wpnonce=ef95b38fda,,all-products.html,,3,,,
,,product-category/a-z/?add_to_wishlist=6431&_wpnonce=ef95b38fda,,all-products.html,,4,,,
,,product-category/a-z/?add_to_wishlist=6431&_wpnonce=ef95b38fda,,all-products.html,,5,,,
,,product-category/a-z/?add_to_wishlist=6431&_wpnonce=ef95b38fda,,all-products.html,,6,,,
,,product-category/a-z/?add_to_wishlist=6431&_wpnonce=ef95b38fda,,all-products.html,,7,,,
,,product-category/a-z/?add_to_wishlist=9889&_wpnonce=ef95b38fda,,all-products.html,,1,,,
,,product-category/a-z/?add_to_wishlist=9889&_wpnonce=ef95b38fda,,all-products.html,,2,,,
,,product-category/a-z/?add_to_wishlist=9889&_wpnonce=ef95b38fda,,all-products.html,,3,,,
,,product-category/a-z/?add_to_wishlist=9889&_wpnonce=ef95b38fda,,all-products.html,,4,,,
,,product-category/a-z/?add_to_wishlist=9889&_wpnonce=ef95b38fda,,all-products.html,,5,,,
,,product-category/a-z/?add_to_wishlist=9889&_wpnonce=ef95b38fda,,all-products.html,,6,,,
,,product-category/a-z/?add_to_wishlist=9889&_wpnonce=ef95b38fda,,all-products.html,,7,,,
,,product-category/a-z/?add_to_wishlist=9891&_wpnonce=ef95b38fda,,all-products.html,,1,,,
,,product-category/a-z/?add_to_wishlist=9891&_wpnonce=ef95b38fda,,all-products.html,,2,,,
,,product-category/a-z/?add_to_wishlist=9891&_wpnonce=ef95b38fda,,all-products.html,,3,,,
,,product-category/a-z/?add_to_wishlist=9891&_wpnonce=ef95b38fda,,all-products.html,,4,,,
,,product-category/a-z/?add_to_wishlist=9891&_wpnonce=ef95b38fda,,all-products.html,,5,,,
,,product-category/a-z/?add_to_wishlist=9891&_wpnonce=ef95b38fda,,all-products.html,,6,,,
,,product-category/a-z/?add_to_wishlist=9891&_wpnonce=ef95b38fda,,all-products.html,,7,,,
,,product-category/a-z/?add_to_wishlist=9893&_wpnonce=ef95b38fda,,all-products.html,,1,,,
,,product-category/a-z/?add_to_wishlist=9893&_wpnonce=ef95b38fda,,all-products.html,,2,,,
,,product-category/a-z/?add_to_wishlist=9893&_wpnonce=ef95b38fda,,all-products.html,,3,,,
,,product-category/a-z/?add_to_wishlist=9893&_wpnonce=ef95b38fda,,all-products.html,,4,,,
,,product-category/a-z/?add_to_wishlist=9893&_wpnonce=ef95b38fda,,all-products.html,,5,,,
,,product-category/a-z/?add_to_wishlist=9893&_wpnonce=ef95b38fda,,all-products.html,,6,,,
,,product-category/a-z/?add_to_wishlist=9893&_wpnonce=ef95b38fda,,all-products.html,,7,,,
,,product-category/a-z/?add_to_wishlist=9898&_wpnonce=ef95b38fda,,all-products.html,,1,,,
,,product-category/a-z/?add_to_wishlist=9898&_wpnonce=ef95b38fda,,all-products.html,,2,,,
,,product-category/a-z/?add_to_wishlist=9898&_wpnonce=ef95b38fda,,all-products.html,,3,,,
,,product-category/a-z/?add_to_wishlist=9898&_wpnonce=ef95b38fda,,all-products.html,,4,,,
,,product-category/a-z/?add_to_wishlist=9898&_wpnonce=ef95b38fda,,all-products.html,,5,,,
,,product-category/a-z/?add_to_wishlist=9898&_wpnonce=ef95b38fda,,all-products.html,,6,,,
,,product-category/a-z/?add_to_wishlist=9898&_wpnonce=ef95b38fda,,all-products.html,,7,,,
,,product-category/a-z/?add-to-cart=5533,,all-products.html,,1,,,
,,product-category/a-z/?add-to-cart=5533,,all-products.html,,2,,,
,,product-category/a-z/?add-to-cart=5533,,all-products.html,,3,,,
,,product-category/a-z/?add-to-cart=5533,,all-products.html,,4,,,
,,product-category/a-z/?add-to-cart=5533,,all-products.html,,5,,,
,,product-category/a-z/?add-to-cart=5533,,all-products.html,,6,,,
,,product-category/a-z/?add-to-cart=5533,,all-products.html,,7,,,
,,product-category/a-z/?add-to-cart=5541,,all-products.html,,1,,,
,,product-category/a-z/?add-to-cart=5541,,all-products.html,,2,,,
,,product-category/a-z/?add-to-cart=5541,,all-products.html,,3,,,
,,product-category/a-z/?add-to-cart=5541,,all-products.html,,4,,,
,,product-category/a-z/?add-to-cart=5541,,all-products.html,,5,,,
,,product-category/a-z/?add-to-cart=5541,,all-products.html,,6,,,
,,product-category/a-z/?add-to-cart=5541,,all-products.html,,7,,,
,,product-category/a-z/?add-to-cart=5554,,all-products.html,,1,,,
,,product-category/a-z/?add-to-cart=5554,,all-products.html,,2,,,
,,product-category/a-z/?add-to-cart=5554,,all-products.html,,3,,,
,,product-category/a-z/?add-to-cart=5554,,all-products.html,,4,,,
,,product-category/a-z/?add-to-cart=5554,,all-products.html,,5,,,
,,product-category/a-z/?add-to-cart=5554,,all-products.html,,6,,,
,,product-category/a-z/?add-to-cart=5554,,all-products.html,,7,,,
,,product-category/a-z/?add-to-cart=5861,,all-products.html,,1,,,
,,product-category/a-z/?add-to-cart=5861,,all-products.html,,2,,,
,,product-category/a-z/?add-to-cart=5861,,all-products.html,,3,,,
,,product-category/a-z/?add-to-cart=5861,,all-products.html,,4,,,
,,product-category/a-z/?add-to-cart=5861,,all-products.html,,5,,,
,,product-category/a-z/?add-to-cart=5861,,all-products.html,,6,,,
,,product-category/a-z/?add-to-cart=5861,,all-products.html,,7,,,
,,product-category/a-z/?add-to-cart=5880,,all-products.html,,1,,,
,,product-category/a-z/?add-to-cart=5880,,all-products.html,,2,,,
,,product-category/a-z/?add-to-cart=5880,,all-products.html,,3,,,
,,product-category/a-z/?add-to-cart=5880,,all-products.html,,4,,,
,,product-category/a-z/?add-to-cart=5880,,all-products.html,,5,,,
,,product-category/a-z/?add-to-cart=5880,,all-products.html,,6,,,
,,product-category/a-z/?add-to-cart=5880,,all-products.html,,7,,,
,,product-category/a-z/?add-to-cart=8558,,all-products.html,,1,,,
,,product-category/a-z/?add-to-cart=8558,,all-products.html,,2,,,
,,product-category/a-z/?add-to-cart=8558,,all-products.html,,3,,,
,,product-category/a-z/?add-to-cart=8558,,all-products.html,,4,,,
,,product-category/a-z/?add-to-cart=8558,,all-products.html,,5,,,
,,product-category/a-z/?add-to-cart=8558,,all-products.html,,6,,,
,,product-category/a-z/?add-to-cart=8558,,all-products.html,,7,,,
,,product-category/a-z/?add-to-cart=8562,,all-products.html,,1,,,
,,product-category/a-z/?add-to-cart=8562,,all-products.html,,2,,,
,,product-category/a-z/?add-to-cart=8562,,all-products.html,,3,,,
,,product-category/a-z/?add-to-cart=8562,,all-products.html,,4,,,
,,product-category/a-z/?add-to-cart=8562,,all-products.html,,5,,,
,,product-category/a-z/?add-to-cart=8562,,all-products.html,,6,,,
,,product-category/a-z/?add-to-cart=8562,,all-products.html,,7,,,
,,product-category/a-z/?add-to-cart=8570,,all-products.html,,1,,,
,,product-category/a-z/?add-to-cart=8570,,all-products.html,,2,,,
,,product-category/a-z/?add-to-cart=8570,,all-products.html,,3,,,
,,product-category/a-z/?add-to-cart=8570,,all-products.html,,4,,,
,,product-category/a-z/?add-to-cart=8570,,all-products.html,,5,,,
,,product-category/a-z/?add-to-cart=8570,,all-products.html,,6,,,
,,product-category/a-z/?add-to-cart=8570,,all-products.html,,7,,,
,,product-category/a-z/?add-to-cart=8578,,all-products.html,,1,,,
,,product-category/a-z/?add-to-cart=8578,,all-products.html,,2,,,
,,product-category/a-z/?add-to-cart=8578,,all-products.html,,3,,,
,,product-category/a-z/?add-to-cart=8578,,all-products.html,,4,,,
,,product-category/a-z/?add-to-cart=8578,,all-products.html,,5,,,
,,product-category/a-z/?add-to-cart=8578,,all-products.html,,6,,,
,,product-category/a-z/?add-to-cart=8578,,all-products.html,,7,,,
,,product-category/a-z/?add-to-cart=8598,,all-products.html,,1,,,
,,product-category/a-z/?add-to-cart=8598,,all-products.html,,2,,,
,,product-category/a-z/?add-to-cart=8598,,all-products.html,,3,,,
,,product-category/a-z/?add-to-cart=8598,,all-products.html,,4,,,
,,product-category/a-z/?add-to-cart=8598,,all-products.html,,5,,,
,,product-category/a-z/?add-to-cart=8598,,all-products.html,,6,,,
,,product-category/a-z/?add-to-cart=8598,,all-products.html,,7,,,
,,product-category/a-z/?add-to-cart=9891,,all-products.html,,1,,,
,,product-category/a-z/?add-to-cart=9891,,all-products.html,,2,,,
,,product-category/a-z/?add-to-cart=9891,,all-products.html,,3,,,
,,product-category/a-z/?add-to-cart=9891,,all-products.html,,4,,,
,,product-category/a-z/?add-to-cart=9891,,all-products.html,,5,,,
,,product-category/a-z/?add-to-cart=9891,,all-products.html,,6,,,
,,product-category/a-z/?add-to-cart=9891,,all-products.html,,7,,,
,,product-category/a-z/?add-to-cart=9893,,all-products.html,,1,,,
,,product-category/a-z/?add-to-cart=9893,,all-products.html,,2,,,
,,product-category/a-z/?add-to-cart=9893,,all-products.html,,3,,,
,,product-category/a-z/?add-to-cart=9893,,all-products.html,,4,,,
,,product-category/a-z/?add-to-cart=9893,,all-products.html,,5,,,
,,product-category/a-z/?add-to-cart=9893,,all-products.html,,6,,,
,,product-category/a-z/?add-to-cart=9893,,all-products.html,,7,,,
,,product-category/a-z/?add-to-cart=9895,,all-products.html,,1,,,
,,product-category/a-z/?add-to-cart=9895,,all-products.html,,2,,,
,,product-category/a-z/?add-to-cart=9895,,all-products.html,,3,,,
,,product-category/a-z/?add-to-cart=9895,,all-products.html,,4,,,
,,product-category/a-z/?add-to-cart=9895,,all-products.html,,5,,,
,,product-category/a-z/?add-to-cart=9895,,all-products.html,,6,,,
,,product-category/a-z/?add-to-cart=9895,,all-products.html,,7,,,
,,product-category/contac/,,all-products.html,,1,,,
,,product-category/contac/,,all-products.html,,2,,,
,,product-category/contac/,,all-products.html,,3,,,
,,product-category/contac/,,all-products.html,,4,,,
,,product-category/contac/,,all-products.html,,5,,,
,,product-category/contac/,,all-products.html,,6,,,
,,product-category/contac/,,all-products.html,,7,,,
,,product-category/devilbiss/,,all-products.html,,1,,,
,,product-category/devilbiss/,,all-products.html,,2,,,
,,product-category/devilbiss/,,all-products.html,,3,,,
,,product-category/devilbiss/,,all-products.html,,4,,,
,,product-category/devilbiss/,,all-products.html,,5,,,
,,product-category/devilbiss/,,all-products.html,,6,,,
,,product-category/devilbiss/,,all-products.html,,7,,,
,,product-category/dimond/?add-to-cart=11210,,all-products.html,,1,,,
,,product-category/dimond/?add-to-cart=11210,,all-products.html,,2,,,
,,product-category/dimond/?add-to-cart=11210,,all-products.html,,3,,,
,,product-category/dimond/?add-to-cart=11210,,all-products.html,,4,,,
,,product-category/dimond/?add-to-cart=11210,,all-products.html,,5,,,
,,product-category/dimond/?add-to-cart=11210,,all-products.html,,6,,,
,,product-category/dimond/?add-to-cart=11210,,all-products.html,,7,,,
,,product-category/dimond/?add-to-cart=11218,,all-products.html,,1,,,
,,product-category/dimond/?add-to-cart=11218,,all-products.html,,2,,,
,,product-category/dimond/?add-to-cart=11218,,all-products.html,,3,,,
,,product-category/dimond/?add-to-cart=11218,,all-products.html,,4,,,
,,product-category/dimond/?add-to-cart=11218,,all-products.html,,5,,,
,,product-category/dimond/?add-to-cart=11218,,all-products.html,,6,,,
,,product-category/dimond/?add-to-cart=11218,,all-products.html,,7,,,
,,product-category/ending-offers/,,all-products.html,,1,,,
,,product-category/ending-offers/,,all-products.html,,2,,,
,,product-category/ending-offers/,,all-products.html,,3,,,
,,product-category/ending-offers/,,all-products.html,,4,,,
,,product-category/ending-offers/,,all-products.html,,5,,,
,,product-category/ending-offers/,,all-products.html,,6,,,
,,product-category/ending-offers/,,all-products.html,,7,,,
,,product-category/health-touch/,,all-products.html,,1,,,
,,product-category/health-touch/,,all-products.html,,2,,,
,,product-category/health-touch/,,all-products.html,,3,,,
,,product-category/health-touch/,,all-products.html,,4,,,
,,product-category/health-touch/,,all-products.html,,5,,,
,,product-category/health-touch/,,all-products.html,,6,,,
,,product-category/health-touch/,,all-products.html,,7,,,
,,product-category/heart-rate-monitor/,,all-products.html,,1,,,
,,product-category/heart-rate-monitor/,,all-products.html,,2,,,
,,product-category/heart-rate-monitor/,,all-products.html,,3,,,
,,product-category/heart-rate-monitor/,,all-products.html,,4,,,
,,product-category/heart-rate-monitor/,,all-products.html,,5,,,
,,product-category/heart-rate-monitor/,,all-products.html,,6,,,
,,product-category/heart-rate-monitor/,,all-products.html,,7,,,
,,product-category/hicks/,,all-products.html,,1,,,
,,product-category/hicks/,,all-products.html,,2,,,
,,product-category/hicks/,,all-products.html,,3,,,
,,product-category/hicks/,,all-products.html,,4,,,
,,product-category/hicks/,,all-products.html,,5,,,
,,product-category/hicks/,,all-products.html,,6,,,
,,product-category/hicks/,,all-products.html,,7,,,
,,product-category/hospital-equipment/,,medical-device.html,,1,,,
,,product-category/hospital-equipment/,,medical-device.html,,2,,,
,,product-category/hospital-equipment/,,medical-device.html,,3,,,
,,product-category/hospital-equipment/,,medical-device.html,,4,,,
,,product-category/hospital-equipment/,,medical-device.html,,5,,,
,,product-category/hospital-equipment/,,medical-device.html,,6,,,
,,product-category/hospital-equipment/,,medical-device.html,,7,,,
,,product-category/hospital-linen/,,hospital-consumables/hospital-linen.html,,1,,,
,,product-category/hospital-linen/,,hospital-consumables/hospital-linen.html,,2,,,
,,product-category/hospital-linen/,,hospital-consumables/hospital-linen.html,,3,,,
,,product-category/hospital-linen/,,hospital-consumables/hospital-linen.html,,4,,,
,,product-category/hospital-linen/,,hospital-consumables/hospital-linen.html,,5,,,
,,product-category/hospital-linen/,,hospital-consumables/hospital-linen.html,,6,,,
,,product-category/hospital-linen/,,hospital-consumables/hospital-linen.html,,7,,,
,,product-category/klife/,,all-products.html,,1,,,
,,product-category/klife/,,all-products.html,,2,,,
,,product-category/klife/,,all-products.html,,3,,,
,,product-category/klife/,,all-products.html,,4,,,
,,product-category/klife/,,all-products.html,,5,,,
,,product-category/klife/,,all-products.html,,6,,,
,,product-category/klife/,,all-products.html,,7,,,
,,product-category/latex-gloves/,,hospital-consumables/apparel-gloves.html,,1,,,
,,product-category/latex-gloves/,,hospital-consumables/apparel-gloves.html,,2,,,
,,product-category/latex-gloves/,,hospital-consumables/apparel-gloves.html,,3,,,
,,product-category/latex-gloves/,,hospital-consumables/apparel-gloves.html,,4,,,
,,product-category/latex-gloves/,,hospital-consumables/apparel-gloves.html,,5,,,
,,product-category/latex-gloves/,,hospital-consumables/apparel-gloves.html,,6,,,
,,product-category/latex-gloves/,,hospital-consumables/apparel-gloves.html,,7,,,
,,product-category/littmann/,,all-products.html,,1,,,
,,product-category/littmann/,,all-products.html,,2,,,
,,product-category/littmann/,,all-products.html,,3,,,
,,product-category/littmann/,,all-products.html,,4,,,
,,product-category/littmann/,,all-products.html,,5,,,
,,product-category/littmann/,,all-products.html,,6,,,
,,product-category/littmann/,,all-products.html,,7,,,
,,product-category/medical-equipment/,,professional-diagnostic-equipment.html,,1,,,
,,product-category/medical-equipment/,,professional-diagnostic-equipment.html,,2,,,
,,product-category/medical-equipment/,,professional-diagnostic-equipment.html,,3,,,
,,product-category/medical-equipment/,,professional-diagnostic-equipment.html,,4,,,
,,product-category/medical-equipment/,,professional-diagnostic-equipment.html,,5,,,
,,product-category/medical-equipment/,,professional-diagnostic-equipment.html,,6,,,
,,product-category/medical-equipment/,,professional-diagnostic-equipment.html,,7,,,
,,product-category/medical-equipment/?add_to_wishlist=11206&_wpnonce=6bfe09af95,,professional-diagnostic-equipment.html,,1,,,
,,product-category/medical-equipment/?add_to_wishlist=11206&_wpnonce=6bfe09af95,,professional-diagnostic-equipment.html,,2,,,
,,product-category/medical-equipment/?add_to_wishlist=11206&_wpnonce=6bfe09af95,,professional-diagnostic-equipment.html,,3,,,
,,product-category/medical-equipment/?add_to_wishlist=11206&_wpnonce=6bfe09af95,,professional-diagnostic-equipment.html,,4,,,
,,product-category/medical-equipment/?add_to_wishlist=11206&_wpnonce=6bfe09af95,,professional-diagnostic-equipment.html,,5,,,
,,product-category/medical-equipment/?add_to_wishlist=11206&_wpnonce=6bfe09af95,,professional-diagnostic-equipment.html,,6,,,
,,product-category/medical-equipment/?add_to_wishlist=11206&_wpnonce=6bfe09af95,,professional-diagnostic-equipment.html,,7,,,
,,product-category/medical-equipment/?add_to_wishlist=11210&_wpnonce=6bfe09af95,,professional-diagnostic-equipment.html,,1,,,
,,product-category/medical-equipment/?add_to_wishlist=11210&_wpnonce=6bfe09af95,,professional-diagnostic-equipment.html,,2,,,
,,product-category/medical-equipment/?add_to_wishlist=11210&_wpnonce=6bfe09af95,,professional-diagnostic-equipment.html,,3,,,
,,product-category/medical-equipment/?add_to_wishlist=11210&_wpnonce=6bfe09af95,,professional-diagnostic-equipment.html,,4,,,
,,product-category/medical-equipment/?add_to_wishlist=11210&_wpnonce=6bfe09af95,,professional-diagnostic-equipment.html,,5,,,
,,product-category/medical-equipment/?add_to_wishlist=11210&_wpnonce=6bfe09af95,,professional-diagnostic-equipment.html,,6,,,
,,product-category/medical-equipment/?add_to_wishlist=11210&_wpnonce=6bfe09af95,,professional-diagnostic-equipment.html,,7,,,
,,product-category/medical-equipment/?add_to_wishlist=11212&_wpnonce=6bfe09af95,,professional-diagnostic-equipment.html,,1,,,
,,product-category/medical-equipment/?add_to_wishlist=11212&_wpnonce=6bfe09af95,,professional-diagnostic-equipment.html,,2,,,
,,product-category/medical-equipment/?add_to_wishlist=11212&_wpnonce=6bfe09af95,,professional-diagnostic-equipment.html,,3,,,
,,product-category/medical-equipment/?add_to_wishlist=11212&_wpnonce=6bfe09af95,,professional-diagnostic-equipment.html,,4,,,
,,product-category/medical-equipment/?add_to_wishlist=11212&_wpnonce=6bfe09af95,,professional-diagnostic-equipment.html,,5,,,
,,product-category/medical-equipment/?add_to_wishlist=11212&_wpnonce=6bfe09af95,,professional-diagnostic-equipment.html,,6,,,
,,product-category/medical-equipment/?add_to_wishlist=11212&_wpnonce=6bfe09af95,,professional-diagnostic-equipment.html,,7,,,
,,product-category/medical-equipment/?add_to_wishlist=11216&_wpnonce=6bfe09af95,,professional-diagnostic-equipment.html,,1,,,
,,product-category/medical-equipment/?add_to_wishlist=11216&_wpnonce=6bfe09af95,,professional-diagnostic-equipment.html,,2,,,
,,product-category/medical-equipment/?add_to_wishlist=11216&_wpnonce=6bfe09af95,,professional-diagnostic-equipment.html,,3,,,
,,product-category/medical-equipment/?add_to_wishlist=11216&_wpnonce=6bfe09af95,,professional-diagnostic-equipment.html,,4,,,
,,product-category/medical-equipment/?add_to_wishlist=11216&_wpnonce=6bfe09af95,,professional-diagnostic-equipment.html,,5,,,
,,product-category/medical-equipment/?add_to_wishlist=11216&_wpnonce=6bfe09af95,,professional-diagnostic-equipment.html,,6,,,
,,product-category/medical-equipment/?add_to_wishlist=11216&_wpnonce=6bfe09af95,,professional-diagnostic-equipment.html,,7,,,
,,product-category/medical-equipment/?add_to_wishlist=11226&_wpnonce=6bfe09af95,,professional-diagnostic-equipment.html,,1,,,
,,product-category/medical-equipment/?add_to_wishlist=11226&_wpnonce=6bfe09af95,,professional-diagnostic-equipment.html,,2,,,
,,product-category/medical-equipment/?add_to_wishlist=11226&_wpnonce=6bfe09af95,,professional-diagnostic-equipment.html,,3,,,
,,product-category/medical-equipment/?add_to_wishlist=11226&_wpnonce=6bfe09af95,,professional-diagnostic-equipment.html,,4,,,
,,product-category/medical-equipment/?add_to_wishlist=11226&_wpnonce=6bfe09af95,,professional-diagnostic-equipment.html,,5,,,
,,product-category/medical-equipment/?add_to_wishlist=11226&_wpnonce=6bfe09af95,,professional-diagnostic-equipment.html,,6,,,
,,product-category/medical-equipment/?add_to_wishlist=11226&_wpnonce=6bfe09af95,,professional-diagnostic-equipment.html,,7,,,
,,product-category/medical-equipment/?add_to_wishlist=11228&_wpnonce=6bfe09af95,,professional-diagnostic-equipment.html,,1,,,
,,product-category/medical-equipment/?add_to_wishlist=11228&_wpnonce=6bfe09af95,,professional-diagnostic-equipment.html,,2,,,
,,product-category/medical-equipment/?add_to_wishlist=11228&_wpnonce=6bfe09af95,,professional-diagnostic-equipment.html,,3,,,
,,product-category/medical-equipment/?add_to_wishlist=11228&_wpnonce=6bfe09af95,,professional-diagnostic-equipment.html,,4,,,
,,product-category/medical-equipment/?add_to_wishlist=11228&_wpnonce=6bfe09af95,,professional-diagnostic-equipment.html,,5,,,
,,product-category/medical-equipment/?add_to_wishlist=11228&_wpnonce=6bfe09af95,,professional-diagnostic-equipment.html,,6,,,
,,product-category/medical-equipment/?add_to_wishlist=11228&_wpnonce=6bfe09af95,,professional-diagnostic-equipment.html,,7,,,
,,product-category/medical-equipment/?add_to_wishlist=11243&_wpnonce=6bfe09af95,,professional-diagnostic-equipment.html,,1,,,
,,product-category/medical-equipment/?add_to_wishlist=11243&_wpnonce=6bfe09af95,,professional-diagnostic-equipment.html,,2,,,
,,product-category/medical-equipment/?add_to_wishlist=11243&_wpnonce=6bfe09af95,,professional-diagnostic-equipment.html,,3,,,
,,product-category/medical-equipment/?add_to_wishlist=11243&_wpnonce=6bfe09af95,,professional-diagnostic-equipment.html,,4,,,
,,product-category/medical-equipment/?add_to_wishlist=11243&_wpnonce=6bfe09af95,,professional-diagnostic-equipment.html,,5,,,
,,product-category/medical-equipment/?add_to_wishlist=11243&_wpnonce=6bfe09af95,,professional-diagnostic-equipment.html,,6,,,
,,product-category/medical-equipment/?add_to_wishlist=11243&_wpnonce=6bfe09af95,,professional-diagnostic-equipment.html,,7,,,
,,product-category/medical-equipment/?add_to_wishlist=11247&_wpnonce=6bfe09af95,,professional-diagnostic-equipment.html,,1,,,
,,product-category/medical-equipment/?add_to_wishlist=11247&_wpnonce=6bfe09af95,,professional-diagnostic-equipment.html,,2,,,
,,product-category/medical-equipment/?add_to_wishlist=11247&_wpnonce=6bfe09af95,,professional-diagnostic-equipment.html,,3,,,
,,product-category/medical-equipment/?add_to_wishlist=11247&_wpnonce=6bfe09af95,,professional-diagnostic-equipment.html,,4,,,
,,product-category/medical-equipment/?add_to_wishlist=11247&_wpnonce=6bfe09af95,,professional-diagnostic-equipment.html,,5,,,
,,product-category/medical-equipment/?add_to_wishlist=11247&_wpnonce=6bfe09af95,,professional-diagnostic-equipment.html,,6,,,
,,product-category/medical-equipment/?add_to_wishlist=11247&_wpnonce=6bfe09af95,,professional-diagnostic-equipment.html,,7,,,
,,product-category/medical-equipment/?add_to_wishlist=11249&_wpnonce=6bfe09af95,,professional-diagnostic-equipment.html,,1,,,
,,product-category/medical-equipment/?add_to_wishlist=11249&_wpnonce=6bfe09af95,,professional-diagnostic-equipment.html,,2,,,
,,product-category/medical-equipment/?add_to_wishlist=11249&_wpnonce=6bfe09af95,,professional-diagnostic-equipment.html,,3,,,
,,product-category/medical-equipment/?add_to_wishlist=11249&_wpnonce=6bfe09af95,,professional-diagnostic-equipment.html,,4,,,
,,product-category/medical-equipment/?add_to_wishlist=11249&_wpnonce=6bfe09af95,,professional-diagnostic-equipment.html,,5,,,
,,product-category/medical-equipment/?add_to_wishlist=11249&_wpnonce=6bfe09af95,,professional-diagnostic-equipment.html,,6,,,
,,product-category/medical-equipment/?add_to_wishlist=11249&_wpnonce=6bfe09af95,,professional-diagnostic-equipment.html,,7,,,
,,product-category/medical-equipment/?add_to_wishlist=11253&_wpnonce=6bfe09af95,,professional-diagnostic-equipment.html,,1,,,
,,product-category/medical-equipment/?add_to_wishlist=11253&_wpnonce=6bfe09af95,,professional-diagnostic-equipment.html,,2,,,
,,product-category/medical-equipment/?add_to_wishlist=11253&_wpnonce=6bfe09af95,,professional-diagnostic-equipment.html,,3,,,
,,product-category/medical-equipment/?add_to_wishlist=11253&_wpnonce=6bfe09af95,,professional-diagnostic-equipment.html,,4,,,
,,product-category/medical-equipment/?add_to_wishlist=11253&_wpnonce=6bfe09af95,,professional-diagnostic-equipment.html,,5,,,
,,product-category/medical-equipment/?add_to_wishlist=11253&_wpnonce=6bfe09af95,,professional-diagnostic-equipment.html,,6,,,
,,product-category/medical-equipment/?add_to_wishlist=11253&_wpnonce=6bfe09af95,,professional-diagnostic-equipment.html,,7,,,
,,product-category/medical-equipment/?add_to_wishlist=11260&_wpnonce=6bfe09af95,,professional-diagnostic-equipment.html,,1,,,
,,product-category/medical-equipment/?add_to_wishlist=11260&_wpnonce=6bfe09af95,,professional-diagnostic-equipment.html,,2,,,
,,product-category/medical-equipment/?add_to_wishlist=11260&_wpnonce=6bfe09af95,,professional-diagnostic-equipment.html,,3,,,
,,product-category/medical-equipment/?add_to_wishlist=11260&_wpnonce=6bfe09af95,,professional-diagnostic-equipment.html,,4,,,
,,product-category/medical-equipment/?add_to_wishlist=11260&_wpnonce=6bfe09af95,,professional-diagnostic-equipment.html,,5,,,
,,product-category/medical-equipment/?add_to_wishlist=11260&_wpnonce=6bfe09af95,,professional-diagnostic-equipment.html,,6,,,
,,product-category/medical-equipment/?add_to_wishlist=11260&_wpnonce=6bfe09af95,,professional-diagnostic-equipment.html,,7,,,
,,product-category/medical-equipment/?add_to_wishlist=11262&_wpnonce=6bfe09af95,,professional-diagnostic-equipment.html,,1,,,
,,product-category/medical-equipment/?add_to_wishlist=11262&_wpnonce=6bfe09af95,,professional-diagnostic-equipment.html,,2,,,
,,product-category/medical-equipment/?add_to_wishlist=11262&_wpnonce=6bfe09af95,,professional-diagnostic-equipment.html,,3,,,
,,product-category/medical-equipment/?add_to_wishlist=11262&_wpnonce=6bfe09af95,,professional-diagnostic-equipment.html,,4,,,
,,product-category/medical-equipment/?add_to_wishlist=11262&_wpnonce=6bfe09af95,,professional-diagnostic-equipment.html,,5,,,
,,product-category/medical-equipment/?add_to_wishlist=11262&_wpnonce=6bfe09af95,,professional-diagnostic-equipment.html,,6,,,
,,product-category/medical-equipment/?add_to_wishlist=11262&_wpnonce=6bfe09af95,,professional-diagnostic-equipment.html,,7,,,
,,product-category/medical-equipment/?add_to_wishlist=11264&_wpnonce=6bfe09af95,,professional-diagnostic-equipment.html,,1,,,
,,product-category/medical-equipment/?add_to_wishlist=11264&_wpnonce=6bfe09af95,,professional-diagnostic-equipment.html,,2,,,
,,product-category/medical-equipment/?add_to_wishlist=11264&_wpnonce=6bfe09af95,,professional-diagnostic-equipment.html,,3,,,
,,product-category/medical-equipment/?add_to_wishlist=11264&_wpnonce=6bfe09af95,,professional-diagnostic-equipment.html,,4,,,
,,product-category/medical-equipment/?add_to_wishlist=11264&_wpnonce=6bfe09af95,,professional-diagnostic-equipment.html,,5,,,
,,product-category/medical-equipment/?add_to_wishlist=11264&_wpnonce=6bfe09af95,,professional-diagnostic-equipment.html,,6,,,
,,product-category/medical-equipment/?add_to_wishlist=11264&_wpnonce=6bfe09af95,,professional-diagnostic-equipment.html,,7,,,
,,product-category/medical-equipment/?add_to_wishlist=11267&_wpnonce=6bfe09af95,,professional-diagnostic-equipment.html,,1,,,
,,product-category/medical-equipment/?add_to_wishlist=11267&_wpnonce=6bfe09af95,,professional-diagnostic-equipment.html,,2,,,
,,product-category/medical-equipment/?add_to_wishlist=11267&_wpnonce=6bfe09af95,,professional-diagnostic-equipment.html,,3,,,
,,product-category/medical-equipment/?add_to_wishlist=11267&_wpnonce=6bfe09af95,,professional-diagnostic-equipment.html,,4,,,
,,product-category/medical-equipment/?add_to_wishlist=11267&_wpnonce=6bfe09af95,,professional-diagnostic-equipment.html,,5,,,
,,product-category/medical-equipment/?add_to_wishlist=11267&_wpnonce=6bfe09af95,,professional-diagnostic-equipment.html,,6,,,
,,product-category/medical-equipment/?add_to_wishlist=11267&_wpnonce=6bfe09af95,,professional-diagnostic-equipment.html,,7,,,
,,product-category/medical-equipment/?add_to_wishlist=11269&_wpnonce=6bfe09af95,,professional-diagnostic-equipment.html,,1,,,
,,product-category/medical-equipment/?add_to_wishlist=11269&_wpnonce=6bfe09af95,,professional-diagnostic-equipment.html,,2,,,
,,product-category/medical-equipment/?add_to_wishlist=11269&_wpnonce=6bfe09af95,,professional-diagnostic-equipment.html,,3,,,
,,product-category/medical-equipment/?add_to_wishlist=11269&_wpnonce=6bfe09af95,,professional-diagnostic-equipment.html,,4,,,
,,product-category/medical-equipment/?add_to_wishlist=11269&_wpnonce=6bfe09af95,,professional-diagnostic-equipment.html,,5,,,
,,product-category/medical-equipment/?add_to_wishlist=11269&_wpnonce=6bfe09af95,,professional-diagnostic-equipment.html,,6,,,
,,product-category/medical-equipment/?add_to_wishlist=11269&_wpnonce=6bfe09af95,,professional-diagnostic-equipment.html,,7,,,
,,product-category/medical-equipment/?add_to_wishlist=11275&_wpnonce=6bfe09af95,,professional-diagnostic-equipment.html,,1,,,
,,product-category/medical-equipment/?add_to_wishlist=11275&_wpnonce=6bfe09af95,,professional-diagnostic-equipment.html,,2,,,
,,product-category/medical-equipment/?add_to_wishlist=11275&_wpnonce=6bfe09af95,,professional-diagnostic-equipment.html,,3,,,
,,product-category/medical-equipment/?add_to_wishlist=11275&_wpnonce=6bfe09af95,,professional-diagnostic-equipment.html,,4,,,
,,product-category/medical-equipment/?add_to_wishlist=11275&_wpnonce=6bfe09af95,,professional-diagnostic-equipment.html,,5,,,
,,product-category/medical-equipment/?add_to_wishlist=11275&_wpnonce=6bfe09af95,,professional-diagnostic-equipment.html,,6,,,
,,product-category/medical-equipment/?add_to_wishlist=11275&_wpnonce=6bfe09af95,,professional-diagnostic-equipment.html,,7,,,
,,product-category/medical-equipment/?add_to_wishlist=11277&_wpnonce=6bfe09af95,,professional-diagnostic-equipment.html,,1,,,
,,product-category/medical-equipment/?add_to_wishlist=11277&_wpnonce=6bfe09af95,,professional-diagnostic-equipment.html,,2,,,
,,product-category/medical-equipment/?add_to_wishlist=11277&_wpnonce=6bfe09af95,,professional-diagnostic-equipment.html,,3,,,
,,product-category/medical-equipment/?add_to_wishlist=11277&_wpnonce=6bfe09af95,,professional-diagnostic-equipment.html,,4,,,
,,product-category/medical-equipment/?add_to_wishlist=11277&_wpnonce=6bfe09af95,,professional-diagnostic-equipment.html,,5,,,
,,product-category/medical-equipment/?add_to_wishlist=11277&_wpnonce=6bfe09af95,,professional-diagnostic-equipment.html,,6,,,
,,product-category/medical-equipment/?add_to_wishlist=11277&_wpnonce=6bfe09af95,,professional-diagnostic-equipment.html,,7,,,
,,product-category/medical-equipment/?add_to_wishlist=11282&_wpnonce=6bfe09af95,,professional-diagnostic-equipment.html,,1,,,
,,product-category/medical-equipment/?add_to_wishlist=11282&_wpnonce=6bfe09af95,,professional-diagnostic-equipment.html,,2,,,
,,product-category/medical-equipment/?add_to_wishlist=11282&_wpnonce=6bfe09af95,,professional-diagnostic-equipment.html,,3,,,
,,product-category/medical-equipment/?add_to_wishlist=11282&_wpnonce=6bfe09af95,,professional-diagnostic-equipment.html,,4,,,
,,product-category/medical-equipment/?add_to_wishlist=11282&_wpnonce=6bfe09af95,,professional-diagnostic-equipment.html,,5,,,
,,product-category/medical-equipment/?add_to_wishlist=11282&_wpnonce=6bfe09af95,,professional-diagnostic-equipment.html,,6,,,
,,product-category/medical-equipment/?add_to_wishlist=11282&_wpnonce=6bfe09af95,,professional-diagnostic-equipment.html,,7,,,
,,product-category/medical-equipment/?add_to_wishlist=11288&_wpnonce=6bfe09af95,,professional-diagnostic-equipment.html,,1,,,
,,product-category/medical-equipment/?add_to_wishlist=11288&_wpnonce=6bfe09af95,,professional-diagnostic-equipment.html,,2,,,
,,product-category/medical-equipment/?add_to_wishlist=11288&_wpnonce=6bfe09af95,,professional-diagnostic-equipment.html,,3,,,
,,product-category/medical-equipment/?add_to_wishlist=11288&_wpnonce=6bfe09af95,,professional-diagnostic-equipment.html,,4,,,
,,product-category/medical-equipment/?add_to_wishlist=11288&_wpnonce=6bfe09af95,,professional-diagnostic-equipment.html,,5,,,
,,product-category/medical-equipment/?add_to_wishlist=11288&_wpnonce=6bfe09af95,,professional-diagnostic-equipment.html,,6,,,
,,product-category/medical-equipment/?add_to_wishlist=11288&_wpnonce=6bfe09af95,,professional-diagnostic-equipment.html,,7,,,
,,product-category/medical-equipment/?add_to_wishlist=11290&_wpnonce=6bfe09af95,,professional-diagnostic-equipment.html,,1,,,
,,product-category/medical-equipment/?add_to_wishlist=11290&_wpnonce=6bfe09af95,,professional-diagnostic-equipment.html,,2,,,
,,product-category/medical-equipment/?add_to_wishlist=11290&_wpnonce=6bfe09af95,,professional-diagnostic-equipment.html,,3,,,
,,product-category/medical-equipment/?add_to_wishlist=11290&_wpnonce=6bfe09af95,,professional-diagnostic-equipment.html,,4,,,
,,product-category/medical-equipment/?add_to_wishlist=11290&_wpnonce=6bfe09af95,,professional-diagnostic-equipment.html,,5,,,
,,product-category/medical-equipment/?add_to_wishlist=11290&_wpnonce=6bfe09af95,,professional-diagnostic-equipment.html,,6,,,
,,product-category/medical-equipment/?add_to_wishlist=11290&_wpnonce=6bfe09af95,,professional-diagnostic-equipment.html,,7,,,
,,product-category/medical-equipment/?add_to_wishlist=11607&_wpnonce=6bfe09af95,,professional-diagnostic-equipment.html,,1,,,
,,product-category/medical-equipment/?add_to_wishlist=11607&_wpnonce=6bfe09af95,,professional-diagnostic-equipment.html,,2,,,
,,product-category/medical-equipment/?add_to_wishlist=11607&_wpnonce=6bfe09af95,,professional-diagnostic-equipment.html,,3,,,
,,product-category/medical-equipment/?add_to_wishlist=11607&_wpnonce=6bfe09af95,,professional-diagnostic-equipment.html,,4,,,
,,product-category/medical-equipment/?add_to_wishlist=11607&_wpnonce=6bfe09af95,,professional-diagnostic-equipment.html,,5,,,
,,product-category/medical-equipment/?add_to_wishlist=11607&_wpnonce=6bfe09af95,,professional-diagnostic-equipment.html,,6,,,
,,product-category/medical-equipment/?add_to_wishlist=11607&_wpnonce=6bfe09af95,,professional-diagnostic-equipment.html,,7,,,
,,product-category/medical-equipment/?add_to_wishlist=11632&_wpnonce=6bfe09af95,,professional-diagnostic-equipment.html,,1,,,
,,product-category/medical-equipment/?add_to_wishlist=11632&_wpnonce=6bfe09af95,,professional-diagnostic-equipment.html,,2,,,
,,product-category/medical-equipment/?add_to_wishlist=11632&_wpnonce=6bfe09af95,,professional-diagnostic-equipment.html,,3,,,
,,product-category/medical-equipment/?add_to_wishlist=11632&_wpnonce=6bfe09af95,,professional-diagnostic-equipment.html,,4,,,
,,product-category/medical-equipment/?add_to_wishlist=11632&_wpnonce=6bfe09af95,,professional-diagnostic-equipment.html,,5,,,
,,product-category/medical-equipment/?add_to_wishlist=11632&_wpnonce=6bfe09af95,,professional-diagnostic-equipment.html,,6,,,
,,product-category/medical-equipment/?add_to_wishlist=11632&_wpnonce=6bfe09af95,,professional-diagnostic-equipment.html,,7,,,
,,product-category/medical-equipment/?add_to_wishlist=11736&_wpnonce=6bfe09af95,,professional-diagnostic-equipment.html,,1,,,
,,product-category/medical-equipment/?add_to_wishlist=11736&_wpnonce=6bfe09af95,,professional-diagnostic-equipment.html,,2,,,
,,product-category/medical-equipment/?add_to_wishlist=11736&_wpnonce=6bfe09af95,,professional-diagnostic-equipment.html,,3,,,
,,product-category/medical-equipment/?add_to_wishlist=11736&_wpnonce=6bfe09af95,,professional-diagnostic-equipment.html,,4,,,
,,product-category/medical-equipment/?add_to_wishlist=11736&_wpnonce=6bfe09af95,,professional-diagnostic-equipment.html,,5,,,
,,product-category/medical-equipment/?add_to_wishlist=11736&_wpnonce=6bfe09af95,,professional-diagnostic-equipment.html,,6,,,
,,product-category/medical-equipment/?add_to_wishlist=11736&_wpnonce=6bfe09af95,,professional-diagnostic-equipment.html,,7,,,
,,product-category/medical-equipment/?add_to_wishlist=5433&_wpnonce=6bfe09af95,,professional-diagnostic-equipment.html,,1,,,
,,product-category/medical-equipment/?add_to_wishlist=5433&_wpnonce=6bfe09af95,,professional-diagnostic-equipment.html,,2,,,
,,product-category/medical-equipment/?add_to_wishlist=5433&_wpnonce=6bfe09af95,,professional-diagnostic-equipment.html,,3,,,
,,product-category/medical-equipment/?add_to_wishlist=5433&_wpnonce=6bfe09af95,,professional-diagnostic-equipment.html,,4,,,
,,product-category/medical-equipment/?add_to_wishlist=5433&_wpnonce=6bfe09af95,,professional-diagnostic-equipment.html,,5,,,
,,product-category/medical-equipment/?add_to_wishlist=5433&_wpnonce=6bfe09af95,,professional-diagnostic-equipment.html,,6,,,
,,product-category/medical-equipment/?add_to_wishlist=5433&_wpnonce=6bfe09af95,,professional-diagnostic-equipment.html,,7,,,
,,product-category/medical-equipment/?add-to-cart=11202,,professional-diagnostic-equipment.html,,1,,,
,,product-category/medical-equipment/?add-to-cart=11202,,professional-diagnostic-equipment.html,,2,,,
,,product-category/medical-equipment/?add-to-cart=11202,,professional-diagnostic-equipment.html,,3,,,
,,product-category/medical-equipment/?add-to-cart=11202,,professional-diagnostic-equipment.html,,4,,,
,,product-category/medical-equipment/?add-to-cart=11202,,professional-diagnostic-equipment.html,,5,,,
,,product-category/medical-equipment/?add-to-cart=11202,,professional-diagnostic-equipment.html,,6,,,
,,product-category/medical-equipment/?add-to-cart=11202,,professional-diagnostic-equipment.html,,7,,,
,,product-category/medical-equipment/?add-to-cart=11206,,professional-diagnostic-equipment.html,,1,,,
,,product-category/medical-equipment/?add-to-cart=11206,,professional-diagnostic-equipment.html,,2,,,
,,product-category/medical-equipment/?add-to-cart=11206,,professional-diagnostic-equipment.html,,3,,,
,,product-category/medical-equipment/?add-to-cart=11206,,professional-diagnostic-equipment.html,,4,,,
,,product-category/medical-equipment/?add-to-cart=11206,,professional-diagnostic-equipment.html,,5,,,
,,product-category/medical-equipment/?add-to-cart=11206,,professional-diagnostic-equipment.html,,6,,,
,,product-category/medical-equipment/?add-to-cart=11206,,professional-diagnostic-equipment.html,,7,,,
,,product-category/medical-equipment/?add-to-cart=11212,,professional-diagnostic-equipment.html,,1,,,
,,product-category/medical-equipment/?add-to-cart=11212,,professional-diagnostic-equipment.html,,2,,,
,,product-category/medical-equipment/?add-to-cart=11212,,professional-diagnostic-equipment.html,,3,,,
,,product-category/medical-equipment/?add-to-cart=11212,,professional-diagnostic-equipment.html,,4,,,
,,product-category/medical-equipment/?add-to-cart=11212,,professional-diagnostic-equipment.html,,5,,,
,,product-category/medical-equipment/?add-to-cart=11212,,professional-diagnostic-equipment.html,,6,,,
,,product-category/medical-equipment/?add-to-cart=11212,,professional-diagnostic-equipment.html,,7,,,
,,product-category/medical-equipment/?add-to-cart=11228,,professional-diagnostic-equipment.html,,1,,,
,,product-category/medical-equipment/?add-to-cart=11228,,professional-diagnostic-equipment.html,,2,,,
,,product-category/medical-equipment/?add-to-cart=11228,,professional-diagnostic-equipment.html,,3,,,
,,product-category/medical-equipment/?add-to-cart=11228,,professional-diagnostic-equipment.html,,4,,,
,,product-category/medical-equipment/?add-to-cart=11228,,professional-diagnostic-equipment.html,,5,,,
,,product-category/medical-equipment/?add-to-cart=11228,,professional-diagnostic-equipment.html,,6,,,
,,product-category/medical-equipment/?add-to-cart=11228,,professional-diagnostic-equipment.html,,7,,,
,,product-category/medical-equipment/?add-to-cart=11240,,professional-diagnostic-equipment.html,,1,,,
,,product-category/medical-equipment/?add-to-cart=11240,,professional-diagnostic-equipment.html,,2,,,
,,product-category/medical-equipment/?add-to-cart=11240,,professional-diagnostic-equipment.html,,3,,,
,,product-category/medical-equipment/?add-to-cart=11240,,professional-diagnostic-equipment.html,,4,,,
,,product-category/medical-equipment/?add-to-cart=11240,,professional-diagnostic-equipment.html,,5,,,
,,product-category/medical-equipment/?add-to-cart=11240,,professional-diagnostic-equipment.html,,6,,,
,,product-category/medical-equipment/?add-to-cart=11240,,professional-diagnostic-equipment.html,,7,,,
,,product-category/medical-equipment/?add-to-cart=11260,,professional-diagnostic-equipment.html,,1,,,
,,product-category/medical-equipment/?add-to-cart=11260,,professional-diagnostic-equipment.html,,2,,,
,,product-category/medical-equipment/?add-to-cart=11260,,professional-diagnostic-equipment.html,,3,,,
,,product-category/medical-equipment/?add-to-cart=11260,,professional-diagnostic-equipment.html,,4,,,
,,product-category/medical-equipment/?add-to-cart=11260,,professional-diagnostic-equipment.html,,5,,,
,,product-category/medical-equipment/?add-to-cart=11260,,professional-diagnostic-equipment.html,,6,,,
,,product-category/medical-equipment/?add-to-cart=11260,,professional-diagnostic-equipment.html,,7,,,
,,product-category/medical-equipment/?add-to-cart=11288,,professional-diagnostic-equipment.html,,1,,,
,,product-category/medical-equipment/?add-to-cart=11288,,professional-diagnostic-equipment.html,,2,,,
,,product-category/medical-equipment/?add-to-cart=11288,,professional-diagnostic-equipment.html,,3,,,
,,product-category/medical-equipment/?add-to-cart=11288,,professional-diagnostic-equipment.html,,4,,,
,,product-category/medical-equipment/?add-to-cart=11288,,professional-diagnostic-equipment.html,,5,,,
,,product-category/medical-equipment/?add-to-cart=11288,,professional-diagnostic-equipment.html,,6,,,
,,product-category/medical-equipment/?add-to-cart=11288,,professional-diagnostic-equipment.html,,7,,,
,,product-category/medical-equipment/?add-to-cart=11632,,professional-diagnostic-equipment.html,,1,,,
,,product-category/medical-equipment/?add-to-cart=11632,,professional-diagnostic-equipment.html,,2,,,
,,product-category/medical-equipment/?add-to-cart=11632,,professional-diagnostic-equipment.html,,3,,,
,,product-category/medical-equipment/?add-to-cart=11632,,professional-diagnostic-equipment.html,,4,,,
,,product-category/medical-equipment/?add-to-cart=11632,,professional-diagnostic-equipment.html,,5,,,
,,product-category/medical-equipment/?add-to-cart=11632,,professional-diagnostic-equipment.html,,6,,,
,,product-category/medical-equipment/?add-to-cart=11632,,professional-diagnostic-equipment.html,,7,,,
,,product-category/medical-equipment/?filter_color=beige,,professional-diagnostic-equipment.html,,1,,,
,,product-category/medical-equipment/?filter_color=beige,,professional-diagnostic-equipment.html,,2,,,
,,product-category/medical-equipment/?filter_color=beige,,professional-diagnostic-equipment.html,,3,,,
,,product-category/medical-equipment/?filter_color=beige,,professional-diagnostic-equipment.html,,4,,,
,,product-category/medical-equipment/?filter_color=beige,,professional-diagnostic-equipment.html,,5,,,
,,product-category/medical-equipment/?filter_color=beige,,professional-diagnostic-equipment.html,,6,,,
,,product-category/medical-equipment/?filter_color=beige,,professional-diagnostic-equipment.html,,7,,,
,,product-category/medtech/,,all-products.html,,1,,,
,,product-category/medtech/,,all-products.html,,2,,,
,,product-category/medtech/,,all-products.html,,3,,,
,,product-category/medtech/,,all-products.html,,4,,,
,,product-category/medtech/,,all-products.html,,5,,,
,,product-category/medtech/,,all-products.html,,6,,,
,,product-category/medtech/,,all-products.html,,7,,,
,,product-category/microtonemsi/,,all-products.html,,1,,,
,,product-category/microtonemsi/,,all-products.html,,2,,,
,,product-category/microtonemsi/,,all-products.html,,3,,,
,,product-category/microtonemsi/,,all-products.html,,4,,,
,,product-category/microtonemsi/,,all-products.html,,5,,,
,,product-category/microtonemsi/,,all-products.html,,6,,,
,,product-category/microtonemsi/,,all-products.html,,7,,,
,,product-category/nebulizer/,,home-healthcare-devices/allergy-sinus-asthma.html,,1,,,
,,product-category/nebulizer/,,home-healthcare-devices/allergy-sinus-asthma.html,,2,,,
,,product-category/nebulizer/,,home-healthcare-devices/allergy-sinus-asthma.html,,3,,,
,,product-category/nebulizer/,,home-healthcare-devices/allergy-sinus-asthma.html,,4,,,
,,product-category/nebulizer/,,home-healthcare-devices/allergy-sinus-asthma.html,,5,,,
,,product-category/nebulizer/,,home-healthcare-devices/allergy-sinus-asthma.html,,6,,,
,,product-category/nebulizer/,,home-healthcare-devices/allergy-sinus-asthma.html,,7,,,
,,product-category/nebulizer-equipment/,,home-healthcare-devices/allergy-sinus-asthma.html,,1,,,
,,product-category/nebulizer-equipment/,,home-healthcare-devices/allergy-sinus-asthma.html,,2,,,
,,product-category/nebulizer-equipment/,,home-healthcare-devices/allergy-sinus-asthma.html,,3,,,
,,product-category/nebulizer-equipment/,,home-healthcare-devices/allergy-sinus-asthma.html,,4,,,
,,product-category/nebulizer-equipment/,,home-healthcare-devices/allergy-sinus-asthma.html,,5,,,
,,product-category/nebulizer-equipment/,,home-healthcare-devices/allergy-sinus-asthma.html,,6,,,
,,product-category/nebulizer-equipment/,,home-healthcare-devices/allergy-sinus-asthma.html,,7,,,
,,product-category/omron/?add_to_wishlist=5850,,all-products.html,,1,,,
,,product-category/omron/?add_to_wishlist=5850,,all-products.html,,2,,,
,,product-category/omron/?add_to_wishlist=5850,,all-products.html,,3,,,
,,product-category/omron/?add_to_wishlist=5850,,all-products.html,,4,,,
,,product-category/omron/?add_to_wishlist=5850,,all-products.html,,5,,,
,,product-category/omron/?add_to_wishlist=5850,,all-products.html,,6,,,
,,product-category/omron/?add_to_wishlist=5850,,all-products.html,,7,,,
,,product-category/omron/?add-to-cart=11112,,all-products.html,,1,,,
,,product-category/omron/?add-to-cart=11112,,all-products.html,,2,,,
,,product-category/omron/?add-to-cart=11112,,all-products.html,,3,,,
,,product-category/omron/?add-to-cart=11112,,all-products.html,,4,,,
,,product-category/omron/?add-to-cart=11112,,all-products.html,,5,,,
,,product-category/omron/?add-to-cart=11112,,all-products.html,,6,,,
,,product-category/omron/?add-to-cart=11112,,all-products.html,,7,,,
,,product-category/omron/?add-to-cart=5850,,all-products.html,,1,,,
,,product-category/omron/?add-to-cart=5850,,all-products.html,,2,,,
,,product-category/omron/?add-to-cart=5850,,all-products.html,,3,,,
,,product-category/omron/?add-to-cart=5850,,all-products.html,,4,,,
,,product-category/omron/?add-to-cart=5850,,all-products.html,,5,,,
,,product-category/omron/?add-to-cart=5850,,all-products.html,,6,,,
,,product-category/omron/?add-to-cart=5850,,all-products.html,,7,,,
,,product-category/orthotocs-products/,,all-products.html,,1,,,
,,product-category/orthotocs-products/,,all-products.html,,2,,,
,,product-category/orthotocs-products/,,all-products.html,,3,,,
,,product-category/orthotocs-products/,,all-products.html,,4,,,
,,product-category/orthotocs-products/,,all-products.html,,5,,,
,,product-category/orthotocs-products/,,all-products.html,,6,,,
,,product-category/orthotocs-products/,,all-products.html,,7,,,
,,product-category/otica/,,all-products.html,,1,,,
,,product-category/otica/,,all-products.html,,2,,,
,,product-category/otica/,,all-products.html,,3,,,
,,product-category/otica/,,all-products.html,,4,,,
,,product-category/otica/,,all-products.html,,5,,,
,,product-category/otica/,,all-products.html,,6,,,
,,product-category/otica/,,all-products.html,,7,,,
,,product-category/otica/?add-to-cart=11118,,all-products.html,,1,,,
,,product-category/otica/?add-to-cart=11118,,all-products.html,,2,,,
,,product-category/otica/?add-to-cart=11118,,all-products.html,,3,,,
,,product-category/otica/?add-to-cart=11118,,all-products.html,,4,,,
,,product-category/otica/?add-to-cart=11118,,all-products.html,,5,,,
,,product-category/otica/?add-to-cart=11118,,all-products.html,,6,,,
,,product-category/otica/?add-to-cart=11118,,all-products.html,,7,,,
,,product-category/oxy-med/,,all-products.html,,1,,,
,,product-category/oxy-med/,,all-products.html,,2,,,
,,product-category/oxy-med/,,all-products.html,,3,,,
,,product-category/oxy-med/,,all-products.html,,4,,,
,,product-category/oxy-med/,,all-products.html,,5,,,
,,product-category/oxy-med/,,all-products.html,,6,,,
,,product-category/oxy-med/,,all-products.html,,7,,,
,,product-category/oxy-med/?add_to_wishlist=9825&_wpnonce=ef95b38fda,,all-products.html,,1,,,
,,product-category/oxy-med/?add_to_wishlist=9825&_wpnonce=ef95b38fda,,all-products.html,,2,,,
,,product-category/oxy-med/?add_to_wishlist=9825&_wpnonce=ef95b38fda,,all-products.html,,3,,,
,,product-category/oxy-med/?add_to_wishlist=9825&_wpnonce=ef95b38fda,,all-products.html,,4,,,
,,product-category/oxy-med/?add_to_wishlist=9825&_wpnonce=ef95b38fda,,all-products.html,,5,,,
,,product-category/oxy-med/?add_to_wishlist=9825&_wpnonce=ef95b38fda,,all-products.html,,6,,,
,,product-category/oxy-med/?add_to_wishlist=9825&_wpnonce=ef95b38fda,,all-products.html,,7,,,
,,product-category/oxy-med/?add-to-cart=10698,,all-products.html,,1,,,
,,product-category/oxy-med/?add-to-cart=10698,,all-products.html,,2,,,
,,product-category/oxy-med/?add-to-cart=10698,,all-products.html,,3,,,
,,product-category/oxy-med/?add-to-cart=10698,,all-products.html,,4,,,
,,product-category/oxy-med/?add-to-cart=10698,,all-products.html,,5,,,
,,product-category/oxy-med/?add-to-cart=10698,,all-products.html,,6,,,
,,product-category/oxy-med/?add-to-cart=10698,,all-products.html,,7,,,
,,product-category/oxy-med/?add-to-cart=10713,,all-products.html,,1,,,
,,product-category/oxy-med/?add-to-cart=10713,,all-products.html,,2,,,
,,product-category/oxy-med/?add-to-cart=10713,,all-products.html,,3,,,
,,product-category/oxy-med/?add-to-cart=10713,,all-products.html,,4,,,
,,product-category/oxy-med/?add-to-cart=10713,,all-products.html,,5,,,
,,product-category/oxy-med/?add-to-cart=10713,,all-products.html,,6,,,
,,product-category/oxy-med/?add-to-cart=10713,,all-products.html,,7,,,
,,product-category/philips-respironics/?add_to_wishlist=6737&_wpnonce=029211ffa5,,all-products.html,,1,,,
,,product-category/philips-respironics/?add_to_wishlist=6737&_wpnonce=029211ffa5,,all-products.html,,2,,,
,,product-category/philips-respironics/?add_to_wishlist=6737&_wpnonce=029211ffa5,,all-products.html,,3,,,
,,product-category/philips-respironics/?add_to_wishlist=6737&_wpnonce=029211ffa5,,all-products.html,,4,,,
,,product-category/philips-respironics/?add_to_wishlist=6737&_wpnonce=029211ffa5,,all-products.html,,5,,,
,,product-category/philips-respironics/?add_to_wishlist=6737&_wpnonce=029211ffa5,,all-products.html,,6,,,
,,product-category/philips-respironics/?add_to_wishlist=6737&_wpnonce=029211ffa5,,all-products.html,,7,,,
,,product-category/philips-respironics/?add_to_wishlist=6737&_wpnonce=02f394fa05,,all-products.html,,1,,,
,,product-category/philips-respironics/?add_to_wishlist=6737&_wpnonce=02f394fa05,,all-products.html,,2,,,
,,product-category/philips-respironics/?add_to_wishlist=6737&_wpnonce=02f394fa05,,all-products.html,,3,,,
,,product-category/philips-respironics/?add_to_wishlist=6737&_wpnonce=02f394fa05,,all-products.html,,4,,,
,,product-category/philips-respironics/?add_to_wishlist=6737&_wpnonce=02f394fa05,,all-products.html,,5,,,
,,product-category/philips-respironics/?add_to_wishlist=6737&_wpnonce=02f394fa05,,all-products.html,,6,,,
,,product-category/philips-respironics/?add_to_wishlist=6737&_wpnonce=02f394fa05,,all-products.html,,7,,,
,,product-category/philips-respironics/?add_to_wishlist=6737&_wpnonce=107763ebcd,,all-products.html,,1,,,
,,product-category/philips-respironics/?add_to_wishlist=6737&_wpnonce=107763ebcd,,all-products.html,,2,,,
,,product-category/philips-respironics/?add_to_wishlist=6737&_wpnonce=107763ebcd,,all-products.html,,3,,,
,,product-category/philips-respironics/?add_to_wishlist=6737&_wpnonce=107763ebcd,,all-products.html,,4,,,
,,product-category/philips-respironics/?add_to_wishlist=6737&_wpnonce=107763ebcd,,all-products.html,,5,,,
,,product-category/philips-respironics/?add_to_wishlist=6737&_wpnonce=107763ebcd,,all-products.html,,6,,,
,,product-category/philips-respironics/?add_to_wishlist=6737&_wpnonce=107763ebcd,,all-products.html,,7,,,
,,product-category/philips-respironics/?add_to_wishlist=6737&_wpnonce=135c249d28,,all-products.html,,1,,,
,,product-category/philips-respironics/?add_to_wishlist=6737&_wpnonce=135c249d28,,all-products.html,,2,,,
,,product-category/philips-respironics/?add_to_wishlist=6737&_wpnonce=135c249d28,,all-products.html,,3,,,
,,product-category/philips-respironics/?add_to_wishlist=6737&_wpnonce=135c249d28,,all-products.html,,4,,,
,,product-category/philips-respironics/?add_to_wishlist=6737&_wpnonce=135c249d28,,all-products.html,,5,,,
,,product-category/philips-respironics/?add_to_wishlist=6737&_wpnonce=135c249d28,,all-products.html,,6,,,
,,product-category/philips-respironics/?add_to_wishlist=6737&_wpnonce=135c249d28,,all-products.html,,7,,,
,,product-category/philips-respironics/?add_to_wishlist=6737&_wpnonce=19ddc6471f,,all-products.html,,1,,,
,,product-category/philips-respironics/?add_to_wishlist=6737&_wpnonce=19ddc6471f,,all-products.html,,2,,,
,,product-category/philips-respironics/?add_to_wishlist=6737&_wpnonce=19ddc6471f,,all-products.html,,3,,,
,,product-category/philips-respironics/?add_to_wishlist=6737&_wpnonce=19ddc6471f,,all-products.html,,4,,,
,,product-category/philips-respironics/?add_to_wishlist=6737&_wpnonce=19ddc6471f,,all-products.html,,5,,,
,,product-category/philips-respironics/?add_to_wishlist=6737&_wpnonce=19ddc6471f,,all-products.html,,6,,,
,,product-category/philips-respironics/?add_to_wishlist=6737&_wpnonce=19ddc6471f,,all-products.html,,7,,,
,,product-category/philips-respironics/?add_to_wishlist=6737&_wpnonce=1c8316ff96,,all-products.html,,1,,,
,,product-category/philips-respironics/?add_to_wishlist=6737&_wpnonce=1c8316ff96,,all-products.html,,2,,,
,,product-category/philips-respironics/?add_to_wishlist=6737&_wpnonce=1c8316ff96,,all-products.html,,3,,,
,,product-category/philips-respironics/?add_to_wishlist=6737&_wpnonce=1c8316ff96,,all-products.html,,4,,,
,,product-category/philips-respironics/?add_to_wishlist=6737&_wpnonce=1c8316ff96,,all-products.html,,5,,,
,,product-category/philips-respironics/?add_to_wishlist=6737&_wpnonce=1c8316ff96,,all-products.html,,6,,,
,,product-category/philips-respironics/?add_to_wishlist=6737&_wpnonce=1c8316ff96,,all-products.html,,7,,,
,,product-category/philips-respironics/?add_to_wishlist=6737&_wpnonce=1f167c6ad7,,all-products.html,,1,,,
,,product-category/philips-respironics/?add_to_wishlist=6737&_wpnonce=1f167c6ad7,,all-products.html,,2,,,
,,product-category/philips-respironics/?add_to_wishlist=6737&_wpnonce=1f167c6ad7,,all-products.html,,3,,,
,,product-category/philips-respironics/?add_to_wishlist=6737&_wpnonce=1f167c6ad7,,all-products.html,,4,,,
,,product-category/philips-respironics/?add_to_wishlist=6737&_wpnonce=1f167c6ad7,,all-products.html,,5,,,
,,product-category/philips-respironics/?add_to_wishlist=6737&_wpnonce=1f167c6ad7,,all-products.html,,6,,,
,,product-category/philips-respironics/?add_to_wishlist=6737&_wpnonce=1f167c6ad7,,all-products.html,,7,,,
,,product-category/philips-respironics/?add_to_wishlist=6737&_wpnonce=24e4515fd6,,all-products.html,,1,,,
,,product-category/philips-respironics/?add_to_wishlist=6737&_wpnonce=24e4515fd6,,all-products.html,,2,,,
,,product-category/philips-respironics/?add_to_wishlist=6737&_wpnonce=24e4515fd6,,all-products.html,,3,,,
,,product-category/philips-respironics/?add_to_wishlist=6737&_wpnonce=24e4515fd6,,all-products.html,,4,,,
,,product-category/philips-respironics/?add_to_wishlist=6737&_wpnonce=24e4515fd6,,all-products.html,,5,,,
,,product-category/philips-respironics/?add_to_wishlist=6737&_wpnonce=24e4515fd6,,all-products.html,,6,,,
,,product-category/philips-respironics/?add_to_wishlist=6737&_wpnonce=24e4515fd6,,all-products.html,,7,,,
,,product-category/philips-respironics/?add_to_wishlist=6737&_wpnonce=32714e3fdb,,all-products.html,,1,,,
,,product-category/philips-respironics/?add_to_wishlist=6737&_wpnonce=32714e3fdb,,all-products.html,,2,,,
,,product-category/philips-respironics/?add_to_wishlist=6737&_wpnonce=32714e3fdb,,all-products.html,,3,,,
,,product-category/philips-respironics/?add_to_wishlist=6737&_wpnonce=32714e3fdb,,all-products.html,,4,,,
,,product-category/philips-respironics/?add_to_wishlist=6737&_wpnonce=32714e3fdb,,all-products.html,,5,,,
,,product-category/philips-respironics/?add_to_wishlist=6737&_wpnonce=32714e3fdb,,all-products.html,,6,,,
,,product-category/philips-respironics/?add_to_wishlist=6737&_wpnonce=32714e3fdb,,all-products.html,,7,,,
,,product-category/philips-respironics/?add_to_wishlist=6737&_wpnonce=3963c760ea,,all-products.html,,1,,,
,,product-category/philips-respironics/?add_to_wishlist=6737&_wpnonce=3963c760ea,,all-products.html,,2,,,
,,product-category/philips-respironics/?add_to_wishlist=6737&_wpnonce=3963c760ea,,all-products.html,,3,,,
,,product-category/philips-respironics/?add_to_wishlist=6737&_wpnonce=3963c760ea,,all-products.html,,4,,,
,,product-category/philips-respironics/?add_to_wishlist=6737&_wpnonce=3963c760ea,,all-products.html,,5,,,
,,product-category/philips-respironics/?add_to_wishlist=6737&_wpnonce=3963c760ea,,all-products.html,,6,,,
,,product-category/philips-respironics/?add_to_wishlist=6737&_wpnonce=3963c760ea,,all-products.html,,7,,,
,,product-category/philips-respironics/?add_to_wishlist=6737&_wpnonce=4a590be38f,,all-products.html,,1,,,
,,product-category/philips-respironics/?add_to_wishlist=6737&_wpnonce=4a590be38f,,all-products.html,,2,,,
,,product-category/philips-respironics/?add_to_wishlist=6737&_wpnonce=4a590be38f,,all-products.html,,3,,,
,,product-category/philips-respironics/?add_to_wishlist=6737&_wpnonce=4a590be38f,,all-products.html,,4,,,
,,product-category/philips-respironics/?add_to_wishlist=6737&_wpnonce=4a590be38f,,all-products.html,,5,,,
,,product-category/philips-respironics/?add_to_wishlist=6737&_wpnonce=4a590be38f,,all-products.html,,6,,,
,,product-category/philips-respironics/?add_to_wishlist=6737&_wpnonce=4a590be38f,,all-products.html,,7,,,
,,product-category/philips-respironics/?add_to_wishlist=6737&_wpnonce=4d2e6cb093,,all-products.html,,1,,,
,,product-category/philips-respironics/?add_to_wishlist=6737&_wpnonce=4d2e6cb093,,all-products.html,,2,,,
,,product-category/philips-respironics/?add_to_wishlist=6737&_wpnonce=4d2e6cb093,,all-products.html,,3,,,
,,product-category/philips-respironics/?add_to_wishlist=6737&_wpnonce=4d2e6cb093,,all-products.html,,4,,,
,,product-category/philips-respironics/?add_to_wishlist=6737&_wpnonce=4d2e6cb093,,all-products.html,,5,,,
,,product-category/philips-respironics/?add_to_wishlist=6737&_wpnonce=4d2e6cb093,,all-products.html,,6,,,
,,product-category/philips-respironics/?add_to_wishlist=6737&_wpnonce=4d2e6cb093,,all-products.html,,7,,,
,,product-category/philips-respironics/?add_to_wishlist=6737&_wpnonce=4dc557e6fa,,all-products.html,,1,,,
,,product-category/philips-respironics/?add_to_wishlist=6737&_wpnonce=4dc557e6fa,,all-products.html,,2,,,
,,product-category/philips-respironics/?add_to_wishlist=6737&_wpnonce=4dc557e6fa,,all-products.html,,3,,,
,,product-category/philips-respironics/?add_to_wishlist=6737&_wpnonce=4dc557e6fa,,all-products.html,,4,,,
,,product-category/philips-respironics/?add_to_wishlist=6737&_wpnonce=4dc557e6fa,,all-products.html,,5,,,
,,product-category/philips-respironics/?add_to_wishlist=6737&_wpnonce=4dc557e6fa,,all-products.html,,6,,,
,,product-category/philips-respironics/?add_to_wishlist=6737&_wpnonce=4dc557e6fa,,all-products.html,,7,,,
,,product-category/philips-respironics/?add_to_wishlist=6737&_wpnonce=5e88a8d1b8,,all-products.html,,1,,,
,,product-category/philips-respironics/?add_to_wishlist=6737&_wpnonce=5e88a8d1b8,,all-products.html,,2,,,
,,product-category/philips-respironics/?add_to_wishlist=6737&_wpnonce=5e88a8d1b8,,all-products.html,,3,,,
,,product-category/philips-respironics/?add_to_wishlist=6737&_wpnonce=5e88a8d1b8,,all-products.html,,4,,,
,,product-category/philips-respironics/?add_to_wishlist=6737&_wpnonce=5e88a8d1b8,,all-products.html,,5,,,
,,product-category/philips-respironics/?add_to_wishlist=6737&_wpnonce=5e88a8d1b8,,all-products.html,,6,,,
,,product-category/philips-respironics/?add_to_wishlist=6737&_wpnonce=5e88a8d1b8,,all-products.html,,7,,,
,,product-category/philips-respironics/?add_to_wishlist=6780&_wpnonce=4dc557e6fa,,all-products.html,,1,,,
,,product-category/philips-respironics/?add_to_wishlist=6780&_wpnonce=4dc557e6fa,,all-products.html,,2,,,
,,product-category/philips-respironics/?add_to_wishlist=6780&_wpnonce=4dc557e6fa,,all-products.html,,3,,,
,,product-category/philips-respironics/?add_to_wishlist=6780&_wpnonce=4dc557e6fa,,all-products.html,,4,,,
,,product-category/philips-respironics/?add_to_wishlist=6780&_wpnonce=4dc557e6fa,,all-products.html,,5,,,
,,product-category/philips-respironics/?add_to_wishlist=6780&_wpnonce=4dc557e6fa,,all-products.html,,6,,,
,,product-category/philips-respironics/?add_to_wishlist=6780&_wpnonce=4dc557e6fa,,all-products.html,,7,,,
,,product-category/philips-respironics/?add_to_wishlist=6789&_wpnonce=f6d1eff20e,,all-products.html,,1,,,
,,product-category/philips-respironics/?add_to_wishlist=6789&_wpnonce=f6d1eff20e,,all-products.html,,2,,,
,,product-category/philips-respironics/?add_to_wishlist=6789&_wpnonce=f6d1eff20e,,all-products.html,,3,,,
,,product-category/philips-respironics/?add_to_wishlist=6789&_wpnonce=f6d1eff20e,,all-products.html,,4,,,
,,product-category/philips-respironics/?add_to_wishlist=6789&_wpnonce=f6d1eff20e,,all-products.html,,5,,,
,,product-category/philips-respironics/?add_to_wishlist=6789&_wpnonce=f6d1eff20e,,all-products.html,,6,,,
,,product-category/philips-respironics/?add_to_wishlist=6789&_wpnonce=f6d1eff20e,,all-products.html,,7,,,
,,product-category/pulse-oximeter/,,all-products.html,,1,,,
,,product-category/pulse-oximeter/,,all-products.html,,2,,,
,,product-category/pulse-oximeter/,,all-products.html,,3,,,
,,product-category/pulse-oximeter/,,all-products.html,,4,,,
,,product-category/pulse-oximeter/,,all-products.html,,5,,,
,,product-category/pulse-oximeter/,,all-products.html,,6,,,
,,product-category/pulse-oximeter/,,all-products.html,,7,,,
,,product-category/rehabilitation-aids/,,all-products.html,,1,,,
,,product-category/rehabilitation-aids/,,all-products.html,,2,,,
,,product-category/rehabilitation-aids/,,all-products.html,,3,,,
,,product-category/rehabilitation-aids/,,all-products.html,,4,,,
,,product-category/rehabilitation-aids/,,all-products.html,,5,,,
,,product-category/rehabilitation-aids/,,all-products.html,,6,,,
,,product-category/rehabilitation-aids/,,all-products.html,,7,,,
,,product-category/sterillium/,,all-products.html,,1,,,
,,product-category/sterillium/,,all-products.html,,2,,,
,,product-category/sterillium/,,all-products.html,,3,,,
,,product-category/sterillium/,,all-products.html,,4,,,
,,product-category/sterillium/,,all-products.html,,5,,,
,,product-category/sterillium/,,all-products.html,,6,,,
,,product-category/sterillium/,,all-products.html,,7,,,
,,product-category/stretcher/,,all-products.html,,1,,,
,,product-category/stretcher/,,all-products.html,,2,,,
,,product-category/stretcher/,,all-products.html,,3,,,
,,product-category/stretcher/,,all-products.html,,4,,,
,,product-category/stretcher/,,all-products.html,,5,,,
,,product-category/stretcher/,,all-products.html,,6,,,
,,product-category/stretcher/,,all-products.html,,7,,,
,,product-category/surgical-instrument/?add-to-cart=11109,,surgical-instrument.html,,1,,,
,,product-category/surgical-instrument/?add-to-cart=11109,,surgical-instrument.html,,2,,,
,,product-category/surgical-instrument/?add-to-cart=11109,,surgical-instrument.html,,3,,,
,,product-category/surgical-instrument/?add-to-cart=11109,,surgical-instrument.html,,4,,,
,,product-category/surgical-instrument/?add-to-cart=11109,,surgical-instrument.html,,5,,,
,,product-category/surgical-instrument/?add-to-cart=11109,,surgical-instrument.html,,6,,,
,,product-category/surgical-instrument/?add-to-cart=11109,,surgical-instrument.html,,7,,,
,,product-category/surgical-instrument/?add-to-cart=11112,,surgical-instrument.html,,1,,,
,,product-category/surgical-instrument/?add-to-cart=11112,,surgical-instrument.html,,2,,,
,,product-category/surgical-instrument/?add-to-cart=11112,,surgical-instrument.html,,3,,,
,,product-category/surgical-instrument/?add-to-cart=11112,,surgical-instrument.html,,4,,,
,,product-category/surgical-instrument/?add-to-cart=11112,,surgical-instrument.html,,5,,,
,,product-category/surgical-instrument/?add-to-cart=11112,,surgical-instrument.html,,6,,,
,,product-category/surgical-instrument/?add-to-cart=11112,,surgical-instrument.html,,7,,,
,,product-category/surgical-instrument/?add-to-cart=11127,,surgical-instrument.html,,1,,,
,,product-category/surgical-instrument/?add-to-cart=11127,,surgical-instrument.html,,2,,,
,,product-category/surgical-instrument/?add-to-cart=11127,,surgical-instrument.html,,3,,,
,,product-category/surgical-instrument/?add-to-cart=11127,,surgical-instrument.html,,4,,,
,,product-category/surgical-instrument/?add-to-cart=11127,,surgical-instrument.html,,5,,,
,,product-category/surgical-instrument/?add-to-cart=11127,,surgical-instrument.html,,6,,,
,,product-category/surgical-instrument/?add-to-cart=11127,,surgical-instrument.html,,7,,,
,,product-category/surgical-instrument/?add-to-cart=11140,,surgical-instrument.html,,1,,,
,,product-category/surgical-instrument/?add-to-cart=11140,,surgical-instrument.html,,2,,,
,,product-category/surgical-instrument/?add-to-cart=11140,,surgical-instrument.html,,3,,,
,,product-category/surgical-instrument/?add-to-cart=11140,,surgical-instrument.html,,4,,,
,,product-category/surgical-instrument/?add-to-cart=11140,,surgical-instrument.html,,5,,,
,,product-category/surgical-instrument/?add-to-cart=11140,,surgical-instrument.html,,6,,,
,,product-category/surgical-instrument/?add-to-cart=11140,,surgical-instrument.html,,7,,,
,,product-category/surgical-instrument/?add-to-cart=11150,,surgical-instrument.html,,1,,,
,,product-category/surgical-instrument/?add-to-cart=11150,,surgical-instrument.html,,2,,,
,,product-category/surgical-instrument/?add-to-cart=11150,,surgical-instrument.html,,3,,,
,,product-category/surgical-instrument/?add-to-cart=11150,,surgical-instrument.html,,4,,,
,,product-category/surgical-instrument/?add-to-cart=11150,,surgical-instrument.html,,5,,,
,,product-category/surgical-instrument/?add-to-cart=11150,,surgical-instrument.html,,6,,,
,,product-category/surgical-instrument/?add-to-cart=11150,,surgical-instrument.html,,7,,,
,,product-category/uncategorized/,,all-products.html,,1,,,
,,product-category/uncategorized/,,all-products.html,,2,,,
,,product-category/uncategorized/,,all-products.html,,3,,,
,,product-category/uncategorized/,,all-products.html,,4,,,
,,product-category/uncategorized/,,all-products.html,,5,,,
,,product-category/uncategorized/,,all-products.html,,6,,,
,,product-category/uncategorized/,,all-products.html,,7,,,
,,product-category/uncategorized/?add-to-cart=10287,,all-products.html,,1,,,
,,product-category/uncategorized/?add-to-cart=10287,,all-products.html,,2,,,
,,product-category/uncategorized/?add-to-cart=10287,,all-products.html,,3,,,
,,product-category/uncategorized/?add-to-cart=10287,,all-products.html,,4,,,
,,product-category/uncategorized/?add-to-cart=10287,,all-products.html,,5,,,
,,product-category/uncategorized/?add-to-cart=10287,,all-products.html,,6,,,
,,product-category/uncategorized/?add-to-cart=10287,,all-products.html,,7,,,
,,product-category/veinhunter/,,all-products.html,,1,,,
,,product-category/veinhunter/,,all-products.html,,2,,,
,,product-category/veinhunter/,,all-products.html,,3,,,
,,product-category/veinhunter/,,all-products.html,,4,,,
,,product-category/veinhunter/,,all-products.html,,5,,,
,,product-category/veinhunter/,,all-products.html,,6,,,
,,product-category/veinhunter/,,all-products.html,,7,,,
,,product-category/welch-allyn/,,all-products.html,,1,,,
,,product-category/welch-allyn/,,all-products.html,,2,,,
,,product-category/welch-allyn/,,all-products.html,,3,,,
,,product-category/welch-allyn/,,all-products.html,,4,,,
,,product-category/welch-allyn/,,all-products.html,,5,,,
,,product-category/welch-allyn/,,all-products.html,,6,,,
,,product-category/welch-allyn/,,all-products.html,,7,,,
,,product-category/welch-allyn/?add-to-cart=5463,,all-products.html,,1,,,
,,product-category/welch-allyn/?add-to-cart=5463,,all-products.html,,2,,,
,,product-category/welch-allyn/?add-to-cart=5463,,all-products.html,,3,,,
,,product-category/welch-allyn/?add-to-cart=5463,,all-products.html,,4,,,
,,product-category/welch-allyn/?add-to-cart=5463,,all-products.html,,5,,,
,,product-category/welch-allyn/?add-to-cart=5463,,all-products.html,,6,,,
,,product-category/welch-allyn/?add-to-cart=5463,,all-products.html,,7,,,
,,product-category/welch-allyn/?add-to-cart=5531,,all-products.html,,1,,,
,,product-category/welch-allyn/?add-to-cart=5531,,all-products.html,,2,,,
,,product-category/welch-allyn/?add-to-cart=5531,,all-products.html,,3,,,
,,product-category/welch-allyn/?add-to-cart=5531,,all-products.html,,4,,,
,,product-category/welch-allyn/?add-to-cart=5531,,all-products.html,,5,,,
,,product-category/welch-allyn/?add-to-cart=5531,,all-products.html,,6,,,
,,product-category/welch-allyn/?add-to-cart=5531,,all-products.html,,7,,,
,,product-category/welch-allyn/?add-to-cart=5537,,all-products.html,,1,,,
,,product-category/welch-allyn/?add-to-cart=5537,,all-products.html,,2,,,
,,product-category/welch-allyn/?add-to-cart=5537,,all-products.html,,3,,,
,,product-category/welch-allyn/?add-to-cart=5537,,all-products.html,,4,,,
,,product-category/welch-allyn/?add-to-cart=5537,,all-products.html,,5,,,
,,product-category/welch-allyn/?add-to-cart=5537,,all-products.html,,6,,,
,,product-category/welch-allyn/?add-to-cart=5537,,all-products.html,,7,,,
,,product-category/welch-allyn/?add-to-cart=5865,,all-products.html,,1,,,
,,product-category/welch-allyn/?add-to-cart=5865,,all-products.html,,2,,,
,,product-category/welch-allyn/?add-to-cart=5865,,all-products.html,,3,,,
,,product-category/welch-allyn/?add-to-cart=5865,,all-products.html,,4,,,
,,product-category/welch-allyn/?add-to-cart=5865,,all-products.html,,5,,,
,,product-category/welch-allyn/?add-to-cart=5865,,all-products.html,,6,,,
,,product-category/welch-allyn/?add-to-cart=5865,,all-products.html,,7,,,
,,product-category/welch-allyn/?add-to-cart=6335,,all-products.html,,1,,,
,,product-category/welch-allyn/?add-to-cart=6335,,all-products.html,,2,,,
,,product-category/welch-allyn/?add-to-cart=6335,,all-products.html,,3,,,
,,product-category/welch-allyn/?add-to-cart=6335,,all-products.html,,4,,,
,,product-category/welch-allyn/?add-to-cart=6335,,all-products.html,,5,,,
,,product-category/welch-allyn/?add-to-cart=6335,,all-products.html,,6,,,
,,product-category/welch-allyn/?add-to-cart=6335,,all-products.html,,7,,,
,,product-category/welch-allyn/page/1/,,all-products.html,,1,,,
,,product-category/welch-allyn/page/1/,,all-products.html,,2,,,
,,product-category/welch-allyn/page/1/,,all-products.html,,3,,,
,,product-category/welch-allyn/page/1/,,all-products.html,,4,,,
,,product-category/welch-allyn/page/1/,,all-products.html,,5,,,
,,product-category/welch-allyn/page/1/,,all-products.html,,6,,,
,,product-category/welch-allyn/page/1/,,all-products.html,,7,,,
,,product-category/yuwell/,,all-products.html,,1,,,
,,product-category/yuwell/,,all-products.html,,2,,,
,,product-category/yuwell/,,all-products.html,,3,,,
,,product-category/yuwell/,,all-products.html,,4,,,
,,product-category/yuwell/,,all-products.html,,5,,,
,,product-category/yuwell/,,all-products.html,,6,,,
,,product-category/yuwell/,,all-products.html,,7,,,
,,product-category/yuwell/?add-to-cart=10960,,all-products.html,,1,,,
,,product-category/yuwell/?add-to-cart=10960,,all-products.html,,2,,,
,,product-category/yuwell/?add-to-cart=10960,,all-products.html,,3,,,
,,product-category/yuwell/?add-to-cart=10960,,all-products.html,,4,,,
,,product-category/yuwell/?add-to-cart=10960,,all-products.html,,5,,,
,,product-category/yuwell/?add-to-cart=10960,,all-products.html,,6,,,
,,product-category/yuwell/?add-to-cart=10960,,all-products.html,,7,,,
,,product-category/yuwell/?add-to-cart=11232,,all-products.html,,1,,,
,,product-category/yuwell/?add-to-cart=11232,,all-products.html,,2,,,
,,product-category/yuwell/?add-to-cart=11232,,all-products.html,,3,,,
,,product-category/yuwell/?add-to-cart=11232,,all-products.html,,4,,,
,,product-category/yuwell/?add-to-cart=11232,,all-products.html,,5,,,
,,product-category/yuwell/?add-to-cart=11232,,all-products.html,,6,,,
,,product-category/yuwell/?add-to-cart=11232,,all-products.html,,7,,,
,,product-tag/12870/,,all-products.html,,1,,,
,,product-tag/12870/,,all-products.html,,2,,,
,,product-tag/12870/,,all-products.html,,3,,,
,,product-tag/12870/,,all-products.html,,4,,,
,,product-tag/12870/,,all-products.html,,5,,,
,,product-tag/12870/,,all-products.html,,6,,,
,,product-tag/12870/,,all-products.html,,7,,,
,,product-tag/2097-filter-ni-1-theli-2-psc/,,all-products.html,,1,,,
,,product-tag/2097-filter-ni-1-theli-2-psc/,,all-products.html,,2,,,
,,product-tag/2097-filter-ni-1-theli-2-psc/,,all-products.html,,3,,,
,,product-tag/2097-filter-ni-1-theli-2-psc/,,all-products.html,,4,,,
,,product-tag/2097-filter-ni-1-theli-2-psc/,,all-products.html,,5,,,
,,product-tag/2097-filter-ni-1-theli-2-psc/,,all-products.html,,6,,,
,,product-tag/2097-filter-ni-1-theli-2-psc/,,all-products.html,,7,,,
,,product-tag/24-inch-formalin-chamber/,,surgical-instrument/sterilization-tray/formalin-chamber.html,,1,,,
,,product-tag/24-inch-formalin-chamber/,,surgical-instrument/sterilization-tray/formalin-chamber.html,,2,,,
,,product-tag/24-inch-formalin-chamber/,,surgical-instrument/sterilization-tray/formalin-chamber.html,,3,,,
,,product-tag/24-inch-formalin-chamber/,,surgical-instrument/sterilization-tray/formalin-chamber.html,,4,,,
,,product-tag/24-inch-formalin-chamber/,,surgical-instrument/sterilization-tray/formalin-chamber.html,,5,,,
,,product-tag/24-inch-formalin-chamber/,,surgical-instrument/sterilization-tray/formalin-chamber.html,,6,,,
,,product-tag/24-inch-formalin-chamber/,,surgical-instrument/sterilization-tray/formalin-chamber.html,,7,,,
,,product-tag/3-5-volt-welch-allyn-otoscope/,,professional-diagnostic-equipment/product/otoscopes.html,,1,,,
,,product-tag/3-5-volt-welch-allyn-otoscope/,,professional-diagnostic-equipment/product/otoscopes.html,,2,,,
,,product-tag/3-5-volt-welch-allyn-otoscope/,,professional-diagnostic-equipment/product/otoscopes.html,,3,,,
,,product-tag/3-5-volt-welch-allyn-otoscope/,,professional-diagnostic-equipment/product/otoscopes.html,,4,,,
,,product-tag/3-5-volt-welch-allyn-otoscope/,,professional-diagnostic-equipment/product/otoscopes.html,,5,,,
,,product-tag/3-5-volt-welch-allyn-otoscope/,,professional-diagnostic-equipment/product/otoscopes.html,,6,,,
,,product-tag/3-5-volt-welch-allyn-otoscope/,,professional-diagnostic-equipment/product/otoscopes.html,,7,,,
,,product-tag/3m-plastic-6200-medium-half-face-piece-grey-with-2091-p100-filter-1-pair/,,all-products.html,,1,,,
,,product-tag/3m-plastic-6200-medium-half-face-piece-grey-with-2091-p100-filter-1-pair/,,all-products.html,,2,,,
,,product-tag/3m-plastic-6200-medium-half-face-piece-grey-with-2091-p100-filter-1-pair/,,all-products.html,,3,,,
,,product-tag/3m-plastic-6200-medium-half-face-piece-grey-with-2091-p100-filter-1-pair/,,all-products.html,,4,,,
,,product-tag/3m-plastic-6200-medium-half-face-piece-grey-with-2091-p100-filter-1-pair/,,all-products.html,,5,,,
,,product-tag/3m-plastic-6200-medium-half-face-piece-grey-with-2091-p100-filter-1-pair/,,all-products.html,,6,,,
,,product-tag/3m-plastic-6200-medium-half-face-piece-grey-with-2091-p100-filter-1-pair/,,all-products.html,,7,,,
,,product-tag/500ml/,,all-products.html,,1,,,
,,product-tag/500ml/,,all-products.html,,2,,,
,,product-tag/500ml/,,all-products.html,,3,,,
,,product-tag/500ml/,,all-products.html,,4,,,
,,product-tag/500ml/,,all-products.html,,5,,,
,,product-tag/500ml/,,all-products.html,,6,,,
,,product-tag/500ml/,,all-products.html,,7,,,
,,product-tag/5ltr-hand-sanitizer-alcohol-based/,,all-products.html,,1,,,
,,product-tag/5ltr-hand-sanitizer-alcohol-based/,,all-products.html,,2,,,
,,product-tag/5ltr-hand-sanitizer-alcohol-based/,,all-products.html,,3,,,
,,product-tag/5ltr-hand-sanitizer-alcohol-based/,,all-products.html,,4,,,
,,product-tag/5ltr-hand-sanitizer-alcohol-based/,,all-products.html,,5,,,
,,product-tag/5ltr-hand-sanitizer-alcohol-based/,,all-products.html,,6,,,
,,product-tag/5ltr-hand-sanitizer-alcohol-based/,,all-products.html,,7,,,
,,product-tag/adult-nebulizer/,,all-products.html,,1,,,
,,product-tag/adult-nebulizer/,,all-products.html,,2,,,
,,product-tag/adult-nebulizer/,,all-products.html,,3,,,
,,product-tag/adult-nebulizer/,,all-products.html,,4,,,
,,product-tag/adult-nebulizer/,,all-products.html,,5,,,
,,product-tag/adult-nebulizer/,,all-products.html,,6,,,
,,product-tag/adult-nebulizer/,,all-products.html,,7,,,
,,product-tag/air-bed-in-room/,,all-products.html,,1,,,
,,product-tag/air-bed-in-room/,,all-products.html,,2,,,
,,product-tag/air-bed-in-room/,,all-products.html,,3,,,
,,product-tag/air-bed-in-room/,,all-products.html,,4,,,
,,product-tag/air-bed-in-room/,,all-products.html,,5,,,
,,product-tag/air-bed-in-room/,,all-products.html,,6,,,
,,product-tag/air-bed-in-room/,,all-products.html,,7,,,
,,product-tag/air-bed-intex-single/,,all-products.html,,1,,,
,,product-tag/air-bed-intex-single/,,all-products.html,,2,,,
,,product-tag/air-bed-intex-single/,,all-products.html,,3,,,
,,product-tag/air-bed-intex-single/,,all-products.html,,4,,,
,,product-tag/air-bed-intex-single/,,all-products.html,,5,,,
,,product-tag/air-bed-intex-single/,,all-products.html,,6,,,
,,product-tag/air-bed-intex-single/,,all-products.html,,7,,,
,,product-tag/american-otoscope/,,professional-diagnostic-equipment/product/otoscopes.html,,1,,,
,,product-tag/american-otoscope/,,professional-diagnostic-equipment/product/otoscopes.html,,2,,,
,,product-tag/american-otoscope/,,professional-diagnostic-equipment/product/otoscopes.html,,3,,,
,,product-tag/american-otoscope/,,professional-diagnostic-equipment/product/otoscopes.html,,4,,,
,,product-tag/american-otoscope/,,professional-diagnostic-equipment/product/otoscopes.html,,5,,,
,,product-tag/american-otoscope/,,professional-diagnostic-equipment/product/otoscopes.html,,6,,,
,,product-tag/american-otoscope/,,professional-diagnostic-equipment/product/otoscopes.html,,7,,,
,,product-tag/american-otoscope/?add-to-cart=5451,,professional-diagnostic-equipment/product/otoscopes.html,,1,,,
,,product-tag/american-otoscope/?add-to-cart=5451,,professional-diagnostic-equipment/product/otoscopes.html,,2,,,
,,product-tag/american-otoscope/?add-to-cart=5451,,professional-diagnostic-equipment/product/otoscopes.html,,3,,,
,,product-tag/american-otoscope/?add-to-cart=5451,,professional-diagnostic-equipment/product/otoscopes.html,,4,,,
,,product-tag/american-otoscope/?add-to-cart=5451,,professional-diagnostic-equipment/product/otoscopes.html,,5,,,
,,product-tag/american-otoscope/?add-to-cart=5451,,professional-diagnostic-equipment/product/otoscopes.html,,6,,,
,,product-tag/american-otoscope/?add-to-cart=5451,,professional-diagnostic-equipment/product/otoscopes.html,,7,,,
,,product-tag/automatic-digital-blood-pressure-monitor-bp-machine/,,home-healthcare-devices/elderly-care/bp-monitor-cuff.html,,1,,,
,,product-tag/automatic-digital-blood-pressure-monitor-bp-machine/,,home-healthcare-devices/elderly-care/bp-monitor-cuff.html,,2,,,
,,product-tag/automatic-digital-blood-pressure-monitor-bp-machine/,,home-healthcare-devices/elderly-care/bp-monitor-cuff.html,,3,,,
,,product-tag/automatic-digital-blood-pressure-monitor-bp-machine/,,home-healthcare-devices/elderly-care/bp-monitor-cuff.html,,4,,,
,,product-tag/automatic-digital-blood-pressure-monitor-bp-machine/,,home-healthcare-devices/elderly-care/bp-monitor-cuff.html,,5,,,
,,product-tag/automatic-digital-blood-pressure-monitor-bp-machine/,,home-healthcare-devices/elderly-care/bp-monitor-cuff.html,,6,,,
,,product-tag/automatic-digital-blood-pressure-monitor-bp-machine/,,home-healthcare-devices/elderly-care/bp-monitor-cuff.html,,7,,,
,,product-tag/baby-cloth-organizer-for-storage/,,all-products.html,,1,,,
,,product-tag/baby-cloth-organizer-for-storage/,,all-products.html,,2,,,
,,product-tag/baby-cloth-organizer-for-storage/,,all-products.html,,3,,,
,,product-tag/baby-cloth-organizer-for-storage/,,all-products.html,,4,,,
,,product-tag/baby-cloth-organizer-for-storage/,,all-products.html,,5,,,
,,product-tag/baby-cloth-organizer-for-storage/,,all-products.html,,6,,,
,,product-tag/baby-cloth-organizer-for-storage/,,all-products.html,,7,,,
,,product-tag/battery-and-light/,,all-products.html,,1,,,
,,product-tag/battery-and-light/,,all-products.html,,2,,,
,,product-tag/battery-and-light/,,all-products.html,,3,,,
,,product-tag/battery-and-light/,,all-products.html,,4,,,
,,product-tag/battery-and-light/,,all-products.html,,5,,,
,,product-tag/battery-and-light/,,all-products.html,,6,,,
,,product-tag/battery-and-light/,,all-products.html,,7,,,
,,product-tag/bed-hanging-stand/,,all-products.html,,1,,,
,,product-tag/bed-hanging-stand/,,all-products.html,,2,,,
,,product-tag/bed-hanging-stand/,,all-products.html,,3,,,
,,product-tag/bed-hanging-stand/,,all-products.html,,4,,,
,,product-tag/bed-hanging-stand/,,all-products.html,,5,,,
,,product-tag/bed-hanging-stand/,,all-products.html,,6,,,
,,product-tag/bed-hanging-stand/,,all-products.html,,7,,,
,,product-tag/bipap-machine-philips-respironics/,,home-healthcare-devices/respiratory-mask/cpap-bipap-machine.html,,1,,,
,,product-tag/bipap-machine-philips-respironics/,,home-healthcare-devices/respiratory-mask/cpap-bipap-machine.html,,2,,,
,,product-tag/bipap-machine-philips-respironics/,,home-healthcare-devices/respiratory-mask/cpap-bipap-machine.html,,3,,,
,,product-tag/bipap-machine-philips-respironics/,,home-healthcare-devices/respiratory-mask/cpap-bipap-machine.html,,4,,,
,,product-tag/bipap-machine-philips-respironics/,,home-healthcare-devices/respiratory-mask/cpap-bipap-machine.html,,5,,,
,,product-tag/bipap-machine-philips-respironics/,,home-healthcare-devices/respiratory-mask/cpap-bipap-machine.html,,6,,,
,,product-tag/bipap-machine-philips-respironics/,,home-healthcare-devices/respiratory-mask/cpap-bipap-machine.html,,7,,,
,,product-tag/blood-pressure-monitor-accucheck/,,home-healthcare-devices/elderly-care/bp-monitor-cuff.html,,1,,,
,,product-tag/blood-pressure-monitor-accucheck/,,home-healthcare-devices/elderly-care/bp-monitor-cuff.html,,2,,,
,,product-tag/blood-pressure-monitor-accucheck/,,home-healthcare-devices/elderly-care/bp-monitor-cuff.html,,3,,,
,,product-tag/blood-pressure-monitor-accucheck/,,home-healthcare-devices/elderly-care/bp-monitor-cuff.html,,4,,,
,,product-tag/blood-pressure-monitor-accucheck/,,home-healthcare-devices/elderly-care/bp-monitor-cuff.html,,5,,,
,,product-tag/blood-pressure-monitor-accucheck/,,home-healthcare-devices/elderly-care/bp-monitor-cuff.html,,6,,,
,,product-tag/blood-pressure-monitor-accucheck/,,home-healthcare-devices/elderly-care/bp-monitor-cuff.html,,7,,,
,,product-tag/blood-pressure-monitor-adapter/,,home-healthcare-devices/elderly-care/bp-monitor-cuff.html,,1,,,
,,product-tag/blood-pressure-monitor-adapter/,,home-healthcare-devices/elderly-care/bp-monitor-cuff.html,,2,,,
,,product-tag/blood-pressure-monitor-adapter/,,home-healthcare-devices/elderly-care/bp-monitor-cuff.html,,3,,,
,,product-tag/blood-pressure-monitor-adapter/,,home-healthcare-devices/elderly-care/bp-monitor-cuff.html,,4,,,
,,product-tag/blood-pressure-monitor-adapter/,,home-healthcare-devices/elderly-care/bp-monitor-cuff.html,,5,,,
,,product-tag/blood-pressure-monitor-adapter/,,home-healthcare-devices/elderly-care/bp-monitor-cuff.html,,6,,,
,,product-tag/blood-pressure-monitor-adapter/,,home-healthcare-devices/elderly-care/bp-monitor-cuff.html,,7,,,
,,product-tag/blood-pressure-monitor-analog/,,home-healthcare-devices/elderly-care/bp-monitor-cuff.html,,1,,,
,,product-tag/blood-pressure-monitor-analog/,,home-healthcare-devices/elderly-care/bp-monitor-cuff.html,,2,,,
,,product-tag/blood-pressure-monitor-analog/,,home-healthcare-devices/elderly-care/bp-monitor-cuff.html,,3,,,
,,product-tag/blood-pressure-monitor-analog/,,home-healthcare-devices/elderly-care/bp-monitor-cuff.html,,4,,,
,,product-tag/blood-pressure-monitor-analog/,,home-healthcare-devices/elderly-care/bp-monitor-cuff.html,,5,,,
,,product-tag/blood-pressure-monitor-analog/,,home-healthcare-devices/elderly-care/bp-monitor-cuff.html,,6,,,
,,product-tag/blood-pressure-monitor-analog/,,home-healthcare-devices/elderly-care/bp-monitor-cuff.html,,7,,,
,,product-tag/blood-pressure-monitor-and-machine/,,home-healthcare-devices/elderly-care/bp-monitor-cuff.html,,1,,,
,,product-tag/blood-pressure-monitor-and-machine/,,home-healthcare-devices/elderly-care/bp-monitor-cuff.html,,2,,,
,,product-tag/blood-pressure-monitor-and-machine/,,home-healthcare-devices/elderly-care/bp-monitor-cuff.html,,3,,,
,,product-tag/blood-pressure-monitor-and-machine/,,home-healthcare-devices/elderly-care/bp-monitor-cuff.html,,4,,,
,,product-tag/blood-pressure-monitor-and-machine/,,home-healthcare-devices/elderly-care/bp-monitor-cuff.html,,5,,,
,,product-tag/blood-pressure-monitor-and-machine/,,home-healthcare-devices/elderly-care/bp-monitor-cuff.html,,6,,,
,,product-tag/blood-pressure-monitor-and-machine/,,home-healthcare-devices/elderly-care/bp-monitor-cuff.html,,7,,,
,,product-tag/blood-pressure-monitor-bag/,,home-healthcare-devices/elderly-care/bp-monitor-cuff.html,,1,,,
,,product-tag/blood-pressure-monitor-bag/,,home-healthcare-devices/elderly-care/bp-monitor-cuff.html,,2,,,
,,product-tag/blood-pressure-monitor-bag/,,home-healthcare-devices/elderly-care/bp-monitor-cuff.html,,3,,,
,,product-tag/blood-pressure-monitor-bag/,,home-healthcare-devices/elderly-care/bp-monitor-cuff.html,,4,,,
,,product-tag/blood-pressure-monitor-bag/,,home-healthcare-devices/elderly-care/bp-monitor-cuff.html,,5,,,
,,product-tag/blood-pressure-monitor-bag/,,home-healthcare-devices/elderly-care/bp-monitor-cuff.html,,6,,,
,,product-tag/blood-pressure-monitor-bag/,,home-healthcare-devices/elderly-care/bp-monitor-cuff.html,,7,,,
,,product-tag/blood-pressure-monitor-battery/,,home-healthcare-devices/elderly-care/bp-monitor-cuff.html,,1,,,
,,product-tag/blood-pressure-monitor-battery/,,home-healthcare-devices/elderly-care/bp-monitor-cuff.html,,2,,,
,,product-tag/blood-pressure-monitor-battery/,,home-healthcare-devices/elderly-care/bp-monitor-cuff.html,,3,,,
,,product-tag/blood-pressure-monitor-battery/,,home-healthcare-devices/elderly-care/bp-monitor-cuff.html,,4,,,
,,product-tag/blood-pressure-monitor-battery/,,home-healthcare-devices/elderly-care/bp-monitor-cuff.html,,5,,,
,,product-tag/blood-pressure-monitor-battery/,,home-healthcare-devices/elderly-care/bp-monitor-cuff.html,,6,,,
,,product-tag/blood-pressure-monitor-battery/,,home-healthcare-devices/elderly-care/bp-monitor-cuff.html,,7,,,
,,product-tag/blood-pressure-monitor-best-seller/,,home-healthcare-devices/elderly-care/bp-monitor-cuff.html,,1,,,
,,product-tag/blood-pressure-monitor-best-seller/,,home-healthcare-devices/elderly-care/bp-monitor-cuff.html,,2,,,
,,product-tag/blood-pressure-monitor-best-seller/,,home-healthcare-devices/elderly-care/bp-monitor-cuff.html,,3,,,
,,product-tag/blood-pressure-monitor-best-seller/,,home-healthcare-devices/elderly-care/bp-monitor-cuff.html,,4,,,
,,product-tag/blood-pressure-monitor-best-seller/,,home-healthcare-devices/elderly-care/bp-monitor-cuff.html,,5,,,
,,product-tag/blood-pressure-monitor-best-seller/,,home-healthcare-devices/elderly-care/bp-monitor-cuff.html,,6,,,
,,product-tag/blood-pressure-monitor-best-seller/,,home-healthcare-devices/elderly-care/bp-monitor-cuff.html,,7,,,
,,product-tag/blood-pressure-monitor-beurer/,,home-healthcare-devices/elderly-care/bp-monitor-cuff.html,,1,,,
,,product-tag/blood-pressure-monitor-beurer/,,home-healthcare-devices/elderly-care/bp-monitor-cuff.html,,2,,,
,,product-tag/blood-pressure-monitor-beurer/,,home-healthcare-devices/elderly-care/bp-monitor-cuff.html,,3,,,
,,product-tag/blood-pressure-monitor-beurer/,,home-healthcare-devices/elderly-care/bp-monitor-cuff.html,,4,,,
,,product-tag/blood-pressure-monitor-beurer/,,home-healthcare-devices/elderly-care/bp-monitor-cuff.html,,5,,,
,,product-tag/blood-pressure-monitor-beurer/,,home-healthcare-devices/elderly-care/bp-monitor-cuff.html,,6,,,
,,product-tag/blood-pressure-monitor-beurer/,,home-healthcare-devices/elderly-care/bp-monitor-cuff.html,,7,,,
,,product-tag/blood-pressure-monitor-bpl/,,home-healthcare-devices/elderly-care/bp-monitor-cuff.html,,1,,,
,,product-tag/blood-pressure-monitor-bpl/,,home-healthcare-devices/elderly-care/bp-monitor-cuff.html,,2,,,
,,product-tag/blood-pressure-monitor-bpl/,,home-healthcare-devices/elderly-care/bp-monitor-cuff.html,,3,,,
,,product-tag/blood-pressure-monitor-bpl/,,home-healthcare-devices/elderly-care/bp-monitor-cuff.html,,4,,,
,,product-tag/blood-pressure-monitor-bpl/,,home-healthcare-devices/elderly-care/bp-monitor-cuff.html,,5,,,
,,product-tag/blood-pressure-monitor-bpl/,,home-healthcare-devices/elderly-care/bp-monitor-cuff.html,,6,,,
,,product-tag/blood-pressure-monitor-bpl/,,home-healthcare-devices/elderly-care/bp-monitor-cuff.html,,7,,,
,,product-tag/blood-pressure-monitor-citizen-machine/,,home-healthcare-devices/elderly-care/bp-monitor-cuff.html,,1,,,
,,product-tag/blood-pressure-monitor-citizen-machine/,,home-healthcare-devices/elderly-care/bp-monitor-cuff.html,,2,,,
,,product-tag/blood-pressure-monitor-citizen-machine/,,home-healthcare-devices/elderly-care/bp-monitor-cuff.html,,3,,,
,,product-tag/blood-pressure-monitor-citizen-machine/,,home-healthcare-devices/elderly-care/bp-monitor-cuff.html,,4,,,
,,product-tag/blood-pressure-monitor-citizen-machine/,,home-healthcare-devices/elderly-care/bp-monitor-cuff.html,,5,,,
,,product-tag/blood-pressure-monitor-citizen-machine/,,home-healthcare-devices/elderly-care/bp-monitor-cuff.html,,6,,,
,,product-tag/blood-pressure-monitor-citizen-machine/,,home-healthcare-devices/elderly-care/bp-monitor-cuff.html,,7,,,
,,product-tag/blood-pressure-monitor-combo-pack/,,home-healthcare-devices/elderly-care/bp-monitor-cuff.html,,1,,,
,,product-tag/blood-pressure-monitor-combo-pack/,,home-healthcare-devices/elderly-care/bp-monitor-cuff.html,,2,,,
,,product-tag/blood-pressure-monitor-combo-pack/,,home-healthcare-devices/elderly-care/bp-monitor-cuff.html,,3,,,
,,product-tag/blood-pressure-monitor-combo-pack/,,home-healthcare-devices/elderly-care/bp-monitor-cuff.html,,4,,,
,,product-tag/blood-pressure-monitor-combo-pack/,,home-healthcare-devices/elderly-care/bp-monitor-cuff.html,,5,,,
,,product-tag/blood-pressure-monitor-combo-pack/,,home-healthcare-devices/elderly-care/bp-monitor-cuff.html,,6,,,
,,product-tag/blood-pressure-monitor-combo-pack/,,home-healthcare-devices/elderly-care/bp-monitor-cuff.html,,7,,,
,,product-tag/blood-pressure-monitor-device/,,home-healthcare-devices/elderly-care/bp-monitor-cuff.html,,1,,,
,,product-tag/blood-pressure-monitor-device/,,home-healthcare-devices/elderly-care/bp-monitor-cuff.html,,2,,,
,,product-tag/blood-pressure-monitor-device/,,home-healthcare-devices/elderly-care/bp-monitor-cuff.html,,3,,,
,,product-tag/blood-pressure-monitor-device/,,home-healthcare-devices/elderly-care/bp-monitor-cuff.html,,4,,,
,,product-tag/blood-pressure-monitor-device/,,home-healthcare-devices/elderly-care/bp-monitor-cuff.html,,5,,,
,,product-tag/blood-pressure-monitor-device/,,home-healthcare-devices/elderly-care/bp-monitor-cuff.html,,6,,,
,,product-tag/blood-pressure-monitor-device/,,home-healthcare-devices/elderly-care/bp-monitor-cuff.html,,7,,,
,,product-tag/blood-pressure-monitor-diamond/,,home-healthcare-devices/elderly-care/bp-monitor-cuff.html,,1,,,
,,product-tag/blood-pressure-monitor-diamond/,,home-healthcare-devices/elderly-care/bp-monitor-cuff.html,,2,,,
,,product-tag/blood-pressure-monitor-diamond/,,home-healthcare-devices/elderly-care/bp-monitor-cuff.html,,3,,,
,,product-tag/blood-pressure-monitor-diamond/,,home-healthcare-devices/elderly-care/bp-monitor-cuff.html,,4,,,
,,product-tag/blood-pressure-monitor-diamond/,,home-healthcare-devices/elderly-care/bp-monitor-cuff.html,,5,,,
,,product-tag/blood-pressure-monitor-diamond/,,home-healthcare-devices/elderly-care/bp-monitor-cuff.html,,6,,,
,,product-tag/blood-pressure-monitor-diamond/,,home-healthcare-devices/elderly-care/bp-monitor-cuff.html,,7,,,
,,product-tag/blood-pressure-monitor-electric/,,home-healthcare-devices/elderly-care/bp-monitor-cuff.html,,1,,,
,,product-tag/blood-pressure-monitor-electric/,,home-healthcare-devices/elderly-care/bp-monitor-cuff.html,,2,,,
,,product-tag/blood-pressure-monitor-electric/,,home-healthcare-devices/elderly-care/bp-monitor-cuff.html,,3,,,
,,product-tag/blood-pressure-monitor-electric/,,home-healthcare-devices/elderly-care/bp-monitor-cuff.html,,4,,,
,,product-tag/blood-pressure-monitor-electric/,,home-healthcare-devices/elderly-care/bp-monitor-cuff.html,,5,,,
,,product-tag/blood-pressure-monitor-electric/,,home-healthcare-devices/elderly-care/bp-monitor-cuff.html,,6,,,
,,product-tag/blood-pressure-monitor-electric/,,home-healthcare-devices/elderly-care/bp-monitor-cuff.html,,7,,,
,,product-tag/blood-pressure-monitor-elko/,,home-healthcare-devices/elderly-care/bp-monitor-cuff.html,,1,,,
,,product-tag/blood-pressure-monitor-elko/,,home-healthcare-devices/elderly-care/bp-monitor-cuff.html,,2,,,
,,product-tag/blood-pressure-monitor-elko/,,home-healthcare-devices/elderly-care/bp-monitor-cuff.html,,3,,,
,,product-tag/blood-pressure-monitor-elko/,,home-healthcare-devices/elderly-care/bp-monitor-cuff.html,,4,,,
,,product-tag/blood-pressure-monitor-elko/,,home-healthcare-devices/elderly-care/bp-monitor-cuff.html,,5,,,
,,product-tag/blood-pressure-monitor-elko/,,home-healthcare-devices/elderly-care/bp-monitor-cuff.html,,6,,,
,,product-tag/blood-pressure-monitor-elko/,,home-healthcare-devices/elderly-care/bp-monitor-cuff.html,,7,,,
,,product-tag/blood-pressure-monitor-fitness-band/,,home-healthcare-devices/elderly-care/bp-monitor-cuff.html,,1,,,
,,product-tag/blood-pressure-monitor-fitness-band/,,home-healthcare-devices/elderly-care/bp-monitor-cuff.html,,2,,,
,,product-tag/blood-pressure-monitor-fitness-band/,,home-healthcare-devices/elderly-care/bp-monitor-cuff.html,,3,,,
,,product-tag/blood-pressure-monitor-fitness-band/,,home-healthcare-devices/elderly-care/bp-monitor-cuff.html,,4,,,
,,product-tag/blood-pressure-monitor-fitness-band/,,home-healthcare-devices/elderly-care/bp-monitor-cuff.html,,5,,,
,,product-tag/blood-pressure-monitor-fitness-band/,,home-healthcare-devices/elderly-care/bp-monitor-cuff.html,,6,,,
,,product-tag/blood-pressure-monitor-fitness-band/,,home-healthcare-devices/elderly-care/bp-monitor-cuff.html,,7,,,
,,product-tag/blood-pressure-monitor-for-home/,,home-healthcare-devices/elderly-care/bp-monitor-cuff.html,,1,,,
,,product-tag/blood-pressure-monitor-for-home/,,home-healthcare-devices/elderly-care/bp-monitor-cuff.html,,2,,,
,,product-tag/blood-pressure-monitor-for-home/,,home-healthcare-devices/elderly-care/bp-monitor-cuff.html,,3,,,
,,product-tag/blood-pressure-monitor-for-home/,,home-healthcare-devices/elderly-care/bp-monitor-cuff.html,,4,,,
,,product-tag/blood-pressure-monitor-for-home/,,home-healthcare-devices/elderly-care/bp-monitor-cuff.html,,5,,,
,,product-tag/blood-pressure-monitor-for-home/,,home-healthcare-devices/elderly-care/bp-monitor-cuff.html,,6,,,
,,product-tag/blood-pressure-monitor-for-home/,,home-healthcare-devices/elderly-care/bp-monitor-cuff.html,,7,,,
,,product-tag/blood-pressure-monitor-for-hospital/,,home-healthcare-devices/elderly-care/bp-monitor-cuff.html,,1,,,
,,product-tag/blood-pressure-monitor-for-hospital/,,home-healthcare-devices/elderly-care/bp-monitor-cuff.html,,2,,,
,,product-tag/blood-pressure-monitor-for-hospital/,,home-healthcare-devices/elderly-care/bp-monitor-cuff.html,,3,,,
,,product-tag/blood-pressure-monitor-for-hospital/,,home-healthcare-devices/elderly-care/bp-monitor-cuff.html,,4,,,
,,product-tag/blood-pressure-monitor-for-hospital/,,home-healthcare-devices/elderly-care/bp-monitor-cuff.html,,5,,,
,,product-tag/blood-pressure-monitor-for-hospital/,,home-healthcare-devices/elderly-care/bp-monitor-cuff.html,,6,,,
,,product-tag/blood-pressure-monitor-for-hospital/,,home-healthcare-devices/elderly-care/bp-monitor-cuff.html,,7,,,
,,product-tag/blood-pressure-monitor-ls810-transtek/,,home-healthcare-devices/elderly-care/bp-monitor-cuff.html,,1,,,
,,product-tag/blood-pressure-monitor-ls810-transtek/,,home-healthcare-devices/elderly-care/bp-monitor-cuff.html,,2,,,
,,product-tag/blood-pressure-monitor-ls810-transtek/,,home-healthcare-devices/elderly-care/bp-monitor-cuff.html,,3,,,
,,product-tag/blood-pressure-monitor-ls810-transtek/,,home-healthcare-devices/elderly-care/bp-monitor-cuff.html,,4,,,
,,product-tag/blood-pressure-monitor-ls810-transtek/,,home-healthcare-devices/elderly-care/bp-monitor-cuff.html,,5,,,
,,product-tag/blood-pressure-monitor-ls810-transtek/,,home-healthcare-devices/elderly-care/bp-monitor-cuff.html,,6,,,
,,product-tag/blood-pressure-monitor-ls810-transtek/,,home-healthcare-devices/elderly-care/bp-monitor-cuff.html,,7,,,
,,product-tag/blood-pressure-monitor-machine-digital/,,home-healthcare-devices/elderly-care/bp-monitor-cuff.html,,1,,,
,,product-tag/blood-pressure-monitor-machine-digital/,,home-healthcare-devices/elderly-care/bp-monitor-cuff.html,,2,,,
,,product-tag/blood-pressure-monitor-machine-digital/,,home-healthcare-devices/elderly-care/bp-monitor-cuff.html,,3,,,
,,product-tag/blood-pressure-monitor-machine-digital/,,home-healthcare-devices/elderly-care/bp-monitor-cuff.html,,4,,,
,,product-tag/blood-pressure-monitor-machine-digital/,,home-healthcare-devices/elderly-care/bp-monitor-cuff.html,,5,,,
,,product-tag/blood-pressure-monitor-machine-digital/,,home-healthcare-devices/elderly-care/bp-monitor-cuff.html,,6,,,
,,product-tag/blood-pressure-monitor-machine-digital/,,home-healthcare-devices/elderly-care/bp-monitor-cuff.html,,7,,,
,,product-tag/body-composition-monitor-fat-analyzer-weight-machine/,,all-products.html,,1,,,
,,product-tag/body-composition-monitor-fat-analyzer-weight-machine/,,all-products.html,,2,,,
,,product-tag/body-composition-monitor-fat-analyzer-weight-machine/,,all-products.html,,3,,,
,,product-tag/body-composition-monitor-fat-analyzer-weight-machine/,,all-products.html,,4,,,
,,product-tag/body-composition-monitor-fat-analyzer-weight-machine/,,all-products.html,,5,,,
,,product-tag/body-composition-monitor-fat-analyzer-weight-machine/,,all-products.html,,6,,,
,,product-tag/body-composition-monitor-fat-analyzer-weight-machine/,,all-products.html,,7,,,
,,product-tag/body-composition-monitor-goqii/,,all-products.html,,1,,,
,,product-tag/body-composition-monitor-goqii/,,all-products.html,,2,,,
,,product-tag/body-composition-monitor-goqii/,,all-products.html,,3,,,
,,product-tag/body-composition-monitor-goqii/,,all-products.html,,4,,,
,,product-tag/body-composition-monitor-goqii/,,all-products.html,,5,,,
,,product-tag/body-composition-monitor-goqii/,,all-products.html,,6,,,
,,product-tag/body-composition-monitor-goqii/,,all-products.html,,7,,,
,,product-tag/body-composition-monitor-omron/,,all-products.html,,1,,,
,,product-tag/body-composition-monitor-omron/,,all-products.html,,2,,,
,,product-tag/body-composition-monitor-omron/,,all-products.html,,3,,,
,,product-tag/body-composition-monitor-omron/,,all-products.html,,4,,,
,,product-tag/body-composition-monitor-omron/,,all-products.html,,5,,,
,,product-tag/body-composition-monitor-omron/,,all-products.html,,6,,,
,,product-tag/body-composition-monitor-omron/,,all-products.html,,7,,,
,,product-tag/bottle-holder/,,all-products.html,,1,,,
,,product-tag/bottle-holder/,,all-products.html,,2,,,
,,product-tag/bottle-holder/,,all-products.html,,3,,,
,,product-tag/bottle-holder/,,all-products.html,,4,,,
,,product-tag/bottle-holder/,,all-products.html,,5,,,
,,product-tag/bottle-holder/,,all-products.html,,6,,,
,,product-tag/bottle-holder/,,all-products.html,,7,,,
,,product-tag/bp-apparatus/,,all-products.html,,1,,,
,,product-tag/bp-apparatus/,,all-products.html,,2,,,
,,product-tag/bp-apparatus/,,all-products.html,,3,,,
,,product-tag/bp-apparatus/,,all-products.html,,4,,,
,,product-tag/bp-apparatus/,,all-products.html,,5,,,
,,product-tag/bp-apparatus/,,all-products.html,,6,,,
,,product-tag/bp-apparatus/,,all-products.html,,7,,,
,,product-tag/bpl-oxygen-concentrator-10-litre/,,home-healthcare-devices/oxygen-concentrator.html,,1,,,
,,product-tag/bpl-oxygen-concentrator-10-litre/,,home-healthcare-devices/oxygen-concentrator.html,,2,,,
,,product-tag/bpl-oxygen-concentrator-10-litre/,,home-healthcare-devices/oxygen-concentrator.html,,3,,,
,,product-tag/bpl-oxygen-concentrator-10-litre/,,home-healthcare-devices/oxygen-concentrator.html,,4,,,
,,product-tag/bpl-oxygen-concentrator-10-litre/,,home-healthcare-devices/oxygen-concentrator.html,,5,,,
,,product-tag/bpl-oxygen-concentrator-10-litre/,,home-healthcare-devices/oxygen-concentrator.html,,6,,,
,,product-tag/bpl-oxygen-concentrator-10-litre/,,home-healthcare-devices/oxygen-concentrator.html,,7,,,
,,product-tag/bpl-oxygen-concentrator-5-litre/,,home-healthcare-devices/oxygen-concentrator.html,,1,,,
,,product-tag/bpl-oxygen-concentrator-5-litre/,,home-healthcare-devices/oxygen-concentrator.html,,2,,,
,,product-tag/bpl-oxygen-concentrator-5-litre/,,home-healthcare-devices/oxygen-concentrator.html,,3,,,
,,product-tag/bpl-oxygen-concentrator-5-litre/,,home-healthcare-devices/oxygen-concentrator.html,,4,,,
,,product-tag/bpl-oxygen-concentrator-5-litre/,,home-healthcare-devices/oxygen-concentrator.html,,5,,,
,,product-tag/bpl-oxygen-concentrator-5-litre/,,home-healthcare-devices/oxygen-concentrator.html,,6,,,
,,product-tag/bpl-oxygen-concentrator-5-litre/,,home-healthcare-devices/oxygen-concentrator.html,,7,,,
,,product-tag/charging-pin-connector/,,all-products.html,,1,,,
,,product-tag/charging-pin-connector/,,all-products.html,,2,,,
,,product-tag/charging-pin-connector/,,all-products.html,,3,,,
,,product-tag/charging-pin-connector/,,all-products.html,,4,,,
,,product-tag/charging-pin-connector/,,all-products.html,,5,,,
,,product-tag/charging-pin-connector/,,all-products.html,,6,,,
,,product-tag/charging-pin-connector/,,all-products.html,,7,,,
,,product-tag/classic-ii-navy-unisex-flip-crocs/,,all-products.html,,1,,,
,,product-tag/classic-ii-navy-unisex-flip-crocs/,,all-products.html,,2,,,
,,product-tag/classic-ii-navy-unisex-flip-crocs/,,all-products.html,,3,,,
,,product-tag/classic-ii-navy-unisex-flip-crocs/,,all-products.html,,4,,,
,,product-tag/classic-ii-navy-unisex-flip-crocs/,,all-products.html,,5,,,
,,product-tag/classic-ii-navy-unisex-flip-crocs/,,all-products.html,,6,,,
,,product-tag/classic-ii-navy-unisex-flip-crocs/,,all-products.html,,7,,,
,,product-tag/click-to-open-expanded-view-3m-littmann-stethoscope-spare-parts-kit/,,professional-diagnostic-equipment/product/stethoscope.html,,1,,,
,,product-tag/click-to-open-expanded-view-3m-littmann-stethoscope-spare-parts-kit/,,professional-diagnostic-equipment/product/stethoscope.html,,2,,,
,,product-tag/click-to-open-expanded-view-3m-littmann-stethoscope-spare-parts-kit/,,professional-diagnostic-equipment/product/stethoscope.html,,3,,,
,,product-tag/click-to-open-expanded-view-3m-littmann-stethoscope-spare-parts-kit/,,professional-diagnostic-equipment/product/stethoscope.html,,4,,,
,,product-tag/click-to-open-expanded-view-3m-littmann-stethoscope-spare-parts-kit/,,professional-diagnostic-equipment/product/stethoscope.html,,5,,,
,,product-tag/click-to-open-expanded-view-3m-littmann-stethoscope-spare-parts-kit/,,professional-diagnostic-equipment/product/stethoscope.html,,6,,,
,,product-tag/click-to-open-expanded-view-3m-littmann-stethoscope-spare-parts-kit/,,professional-diagnostic-equipment/product/stethoscope.html,,7,,,
,,product-tag/composition-monitor/,,all-products.html,,1,,,
,,product-tag/composition-monitor/,,all-products.html,,2,,,
,,product-tag/composition-monitor/,,all-products.html,,3,,,
,,product-tag/composition-monitor/,,all-products.html,,4,,,
,,product-tag/composition-monitor/,,all-products.html,,5,,,
,,product-tag/composition-monitor/,,all-products.html,,6,,,
,,product-tag/composition-monitor/,,all-products.html,,7,,,
,,product-tag/contec-infrared-non-contact-thermometer-for-fever-detection-tp500/,,home-healthcare-devices/mother-and-child-care/thermometer.html,,1,,,
,,product-tag/contec-infrared-non-contact-thermometer-for-fever-detection-tp500/,,home-healthcare-devices/mother-and-child-care/thermometer.html,,2,,,
,,product-tag/contec-infrared-non-contact-thermometer-for-fever-detection-tp500/,,home-healthcare-devices/mother-and-child-care/thermometer.html,,3,,,
,,product-tag/contec-infrared-non-contact-thermometer-for-fever-detection-tp500/,,home-healthcare-devices/mother-and-child-care/thermometer.html,,4,,,
,,product-tag/contec-infrared-non-contact-thermometer-for-fever-detection-tp500/,,home-healthcare-devices/mother-and-child-care/thermometer.html,,5,,,
,,product-tag/contec-infrared-non-contact-thermometer-for-fever-detection-tp500/,,home-healthcare-devices/mother-and-child-care/thermometer.html,,6,,,
,,product-tag/contec-infrared-non-contact-thermometer-for-fever-detection-tp500/,,home-healthcare-devices/mother-and-child-care/thermometer.html,,7,,,
,,product-tag/contec-monitor-3-para-parts/,,all-products.html,,1,,,
,,product-tag/contec-monitor-3-para-parts/,,all-products.html,,2,,,
,,product-tag/contec-monitor-3-para-parts/,,all-products.html,,3,,,
,,product-tag/contec-monitor-3-para-parts/,,all-products.html,,4,,,
,,product-tag/contec-monitor-3-para-parts/,,all-products.html,,5,,,
,,product-tag/contec-monitor-3-para-parts/,,all-products.html,,6,,,
,,product-tag/contec-monitor-3-para-parts/,,all-products.html,,7,,,
,,product-tag/corona-oxygen-meter/,,all-products.html,,1,,,
,,product-tag/corona-oxygen-meter/,,all-products.html,,2,,,
,,product-tag/corona-oxygen-meter/,,all-products.html,,3,,,
,,product-tag/corona-oxygen-meter/,,all-products.html,,4,,,
,,product-tag/corona-oxygen-meter/,,all-products.html,,5,,,
,,product-tag/corona-oxygen-meter/,,all-products.html,,6,,,
,,product-tag/corona-oxygen-meter/,,all-products.html,,7,,,
,,product-tag/cpap-nasal-mask-resmed/,,home-healthcare-devices/respiratory-mask.html,,1,,,
,,product-tag/cpap-nasal-mask-resmed/,,home-healthcare-devices/respiratory-mask.html,,2,,,
,,product-tag/cpap-nasal-mask-resmed/,,home-healthcare-devices/respiratory-mask.html,,3,,,
,,product-tag/cpap-nasal-mask-resmed/,,home-healthcare-devices/respiratory-mask.html,,4,,,
,,product-tag/cpap-nasal-mask-resmed/,,home-healthcare-devices/respiratory-mask.html,,5,,,
,,product-tag/cpap-nasal-mask-resmed/,,home-healthcare-devices/respiratory-mask.html,,6,,,
,,product-tag/cpap-nasal-mask-resmed/,,home-healthcare-devices/respiratory-mask.html,,7,,,
,,product-tag/cpap-nasal-mask-strap/,,home-healthcare-devices/respiratory-mask.html,,1,,,
,,product-tag/cpap-nasal-mask-strap/,,home-healthcare-devices/respiratory-mask.html,,2,,,
,,product-tag/cpap-nasal-mask-strap/,,home-healthcare-devices/respiratory-mask.html,,3,,,
,,product-tag/cpap-nasal-mask-strap/,,home-healthcare-devices/respiratory-mask.html,,4,,,
,,product-tag/cpap-nasal-mask-strap/,,home-healthcare-devices/respiratory-mask.html,,5,,,
,,product-tag/cpap-nasal-mask-strap/,,home-healthcare-devices/respiratory-mask.html,,6,,,
,,product-tag/cpap-nasal-mask-strap/,,home-healthcare-devices/respiratory-mask.html,,7,,,
,,product-tag/dedakj-oxygen-concentrator-7lt/,,home-healthcare-devices/oxygen-concentrator.html,,1,,,
,,product-tag/dedakj-oxygen-concentrator-7lt/,,home-healthcare-devices/oxygen-concentrator.html,,2,,,
,,product-tag/dedakj-oxygen-concentrator-7lt/,,home-healthcare-devices/oxygen-concentrator.html,,3,,,
,,product-tag/dedakj-oxygen-concentrator-7lt/,,home-healthcare-devices/oxygen-concentrator.html,,4,,,
,,product-tag/dedakj-oxygen-concentrator-7lt/,,home-healthcare-devices/oxygen-concentrator.html,,5,,,
,,product-tag/dedakj-oxygen-concentrator-7lt/,,home-healthcare-devices/oxygen-concentrator.html,,6,,,
,,product-tag/dedakj-oxygen-concentrator-7lt/,,home-healthcare-devices/oxygen-concentrator.html,,7,,,
,,product-tag/dedakj-oxygen-concentrator-9-ltr/,,home-healthcare-devices/oxygen-concentrator.html,,1,,,
,,product-tag/dedakj-oxygen-concentrator-9-ltr/,,home-healthcare-devices/oxygen-concentrator.html,,2,,,
,,product-tag/dedakj-oxygen-concentrator-9-ltr/,,home-healthcare-devices/oxygen-concentrator.html,,3,,,
,,product-tag/dedakj-oxygen-concentrator-9-ltr/,,home-healthcare-devices/oxygen-concentrator.html,,4,,,
,,product-tag/dedakj-oxygen-concentrator-9-ltr/,,home-healthcare-devices/oxygen-concentrator.html,,5,,,
,,product-tag/dedakj-oxygen-concentrator-9-ltr/,,home-healthcare-devices/oxygen-concentrator.html,,6,,,
,,product-tag/dedakj-oxygen-concentrator-9-ltr/,,home-healthcare-devices/oxygen-concentrator.html,,7,,,
,,product-tag/dental-formalin-box/,,surgical-instrument/sterilization-tray/formalin-chamber.html,,1,,,
,,product-tag/dental-formalin-box/,,surgical-instrument/sterilization-tray/formalin-chamber.html,,2,,,
,,product-tag/dental-formalin-box/,,surgical-instrument/sterilization-tray/formalin-chamber.html,,3,,,
,,product-tag/dental-formalin-box/,,surgical-instrument/sterilization-tray/formalin-chamber.html,,4,,,
,,product-tag/dental-formalin-box/,,surgical-instrument/sterilization-tray/formalin-chamber.html,,5,,,
,,product-tag/dental-formalin-box/,,surgical-instrument/sterilization-tray/formalin-chamber.html,,6,,,
,,product-tag/dental-formalin-box/,,surgical-instrument/sterilization-tray/formalin-chamber.html,,7,,,
,,product-tag/devilbiss-oxygen-concentrator-10-litre/,,home-healthcare-devices/oxygen-concentrator.html,,1,,,
,,product-tag/devilbiss-oxygen-concentrator-10-litre/,,home-healthcare-devices/oxygen-concentrator.html,,2,,,
,,product-tag/devilbiss-oxygen-concentrator-10-litre/,,home-healthcare-devices/oxygen-concentrator.html,,3,,,
,,product-tag/devilbiss-oxygen-concentrator-10-litre/,,home-healthcare-devices/oxygen-concentrator.html,,4,,,
,,product-tag/devilbiss-oxygen-concentrator-10-litre/,,home-healthcare-devices/oxygen-concentrator.html,,5,,,
,,product-tag/devilbiss-oxygen-concentrator-10-litre/,,home-healthcare-devices/oxygen-concentrator.html,,6,,,
,,product-tag/devilbiss-oxygen-concentrator-10-litre/,,home-healthcare-devices/oxygen-concentrator.html,,7,,,
,,product-tag/digi-ecg-paper-pack-of-5-roll-50mm-x-20-mtr/,,medical-device/product/ecg-machine.html,,1,,,
,,product-tag/digi-ecg-paper-pack-of-5-roll-50mm-x-20-mtr/,,medical-device/product/ecg-machine.html,,2,,,
,,product-tag/digi-ecg-paper-pack-of-5-roll-50mm-x-20-mtr/,,medical-device/product/ecg-machine.html,,3,,,
,,product-tag/digi-ecg-paper-pack-of-5-roll-50mm-x-20-mtr/,,medical-device/product/ecg-machine.html,,4,,,
,,product-tag/digi-ecg-paper-pack-of-5-roll-50mm-x-20-mtr/,,medical-device/product/ecg-machine.html,,5,,,
,,product-tag/digi-ecg-paper-pack-of-5-roll-50mm-x-20-mtr/,,medical-device/product/ecg-machine.html,,6,,,
,,product-tag/digi-ecg-paper-pack-of-5-roll-50mm-x-20-mtr/,,medical-device/product/ecg-machine.html,,7,,,
,,product-tag/digital-thermometer-and-oximeter/,,home-healthcare-devices/mother-and-child-care/thermometer.html,,1,,,
,,product-tag/digital-thermometer-and-oximeter/,,home-healthcare-devices/mother-and-child-care/thermometer.html,,2,,,
,,product-tag/digital-thermometer-and-oximeter/,,home-healthcare-devices/mother-and-child-care/thermometer.html,,3,,,
,,product-tag/digital-thermometer-and-oximeter/,,home-healthcare-devices/mother-and-child-care/thermometer.html,,4,,,
,,product-tag/digital-thermometer-and-oximeter/,,home-healthcare-devices/mother-and-child-care/thermometer.html,,5,,,
,,product-tag/digital-thermometer-and-oximeter/,,home-healthcare-devices/mother-and-child-care/thermometer.html,,6,,,
,,product-tag/digital-thermometer-and-oximeter/,,home-healthcare-devices/mother-and-child-care/thermometer.html,,7,,,
,,product-tag/digital-thermometer-for-home/,,home-healthcare-devices/mother-and-child-care/thermometer.html,,1,,,
,,product-tag/digital-thermometer-for-home/,,home-healthcare-devices/mother-and-child-care/thermometer.html,,2,,,
,,product-tag/digital-thermometer-for-home/,,home-healthcare-devices/mother-and-child-care/thermometer.html,,3,,,
,,product-tag/digital-thermometer-for-home/,,home-healthcare-devices/mother-and-child-care/thermometer.html,,4,,,
,,product-tag/digital-thermometer-for-home/,,home-healthcare-devices/mother-and-child-care/thermometer.html,,5,,,
,,product-tag/digital-thermometer-for-home/,,home-healthcare-devices/mother-and-child-care/thermometer.html,,6,,,
,,product-tag/digital-thermometer-for-home/,,home-healthcare-devices/mother-and-child-care/thermometer.html,,7,,,
,,product-tag/disposable-specula/,,all-products.html,,1,,,
,,product-tag/disposable-specula/,,all-products.html,,2,,,
,,product-tag/disposable-specula/,,all-products.html,,3,,,
,,product-tag/disposable-specula/,,all-products.html,,4,,,
,,product-tag/disposable-specula/,,all-products.html,,5,,,
,,product-tag/disposable-specula/,,all-products.html,,6,,,
,,product-tag/disposable-specula/,,all-products.html,,7,,,
,,product-tag/ear-otoscope/,,professional-diagnostic-equipment/product/otoscopes.html,,1,,,
,,product-tag/ear-otoscope/,,professional-diagnostic-equipment/product/otoscopes.html,,2,,,
,,product-tag/ear-otoscope/,,professional-diagnostic-equipment/product/otoscopes.html,,3,,,
,,product-tag/ear-otoscope/,,professional-diagnostic-equipment/product/otoscopes.html,,4,,,
,,product-tag/ear-otoscope/,,professional-diagnostic-equipment/product/otoscopes.html,,5,,,
,,product-tag/ear-otoscope/,,professional-diagnostic-equipment/product/otoscopes.html,,6,,,
,,product-tag/ear-otoscope/,,professional-diagnostic-equipment/product/otoscopes.html,,7,,,
,,product-tag/ecg-clamp/,,medical-device/product/ecg-machine.html,,1,,,
,,product-tag/ecg-clamp/,,medical-device/product/ecg-machine.html,,2,,,
,,product-tag/ecg-clamp/,,medical-device/product/ecg-machine.html,,3,,,
,,product-tag/ecg-clamp/,,medical-device/product/ecg-machine.html,,4,,,
,,product-tag/ecg-clamp/,,medical-device/product/ecg-machine.html,,5,,,
,,product-tag/ecg-clamp/,,medical-device/product/ecg-machine.html,,6,,,
,,product-tag/ecg-clamp/,,medical-device/product/ecg-machine.html,,7,,,
,,product-tag/ecg-electrodes-wire/,,medical-device/product/ecg-machine.html,,1,,,
,,product-tag/ecg-electrodes-wire/,,medical-device/product/ecg-machine.html,,2,,,
,,product-tag/ecg-electrodes-wire/,,medical-device/product/ecg-machine.html,,3,,,
,,product-tag/ecg-electrodes-wire/,,medical-device/product/ecg-machine.html,,4,,,
,,product-tag/ecg-electrodes-wire/,,medical-device/product/ecg-machine.html,,5,,,
,,product-tag/ecg-electrodes-wire/,,medical-device/product/ecg-machine.html,,6,,,
,,product-tag/ecg-electrodes-wire/,,medical-device/product/ecg-machine.html,,7,,,
,,product-tag/ecg-machine-12-channel/,,medical-device/product/ecg-machine.html,,1,,,
,,product-tag/ecg-machine-12-channel/,,medical-device/product/ecg-machine.html,,2,,,
,,product-tag/ecg-machine-12-channel/,,medical-device/product/ecg-machine.html,,3,,,
,,product-tag/ecg-machine-12-channel/,,medical-device/product/ecg-machine.html,,4,,,
,,product-tag/ecg-machine-12-channel/,,medical-device/product/ecg-machine.html,,5,,,
,,product-tag/ecg-machine-12-channel/,,medical-device/product/ecg-machine.html,,6,,,
,,product-tag/ecg-machine-12-channel/,,medical-device/product/ecg-machine.html,,7,,,
,,product-tag/ecg-machine-12-channel/feed/,,medical-device/product/ecg-machine.html,,1,,,
,,product-tag/ecg-machine-12-channel/feed/,,medical-device/product/ecg-machine.html,,2,,,
,,product-tag/ecg-machine-12-channel/feed/,,medical-device/product/ecg-machine.html,,3,,,
,,product-tag/ecg-machine-12-channel/feed/,,medical-device/product/ecg-machine.html,,4,,,
,,product-tag/ecg-machine-12-channel/feed/,,medical-device/product/ecg-machine.html,,5,,,
,,product-tag/ecg-machine-12-channel/feed/,,medical-device/product/ecg-machine.html,,6,,,
,,product-tag/ecg-machine-12-channel/feed/,,medical-device/product/ecg-machine.html,,7,,,
,,product-tag/ecg-machine-12-channel-bpl/,,medical-device/product/ecg-machine.html,,1,,,
,,product-tag/ecg-machine-12-channel-bpl/,,medical-device/product/ecg-machine.html,,2,,,
,,product-tag/ecg-machine-12-channel-bpl/,,medical-device/product/ecg-machine.html,,3,,,
,,product-tag/ecg-machine-12-channel-bpl/,,medical-device/product/ecg-machine.html,,4,,,
,,product-tag/ecg-machine-12-channel-bpl/,,medical-device/product/ecg-machine.html,,5,,,
,,product-tag/ecg-machine-12-channel-bpl/,,medical-device/product/ecg-machine.html,,6,,,
,,product-tag/ecg-machine-12-channel-bpl/,,medical-device/product/ecg-machine.html,,7,,,
,,product-tag/ecg-machine-3-channel-nidek/,,medical-device/product/ecg-machine.html,,1,,,
,,product-tag/ecg-machine-3-channel-nidek/,,medical-device/product/ecg-machine.html,,2,,,
,,product-tag/ecg-machine-3-channel-nidek/,,medical-device/product/ecg-machine.html,,3,,,
,,product-tag/ecg-machine-3-channel-nidek/,,medical-device/product/ecg-machine.html,,4,,,
,,product-tag/ecg-machine-3-channel-nidek/,,medical-device/product/ecg-machine.html,,5,,,
,,product-tag/ecg-machine-3-channel-nidek/,,medical-device/product/ecg-machine.html,,6,,,
,,product-tag/ecg-machine-3-channel-nidek/,,medical-device/product/ecg-machine.html,,7,,,
,,product-tag/ecg-machine-3-channel-paper/,,medical-device/product/ecg-machine.html,,1,,,
,,product-tag/ecg-machine-3-channel-paper/,,medical-device/product/ecg-machine.html,,2,,,
,,product-tag/ecg-machine-3-channel-paper/,,medical-device/product/ecg-machine.html,,3,,,
,,product-tag/ecg-machine-3-channel-paper/,,medical-device/product/ecg-machine.html,,4,,,
,,product-tag/ecg-machine-3-channel-paper/,,medical-device/product/ecg-machine.html,,5,,,
,,product-tag/ecg-machine-3-channel-paper/,,medical-device/product/ecg-machine.html,,6,,,
,,product-tag/ecg-machine-3-channel-paper/,,medical-device/product/ecg-machine.html,,7,,,
,,product-tag/ecg-machine-bag/,,medical-device/product/ecg-machine.html,,1,,,
,,product-tag/ecg-machine-bag/,,medical-device/product/ecg-machine.html,,2,,,
,,product-tag/ecg-machine-bag/,,medical-device/product/ecg-machine.html,,3,,,
,,product-tag/ecg-machine-bag/,,medical-device/product/ecg-machine.html,,4,,,
,,product-tag/ecg-machine-bag/,,medical-device/product/ecg-machine.html,,5,,,
,,product-tag/ecg-machine-bag/,,medical-device/product/ecg-machine.html,,6,,,
,,product-tag/ecg-machine-bag/,,medical-device/product/ecg-machine.html,,7,,,
,,product-tag/ecg-machine-bpl/,,medical-device/product/ecg-machine.html,,1,,,
,,product-tag/ecg-machine-bpl/,,medical-device/product/ecg-machine.html,,2,,,
,,product-tag/ecg-machine-bpl/,,medical-device/product/ecg-machine.html,,3,,,
,,product-tag/ecg-machine-bpl/,,medical-device/product/ecg-machine.html,,4,,,
,,product-tag/ecg-machine-bpl/,,medical-device/product/ecg-machine.html,,5,,,
,,product-tag/ecg-machine-bpl/,,medical-device/product/ecg-machine.html,,6,,,
,,product-tag/ecg-machine-bpl/,,medical-device/product/ecg-machine.html,,7,,,
,,product-tag/ecg-machine-bpl-12-channel-9108/,,medical-device/product/ecg-machine.html,,1,,,
,,product-tag/ecg-machine-bpl-12-channel-9108/,,medical-device/product/ecg-machine.html,,2,,,
,,product-tag/ecg-machine-bpl-12-channel-9108/,,medical-device/product/ecg-machine.html,,3,,,
,,product-tag/ecg-machine-bpl-12-channel-9108/,,medical-device/product/ecg-machine.html,,4,,,
,,product-tag/ecg-machine-bpl-12-channel-9108/,,medical-device/product/ecg-machine.html,,5,,,
,,product-tag/ecg-machine-bpl-12-channel-9108/,,medical-device/product/ecg-machine.html,,6,,,
,,product-tag/ecg-machine-bpl-12-channel-9108/,,medical-device/product/ecg-machine.html,,7,,,
,,product-tag/ecg-machine-dr-trust/,,medical-device/product/ecg-machine.html,,1,,,
,,product-tag/ecg-machine-dr-trust/,,medical-device/product/ecg-machine.html,,2,,,
,,product-tag/ecg-machine-dr-trust/,,medical-device/product/ecg-machine.html,,3,,,
,,product-tag/ecg-machine-dr-trust/,,medical-device/product/ecg-machine.html,,4,,,
,,product-tag/ecg-machine-dr-trust/,,medical-device/product/ecg-machine.html,,5,,,
,,product-tag/ecg-machine-dr-trust/,,medical-device/product/ecg-machine.html,,6,,,
,,product-tag/ecg-machine-dr-trust/,,medical-device/product/ecg-machine.html,,7,,,
,,product-tag/ecg-machine-portable-low-price-bpl/,,medical-device/product/ecg-machine.html,,1,,,
,,product-tag/ecg-machine-portable-low-price-bpl/,,medical-device/product/ecg-machine.html,,2,,,
,,product-tag/ecg-machine-portable-low-price-bpl/,,medical-device/product/ecg-machine.html,,3,,,
,,product-tag/ecg-machine-portable-low-price-bpl/,,medical-device/product/ecg-machine.html,,4,,,
,,product-tag/ecg-machine-portable-low-price-bpl/,,medical-device/product/ecg-machine.html,,5,,,
,,product-tag/ecg-machine-portable-low-price-bpl/,,medical-device/product/ecg-machine.html,,6,,,
,,product-tag/ecg-machine-portable-low-price-bpl/,,medical-device/product/ecg-machine.html,,7,,,
,,product-tag/ecg-machine-rms/,,medical-device/product/ecg-machine.html,,1,,,
,,product-tag/ecg-machine-rms/,,medical-device/product/ecg-machine.html,,2,,,
,,product-tag/ecg-machine-rms/,,medical-device/product/ecg-machine.html,,3,,,
,,product-tag/ecg-machine-rms/,,medical-device/product/ecg-machine.html,,4,,,
,,product-tag/ecg-machine-rms/,,medical-device/product/ecg-machine.html,,5,,,
,,product-tag/ecg-machine-rms/,,medical-device/product/ecg-machine.html,,6,,,
,,product-tag/ecg-machine-rms/,,medical-device/product/ecg-machine.html,,7,,,
,,product-tag/ecg-machine-wire/,,medical-device/product/ecg-machine.html,,1,,,
,,product-tag/ecg-machine-wire/,,medical-device/product/ecg-machine.html,,2,,,
,,product-tag/ecg-machine-wire/,,medical-device/product/ecg-machine.html,,3,,,
,,product-tag/ecg-machine-wire/,,medical-device/product/ecg-machine.html,,4,,,
,,product-tag/ecg-machine-wire/,,medical-device/product/ecg-machine.html,,5,,,
,,product-tag/ecg-machine-wire/,,medical-device/product/ecg-machine.html,,6,,,
,,product-tag/ecg-machine-wire/,,medical-device/product/ecg-machine.html,,7,,,
,,product-tag/ecg-machine-with-reading/,,medical-device/product/ecg-machine.html,,1,,,
,,product-tag/ecg-machine-with-reading/,,medical-device/product/ecg-machine.html,,2,,,
,,product-tag/ecg-machine-with-reading/,,medical-device/product/ecg-machine.html,,3,,,
,,product-tag/ecg-machine-with-reading/,,medical-device/product/ecg-machine.html,,4,,,
,,product-tag/ecg-machine-with-reading/,,medical-device/product/ecg-machine.html,,5,,,
,,product-tag/ecg-machine-with-reading/,,medical-device/product/ecg-machine.html,,6,,,
,,product-tag/ecg-machine-with-reading/,,medical-device/product/ecg-machine.html,,7,,,
,,product-tag/ecg-paper-a4-size/,,medical-device/product/ecg-machine.html,,1,,,
,,product-tag/ecg-paper-a4-size/,,medical-device/product/ecg-machine.html,,2,,,
,,product-tag/ecg-paper-a4-size/,,medical-device/product/ecg-machine.html,,3,,,
,,product-tag/ecg-paper-a4-size/,,medical-device/product/ecg-machine.html,,4,,,
,,product-tag/ecg-paper-a4-size/,,medical-device/product/ecg-machine.html,,5,,,
,,product-tag/ecg-paper-a4-size/,,medical-device/product/ecg-machine.html,,6,,,
,,product-tag/ecg-paper-a4-size/,,medical-device/product/ecg-machine.html,,7,,,
,,product-tag/ecg-paper-bpl-9108-d/,,medical-device/product/ecg-machine.html,,1,,,
,,product-tag/ecg-paper-bpl-9108-d/,,medical-device/product/ecg-machine.html,,2,,,
,,product-tag/ecg-paper-bpl-9108-d/,,medical-device/product/ecg-machine.html,,3,,,
,,product-tag/ecg-paper-bpl-9108-d/,,medical-device/product/ecg-machine.html,,4,,,
,,product-tag/ecg-paper-bpl-9108-d/,,medical-device/product/ecg-machine.html,,5,,,
,,product-tag/ecg-paper-bpl-9108-d/,,medical-device/product/ecg-machine.html,,6,,,
,,product-tag/ecg-paper-bpl-9108-d/,,medical-device/product/ecg-machine.html,,7,,,
,,product-tag/ecg-paper-mac-600/,,medical-device/product/ecg-machine.html,,1,,,
,,product-tag/ecg-paper-mac-600/,,medical-device/product/ecg-machine.html,,2,,,
,,product-tag/ecg-paper-mac-600/,,medical-device/product/ecg-machine.html,,3,,,
,,product-tag/ecg-paper-mac-600/,,medical-device/product/ecg-machine.html,,4,,,
,,product-tag/ecg-paper-mac-600/,,medical-device/product/ecg-machine.html,,5,,,
,,product-tag/ecg-paper-mac-600/,,medical-device/product/ecg-machine.html,,6,,,
,,product-tag/ecg-paper-mac-600/,,medical-device/product/ecg-machine.html,,7,,,
,,product-tag/ecg-paper-roll-bpl-6108t/,,medical-device/product/ecg-machine.html,,1,,,
,,product-tag/ecg-paper-roll-bpl-6108t/,,medical-device/product/ecg-machine.html,,2,,,
,,product-tag/ecg-paper-roll-bpl-6108t/,,medical-device/product/ecg-machine.html,,3,,,
,,product-tag/ecg-paper-roll-bpl-6108t/,,medical-device/product/ecg-machine.html,,4,,,
,,product-tag/ecg-paper-roll-bpl-6108t/,,medical-device/product/ecg-machine.html,,5,,,
,,product-tag/ecg-paper-roll-bpl-6108t/,,medical-device/product/ecg-machine.html,,6,,,
,,product-tag/ecg-paper-roll-bpl-6108t/,,medical-device/product/ecg-machine.html,,7,,,
,,product-tag/elko-stethoscope-for-doctors/,,professional-diagnostic-equipment/product/stethoscope.html,,1,,,
,,product-tag/elko-stethoscope-for-doctors/,,professional-diagnostic-equipment/product/stethoscope.html,,2,,,
,,product-tag/elko-stethoscope-for-doctors/,,professional-diagnostic-equipment/product/stethoscope.html,,3,,,
,,product-tag/elko-stethoscope-for-doctors/,,professional-diagnostic-equipment/product/stethoscope.html,,4,,,
,,product-tag/elko-stethoscope-for-doctors/,,professional-diagnostic-equipment/product/stethoscope.html,,5,,,
,,product-tag/elko-stethoscope-for-doctors/,,professional-diagnostic-equipment/product/stethoscope.html,,6,,,
,,product-tag/elko-stethoscope-for-doctors/,,professional-diagnostic-equipment/product/stethoscope.html,,7,,,
,,product-tag/eneroid-bp-apparatus/,,all-products.html,,1,,,
,,product-tag/eneroid-bp-apparatus/,,all-products.html,,2,,,
,,product-tag/eneroid-bp-apparatus/,,all-products.html,,3,,,
,,product-tag/eneroid-bp-apparatus/,,all-products.html,,4,,,
,,product-tag/eneroid-bp-apparatus/,,all-products.html,,5,,,
,,product-tag/eneroid-bp-apparatus/,,all-products.html,,6,,,
,,product-tag/eneroid-bp-apparatus/,,all-products.html,,7,,,
,,product-tag/everflo-oxygen-concentrator-5lpm/,,home-healthcare-devices/oxygen-concentrator.html,,1,,,
,,product-tag/everflo-oxygen-concentrator-5lpm/,,home-healthcare-devices/oxygen-concentrator.html,,2,,,
,,product-tag/everflo-oxygen-concentrator-5lpm/,,home-healthcare-devices/oxygen-concentrator.html,,3,,,
,,product-tag/everflo-oxygen-concentrator-5lpm/,,home-healthcare-devices/oxygen-concentrator.html,,4,,,
,,product-tag/everflo-oxygen-concentrator-5lpm/,,home-healthcare-devices/oxygen-concentrator.html,,5,,,
,,product-tag/everflo-oxygen-concentrator-5lpm/,,home-healthcare-devices/oxygen-concentrator.html,,6,,,
,,product-tag/everflo-oxygen-concentrator-5lpm/,,home-healthcare-devices/oxygen-concentrator.html,,7,,,
,,product-tag/everflo-oxygen-concentrator-filter/,,home-healthcare-devices/oxygen-concentrator.html,,1,,,
,,product-tag/everflo-oxygen-concentrator-filter/,,home-healthcare-devices/oxygen-concentrator.html,,2,,,
,,product-tag/everflo-oxygen-concentrator-filter/,,home-healthcare-devices/oxygen-concentrator.html,,3,,,
,,product-tag/everflo-oxygen-concentrator-filter/,,home-healthcare-devices/oxygen-concentrator.html,,4,,,
,,product-tag/everflo-oxygen-concentrator-filter/,,home-healthcare-devices/oxygen-concentrator.html,,5,,,
,,product-tag/everflo-oxygen-concentrator-filter/,,home-healthcare-devices/oxygen-concentrator.html,,6,,,
,,product-tag/everflo-oxygen-concentrator-filter/,,home-healthcare-devices/oxygen-concentrator.html,,7,,,
,,product-tag/everflo-oxygen-concentrator-of-philips/,,home-healthcare-devices/oxygen-concentrator.html,,1,,,
,,product-tag/everflo-oxygen-concentrator-of-philips/,,home-healthcare-devices/oxygen-concentrator.html,,2,,,
,,product-tag/everflo-oxygen-concentrator-of-philips/,,home-healthcare-devices/oxygen-concentrator.html,,3,,,
,,product-tag/everflo-oxygen-concentrator-of-philips/,,home-healthcare-devices/oxygen-concentrator.html,,4,,,
,,product-tag/everflo-oxygen-concentrator-of-philips/,,home-healthcare-devices/oxygen-concentrator.html,,5,,,
,,product-tag/everflo-oxygen-concentrator-of-philips/,,home-healthcare-devices/oxygen-concentrator.html,,6,,,
,,product-tag/everflo-oxygen-concentrator-of-philips/,,home-healthcare-devices/oxygen-concentrator.html,,7,,,
,,product-tag/fetal-doppler-baby-heart-monitor/,,home-healthcare-devices/mother-and-child-care/fetal-doppler.html,,1,,,
,,product-tag/fetal-doppler-baby-heart-monitor/,,home-healthcare-devices/mother-and-child-care/fetal-doppler.html,,2,,,
,,product-tag/fetal-doppler-baby-heart-monitor/,,home-healthcare-devices/mother-and-child-care/fetal-doppler.html,,3,,,
,,product-tag/fetal-doppler-baby-heart-monitor/,,home-healthcare-devices/mother-and-child-care/fetal-doppler.html,,4,,,
,,product-tag/fetal-doppler-baby-heart-monitor/,,home-healthcare-devices/mother-and-child-care/fetal-doppler.html,,5,,,
,,product-tag/fetal-doppler-baby-heart-monitor/,,home-healthcare-devices/mother-and-child-care/fetal-doppler.html,,6,,,
,,product-tag/fetal-doppler-baby-heart-monitor/,,home-healthcare-devices/mother-and-child-care/fetal-doppler.html,,7,,,
,,product-tag/fetal-doppler-baby-heart-monitor-bpl/,,home-healthcare-devices/mother-and-child-care/fetal-doppler.html,,1,,,
,,product-tag/fetal-doppler-baby-heart-monitor-bpl/,,home-healthcare-devices/mother-and-child-care/fetal-doppler.html,,2,,,
,,product-tag/fetal-doppler-baby-heart-monitor-bpl/,,home-healthcare-devices/mother-and-child-care/fetal-doppler.html,,3,,,
,,product-tag/fetal-doppler-baby-heart-monitor-bpl/,,home-healthcare-devices/mother-and-child-care/fetal-doppler.html,,4,,,
,,product-tag/fetal-doppler-baby-heart-monitor-bpl/,,home-healthcare-devices/mother-and-child-care/fetal-doppler.html,,5,,,
,,product-tag/fetal-doppler-baby-heart-monitor-bpl/,,home-healthcare-devices/mother-and-child-care/fetal-doppler.html,,6,,,
,,product-tag/fetal-doppler-baby-heart-monitor-bpl/,,home-healthcare-devices/mother-and-child-care/fetal-doppler.html,,7,,,
,,product-tag/fetal-doppler-baby-heart-monitor-for-home/,,home-healthcare-devices/mother-and-child-care/fetal-doppler.html,,1,,,
,,product-tag/fetal-doppler-baby-heart-monitor-for-home/,,home-healthcare-devices/mother-and-child-care/fetal-doppler.html,,2,,,
,,product-tag/fetal-doppler-baby-heart-monitor-for-home/,,home-healthcare-devices/mother-and-child-care/fetal-doppler.html,,3,,,
,,product-tag/fetal-doppler-baby-heart-monitor-for-home/,,home-healthcare-devices/mother-and-child-care/fetal-doppler.html,,4,,,
,,product-tag/fetal-doppler-baby-heart-monitor-for-home/,,home-healthcare-devices/mother-and-child-care/fetal-doppler.html,,5,,,
,,product-tag/fetal-doppler-baby-heart-monitor-for-home/,,home-healthcare-devices/mother-and-child-care/fetal-doppler.html,,6,,,
,,product-tag/fetal-doppler-baby-heart-monitor-for-home/,,home-healthcare-devices/mother-and-child-care/fetal-doppler.html,,7,,,
,,product-tag/fetal-doppler-bpl/,,home-healthcare-devices/mother-and-child-care/fetal-doppler.html,,1,,,
,,product-tag/fetal-doppler-bpl/,,home-healthcare-devices/mother-and-child-care/fetal-doppler.html,,2,,,
,,product-tag/fetal-doppler-bpl/,,home-healthcare-devices/mother-and-child-care/fetal-doppler.html,,3,,,
,,product-tag/fetal-doppler-bpl/,,home-healthcare-devices/mother-and-child-care/fetal-doppler.html,,4,,,
,,product-tag/fetal-doppler-bpl/,,home-healthcare-devices/mother-and-child-care/fetal-doppler.html,,5,,,
,,product-tag/fetal-doppler-bpl/,,home-healthcare-devices/mother-and-child-care/fetal-doppler.html,,6,,,
,,product-tag/fetal-doppler-bpl/,,home-healthcare-devices/mother-and-child-care/fetal-doppler.html,,7,,,
,,product-tag/fetal-doppler-bpl-9714/,,home-healthcare-devices/mother-and-child-care/fetal-doppler.html,,1,,,
,,product-tag/fetal-doppler-bpl-9714/,,home-healthcare-devices/mother-and-child-care/fetal-doppler.html,,2,,,
,,product-tag/fetal-doppler-bpl-9714/,,home-healthcare-devices/mother-and-child-care/fetal-doppler.html,,3,,,
,,product-tag/fetal-doppler-bpl-9714/,,home-healthcare-devices/mother-and-child-care/fetal-doppler.html,,4,,,
,,product-tag/fetal-doppler-bpl-9714/,,home-healthcare-devices/mother-and-child-care/fetal-doppler.html,,5,,,
,,product-tag/fetal-doppler-bpl-9714/,,home-healthcare-devices/mother-and-child-care/fetal-doppler.html,,6,,,
,,product-tag/fetal-doppler-bpl-9714/,,home-healthcare-devices/mother-and-child-care/fetal-doppler.html,,7,,,
,,product-tag/fetal-doppler-charger/,,home-healthcare-devices/mother-and-child-care/fetal-doppler.html,,1,,,
,,product-tag/fetal-doppler-charger/,,home-healthcare-devices/mother-and-child-care/fetal-doppler.html,,2,,,
,,product-tag/fetal-doppler-charger/,,home-healthcare-devices/mother-and-child-care/fetal-doppler.html,,3,,,
,,product-tag/fetal-doppler-charger/,,home-healthcare-devices/mother-and-child-care/fetal-doppler.html,,4,,,
,,product-tag/fetal-doppler-charger/,,home-healthcare-devices/mother-and-child-care/fetal-doppler.html,,5,,,
,,product-tag/fetal-doppler-charger/,,home-healthcare-devices/mother-and-child-care/fetal-doppler.html,,6,,,
,,product-tag/fetal-doppler-charger/,,home-healthcare-devices/mother-and-child-care/fetal-doppler.html,,7,,,
,,product-tag/fetal-doppler-choicemmed/,,home-healthcare-devices/mother-and-child-care/fetal-doppler.html,,1,,,
,,product-tag/fetal-doppler-choicemmed/,,home-healthcare-devices/mother-and-child-care/fetal-doppler.html,,2,,,
,,product-tag/fetal-doppler-choicemmed/,,home-healthcare-devices/mother-and-child-care/fetal-doppler.html,,3,,,
,,product-tag/fetal-doppler-choicemmed/,,home-healthcare-devices/mother-and-child-care/fetal-doppler.html,,4,,,
,,product-tag/fetal-doppler-choicemmed/,,home-healthcare-devices/mother-and-child-care/fetal-doppler.html,,5,,,
,,product-tag/fetal-doppler-choicemmed/,,home-healthcare-devices/mother-and-child-care/fetal-doppler.html,,6,,,
,,product-tag/fetal-doppler-choicemmed/,,home-healthcare-devices/mother-and-child-care/fetal-doppler.html,,7,,,
,,product-tag/fetal-doppler-contec/,,home-healthcare-devices/mother-and-child-care/fetal-doppler.html,,1,,,
,,product-tag/fetal-doppler-contec/,,home-healthcare-devices/mother-and-child-care/fetal-doppler.html,,2,,,
,,product-tag/fetal-doppler-contec/,,home-healthcare-devices/mother-and-child-care/fetal-doppler.html,,3,,,
,,product-tag/fetal-doppler-contec/,,home-healthcare-devices/mother-and-child-care/fetal-doppler.html,,4,,,
,,product-tag/fetal-doppler-contec/,,home-healthcare-devices/mother-and-child-care/fetal-doppler.html,,5,,,
,,product-tag/fetal-doppler-contec/,,home-healthcare-devices/mother-and-child-care/fetal-doppler.html,,6,,,
,,product-tag/fetal-doppler-contec/,,home-healthcare-devices/mother-and-child-care/fetal-doppler.html,,7,,,
,,product-tag/fetal-doppler-easy-care/,,home-healthcare-devices/mother-and-child-care/fetal-doppler.html,,1,,,
,,product-tag/fetal-doppler-easy-care/,,home-healthcare-devices/mother-and-child-care/fetal-doppler.html,,2,,,
,,product-tag/fetal-doppler-easy-care/,,home-healthcare-devices/mother-and-child-care/fetal-doppler.html,,3,,,
,,product-tag/fetal-doppler-easy-care/,,home-healthcare-devices/mother-and-child-care/fetal-doppler.html,,4,,,
,,product-tag/fetal-doppler-easy-care/,,home-healthcare-devices/mother-and-child-care/fetal-doppler.html,,5,,,
,,product-tag/fetal-doppler-easy-care/,,home-healthcare-devices/mother-and-child-care/fetal-doppler.html,,6,,,
,,product-tag/fetal-doppler-easy-care/,,home-healthcare-devices/mother-and-child-care/fetal-doppler.html,,7,,,
,,product-tag/fetal-doppler-gel/,,home-healthcare-devices/mother-and-child-care/fetal-doppler.html,,1,,,
,,product-tag/fetal-doppler-gel/,,home-healthcare-devices/mother-and-child-care/fetal-doppler.html,,2,,,
,,product-tag/fetal-doppler-gel/,,home-healthcare-devices/mother-and-child-care/fetal-doppler.html,,3,,,
,,product-tag/fetal-doppler-gel/,,home-healthcare-devices/mother-and-child-care/fetal-doppler.html,,4,,,
,,product-tag/fetal-doppler-gel/,,home-healthcare-devices/mother-and-child-care/fetal-doppler.html,,5,,,
,,product-tag/fetal-doppler-gel/,,home-healthcare-devices/mother-and-child-care/fetal-doppler.html,,6,,,
,,product-tag/fetal-doppler-gel/,,home-healthcare-devices/mother-and-child-care/fetal-doppler.html,,7,,,
,,product-tag/fetal-doppler-machine/,,home-healthcare-devices/mother-and-child-care/fetal-doppler.html,,1,,,
,,product-tag/fetal-doppler-machine/,,home-healthcare-devices/mother-and-child-care/fetal-doppler.html,,2,,,
,,product-tag/fetal-doppler-machine/,,home-healthcare-devices/mother-and-child-care/fetal-doppler.html,,3,,,
,,product-tag/fetal-doppler-machine/,,home-healthcare-devices/mother-and-child-care/fetal-doppler.html,,4,,,
,,product-tag/fetal-doppler-machine/,,home-healthcare-devices/mother-and-child-care/fetal-doppler.html,,5,,,
,,product-tag/fetal-doppler-machine/,,home-healthcare-devices/mother-and-child-care/fetal-doppler.html,,6,,,
,,product-tag/fetal-doppler-machine/,,home-healthcare-devices/mother-and-child-care/fetal-doppler.html,,7,,,
,,product-tag/fetal-doppler-rk-bpl/,,home-healthcare-devices/mother-and-child-care/fetal-doppler.html,,1,,,
,,product-tag/fetal-doppler-rk-bpl/,,home-healthcare-devices/mother-and-child-care/fetal-doppler.html,,2,,,
,,product-tag/fetal-doppler-rk-bpl/,,home-healthcare-devices/mother-and-child-care/fetal-doppler.html,,3,,,
,,product-tag/fetal-doppler-rk-bpl/,,home-healthcare-devices/mother-and-child-care/fetal-doppler.html,,4,,,
,,product-tag/fetal-doppler-rk-bpl/,,home-healthcare-devices/mother-and-child-care/fetal-doppler.html,,5,,,
,,product-tag/fetal-doppler-rk-bpl/,,home-healthcare-devices/mother-and-child-care/fetal-doppler.html,,6,,,
,,product-tag/fetal-doppler-rk-bpl/,,home-healthcare-devices/mother-and-child-care/fetal-doppler.html,,7,,,
,,product-tag/fetal-doppler-with-ctg/,,home-healthcare-devices/mother-and-child-care/fetal-doppler.html,,1,,,
,,product-tag/fetal-doppler-with-ctg/,,home-healthcare-devices/mother-and-child-care/fetal-doppler.html,,2,,,
,,product-tag/fetal-doppler-with-ctg/,,home-healthcare-devices/mother-and-child-care/fetal-doppler.html,,3,,,
,,product-tag/fetal-doppler-with-ctg/,,home-healthcare-devices/mother-and-child-care/fetal-doppler.html,,4,,,
,,product-tag/fetal-doppler-with-ctg/,,home-healthcare-devices/mother-and-child-care/fetal-doppler.html,,5,,,
,,product-tag/fetal-doppler-with-ctg/,,home-healthcare-devices/mother-and-child-care/fetal-doppler.html,,6,,,
,,product-tag/fetal-doppler-with-ctg/,,home-healthcare-devices/mother-and-child-care/fetal-doppler.html,,7,,,
,,product-tag/fetal-doppler-with-ctg/?add_to_wishlist=6285&_wpnonce=02cdd55a87,,home-healthcare-devices/mother-and-child-care/fetal-doppler.html,,1,,,
,,product-tag/fetal-doppler-with-ctg/?add_to_wishlist=6285&_wpnonce=02cdd55a87,,home-healthcare-devices/mother-and-child-care/fetal-doppler.html,,2,,,
,,product-tag/fetal-doppler-with-ctg/?add_to_wishlist=6285&_wpnonce=02cdd55a87,,home-healthcare-devices/mother-and-child-care/fetal-doppler.html,,3,,,
,,product-tag/fetal-doppler-with-ctg/?add_to_wishlist=6285&_wpnonce=02cdd55a87,,home-healthcare-devices/mother-and-child-care/fetal-doppler.html,,4,,,
,,product-tag/fetal-doppler-with-ctg/?add_to_wishlist=6285&_wpnonce=02cdd55a87,,home-healthcare-devices/mother-and-child-care/fetal-doppler.html,,5,,,
,,product-tag/fetal-doppler-with-ctg/?add_to_wishlist=6285&_wpnonce=02cdd55a87,,home-healthcare-devices/mother-and-child-care/fetal-doppler.html,,6,,,
,,product-tag/fetal-doppler-with-ctg/?add_to_wishlist=6285&_wpnonce=02cdd55a87,,home-healthcare-devices/mother-and-child-care/fetal-doppler.html,,7,,,
,,product-tag/fetal-doppler-with-ctg/feed/,,home-healthcare-devices/mother-and-child-care/fetal-doppler.html,,1,,,
,,product-tag/fetal-doppler-with-ctg/feed/,,home-healthcare-devices/mother-and-child-care/fetal-doppler.html,,2,,,
,,product-tag/fetal-doppler-with-ctg/feed/,,home-healthcare-devices/mother-and-child-care/fetal-doppler.html,,3,,,
,,product-tag/fetal-doppler-with-ctg/feed/,,home-healthcare-devices/mother-and-child-care/fetal-doppler.html,,4,,,
,,product-tag/fetal-doppler-with-ctg/feed/,,home-healthcare-devices/mother-and-child-care/fetal-doppler.html,,5,,,
,,product-tag/fetal-doppler-with-ctg/feed/,,home-healthcare-devices/mother-and-child-care/fetal-doppler.html,,6,,,
,,product-tag/fetal-doppler-with-ctg/feed/,,home-healthcare-devices/mother-and-child-care/fetal-doppler.html,,7,,,
,,product-tag/finger-tip/,,all-products.html,,1,,,
,,product-tag/finger-tip/,,all-products.html,,2,,,
,,product-tag/finger-tip/,,all-products.html,,3,,,
,,product-tag/finger-tip/,,all-products.html,,4,,,
,,product-tag/finger-tip/,,all-products.html,,5,,,
,,product-tag/finger-tip/,,all-products.html,,6,,,
,,product-tag/finger-tip/,,all-products.html,,7,,,
,,product-tag/fingertip-pulse-oxymeter/,,all-products.html,,1,,,
,,product-tag/fingertip-pulse-oxymeter/,,all-products.html,,2,,,
,,product-tag/fingertip-pulse-oxymeter/,,all-products.html,,3,,,
,,product-tag/fingertip-pulse-oxymeter/,,all-products.html,,4,,,
,,product-tag/fingertip-pulse-oxymeter/,,all-products.html,,5,,,
,,product-tag/fingertip-pulse-oxymeter/,,all-products.html,,6,,,
,,product-tag/fingertip-pulse-oxymeter/,,all-products.html,,7,,,
,,product-tag/formalin-chamber-18-inch/,,surgical-instrument/sterilization-tray/formalin-chamber.html,,1,,,
,,product-tag/formalin-chamber-18-inch/,,surgical-instrument/sterilization-tray/formalin-chamber.html,,2,,,
,,product-tag/formalin-chamber-18-inch/,,surgical-instrument/sterilization-tray/formalin-chamber.html,,3,,,
,,product-tag/formalin-chamber-18-inch/,,surgical-instrument/sterilization-tray/formalin-chamber.html,,4,,,
,,product-tag/formalin-chamber-18-inch/,,surgical-instrument/sterilization-tray/formalin-chamber.html,,5,,,
,,product-tag/formalin-chamber-18-inch/,,surgical-instrument/sterilization-tray/formalin-chamber.html,,6,,,
,,product-tag/formalin-chamber-18-inch/,,surgical-instrument/sterilization-tray/formalin-chamber.html,,7,,,
,,product-tag/formalin-chamber-24-inch/,,surgical-instrument/sterilization-tray/formalin-chamber.html,,1,,,
,,product-tag/formalin-chamber-24-inch/,,surgical-instrument/sterilization-tray/formalin-chamber.html,,2,,,
,,product-tag/formalin-chamber-24-inch/,,surgical-instrument/sterilization-tray/formalin-chamber.html,,3,,,
,,product-tag/formalin-chamber-24-inch/,,surgical-instrument/sterilization-tray/formalin-chamber.html,,4,,,
,,product-tag/formalin-chamber-24-inch/,,surgical-instrument/sterilization-tray/formalin-chamber.html,,5,,,
,,product-tag/formalin-chamber-24-inch/,,surgical-instrument/sterilization-tray/formalin-chamber.html,,6,,,
,,product-tag/formalin-chamber-24-inch/,,surgical-instrument/sterilization-tray/formalin-chamber.html,,7,,,
,,product-tag/good-otoscope/?add-to-cart=5554,,professional-diagnostic-equipment/product/otoscopes.html,,1,,,
,,product-tag/good-otoscope/?add-to-cart=5554,,professional-diagnostic-equipment/product/otoscopes.html,,2,,,
,,product-tag/good-otoscope/?add-to-cart=5554,,professional-diagnostic-equipment/product/otoscopes.html,,3,,,
,,product-tag/good-otoscope/?add-to-cart=5554,,professional-diagnostic-equipment/product/otoscopes.html,,4,,,
,,product-tag/good-otoscope/?add-to-cart=5554,,professional-diagnostic-equipment/product/otoscopes.html,,5,,,
,,product-tag/good-otoscope/?add-to-cart=5554,,professional-diagnostic-equipment/product/otoscopes.html,,6,,,
,,product-tag/good-otoscope/?add-to-cart=5554,,professional-diagnostic-equipment/product/otoscopes.html,,7,,,
,,product-tag/gun-thermometer/,,home-healthcare-devices/mother-and-child-care/thermometer.html,,1,,,
,,product-tag/gun-thermometer/,,home-healthcare-devices/mother-and-child-care/thermometer.html,,2,,,
,,product-tag/gun-thermometer/,,home-healthcare-devices/mother-and-child-care/thermometer.html,,3,,,
,,product-tag/gun-thermometer/,,home-healthcare-devices/mother-and-child-care/thermometer.html,,4,,,
,,product-tag/gun-thermometer/,,home-healthcare-devices/mother-and-child-care/thermometer.html,,5,,,
,,product-tag/gun-thermometer/,,home-healthcare-devices/mother-and-child-care/thermometer.html,,6,,,
,,product-tag/gun-thermometer/,,home-healthcare-devices/mother-and-child-care/thermometer.html,,7,,,
,,product-tag/gun-thermometer/?add_to_wishlist=5865&_wpnonce=f3bcf78185,,home-healthcare-devices/mother-and-child-care/thermometer.html,,1,,,
,,product-tag/gun-thermometer/?add_to_wishlist=5865&_wpnonce=f3bcf78185,,home-healthcare-devices/mother-and-child-care/thermometer.html,,2,,,
,,product-tag/gun-thermometer/?add_to_wishlist=5865&_wpnonce=f3bcf78185,,home-healthcare-devices/mother-and-child-care/thermometer.html,,3,,,
,,product-tag/gun-thermometer/?add_to_wishlist=5865&_wpnonce=f3bcf78185,,home-healthcare-devices/mother-and-child-care/thermometer.html,,4,,,
,,product-tag/gun-thermometer/?add_to_wishlist=5865&_wpnonce=f3bcf78185,,home-healthcare-devices/mother-and-child-care/thermometer.html,,5,,,
,,product-tag/gun-thermometer/?add_to_wishlist=5865&_wpnonce=f3bcf78185,,home-healthcare-devices/mother-and-child-care/thermometer.html,,6,,,
,,product-tag/gun-thermometer/?add_to_wishlist=5865&_wpnonce=f3bcf78185,,home-healthcare-devices/mother-and-child-care/thermometer.html,,7,,,
,,product-tag/gun-thermometer/?add-to-cart=5861,,home-healthcare-devices/mother-and-child-care/thermometer.html,,1,,,
,,product-tag/gun-thermometer/?add-to-cart=5861,,home-healthcare-devices/mother-and-child-care/thermometer.html,,2,,,
,,product-tag/gun-thermometer/?add-to-cart=5861,,home-healthcare-devices/mother-and-child-care/thermometer.html,,3,,,
,,product-tag/gun-thermometer/?add-to-cart=5861,,home-healthcare-devices/mother-and-child-care/thermometer.html,,4,,,
,,product-tag/gun-thermometer/?add-to-cart=5861,,home-healthcare-devices/mother-and-child-care/thermometer.html,,5,,,
,,product-tag/gun-thermometer/?add-to-cart=5861,,home-healthcare-devices/mother-and-child-care/thermometer.html,,6,,,
,,product-tag/gun-thermometer/?add-to-cart=5861,,home-healthcare-devices/mother-and-child-care/thermometer.html,,7,,,
,,product-tag/hand-sanitizer-asian-paints/,,home-healthcare-devices/hygiene-wellness.html,,1,,,
,,product-tag/hand-sanitizer-asian-paints/,,home-healthcare-devices/hygiene-wellness.html,,2,,,
,,product-tag/hand-sanitizer-asian-paints/,,home-healthcare-devices/hygiene-wellness.html,,3,,,
,,product-tag/hand-sanitizer-asian-paints/,,home-healthcare-devices/hygiene-wellness.html,,4,,,
,,product-tag/hand-sanitizer-asian-paints/,,home-healthcare-devices/hygiene-wellness.html,,5,,,
,,product-tag/hand-sanitizer-asian-paints/,,home-healthcare-devices/hygiene-wellness.html,,6,,,
,,product-tag/hand-sanitizer-asian-paints/,,home-healthcare-devices/hygiene-wellness.html,,7,,,
,,product-tag/hand-sanitizer-automatic-dispenser/,,home-healthcare-devices/hygiene-wellness.html,,1,,,
,,product-tag/hand-sanitizer-automatic-dispenser/,,home-healthcare-devices/hygiene-wellness.html,,2,,,
,,product-tag/hand-sanitizer-automatic-dispenser/,,home-healthcare-devices/hygiene-wellness.html,,3,,,
,,product-tag/hand-sanitizer-automatic-dispenser/,,home-healthcare-devices/hygiene-wellness.html,,4,,,
,,product-tag/hand-sanitizer-automatic-dispenser/,,home-healthcare-devices/hygiene-wellness.html,,5,,,
,,product-tag/hand-sanitizer-automatic-dispenser/,,home-healthcare-devices/hygiene-wellness.html,,6,,,
,,product-tag/hand-sanitizer-automatic-dispenser/,,home-healthcare-devices/hygiene-wellness.html,,7,,,
,,product-tag/hand-sanitizer-bottle-empty/,,home-healthcare-devices/hygiene-wellness.html,,1,,,
,,product-tag/hand-sanitizer-bottle-empty/,,home-healthcare-devices/hygiene-wellness.html,,2,,,
,,product-tag/hand-sanitizer-bottle-empty/,,home-healthcare-devices/hygiene-wellness.html,,3,,,
,,product-tag/hand-sanitizer-bottle-empty/,,home-healthcare-devices/hygiene-wellness.html,,4,,,
,,product-tag/hand-sanitizer-bottle-empty/,,home-healthcare-devices/hygiene-wellness.html,,5,,,
,,product-tag/hand-sanitizer-bottle-empty/,,home-healthcare-devices/hygiene-wellness.html,,6,,,
,,product-tag/hand-sanitizer-bottle-empty/,,home-healthcare-devices/hygiene-wellness.html,,7,,,
,,product-tag/hand-sanitizer-dettol/,,home-healthcare-devices/hygiene-wellness.html,,1,,,
,,product-tag/hand-sanitizer-dettol/,,home-healthcare-devices/hygiene-wellness.html,,2,,,
,,product-tag/hand-sanitizer-dettol/,,home-healthcare-devices/hygiene-wellness.html,,3,,,
,,product-tag/hand-sanitizer-dettol/,,home-healthcare-devices/hygiene-wellness.html,,4,,,
,,product-tag/hand-sanitizer-dettol/,,home-healthcare-devices/hygiene-wellness.html,,5,,,
,,product-tag/hand-sanitizer-dettol/,,home-healthcare-devices/hygiene-wellness.html,,6,,,
,,product-tag/hand-sanitizer-dettol/,,home-healthcare-devices/hygiene-wellness.html,,7,,,
,,product-tag/hand-sanitizer-for-kids/,,home-healthcare-devices/hygiene-wellness.html,,1,,,
,,product-tag/hand-sanitizer-for-kids/,,home-healthcare-devices/hygiene-wellness.html,,2,,,
,,product-tag/hand-sanitizer-for-kids/,,home-healthcare-devices/hygiene-wellness.html,,3,,,
,,product-tag/hand-sanitizer-for-kids/,,home-healthcare-devices/hygiene-wellness.html,,4,,,
,,product-tag/hand-sanitizer-for-kids/,,home-healthcare-devices/hygiene-wellness.html,,5,,,
,,product-tag/hand-sanitizer-for-kids/,,home-healthcare-devices/hygiene-wellness.html,,6,,,
,,product-tag/hand-sanitizer-for-kids/,,home-healthcare-devices/hygiene-wellness.html,,7,,,
,,product-tag/hand-sanitizer-for-travel/,,home-healthcare-devices/hygiene-wellness.html,,1,,,
,,product-tag/hand-sanitizer-for-travel/,,home-healthcare-devices/hygiene-wellness.html,,2,,,
,,product-tag/hand-sanitizer-for-travel/,,home-healthcare-devices/hygiene-wellness.html,,3,,,
,,product-tag/hand-sanitizer-for-travel/,,home-healthcare-devices/hygiene-wellness.html,,4,,,
,,product-tag/hand-sanitizer-for-travel/,,home-healthcare-devices/hygiene-wellness.html,,5,,,
,,product-tag/hand-sanitizer-for-travel/,,home-healthcare-devices/hygiene-wellness.html,,6,,,
,,product-tag/hand-sanitizer-for-travel/,,home-healthcare-devices/hygiene-wellness.html,,7,,,
,,product-tag/hand-sanitizer-jelly-doctor/,,home-healthcare-devices/hygiene-wellness.html,,1,,,
,,product-tag/hand-sanitizer-jelly-doctor/,,home-healthcare-devices/hygiene-wellness.html,,2,,,
,,product-tag/hand-sanitizer-jelly-doctor/,,home-healthcare-devices/hygiene-wellness.html,,3,,,
,,product-tag/hand-sanitizer-jelly-doctor/,,home-healthcare-devices/hygiene-wellness.html,,4,,,
,,product-tag/hand-sanitizer-jelly-doctor/,,home-healthcare-devices/hygiene-wellness.html,,5,,,
,,product-tag/hand-sanitizer-jelly-doctor/,,home-healthcare-devices/hygiene-wellness.html,,6,,,
,,product-tag/hand-sanitizer-jelly-doctor/,,home-healthcare-devices/hygiene-wellness.html,,7,,,
,,product-tag/hand-sanitizer-stand/,,home-healthcare-devices/hygiene-wellness.html,,1,,,
,,product-tag/hand-sanitizer-stand/,,home-healthcare-devices/hygiene-wellness.html,,2,,,
,,product-tag/hand-sanitizer-stand/,,home-healthcare-devices/hygiene-wellness.html,,3,,,
,,product-tag/hand-sanitizer-stand/,,home-healthcare-devices/hygiene-wellness.html,,4,,,
,,product-tag/hand-sanitizer-stand/,,home-healthcare-devices/hygiene-wellness.html,,5,,,
,,product-tag/hand-sanitizer-stand/,,home-healthcare-devices/hygiene-wellness.html,,6,,,
,,product-tag/hand-sanitizer-stand/,,home-healthcare-devices/hygiene-wellness.html,,7,,,
,,product-tag/hand-sanitizer-stand-foot-operated/,,home-healthcare-devices/hygiene-wellness.html,,1,,,
,,product-tag/hand-sanitizer-stand-foot-operated/,,home-healthcare-devices/hygiene-wellness.html,,2,,,
,,product-tag/hand-sanitizer-stand-foot-operated/,,home-healthcare-devices/hygiene-wellness.html,,3,,,
,,product-tag/hand-sanitizer-stand-foot-operated/,,home-healthcare-devices/hygiene-wellness.html,,4,,,
,,product-tag/hand-sanitizer-stand-foot-operated/,,home-healthcare-devices/hygiene-wellness.html,,5,,,
,,product-tag/hand-sanitizer-stand-foot-operated/,,home-healthcare-devices/hygiene-wellness.html,,6,,,
,,product-tag/hand-sanitizer-stand-foot-operated/,,home-healthcare-devices/hygiene-wellness.html,,7,,,
,,product-tag/hand-sanitizer-stand-for-automatic-dispenser/,,home-healthcare-devices/hygiene-wellness.html,,1,,,
,,product-tag/hand-sanitizer-stand-for-automatic-dispenser/,,home-healthcare-devices/hygiene-wellness.html,,2,,,
,,product-tag/hand-sanitizer-stand-for-automatic-dispenser/,,home-healthcare-devices/hygiene-wellness.html,,3,,,
,,product-tag/hand-sanitizer-stand-for-automatic-dispenser/,,home-healthcare-devices/hygiene-wellness.html,,4,,,
,,product-tag/hand-sanitizer-stand-for-automatic-dispenser/,,home-healthcare-devices/hygiene-wellness.html,,5,,,
,,product-tag/hand-sanitizer-stand-for-automatic-dispenser/,,home-healthcare-devices/hygiene-wellness.html,,6,,,
,,product-tag/hand-sanitizer-stand-for-automatic-dispenser/,,home-healthcare-devices/hygiene-wellness.html,,7,,,
,,product-tag/headlight/,,all-products.html,,1,,,
,,product-tag/headlight/,,all-products.html,,2,,,
,,product-tag/headlight/,,all-products.html,,3,,,
,,product-tag/headlight/,,all-products.html,,4,,,
,,product-tag/headlight/,,all-products.html,,5,,,
,,product-tag/headlight/,,all-products.html,,6,,,
,,product-tag/headlight/,,all-products.html,,7,,,
,,product-tag/hospital-air-bed-for-patients-at-home/?add-to-cart=6278,,home-healthcare-devices/elderly-care/medical-mattress.html,,1,,,
,,product-tag/hospital-air-bed-for-patients-at-home/?add-to-cart=6278,,home-healthcare-devices/elderly-care/medical-mattress.html,,2,,,
,,product-tag/hospital-air-bed-for-patients-at-home/?add-to-cart=6278,,home-healthcare-devices/elderly-care/medical-mattress.html,,3,,,
,,product-tag/hospital-air-bed-for-patients-at-home/?add-to-cart=6278,,home-healthcare-devices/elderly-care/medical-mattress.html,,4,,,
,,product-tag/hospital-air-bed-for-patients-at-home/?add-to-cart=6278,,home-healthcare-devices/elderly-care/medical-mattress.html,,5,,,
,,product-tag/hospital-air-bed-for-patients-at-home/?add-to-cart=6278,,home-healthcare-devices/elderly-care/medical-mattress.html,,6,,,
,,product-tag/hospital-air-bed-for-patients-at-home/?add-to-cart=6278,,home-healthcare-devices/elderly-care/medical-mattress.html,,7,,,
,,product-tag/hospital-monitor-stand/,,medical-device.html,,1,,,
,,product-tag/hospital-monitor-stand/,,medical-device.html,,2,,,
,,product-tag/hospital-monitor-stand/,,medical-device.html,,3,,,
,,product-tag/hospital-monitor-stand/,,medical-device.html,,4,,,
,,product-tag/hospital-monitor-stand/,,medical-device.html,,5,,,
,,product-tag/hospital-monitor-stand/,,medical-device.html,,6,,,
,,product-tag/hospital-monitor-stand/,,medical-device.html,,7,,,
,,product-tag/humidifier-bottle-cap/,,all-products.html,,1,,,
,,product-tag/humidifier-bottle-cap/,,all-products.html,,2,,,
,,product-tag/humidifier-bottle-cap/,,all-products.html,,3,,,
,,product-tag/humidifier-bottle-cap/,,all-products.html,,4,,,
,,product-tag/humidifier-bottle-cap/,,all-products.html,,5,,,
,,product-tag/humidifier-bottle-cap/,,all-products.html,,6,,,
,,product-tag/humidifier-bottle-cap/,,all-products.html,,7,,,
,,product-tag/humidifier-bottle-for-flow-meter/,,all-products.html,,1,,,
,,product-tag/humidifier-bottle-for-flow-meter/,,all-products.html,,2,,,
,,product-tag/humidifier-bottle-for-flow-meter/,,all-products.html,,3,,,
,,product-tag/humidifier-bottle-for-flow-meter/,,all-products.html,,4,,,
,,product-tag/humidifier-bottle-for-flow-meter/,,all-products.html,,5,,,
,,product-tag/humidifier-bottle-for-flow-meter/,,all-products.html,,6,,,
,,product-tag/humidifier-bottle-for-flow-meter/,,all-products.html,,7,,,
,,product-tag/humidifier-bottle-for-oxygen-concentrator/,,all-products.html,,1,,,
,,product-tag/humidifier-bottle-for-oxygen-concentrator/,,all-products.html,,2,,,
,,product-tag/humidifier-bottle-for-oxygen-concentrator/,,all-products.html,,3,,,
,,product-tag/humidifier-bottle-for-oxygen-concentrator/,,all-products.html,,4,,,
,,product-tag/humidifier-bottle-for-oxygen-concentrator/,,all-products.html,,5,,,
,,product-tag/humidifier-bottle-for-oxygen-concentrator/,,all-products.html,,6,,,
,,product-tag/humidifier-bottle-for-oxygen-concentrator/,,all-products.html,,7,,,
,,product-tag/humidifier-bottle-with-connector-for-oxygen-concentrator/,,all-products.html,,1,,,
,,product-tag/humidifier-bottle-with-connector-for-oxygen-concentrator/,,all-products.html,,2,,,
,,product-tag/humidifier-bottle-with-connector-for-oxygen-concentrator/,,all-products.html,,3,,,
,,product-tag/humidifier-bottle-with-connector-for-oxygen-concentrator/,,all-products.html,,4,,,
,,product-tag/humidifier-bottle-with-connector-for-oxygen-concentrator/,,all-products.html,,5,,,
,,product-tag/humidifier-bottle-with-connector-for-oxygen-concentrator/,,all-products.html,,6,,,
,,product-tag/humidifier-bottle-with-connector-for-oxygen-concentrator/,,all-products.html,,7,,,
,,product-tag/humidifier-bottle-with-tube/,,all-products.html,,1,,,
,,product-tag/humidifier-bottle-with-tube/,,all-products.html,,2,,,
,,product-tag/humidifier-bottle-with-tube/,,all-products.html,,3,,,
,,product-tag/humidifier-bottle-with-tube/,,all-products.html,,4,,,
,,product-tag/humidifier-bottle-with-tube/,,all-products.html,,5,,,
,,product-tag/humidifier-bottle-with-tube/,,all-products.html,,6,,,
,,product-tag/humidifier-bottle-with-tube/,,all-products.html,,7,,,
,,product-tag/humidifier-sensor/,,all-products.html,,1,,,
,,product-tag/humidifier-sensor/,,all-products.html,,2,,,
,,product-tag/humidifier-sensor/,,all-products.html,,3,,,
,,product-tag/humidifier-sensor/,,all-products.html,,4,,,
,,product-tag/humidifier-sensor/,,all-products.html,,5,,,
,,product-tag/humidifier-sensor/,,all-products.html,,6,,,
,,product-tag/humidifier-sensor/,,all-products.html,,7,,,
,,product-tag/infrared-thermometer/,,home-healthcare-devices/mother-and-child-care/thermometer.html,,1,,,
,,product-tag/infrared-thermometer/,,home-healthcare-devices/mother-and-child-care/thermometer.html,,2,,,
,,product-tag/infrared-thermometer/,,home-healthcare-devices/mother-and-child-care/thermometer.html,,3,,,
,,product-tag/infrared-thermometer/,,home-healthcare-devices/mother-and-child-care/thermometer.html,,4,,,
,,product-tag/infrared-thermometer/,,home-healthcare-devices/mother-and-child-care/thermometer.html,,5,,,
,,product-tag/infrared-thermometer/,,home-healthcare-devices/mother-and-child-care/thermometer.html,,6,,,
,,product-tag/infrared-thermometer/,,home-healthcare-devices/mother-and-child-care/thermometer.html,,7,,,
,,product-tag/kidney-tray-of-varied-size/,,surgical-instrument/product/kidney-tray.html,,1,,,
,,product-tag/kidney-tray-of-varied-size/,,surgical-instrument/product/kidney-tray.html,,2,,,
,,product-tag/kidney-tray-of-varied-size/,,surgical-instrument/product/kidney-tray.html,,3,,,
,,product-tag/kidney-tray-of-varied-size/,,surgical-instrument/product/kidney-tray.html,,4,,,
,,product-tag/kidney-tray-of-varied-size/,,surgical-instrument/product/kidney-tray.html,,5,,,
,,product-tag/kidney-tray-of-varied-size/,,surgical-instrument/product/kidney-tray.html,,6,,,
,,product-tag/kidney-tray-of-varied-size/,,surgical-instrument/product/kidney-tray.html,,7,,,
,,product-tag/kidney-tray-surgical-10/,,surgical-instrument/product/kidney-tray.html,,1,,,
,,product-tag/kidney-tray-surgical-10/,,surgical-instrument/product/kidney-tray.html,,2,,,
,,product-tag/kidney-tray-surgical-10/,,surgical-instrument/product/kidney-tray.html,,3,,,
,,product-tag/kidney-tray-surgical-10/,,surgical-instrument/product/kidney-tray.html,,4,,,
,,product-tag/kidney-tray-surgical-10/,,surgical-instrument/product/kidney-tray.html,,5,,,
,,product-tag/kidney-tray-surgical-10/,,surgical-instrument/product/kidney-tray.html,,6,,,
,,product-tag/kidney-tray-surgical-10/,,surgical-instrument/product/kidney-tray.html,,7,,,
,,product-tag/kidney-tray-surgical-300/,,surgical-instrument/product/kidney-tray.html,,1,,,
,,product-tag/kidney-tray-surgical-300/,,surgical-instrument/product/kidney-tray.html,,2,,,
,,product-tag/kidney-tray-surgical-300/,,surgical-instrument/product/kidney-tray.html,,3,,,
,,product-tag/kidney-tray-surgical-300/,,surgical-instrument/product/kidney-tray.html,,4,,,
,,product-tag/kidney-tray-surgical-300/,,surgical-instrument/product/kidney-tray.html,,5,,,
,,product-tag/kidney-tray-surgical-300/,,surgical-instrument/product/kidney-tray.html,,6,,,
,,product-tag/kidney-tray-surgical-300/,,surgical-instrument/product/kidney-tray.html,,7,,,
,,product-tag/led-laryngoscope-set/,,professional-diagnostic-equipment/product/laryngoscope.html,,1,,,
,,product-tag/led-laryngoscope-set/,,professional-diagnostic-equipment/product/laryngoscope.html,,2,,,
,,product-tag/led-laryngoscope-set/,,professional-diagnostic-equipment/product/laryngoscope.html,,3,,,
,,product-tag/led-laryngoscope-set/,,professional-diagnostic-equipment/product/laryngoscope.html,,4,,,
,,product-tag/led-laryngoscope-set/,,professional-diagnostic-equipment/product/laryngoscope.html,,5,,,
,,product-tag/led-laryngoscope-set/,,professional-diagnostic-equipment/product/laryngoscope.html,,6,,,
,,product-tag/led-laryngoscope-set/,,professional-diagnostic-equipment/product/laryngoscope.html,,7,,,
,,product-tag/littmann-classic-iii-diaphragm/,,all-products.html,,1,,,
,,product-tag/littmann-classic-iii-diaphragm/,,all-products.html,,2,,,
,,product-tag/littmann-classic-iii-diaphragm/,,all-products.html,,3,,,
,,product-tag/littmann-classic-iii-diaphragm/,,all-products.html,,4,,,
,,product-tag/littmann-classic-iii-diaphragm/,,all-products.html,,5,,,
,,product-tag/littmann-classic-iii-diaphragm/,,all-products.html,,6,,,
,,product-tag/littmann-classic-iii-diaphragm/,,all-products.html,,7,,,
,,product-tag/littmann-stethoscope-accessories/,,professional-diagnostic-equipment/product/stethoscope.html,,1,,,
,,product-tag/littmann-stethoscope-accessories/,,professional-diagnostic-equipment/product/stethoscope.html,,2,,,
,,product-tag/littmann-stethoscope-accessories/,,professional-diagnostic-equipment/product/stethoscope.html,,3,,,
,,product-tag/littmann-stethoscope-accessories/,,professional-diagnostic-equipment/product/stethoscope.html,,4,,,
,,product-tag/littmann-stethoscope-accessories/,,professional-diagnostic-equipment/product/stethoscope.html,,5,,,
,,product-tag/littmann-stethoscope-accessories/,,professional-diagnostic-equipment/product/stethoscope.html,,6,,,
,,product-tag/littmann-stethoscope-accessories/,,professional-diagnostic-equipment/product/stethoscope.html,,7,,,
,,product-tag/littmann-stethoscope-adult/,,professional-diagnostic-equipment/product/stethoscope.html,,1,,,
,,product-tag/littmann-stethoscope-adult/,,professional-diagnostic-equipment/product/stethoscope.html,,2,,,
,,product-tag/littmann-stethoscope-adult/,,professional-diagnostic-equipment/product/stethoscope.html,,3,,,
,,product-tag/littmann-stethoscope-adult/,,professional-diagnostic-equipment/product/stethoscope.html,,4,,,
,,product-tag/littmann-stethoscope-adult/,,professional-diagnostic-equipment/product/stethoscope.html,,5,,,
,,product-tag/littmann-stethoscope-adult/,,professional-diagnostic-equipment/product/stethoscope.html,,6,,,
,,product-tag/littmann-stethoscope-adult/,,professional-diagnostic-equipment/product/stethoscope.html,,7,,,
,,product-tag/littmann-stethoscope-digital/,,professional-diagnostic-equipment/product/stethoscope.html,,1,,,
,,product-tag/littmann-stethoscope-digital/,,professional-diagnostic-equipment/product/stethoscope.html,,2,,,
,,product-tag/littmann-stethoscope-digital/,,professional-diagnostic-equipment/product/stethoscope.html,,3,,,
,,product-tag/littmann-stethoscope-digital/,,professional-diagnostic-equipment/product/stethoscope.html,,4,,,
,,product-tag/littmann-stethoscope-digital/,,professional-diagnostic-equipment/product/stethoscope.html,,5,,,
,,product-tag/littmann-stethoscope-digital/,,professional-diagnostic-equipment/product/stethoscope.html,,6,,,
,,product-tag/littmann-stethoscope-digital/,,professional-diagnostic-equipment/product/stethoscope.html,,7,,,
,,product-tag/lr-44-thermometer-battery/,,home-healthcare-devices/mother-and-child-care/thermometer.html,,1,,,
,,product-tag/lr-44-thermometer-battery/,,home-healthcare-devices/mother-and-child-care/thermometer.html,,2,,,
,,product-tag/lr-44-thermometer-battery/,,home-healthcare-devices/mother-and-child-care/thermometer.html,,3,,,
,,product-tag/lr-44-thermometer-battery/,,home-healthcare-devices/mother-and-child-care/thermometer.html,,4,,,
,,product-tag/lr-44-thermometer-battery/,,home-healthcare-devices/mother-and-child-care/thermometer.html,,5,,,
,,product-tag/lr-44-thermometer-battery/,,home-healthcare-devices/mother-and-child-care/thermometer.html,,6,,,
,,product-tag/lr-44-thermometer-battery/,,home-healthcare-devices/mother-and-child-care/thermometer.html,,7,,,
,,product-tag/medical-adjustable-overbed-bedside-table-with-wheels-hospital-and-home-use/,,hospital-consumables.html,,1,,,
,,product-tag/medical-adjustable-overbed-bedside-table-with-wheels-hospital-and-home-use/,,hospital-consumables.html,,2,,,
,,product-tag/medical-adjustable-overbed-bedside-table-with-wheels-hospital-and-home-use/,,hospital-consumables.html,,3,,,
,,product-tag/medical-adjustable-overbed-bedside-table-with-wheels-hospital-and-home-use/,,hospital-consumables.html,,4,,,
,,product-tag/medical-adjustable-overbed-bedside-table-with-wheels-hospital-and-home-use/,,hospital-consumables.html,,5,,,
,,product-tag/medical-adjustable-overbed-bedside-table-with-wheels-hospital-and-home-use/,,hospital-consumables.html,,6,,,
,,product-tag/medical-adjustable-overbed-bedside-table-with-wheels-hospital-and-home-use/,,hospital-consumables.html,,7,,,
,,product-tag/medical-air-bed/,,hospital-consumables.html,,1,,,
,,product-tag/medical-air-bed/,,hospital-consumables.html,,2,,,
,,product-tag/medical-air-bed/,,hospital-consumables.html,,3,,,
,,product-tag/medical-air-bed/,,hospital-consumables.html,,4,,,
,,product-tag/medical-air-bed/,,hospital-consumables.html,,5,,,
,,product-tag/medical-air-bed/,,hospital-consumables.html,,6,,,
,,product-tag/medical-air-bed/,,hospital-consumables.html,,7,,,
,,product-tag/medical-water-bed/,,hospital-consumables.html,,1,,,
,,product-tag/medical-water-bed/,,hospital-consumables.html,,2,,,
,,product-tag/medical-water-bed/,,hospital-consumables.html,,3,,,
,,product-tag/medical-water-bed/,,hospital-consumables.html,,4,,,
,,product-tag/medical-water-bed/,,hospital-consumables.html,,5,,,
,,product-tag/medical-water-bed/,,hospital-consumables.html,,6,,,
,,product-tag/medical-water-bed/,,hospital-consumables.html,,7,,,
,,product-tag/mini-ophthalmoscope/,,professional-diagnostic-equipment/product/ophthalmoscope.html,,1,,,
,,product-tag/mini-ophthalmoscope/,,professional-diagnostic-equipment/product/ophthalmoscope.html,,2,,,
,,product-tag/mini-ophthalmoscope/,,professional-diagnostic-equipment/product/ophthalmoscope.html,,3,,,
,,product-tag/mini-ophthalmoscope/,,professional-diagnostic-equipment/product/ophthalmoscope.html,,4,,,
,,product-tag/mini-ophthalmoscope/,,professional-diagnostic-equipment/product/ophthalmoscope.html,,5,,,
,,product-tag/mini-ophthalmoscope/,,professional-diagnostic-equipment/product/ophthalmoscope.html,,6,,,
,,product-tag/mini-ophthalmoscope/,,professional-diagnostic-equipment/product/ophthalmoscope.html,,7,,,
,,product-tag/monitor-stand/,,medical-device.html,,1,,,
,,product-tag/monitor-stand/,,medical-device.html,,2,,,
,,product-tag/monitor-stand/,,medical-device.html,,3,,,
,,product-tag/monitor-stand/,,medical-device.html,,4,,,
,,product-tag/monitor-stand/,,medical-device.html,,5,,,
,,product-tag/monitor-stand/,,medical-device.html,,6,,,
,,product-tag/monitor-stand/,,medical-device.html,,7,,,
,,product-tag/nasal-mask/,,home-healthcare-devices/respiratory-mask/nasal-mask.html,,1,,,
,,product-tag/nasal-mask/,,home-healthcare-devices/respiratory-mask/nasal-mask.html,,2,,,
,,product-tag/nasal-mask/,,home-healthcare-devices/respiratory-mask/nasal-mask.html,,3,,,
,,product-tag/nasal-mask/,,home-healthcare-devices/respiratory-mask/nasal-mask.html,,4,,,
,,product-tag/nasal-mask/,,home-healthcare-devices/respiratory-mask/nasal-mask.html,,5,,,
,,product-tag/nasal-mask/,,home-healthcare-devices/respiratory-mask/nasal-mask.html,,6,,,
,,product-tag/nasal-mask/,,home-healthcare-devices/respiratory-mask/nasal-mask.html,,7,,,
,,product-tag/nasal-mask-for-cpap-machine/,,home-healthcare-devices/respiratory-mask/nasal-mask.html,,1,,,
,,product-tag/nasal-mask-for-cpap-machine/,,home-healthcare-devices/respiratory-mask/nasal-mask.html,,2,,,
,,product-tag/nasal-mask-for-cpap-machine/,,home-healthcare-devices/respiratory-mask/nasal-mask.html,,3,,,
,,product-tag/nasal-mask-for-cpap-machine/,,home-healthcare-devices/respiratory-mask/nasal-mask.html,,4,,,
,,product-tag/nasal-mask-for-cpap-machine/,,home-healthcare-devices/respiratory-mask/nasal-mask.html,,5,,,
,,product-tag/nasal-mask-for-cpap-machine/,,home-healthcare-devices/respiratory-mask/nasal-mask.html,,6,,,
,,product-tag/nasal-mask-for-cpap-machine/,,home-healthcare-devices/respiratory-mask/nasal-mask.html,,7,,,
,,product-tag/nebulizer/,,home-healthcare-devices/allergy-sinus-asthma.html,,1,,,
,,product-tag/nebulizer/,,home-healthcare-devices/allergy-sinus-asthma.html,,2,,,
,,product-tag/nebulizer/,,home-healthcare-devices/allergy-sinus-asthma.html,,3,,,
,,product-tag/nebulizer/,,home-healthcare-devices/allergy-sinus-asthma.html,,4,,,
,,product-tag/nebulizer/,,home-healthcare-devices/allergy-sinus-asthma.html,,5,,,
,,product-tag/nebulizer/,,home-healthcare-devices/allergy-sinus-asthma.html,,6,,,
,,product-tag/nebulizer/,,home-healthcare-devices/allergy-sinus-asthma.html,,7,,,
,,product-tag/nebulizer-accusure-machine/,,home-healthcare-devices/allergy-sinus-asthma.html,,1,,,
,,product-tag/nebulizer-accusure-machine/,,home-healthcare-devices/allergy-sinus-asthma.html,,2,,,
,,product-tag/nebulizer-accusure-machine/,,home-healthcare-devices/allergy-sinus-asthma.html,,3,,,
,,product-tag/nebulizer-accusure-machine/,,home-healthcare-devices/allergy-sinus-asthma.html,,4,,,
,,product-tag/nebulizer-accusure-machine/,,home-healthcare-devices/allergy-sinus-asthma.html,,5,,,
,,product-tag/nebulizer-accusure-machine/,,home-healthcare-devices/allergy-sinus-asthma.html,,6,,,
,,product-tag/nebulizer-accusure-machine/,,home-healthcare-devices/allergy-sinus-asthma.html,,7,,,
,,product-tag/nebulizer-device/,,home-healthcare-devices/allergy-sinus-asthma.html,,1,,,
,,product-tag/nebulizer-device/,,home-healthcare-devices/allergy-sinus-asthma.html,,2,,,
,,product-tag/nebulizer-device/,,home-healthcare-devices/allergy-sinus-asthma.html,,3,,,
,,product-tag/nebulizer-device/,,home-healthcare-devices/allergy-sinus-asthma.html,,4,,,
,,product-tag/nebulizer-device/,,home-healthcare-devices/allergy-sinus-asthma.html,,5,,,
,,product-tag/nebulizer-device/,,home-healthcare-devices/allergy-sinus-asthma.html,,6,,,
,,product-tag/nebulizer-device/,,home-healthcare-devices/allergy-sinus-asthma.html,,7,,,
,,product-tag/nebulizer-kid/,,home-healthcare-devices/allergy-sinus-asthma.html,,1,,,
,,product-tag/nebulizer-kid/,,home-healthcare-devices/allergy-sinus-asthma.html,,2,,,
,,product-tag/nebulizer-kid/,,home-healthcare-devices/allergy-sinus-asthma.html,,3,,,
,,product-tag/nebulizer-kid/,,home-healthcare-devices/allergy-sinus-asthma.html,,4,,,
,,product-tag/nebulizer-kid/,,home-healthcare-devices/allergy-sinus-asthma.html,,5,,,
,,product-tag/nebulizer-kid/,,home-healthcare-devices/allergy-sinus-asthma.html,,6,,,
,,product-tag/nebulizer-kid/,,home-healthcare-devices/allergy-sinus-asthma.html,,7,,,
,,product-tag/nebulizer-with-air-level-adjust/,,home-healthcare-devices/allergy-sinus-asthma.html,,1,,,
,,product-tag/nebulizer-with-air-level-adjust/,,home-healthcare-devices/allergy-sinus-asthma.html,,2,,,
,,product-tag/nebulizer-with-air-level-adjust/,,home-healthcare-devices/allergy-sinus-asthma.html,,3,,,
,,product-tag/nebulizer-with-air-level-adjust/,,home-healthcare-devices/allergy-sinus-asthma.html,,4,,,
,,product-tag/nebulizer-with-air-level-adjust/,,home-healthcare-devices/allergy-sinus-asthma.html,,5,,,
,,product-tag/nebulizer-with-air-level-adjust/,,home-healthcare-devices/allergy-sinus-asthma.html,,6,,,
,,product-tag/nebulizer-with-air-level-adjust/,,home-healthcare-devices/allergy-sinus-asthma.html,,7,,,
,,product-tag/nebulizer-with-humidifier/,,home-healthcare-devices/allergy-sinus-asthma.html,,1,,,
,,product-tag/nebulizer-with-humidifier/,,home-healthcare-devices/allergy-sinus-asthma.html,,2,,,
,,product-tag/nebulizer-with-humidifier/,,home-healthcare-devices/allergy-sinus-asthma.html,,3,,,
,,product-tag/nebulizer-with-humidifier/,,home-healthcare-devices/allergy-sinus-asthma.html,,4,,,
,,product-tag/nebulizer-with-humidifier/,,home-healthcare-devices/allergy-sinus-asthma.html,,5,,,
,,product-tag/nebulizer-with-humidifier/,,home-healthcare-devices/allergy-sinus-asthma.html,,6,,,
,,product-tag/nebulizer-with-humidifier/,,home-healthcare-devices/allergy-sinus-asthma.html,,7,,,
,,product-tag/nibp-adult-cuff/,,medical-device/accessories/nibp.html,,1,,,
,,product-tag/nibp-adult-cuff/,,medical-device/accessories/nibp.html,,2,,,
,,product-tag/nibp-adult-cuff/,,medical-device/accessories/nibp.html,,3,,,
,,product-tag/nibp-adult-cuff/,,medical-device/accessories/nibp.html,,4,,,
,,product-tag/nibp-adult-cuff/,,medical-device/accessories/nibp.html,,5,,,
,,product-tag/nibp-adult-cuff/,,medical-device/accessories/nibp.html,,6,,,
,,product-tag/nibp-adult-cuff/,,medical-device/accessories/nibp.html,,7,,,
,,product-tag/nose-nebulizer-machine/,,home-healthcare-devices/allergy-sinus-asthma.html,,1,,,
,,product-tag/nose-nebulizer-machine/,,home-healthcare-devices/allergy-sinus-asthma.html,,2,,,
,,product-tag/nose-nebulizer-machine/,,home-healthcare-devices/allergy-sinus-asthma.html,,3,,,
,,product-tag/nose-nebulizer-machine/,,home-healthcare-devices/allergy-sinus-asthma.html,,4,,,
,,product-tag/nose-nebulizer-machine/,,home-healthcare-devices/allergy-sinus-asthma.html,,5,,,
,,product-tag/nose-nebulizer-machine/,,home-healthcare-devices/allergy-sinus-asthma.html,,6,,,
,,product-tag/nose-nebulizer-machine/,,home-healthcare-devices/allergy-sinus-asthma.html,,7,,,
,,product-tag/ophthalmoscope-and-otoscope-set/,,professional-diagnostic-equipment/product.html,,1,,,
,,product-tag/ophthalmoscope-and-otoscope-set/,,professional-diagnostic-equipment/product.html,,2,,,
,,product-tag/ophthalmoscope-and-otoscope-set/,,professional-diagnostic-equipment/product.html,,3,,,
,,product-tag/ophthalmoscope-and-otoscope-set/,,professional-diagnostic-equipment/product.html,,4,,,
,,product-tag/ophthalmoscope-and-otoscope-set/,,professional-diagnostic-equipment/product.html,,5,,,
,,product-tag/ophthalmoscope-and-otoscope-set/,,professional-diagnostic-equipment/product.html,,6,,,
,,product-tag/ophthalmoscope-and-otoscope-set/,,professional-diagnostic-equipment/product.html,,7,,,
,,product-tag/ophthlmoscope-head/,,professional-diagnostic-equipment/product/ophthalmoscope.html,,1,,,
,,product-tag/ophthlmoscope-head/,,professional-diagnostic-equipment/product/ophthalmoscope.html,,2,,,
,,product-tag/ophthlmoscope-head/,,professional-diagnostic-equipment/product/ophthalmoscope.html,,3,,,
,,product-tag/ophthlmoscope-head/,,professional-diagnostic-equipment/product/ophthalmoscope.html,,4,,,
,,product-tag/ophthlmoscope-head/,,professional-diagnostic-equipment/product/ophthalmoscope.html,,5,,,
,,product-tag/ophthlmoscope-head/,,professional-diagnostic-equipment/product/ophthalmoscope.html,,6,,,
,,product-tag/ophthlmoscope-head/,,professional-diagnostic-equipment/product/ophthalmoscope.html,,7,,,
,,product-tag/otica-ishnee-overbed-table-hydraulic-in-601-branded-premium-quality/,,all-products.html,,1,,,
,,product-tag/otica-ishnee-overbed-table-hydraulic-in-601-branded-premium-quality/,,all-products.html,,2,,,
,,product-tag/otica-ishnee-overbed-table-hydraulic-in-601-branded-premium-quality/,,all-products.html,,3,,,
,,product-tag/otica-ishnee-overbed-table-hydraulic-in-601-branded-premium-quality/,,all-products.html,,4,,,
,,product-tag/otica-ishnee-overbed-table-hydraulic-in-601-branded-premium-quality/,,all-products.html,,5,,,
,,product-tag/otica-ishnee-overbed-table-hydraulic-in-601-branded-premium-quality/,,all-products.html,,6,,,
,,product-tag/otica-ishnee-overbed-table-hydraulic-in-601-branded-premium-quality/,,all-products.html,,7,,,
,,product-tag/oxygen-concentrator/,,home-healthcare-devices/oxygen-concentrator.html,,1,,,
,,product-tag/oxygen-concentrator/,,home-healthcare-devices/oxygen-concentrator.html,,2,,,
,,product-tag/oxygen-concentrator/,,home-healthcare-devices/oxygen-concentrator.html,,3,,,
,,product-tag/oxygen-concentrator/,,home-healthcare-devices/oxygen-concentrator.html,,4,,,
,,product-tag/oxygen-concentrator/,,home-healthcare-devices/oxygen-concentrator.html,,5,,,
,,product-tag/oxygen-concentrator/,,home-healthcare-devices/oxygen-concentrator.html,,6,,,
,,product-tag/oxygen-concentrator/,,home-healthcare-devices/oxygen-concentrator.html,,7,,,
,,product-tag/oxygen-concentrator-10/,,home-healthcare-devices/oxygen-concentrator.html,,1,,,
,,product-tag/oxygen-concentrator-10/,,home-healthcare-devices/oxygen-concentrator.html,,2,,,
,,product-tag/oxygen-concentrator-10/,,home-healthcare-devices/oxygen-concentrator.html,,3,,,
,,product-tag/oxygen-concentrator-10/,,home-healthcare-devices/oxygen-concentrator.html,,4,,,
,,product-tag/oxygen-concentrator-10/,,home-healthcare-devices/oxygen-concentrator.html,,5,,,
,,product-tag/oxygen-concentrator-10/,,home-healthcare-devices/oxygen-concentrator.html,,6,,,
,,product-tag/oxygen-concentrator-10/,,home-healthcare-devices/oxygen-concentrator.html,,7,,,
,,product-tag/oxygen-concentrator-10l/,,home-healthcare-devices/oxygen-concentrator.html,,1,,,
,,product-tag/oxygen-concentrator-10l/,,home-healthcare-devices/oxygen-concentrator.html,,2,,,
,,product-tag/oxygen-concentrator-10l/,,home-healthcare-devices/oxygen-concentrator.html,,3,,,
,,product-tag/oxygen-concentrator-10l/,,home-healthcare-devices/oxygen-concentrator.html,,4,,,
,,product-tag/oxygen-concentrator-10l/,,home-healthcare-devices/oxygen-concentrator.html,,5,,,
,,product-tag/oxygen-concentrator-10l/,,home-healthcare-devices/oxygen-concentrator.html,,6,,,
,,product-tag/oxygen-concentrator-10l/,,home-healthcare-devices/oxygen-concentrator.html,,7,,,
,,product-tag/oxygen-concentrator-10-ltr-for-home/,,home-healthcare-devices/oxygen-concentrator.html,,1,,,
,,product-tag/oxygen-concentrator-10-ltr-for-home/,,home-healthcare-devices/oxygen-concentrator.html,,2,,,
,,product-tag/oxygen-concentrator-10-ltr-for-home/,,home-healthcare-devices/oxygen-concentrator.html,,3,,,
,,product-tag/oxygen-concentrator-10-ltr-for-home/,,home-healthcare-devices/oxygen-concentrator.html,,4,,,
,,product-tag/oxygen-concentrator-10-ltr-for-home/,,home-healthcare-devices/oxygen-concentrator.html,,5,,,
,,product-tag/oxygen-concentrator-10-ltr-for-home/,,home-healthcare-devices/oxygen-concentrator.html,,6,,,
,,product-tag/oxygen-concentrator-10-ltr-for-home/,,home-healthcare-devices/oxygen-concentrator.html,,7,,,
,,product-tag/oxygen-concentrator-20-ltr/,,home-healthcare-devices/oxygen-concentrator.html,,1,,,
,,product-tag/oxygen-concentrator-20-ltr/,,home-healthcare-devices/oxygen-concentrator.html,,2,,,
,,product-tag/oxygen-concentrator-20-ltr/,,home-healthcare-devices/oxygen-concentrator.html,,3,,,
,,product-tag/oxygen-concentrator-20-ltr/,,home-healthcare-devices/oxygen-concentrator.html,,4,,,
,,product-tag/oxygen-concentrator-20-ltr/,,home-healthcare-devices/oxygen-concentrator.html,,5,,,
,,product-tag/oxygen-concentrator-20-ltr/,,home-healthcare-devices/oxygen-concentrator.html,,6,,,
,,product-tag/oxygen-concentrator-20-ltr/,,home-healthcare-devices/oxygen-concentrator.html,,7,,,
,,product-tag/oxygen-concentrator-25-litre/,,home-healthcare-devices/oxygen-concentrator.html,,1,,,
,,product-tag/oxygen-concentrator-25-litre/,,home-healthcare-devices/oxygen-concentrator.html,,2,,,
,,product-tag/oxygen-concentrator-25-litre/,,home-healthcare-devices/oxygen-concentrator.html,,3,,,
,,product-tag/oxygen-concentrator-25-litre/,,home-healthcare-devices/oxygen-concentrator.html,,4,,,
,,product-tag/oxygen-concentrator-25-litre/,,home-healthcare-devices/oxygen-concentrator.html,,5,,,
,,product-tag/oxygen-concentrator-25-litre/,,home-healthcare-devices/oxygen-concentrator.html,,6,,,
,,product-tag/oxygen-concentrator-25-litre/,,home-healthcare-devices/oxygen-concentrator.html,,7,,,
,,product-tag/oxygen-concentrator-3-litre/,,home-healthcare-devices/oxygen-concentrator.html,,1,,,
,,product-tag/oxygen-concentrator-3-litre/,,home-healthcare-devices/oxygen-concentrator.html,,2,,,
,,product-tag/oxygen-concentrator-3-litre/,,home-healthcare-devices/oxygen-concentrator.html,,3,,,
,,product-tag/oxygen-concentrator-3-litre/,,home-healthcare-devices/oxygen-concentrator.html,,4,,,
,,product-tag/oxygen-concentrator-3-litre/,,home-healthcare-devices/oxygen-concentrator.html,,5,,,
,,product-tag/oxygen-concentrator-3-litre/,,home-healthcare-devices/oxygen-concentrator.html,,6,,,
,,product-tag/oxygen-concentrator-3-litre/,,home-healthcare-devices/oxygen-concentrator.html,,7,,,
,,product-tag/oxygen-concentrator-5-litre-machine/,,home-healthcare-devices/oxygen-concentrator.html,,1,,,
,,product-tag/oxygen-concentrator-5-litre-machine/,,home-healthcare-devices/oxygen-concentrator.html,,2,,,
,,product-tag/oxygen-concentrator-5-litre-machine/,,home-healthcare-devices/oxygen-concentrator.html,,3,,,
,,product-tag/oxygen-concentrator-5-litre-machine/,,home-healthcare-devices/oxygen-concentrator.html,,4,,,
,,product-tag/oxygen-concentrator-5-litre-machine/,,home-healthcare-devices/oxygen-concentrator.html,,5,,,
,,product-tag/oxygen-concentrator-5-litre-machine/,,home-healthcare-devices/oxygen-concentrator.html,,6,,,
,,product-tag/oxygen-concentrator-5-litre-machine/,,home-healthcare-devices/oxygen-concentrator.html,,7,,,
,,product-tag/oxygen-concentrator-5-ltr-philips/,,home-healthcare-devices/oxygen-concentrator.html,,1,,,
,,product-tag/oxygen-concentrator-5-ltr-philips/,,home-healthcare-devices/oxygen-concentrator.html,,2,,,
,,product-tag/oxygen-concentrator-5-ltr-philips/,,home-healthcare-devices/oxygen-concentrator.html,,3,,,
,,product-tag/oxygen-concentrator-5-ltr-philips/,,home-healthcare-devices/oxygen-concentrator.html,,4,,,
,,product-tag/oxygen-concentrator-5-ltr-philips/,,home-healthcare-devices/oxygen-concentrator.html,,5,,,
,,product-tag/oxygen-concentrator-5-ltr-philips/,,home-healthcare-devices/oxygen-concentrator.html,,6,,,
,,product-tag/oxygen-concentrator-5-ltr-philips/,,home-healthcare-devices/oxygen-concentrator.html,,7,,,
,,product-tag/oxygen-concentrator-60-litre/,,home-healthcare-devices/oxygen-concentrator.html,,1,,,
,,product-tag/oxygen-concentrator-60-litre/,,home-healthcare-devices/oxygen-concentrator.html,,2,,,
,,product-tag/oxygen-concentrator-60-litre/,,home-healthcare-devices/oxygen-concentrator.html,,3,,,
,,product-tag/oxygen-concentrator-60-litre/,,home-healthcare-devices/oxygen-concentrator.html,,4,,,
,,product-tag/oxygen-concentrator-60-litre/,,home-healthcare-devices/oxygen-concentrator.html,,5,,,
,,product-tag/oxygen-concentrator-60-litre/,,home-healthcare-devices/oxygen-concentrator.html,,6,,,
,,product-tag/oxygen-concentrator-60-litre/,,home-healthcare-devices/oxygen-concentrator.html,,7,,,
,,product-tag/oxygen-concentrator-6-litre/,,home-healthcare-devices/oxygen-concentrator.html,,1,,,
,,product-tag/oxygen-concentrator-6-litre/,,home-healthcare-devices/oxygen-concentrator.html,,2,,,
,,product-tag/oxygen-concentrator-6-litre/,,home-healthcare-devices/oxygen-concentrator.html,,3,,,
,,product-tag/oxygen-concentrator-6-litre/,,home-healthcare-devices/oxygen-concentrator.html,,4,,,
,,product-tag/oxygen-concentrator-6-litre/,,home-healthcare-devices/oxygen-concentrator.html,,5,,,
,,product-tag/oxygen-concentrator-6-litre/,,home-healthcare-devices/oxygen-concentrator.html,,6,,,
,,product-tag/oxygen-concentrator-6-litre/,,home-healthcare-devices/oxygen-concentrator.html,,7,,,
,,product-tag/oxygen-concentrator-6lt/,,home-healthcare-devices/oxygen-concentrator.html,,1,,,
,,product-tag/oxygen-concentrator-6lt/,,home-healthcare-devices/oxygen-concentrator.html,,2,,,
,,product-tag/oxygen-concentrator-6lt/,,home-healthcare-devices/oxygen-concentrator.html,,3,,,
,,product-tag/oxygen-concentrator-6lt/,,home-healthcare-devices/oxygen-concentrator.html,,4,,,
,,product-tag/oxygen-concentrator-6lt/,,home-healthcare-devices/oxygen-concentrator.html,,5,,,
,,product-tag/oxygen-concentrator-6lt/,,home-healthcare-devices/oxygen-concentrator.html,,6,,,
,,product-tag/oxygen-concentrator-6lt/,,home-healthcare-devices/oxygen-concentrator.html,,7,,,
,,product-tag/oxygen-concentrator-7l-for-home/,,home-healthcare-devices/oxygen-concentrator.html,,1,,,
,,product-tag/oxygen-concentrator-7l-for-home/,,home-healthcare-devices/oxygen-concentrator.html,,2,,,
,,product-tag/oxygen-concentrator-7l-for-home/,,home-healthcare-devices/oxygen-concentrator.html,,3,,,
,,product-tag/oxygen-concentrator-7l-for-home/,,home-healthcare-devices/oxygen-concentrator.html,,4,,,
,,product-tag/oxygen-concentrator-7l-for-home/,,home-healthcare-devices/oxygen-concentrator.html,,5,,,
,,product-tag/oxygen-concentrator-7l-for-home/,,home-healthcare-devices/oxygen-concentrator.html,,6,,,
,,product-tag/oxygen-concentrator-7l-for-home/,,home-healthcare-devices/oxygen-concentrator.html,,7,,,
,,product-tag/oxygen-concentrator-7-litre/?add-to-cart=5880,,home-healthcare-devices/oxygen-concentrator.html,,1,,,
,,product-tag/oxygen-concentrator-7-litre/?add-to-cart=5880,,home-healthcare-devices/oxygen-concentrator.html,,2,,,
,,product-tag/oxygen-concentrator-7-litre/?add-to-cart=5880,,home-healthcare-devices/oxygen-concentrator.html,,3,,,
,,product-tag/oxygen-concentrator-7-litre/?add-to-cart=5880,,home-healthcare-devices/oxygen-concentrator.html,,4,,,
,,product-tag/oxygen-concentrator-7-litre/?add-to-cart=5880,,home-healthcare-devices/oxygen-concentrator.html,,5,,,
,,product-tag/oxygen-concentrator-7-litre/?add-to-cart=5880,,home-healthcare-devices/oxygen-concentrator.html,,6,,,
,,product-tag/oxygen-concentrator-7-litre/?add-to-cart=5880,,home-healthcare-devices/oxygen-concentrator.html,,7,,,
,,product-tag/oxygen-concentrator-7-litre-machine/,,home-healthcare-devices/oxygen-concentrator.html,,1,,,
,,product-tag/oxygen-concentrator-7-litre-machine/,,home-healthcare-devices/oxygen-concentrator.html,,2,,,
,,product-tag/oxygen-concentrator-7-litre-machine/,,home-healthcare-devices/oxygen-concentrator.html,,3,,,
,,product-tag/oxygen-concentrator-7-litre-machine/,,home-healthcare-devices/oxygen-concentrator.html,,4,,,
,,product-tag/oxygen-concentrator-7-litre-machine/,,home-healthcare-devices/oxygen-concentrator.html,,5,,,
,,product-tag/oxygen-concentrator-7-litre-machine/,,home-healthcare-devices/oxygen-concentrator.html,,6,,,
,,product-tag/oxygen-concentrator-7-litre-machine/,,home-healthcare-devices/oxygen-concentrator.html,,7,,,
,,product-tag/oxygen-concentrator-7-litre-machine-dedakj/,,home-healthcare-devices/oxygen-concentrator.html,,1,,,
,,product-tag/oxygen-concentrator-7-litre-machine-dedakj/,,home-healthcare-devices/oxygen-concentrator.html,,2,,,
,,product-tag/oxygen-concentrator-7-litre-machine-dedakj/,,home-healthcare-devices/oxygen-concentrator.html,,3,,,
,,product-tag/oxygen-concentrator-7-litre-machine-dedakj/,,home-healthcare-devices/oxygen-concentrator.html,,4,,,
,,product-tag/oxygen-concentrator-7-litre-machine-dedakj/,,home-healthcare-devices/oxygen-concentrator.html,,5,,,
,,product-tag/oxygen-concentrator-7-litre-machine-dedakj/,,home-healthcare-devices/oxygen-concentrator.html,,6,,,
,,product-tag/oxygen-concentrator-7-litre-machine-dedakj/,,home-healthcare-devices/oxygen-concentrator.html,,7,,,
,,product-tag/oxygen-concentrator-8/,,home-healthcare-devices/oxygen-concentrator.html,,1,,,
,,product-tag/oxygen-concentrator-8/,,home-healthcare-devices/oxygen-concentrator.html,,2,,,
,,product-tag/oxygen-concentrator-8/,,home-healthcare-devices/oxygen-concentrator.html,,3,,,
,,product-tag/oxygen-concentrator-8/,,home-healthcare-devices/oxygen-concentrator.html,,4,,,
,,product-tag/oxygen-concentrator-8/,,home-healthcare-devices/oxygen-concentrator.html,,5,,,
,,product-tag/oxygen-concentrator-8/,,home-healthcare-devices/oxygen-concentrator.html,,6,,,
,,product-tag/oxygen-concentrator-8/,,home-healthcare-devices/oxygen-concentrator.html,,7,,,
,,product-tag/oxygen-concentrator-8-litre/,,home-healthcare-devices/oxygen-concentrator.html,,1,,,
,,product-tag/oxygen-concentrator-8-litre/,,home-healthcare-devices/oxygen-concentrator.html,,2,,,
,,product-tag/oxygen-concentrator-8-litre/,,home-healthcare-devices/oxygen-concentrator.html,,3,,,
,,product-tag/oxygen-concentrator-8-litre/,,home-healthcare-devices/oxygen-concentrator.html,,4,,,
,,product-tag/oxygen-concentrator-8-litre/,,home-healthcare-devices/oxygen-concentrator.html,,5,,,
,,product-tag/oxygen-concentrator-8-litre/,,home-healthcare-devices/oxygen-concentrator.html,,6,,,
,,product-tag/oxygen-concentrator-8-litre/,,home-healthcare-devices/oxygen-concentrator.html,,7,,,
,,product-tag/oxygen-concentrator-8-litre-machine/,,home-healthcare-devices/oxygen-concentrator.html,,1,,,
,,product-tag/oxygen-concentrator-8-litre-machine/,,home-healthcare-devices/oxygen-concentrator.html,,2,,,
,,product-tag/oxygen-concentrator-8-litre-machine/,,home-healthcare-devices/oxygen-concentrator.html,,3,,,
,,product-tag/oxygen-concentrator-8-litre-machine/,,home-healthcare-devices/oxygen-concentrator.html,,4,,,
,,product-tag/oxygen-concentrator-8-litre-machine/,,home-healthcare-devices/oxygen-concentrator.html,,5,,,
,,product-tag/oxygen-concentrator-8-litre-machine/,,home-healthcare-devices/oxygen-concentrator.html,,6,,,
,,product-tag/oxygen-concentrator-8-litre-machine/,,home-healthcare-devices/oxygen-concentrator.html,,7,,,
,,product-tag/oxygen-concentrator-8lpm/,,home-healthcare-devices/oxygen-concentrator.html,,1,,,
,,product-tag/oxygen-concentrator-8lpm/,,home-healthcare-devices/oxygen-concentrator.html,,2,,,
,,product-tag/oxygen-concentrator-8lpm/,,home-healthcare-devices/oxygen-concentrator.html,,3,,,
,,product-tag/oxygen-concentrator-8lpm/,,home-healthcare-devices/oxygen-concentrator.html,,4,,,
,,product-tag/oxygen-concentrator-8lpm/,,home-healthcare-devices/oxygen-concentrator.html,,5,,,
,,product-tag/oxygen-concentrator-8lpm/,,home-healthcare-devices/oxygen-concentrator.html,,6,,,
,,product-tag/oxygen-concentrator-8lpm/,,home-healthcare-devices/oxygen-concentrator.html,,7,,,
,,product-tag/oxygen-concentrator-8lpm/?add-to-cart=5880,,home-healthcare-devices/oxygen-concentrator.html,,1,,,
,,product-tag/oxygen-concentrator-8lpm/?add-to-cart=5880,,home-healthcare-devices/oxygen-concentrator.html,,2,,,
,,product-tag/oxygen-concentrator-8lpm/?add-to-cart=5880,,home-healthcare-devices/oxygen-concentrator.html,,3,,,
,,product-tag/oxygen-concentrator-8lpm/?add-to-cart=5880,,home-healthcare-devices/oxygen-concentrator.html,,4,,,
,,product-tag/oxygen-concentrator-8lpm/?add-to-cart=5880,,home-healthcare-devices/oxygen-concentrator.html,,5,,,
,,product-tag/oxygen-concentrator-8lpm/?add-to-cart=5880,,home-healthcare-devices/oxygen-concentrator.html,,6,,,
,,product-tag/oxygen-concentrator-8lpm/?add-to-cart=5880,,home-healthcare-devices/oxygen-concentrator.html,,7,,,
,,product-tag/oxygen-concentrator-8-ltr/,,home-healthcare-devices/oxygen-concentrator.html,,1,,,
,,product-tag/oxygen-concentrator-8-ltr/,,home-healthcare-devices/oxygen-concentrator.html,,2,,,
,,product-tag/oxygen-concentrator-8-ltr/,,home-healthcare-devices/oxygen-concentrator.html,,3,,,
,,product-tag/oxygen-concentrator-8-ltr/,,home-healthcare-devices/oxygen-concentrator.html,,4,,,
,,product-tag/oxygen-concentrator-8-ltr/,,home-healthcare-devices/oxygen-concentrator.html,,5,,,
,,product-tag/oxygen-concentrator-8-ltr/,,home-healthcare-devices/oxygen-concentrator.html,,6,,,
,,product-tag/oxygen-concentrator-8-ltr/,,home-healthcare-devices/oxygen-concentrator.html,,7,,,
,,product-tag/oxygen-concentrator-95/,,home-healthcare-devices/oxygen-concentrator.html,,1,,,
,,product-tag/oxygen-concentrator-95/,,home-healthcare-devices/oxygen-concentrator.html,,2,,,
,,product-tag/oxygen-concentrator-95/,,home-healthcare-devices/oxygen-concentrator.html,,3,,,
,,product-tag/oxygen-concentrator-95/,,home-healthcare-devices/oxygen-concentrator.html,,4,,,
,,product-tag/oxygen-concentrator-95/,,home-healthcare-devices/oxygen-concentrator.html,,5,,,
,,product-tag/oxygen-concentrator-95/,,home-healthcare-devices/oxygen-concentrator.html,,6,,,
,,product-tag/oxygen-concentrator-95/,,home-healthcare-devices/oxygen-concentrator.html,,7,,,
,,product-tag/oxygen-concentrator-9lit/,,home-healthcare-devices/oxygen-concentrator.html,,1,,,
,,product-tag/oxygen-concentrator-9lit/,,home-healthcare-devices/oxygen-concentrator.html,,2,,,
,,product-tag/oxygen-concentrator-9lit/,,home-healthcare-devices/oxygen-concentrator.html,,3,,,
,,product-tag/oxygen-concentrator-9lit/,,home-healthcare-devices/oxygen-concentrator.html,,4,,,
,,product-tag/oxygen-concentrator-9lit/,,home-healthcare-devices/oxygen-concentrator.html,,5,,,
,,product-tag/oxygen-concentrator-9lit/,,home-healthcare-devices/oxygen-concentrator.html,,6,,,
,,product-tag/oxygen-concentrator-9lit/,,home-healthcare-devices/oxygen-concentrator.html,,7,,,
,,product-tag/oxygen-concentrator-9-litre-93/,,home-healthcare-devices/oxygen-concentrator.html,,1,,,
,,product-tag/oxygen-concentrator-9-litre-93/,,home-healthcare-devices/oxygen-concentrator.html,,2,,,
,,product-tag/oxygen-concentrator-9-litre-93/,,home-healthcare-devices/oxygen-concentrator.html,,3,,,
,,product-tag/oxygen-concentrator-9-litre-93/,,home-healthcare-devices/oxygen-concentrator.html,,4,,,
,,product-tag/oxygen-concentrator-9-litre-93/,,home-healthcare-devices/oxygen-concentrator.html,,5,,,
,,product-tag/oxygen-concentrator-9-litre-93/,,home-healthcare-devices/oxygen-concentrator.html,,6,,,
,,product-tag/oxygen-concentrator-9-litre-93/,,home-healthcare-devices/oxygen-concentrator.html,,7,,,
,,product-tag/oxygen-concentrator-9-ltr/,,home-healthcare-devices/oxygen-concentrator.html,,1,,,
,,product-tag/oxygen-concentrator-9-ltr/,,home-healthcare-devices/oxygen-concentrator.html,,2,,,
,,product-tag/oxygen-concentrator-9-ltr/,,home-healthcare-devices/oxygen-concentrator.html,,3,,,
,,product-tag/oxygen-concentrator-9-ltr/,,home-healthcare-devices/oxygen-concentrator.html,,4,,,
,,product-tag/oxygen-concentrator-9-ltr/,,home-healthcare-devices/oxygen-concentrator.html,,5,,,
,,product-tag/oxygen-concentrator-9-ltr/,,home-healthcare-devices/oxygen-concentrator.html,,6,,,
,,product-tag/oxygen-concentrator-9-ltr/,,home-healthcare-devices/oxygen-concentrator.html,,7,,,
,,product-tag/oxygen-concentrator-accessories/,,home-healthcare-devices/oxygen-concentrator.html,,1,,,
,,product-tag/oxygen-concentrator-accessories/,,home-healthcare-devices/oxygen-concentrator.html,,2,,,
,,product-tag/oxygen-concentrator-accessories/,,home-healthcare-devices/oxygen-concentrator.html,,3,,,
,,product-tag/oxygen-concentrator-accessories/,,home-healthcare-devices/oxygen-concentrator.html,,4,,,
,,product-tag/oxygen-concentrator-accessories/,,home-healthcare-devices/oxygen-concentrator.html,,5,,,
,,product-tag/oxygen-concentrator-accessories/,,home-healthcare-devices/oxygen-concentrator.html,,6,,,
,,product-tag/oxygen-concentrator-accessories/,,home-healthcare-devices/oxygen-concentrator.html,,7,,,
,,product-tag/oxygen-concentrator-accessories-pipe/,,home-healthcare-devices/oxygen-concentrator.html,,1,,,
,,product-tag/oxygen-concentrator-accessories-pipe/,,home-healthcare-devices/oxygen-concentrator.html,,2,,,
,,product-tag/oxygen-concentrator-accessories-pipe/,,home-healthcare-devices/oxygen-concentrator.html,,3,,,
,,product-tag/oxygen-concentrator-accessories-pipe/,,home-healthcare-devices/oxygen-concentrator.html,,4,,,
,,product-tag/oxygen-concentrator-accessories-pipe/,,home-healthcare-devices/oxygen-concentrator.html,,5,,,
,,product-tag/oxygen-concentrator-accessories-pipe/,,home-healthcare-devices/oxygen-concentrator.html,,6,,,
,,product-tag/oxygen-concentrator-accessories-pipe/,,home-healthcare-devices/oxygen-concentrator.html,,7,,,
,,product-tag/oxygen-concentrator-amazon-fullfield/,,home-healthcare-devices/oxygen-concentrator.html,,1,,,
,,product-tag/oxygen-concentrator-amazon-fullfield/,,home-healthcare-devices/oxygen-concentrator.html,,2,,,
,,product-tag/oxygen-concentrator-amazon-fullfield/,,home-healthcare-devices/oxygen-concentrator.html,,3,,,
,,product-tag/oxygen-concentrator-amazon-fullfield/,,home-healthcare-devices/oxygen-concentrator.html,,4,,,
,,product-tag/oxygen-concentrator-amazon-fullfield/,,home-healthcare-devices/oxygen-concentrator.html,,5,,,
,,product-tag/oxygen-concentrator-amazon-fullfield/,,home-healthcare-devices/oxygen-concentrator.html,,6,,,
,,product-tag/oxygen-concentrator-amazon-fullfield/,,home-healthcare-devices/oxygen-concentrator.html,,7,,,
,,product-tag/oxygen-concentrator-amonoy/,,home-healthcare-devices/oxygen-concentrator.html,,1,,,
,,product-tag/oxygen-concentrator-amonoy/,,home-healthcare-devices/oxygen-concentrator.html,,2,,,
,,product-tag/oxygen-concentrator-amonoy/,,home-healthcare-devices/oxygen-concentrator.html,,3,,,
,,product-tag/oxygen-concentrator-amonoy/,,home-healthcare-devices/oxygen-concentrator.html,,4,,,
,,product-tag/oxygen-concentrator-amonoy/,,home-healthcare-devices/oxygen-concentrator.html,,5,,,
,,product-tag/oxygen-concentrator-amonoy/,,home-healthcare-devices/oxygen-concentrator.html,,6,,,
,,product-tag/oxygen-concentrator-amonoy/,,home-healthcare-devices/oxygen-concentrator.html,,7,,,
,,product-tag/oxygen-concentrator-ari/,,home-healthcare-devices/oxygen-concentrator.html,,1,,,
,,product-tag/oxygen-concentrator-ari/,,home-healthcare-devices/oxygen-concentrator.html,,2,,,
,,product-tag/oxygen-concentrator-ari/,,home-healthcare-devices/oxygen-concentrator.html,,3,,,
,,product-tag/oxygen-concentrator-ari/,,home-healthcare-devices/oxygen-concentrator.html,,4,,,
,,product-tag/oxygen-concentrator-ari/,,home-healthcare-devices/oxygen-concentrator.html,,5,,,
,,product-tag/oxygen-concentrator-ari/,,home-healthcare-devices/oxygen-concentrator.html,,6,,,
,,product-tag/oxygen-concentrator-ari/,,home-healthcare-devices/oxygen-concentrator.html,,7,,,
,,product-tag/oxygen-concentrator-ari/?add-to-cart=5880,,home-healthcare-devices/oxygen-concentrator.html,,1,,,
,,product-tag/oxygen-concentrator-ari/?add-to-cart=5880,,home-healthcare-devices/oxygen-concentrator.html,,2,,,
,,product-tag/oxygen-concentrator-ari/?add-to-cart=5880,,home-healthcare-devices/oxygen-concentrator.html,,3,,,
,,product-tag/oxygen-concentrator-ari/?add-to-cart=5880,,home-healthcare-devices/oxygen-concentrator.html,,4,,,
,,product-tag/oxygen-concentrator-ari/?add-to-cart=5880,,home-healthcare-devices/oxygen-concentrator.html,,5,,,
,,product-tag/oxygen-concentrator-ari/?add-to-cart=5880,,home-healthcare-devices/oxygen-concentrator.html,,6,,,
,,product-tag/oxygen-concentrator-ari/?add-to-cart=5880,,home-healthcare-devices/oxygen-concentrator.html,,7,,,
,,product-tag/oxygen-concentrator-battery/,,home-healthcare-devices/oxygen-concentrator.html,,1,,,
,,product-tag/oxygen-concentrator-battery/,,home-healthcare-devices/oxygen-concentrator.html,,2,,,
,,product-tag/oxygen-concentrator-battery/,,home-healthcare-devices/oxygen-concentrator.html,,3,,,
,,product-tag/oxygen-concentrator-battery/,,home-healthcare-devices/oxygen-concentrator.html,,4,,,
,,product-tag/oxygen-concentrator-battery/,,home-healthcare-devices/oxygen-concentrator.html,,5,,,
,,product-tag/oxygen-concentrator-battery/,,home-healthcare-devices/oxygen-concentrator.html,,6,,,
,,product-tag/oxygen-concentrator-battery/,,home-healthcare-devices/oxygen-concentrator.html,,7,,,
,,product-tag/oxygen-concentrator-branded/,,home-healthcare-devices/oxygen-concentrator.html,,1,,,
,,product-tag/oxygen-concentrator-branded/,,home-healthcare-devices/oxygen-concentrator.html,,2,,,
,,product-tag/oxygen-concentrator-branded/,,home-healthcare-devices/oxygen-concentrator.html,,3,,,
,,product-tag/oxygen-concentrator-branded/,,home-healthcare-devices/oxygen-concentrator.html,,4,,,
,,product-tag/oxygen-concentrator-branded/,,home-healthcare-devices/oxygen-concentrator.html,,5,,,
,,product-tag/oxygen-concentrator-branded/,,home-healthcare-devices/oxygen-concentrator.html,,6,,,
,,product-tag/oxygen-concentrator-branded/,,home-healthcare-devices/oxygen-concentrator.html,,7,,,
,,product-tag/oxygen-concentrator-car-adapter/?add-to-cart=5880,,home-healthcare-devices/oxygen-concentrator.html,,1,,,
,,product-tag/oxygen-concentrator-car-adapter/?add-to-cart=5880,,home-healthcare-devices/oxygen-concentrator.html,,2,,,
,,product-tag/oxygen-concentrator-car-adapter/?add-to-cart=5880,,home-healthcare-devices/oxygen-concentrator.html,,3,,,
,,product-tag/oxygen-concentrator-car-adapter/?add-to-cart=5880,,home-healthcare-devices/oxygen-concentrator.html,,4,,,
,,product-tag/oxygen-concentrator-car-adapter/?add-to-cart=5880,,home-healthcare-devices/oxygen-concentrator.html,,5,,,
,,product-tag/oxygen-concentrator-car-adapter/?add-to-cart=5880,,home-healthcare-devices/oxygen-concentrator.html,,6,,,
,,product-tag/oxygen-concentrator-car-adapter/?add-to-cart=5880,,home-healthcare-devices/oxygen-concentrator.html,,7,,,
,,product-tag/oxygen-concentrator-connector-tube/,,home-healthcare-devices/oxygen-concentrator.html,,1,,,
,,product-tag/oxygen-concentrator-connector-tube/,,home-healthcare-devices/oxygen-concentrator.html,,2,,,
,,product-tag/oxygen-concentrator-connector-tube/,,home-healthcare-devices/oxygen-concentrator.html,,3,,,
,,product-tag/oxygen-concentrator-connector-tube/,,home-healthcare-devices/oxygen-concentrator.html,,4,,,
,,product-tag/oxygen-concentrator-connector-tube/,,home-healthcare-devices/oxygen-concentrator.html,,5,,,
,,product-tag/oxygen-concentrator-connector-tube/,,home-healthcare-devices/oxygen-concentrator.html,,6,,,
,,product-tag/oxygen-concentrator-connector-tube/,,home-healthcare-devices/oxygen-concentrator.html,,7,,,
,,product-tag/oxygen-concentrator-cr-p5w/,,home-healthcare-devices/oxygen-concentrator.html,,1,,,
,,product-tag/oxygen-concentrator-cr-p5w/,,home-healthcare-devices/oxygen-concentrator.html,,2,,,
,,product-tag/oxygen-concentrator-cr-p5w/,,home-healthcare-devices/oxygen-concentrator.html,,3,,,
,,product-tag/oxygen-concentrator-cr-p5w/,,home-healthcare-devices/oxygen-concentrator.html,,4,,,
,,product-tag/oxygen-concentrator-cr-p5w/,,home-healthcare-devices/oxygen-concentrator.html,,5,,,
,,product-tag/oxygen-concentrator-cr-p5w/,,home-healthcare-devices/oxygen-concentrator.html,,6,,,
,,product-tag/oxygen-concentrator-cr-p5w/,,home-healthcare-devices/oxygen-concentrator.html,,7,,,
,,product-tag/oxygen-concentrator-dedakj-de-1a/,,home-healthcare-devices/oxygen-concentrator.html,,1,,,
,,product-tag/oxygen-concentrator-dedakj-de-1a/,,home-healthcare-devices/oxygen-concentrator.html,,2,,,
,,product-tag/oxygen-concentrator-dedakj-de-1a/,,home-healthcare-devices/oxygen-concentrator.html,,3,,,
,,product-tag/oxygen-concentrator-dedakj-de-1a/,,home-healthcare-devices/oxygen-concentrator.html,,4,,,
,,product-tag/oxygen-concentrator-dedakj-de-1a/,,home-healthcare-devices/oxygen-concentrator.html,,5,,,
,,product-tag/oxygen-concentrator-dedakj-de-1a/,,home-healthcare-devices/oxygen-concentrator.html,,6,,,
,,product-tag/oxygen-concentrator-dedakj-de-1a/,,home-healthcare-devices/oxygen-concentrator.html,,7,,,
,,product-tag/oxygen-concentrator-devilbiss/,,home-healthcare-devices/oxygen-concentrator.html,,1,,,
,,product-tag/oxygen-concentrator-devilbiss/,,home-healthcare-devices/oxygen-concentrator.html,,2,,,
,,product-tag/oxygen-concentrator-devilbiss/,,home-healthcare-devices/oxygen-concentrator.html,,3,,,
,,product-tag/oxygen-concentrator-devilbiss/,,home-healthcare-devices/oxygen-concentrator.html,,4,,,
,,product-tag/oxygen-concentrator-devilbiss/,,home-healthcare-devices/oxygen-concentrator.html,,5,,,
,,product-tag/oxygen-concentrator-devilbiss/,,home-healthcare-devices/oxygen-concentrator.html,,6,,,
,,product-tag/oxygen-concentrator-devilbiss/,,home-healthcare-devices/oxygen-concentrator.html,,7,,,
,,product-tag/oxygen-concentrator-dr-morepen/,,home-healthcare-devices/oxygen-concentrator.html,,1,,,
,,product-tag/oxygen-concentrator-dr-morepen/,,home-healthcare-devices/oxygen-concentrator.html,,2,,,
,,product-tag/oxygen-concentrator-dr-morepen/,,home-healthcare-devices/oxygen-concentrator.html,,3,,,
,,product-tag/oxygen-concentrator-dr-morepen/,,home-healthcare-devices/oxygen-concentrator.html,,4,,,
,,product-tag/oxygen-concentrator-dr-morepen/,,home-healthcare-devices/oxygen-concentrator.html,,5,,,
,,product-tag/oxygen-concentrator-dr-morepen/,,home-healthcare-devices/oxygen-concentrator.html,,6,,,
,,product-tag/oxygen-concentrator-dr-morepen/,,home-healthcare-devices/oxygen-concentrator.html,,7,,,
,,product-tag/oxygen-concentrator-dr-trust/,,home-healthcare-devices/oxygen-concentrator.html,,1,,,
,,product-tag/oxygen-concentrator-dr-trust/,,home-healthcare-devices/oxygen-concentrator.html,,2,,,
,,product-tag/oxygen-concentrator-dr-trust/,,home-healthcare-devices/oxygen-concentrator.html,,3,,,
,,product-tag/oxygen-concentrator-dr-trust/,,home-healthcare-devices/oxygen-concentrator.html,,4,,,
,,product-tag/oxygen-concentrator-dr-trust/,,home-healthcare-devices/oxygen-concentrator.html,,5,,,
,,product-tag/oxygen-concentrator-dr-trust/,,home-healthcare-devices/oxygen-concentrator.html,,6,,,
,,product-tag/oxygen-concentrator-dr-trust/,,home-healthcare-devices/oxygen-concentrator.html,,7,,,
,,product-tag/oxygen-concentrator-dual/,,home-healthcare-devices/oxygen-concentrator.html,,1,,,
,,product-tag/oxygen-concentrator-dual/,,home-healthcare-devices/oxygen-concentrator.html,,2,,,
,,product-tag/oxygen-concentrator-dual/,,home-healthcare-devices/oxygen-concentrator.html,,3,,,
,,product-tag/oxygen-concentrator-dual/,,home-healthcare-devices/oxygen-concentrator.html,,4,,,
,,product-tag/oxygen-concentrator-dual/,,home-healthcare-devices/oxygen-concentrator.html,,5,,,
,,product-tag/oxygen-concentrator-dual/,,home-healthcare-devices/oxygen-concentrator.html,,6,,,
,,product-tag/oxygen-concentrator-dual/,,home-healthcare-devices/oxygen-concentrator.html,,7,,,
,,product-tag/oxygen-concentrator-equipment/,,home-healthcare-devices/oxygen-concentrator.html,,1,,,
,,product-tag/oxygen-concentrator-equipment/,,home-healthcare-devices/oxygen-concentrator.html,,2,,,
,,product-tag/oxygen-concentrator-equipment/,,home-healthcare-devices/oxygen-concentrator.html,,3,,,
,,product-tag/oxygen-concentrator-equipment/,,home-healthcare-devices/oxygen-concentrator.html,,4,,,
,,product-tag/oxygen-concentrator-equipment/,,home-healthcare-devices/oxygen-concentrator.html,,5,,,
,,product-tag/oxygen-concentrator-equipment/,,home-healthcare-devices/oxygen-concentrator.html,,6,,,
,,product-tag/oxygen-concentrator-equipment/,,home-healthcare-devices/oxygen-concentrator.html,,7,,,
,,product-tag/oxygen-concentrator-everflow/,,home-healthcare-devices/oxygen-concentrator.html,,1,,,
,,product-tag/oxygen-concentrator-everflow/,,home-healthcare-devices/oxygen-concentrator.html,,2,,,
,,product-tag/oxygen-concentrator-everflow/,,home-healthcare-devices/oxygen-concentrator.html,,3,,,
,,product-tag/oxygen-concentrator-everflow/,,home-healthcare-devices/oxygen-concentrator.html,,4,,,
,,product-tag/oxygen-concentrator-everflow/,,home-healthcare-devices/oxygen-concentrator.html,,5,,,
,,product-tag/oxygen-concentrator-everflow/,,home-healthcare-devices/oxygen-concentrator.html,,6,,,
,,product-tag/oxygen-concentrator-everflow/,,home-healthcare-devices/oxygen-concentrator.html,,7,,,
,,product-tag/oxygen-concentrator-evox/,,home-healthcare-devices/oxygen-concentrator.html,,1,,,
,,product-tag/oxygen-concentrator-evox/,,home-healthcare-devices/oxygen-concentrator.html,,2,,,
,,product-tag/oxygen-concentrator-evox/,,home-healthcare-devices/oxygen-concentrator.html,,3,,,
,,product-tag/oxygen-concentrator-evox/,,home-healthcare-devices/oxygen-concentrator.html,,4,,,
,,product-tag/oxygen-concentrator-evox/,,home-healthcare-devices/oxygen-concentrator.html,,5,,,
,,product-tag/oxygen-concentrator-evox/,,home-healthcare-devices/oxygen-concentrator.html,,6,,,
,,product-tag/oxygen-concentrator-evox/,,home-healthcare-devices/oxygen-concentrator.html,,7,,,
,,product-tag/oxygen-concentrator-evox-5-liters/,,home-healthcare-devices/oxygen-concentrator.html,,1,,,
,,product-tag/oxygen-concentrator-evox-5-liters/,,home-healthcare-devices/oxygen-concentrator.html,,2,,,
,,product-tag/oxygen-concentrator-evox-5-liters/,,home-healthcare-devices/oxygen-concentrator.html,,3,,,
,,product-tag/oxygen-concentrator-evox-5-liters/,,home-healthcare-devices/oxygen-concentrator.html,,4,,,
,,product-tag/oxygen-concentrator-evox-5-liters/,,home-healthcare-devices/oxygen-concentrator.html,,5,,,
,,product-tag/oxygen-concentrator-evox-5-liters/,,home-healthcare-devices/oxygen-concentrator.html,,6,,,
,,product-tag/oxygen-concentrator-evox-5-liters/,,home-healthcare-devices/oxygen-concentrator.html,,7,,,
,,product-tag/oxygen-concentrator-exalta/,,home-healthcare-devices/oxygen-concentrator.html,,1,,,
,,product-tag/oxygen-concentrator-exalta/,,home-healthcare-devices/oxygen-concentrator.html,,2,,,
,,product-tag/oxygen-concentrator-exalta/,,home-healthcare-devices/oxygen-concentrator.html,,3,,,
,,product-tag/oxygen-concentrator-exalta/,,home-healthcare-devices/oxygen-concentrator.html,,4,,,
,,product-tag/oxygen-concentrator-exalta/,,home-healthcare-devices/oxygen-concentrator.html,,5,,,
,,product-tag/oxygen-concentrator-exalta/,,home-healthcare-devices/oxygen-concentrator.html,,6,,,
,,product-tag/oxygen-concentrator-exalta/,,home-healthcare-devices/oxygen-concentrator.html,,7,,,
,,product-tag/oxygen-concentrator-filter/,,home-healthcare-devices/oxygen-concentrator.html,,1,,,
,,product-tag/oxygen-concentrator-filter/,,home-healthcare-devices/oxygen-concentrator.html,,2,,,
,,product-tag/oxygen-concentrator-filter/,,home-healthcare-devices/oxygen-concentrator.html,,3,,,
,,product-tag/oxygen-concentrator-filter/,,home-healthcare-devices/oxygen-concentrator.html,,4,,,
,,product-tag/oxygen-concentrator-filter/,,home-healthcare-devices/oxygen-concentrator.html,,5,,,
,,product-tag/oxygen-concentrator-filter/,,home-healthcare-devices/oxygen-concentrator.html,,6,,,
,,product-tag/oxygen-concentrator-filter/,,home-healthcare-devices/oxygen-concentrator.html,,7,,,
,,product-tag/oxygen-concentrator-generator/,,home-healthcare-devices/oxygen-concentrator.html,,1,,,
,,product-tag/oxygen-concentrator-generator/,,home-healthcare-devices/oxygen-concentrator.html,,2,,,
,,product-tag/oxygen-concentrator-generator/,,home-healthcare-devices/oxygen-concentrator.html,,3,,,
,,product-tag/oxygen-concentrator-generator/,,home-healthcare-devices/oxygen-concentrator.html,,4,,,
,,product-tag/oxygen-concentrator-generator/,,home-healthcare-devices/oxygen-concentrator.html,,5,,,
,,product-tag/oxygen-concentrator-generator/,,home-healthcare-devices/oxygen-concentrator.html,,6,,,
,,product-tag/oxygen-concentrator-generator/,,home-healthcare-devices/oxygen-concentrator.html,,7,,,
,,product-tag/oxygen-concentrator-german-technology/,,home-healthcare-devices/oxygen-concentrator.html,,1,,,
,,product-tag/oxygen-concentrator-german-technology/,,home-healthcare-devices/oxygen-concentrator.html,,2,,,
,,product-tag/oxygen-concentrator-german-technology/,,home-healthcare-devices/oxygen-concentrator.html,,3,,,
,,product-tag/oxygen-concentrator-german-technology/,,home-healthcare-devices/oxygen-concentrator.html,,4,,,
,,product-tag/oxygen-concentrator-german-technology/,,home-healthcare-devices/oxygen-concentrator.html,,5,,,
,,product-tag/oxygen-concentrator-german-technology/,,home-healthcare-devices/oxygen-concentrator.html,,6,,,
,,product-tag/oxygen-concentrator-german-technology/,,home-healthcare-devices/oxygen-concentrator.html,,7,,,
,,product-tag/oxygen-concentrator-gvs/,,home-healthcare-devices/oxygen-concentrator.html,,1,,,
,,product-tag/oxygen-concentrator-gvs/,,home-healthcare-devices/oxygen-concentrator.html,,2,,,
,,product-tag/oxygen-concentrator-gvs/,,home-healthcare-devices/oxygen-concentrator.html,,3,,,
,,product-tag/oxygen-concentrator-gvs/,,home-healthcare-devices/oxygen-concentrator.html,,4,,,
,,product-tag/oxygen-concentrator-gvs/,,home-healthcare-devices/oxygen-concentrator.html,,5,,,
,,product-tag/oxygen-concentrator-gvs/,,home-healthcare-devices/oxygen-concentrator.html,,6,,,
,,product-tag/oxygen-concentrator-gvs/,,home-healthcare-devices/oxygen-concentrator.html,,7,,,
,,product-tag/oxygen-concentrator-home-medix/,,home-healthcare-devices/oxygen-concentrator.html,,1,,,
,,product-tag/oxygen-concentrator-home-medix/,,home-healthcare-devices/oxygen-concentrator.html,,2,,,
,,product-tag/oxygen-concentrator-home-medix/,,home-healthcare-devices/oxygen-concentrator.html,,3,,,
,,product-tag/oxygen-concentrator-home-medix/,,home-healthcare-devices/oxygen-concentrator.html,,4,,,
,,product-tag/oxygen-concentrator-home-medix/,,home-healthcare-devices/oxygen-concentrator.html,,5,,,
,,product-tag/oxygen-concentrator-home-medix/,,home-healthcare-devices/oxygen-concentrator.html,,6,,,
,,product-tag/oxygen-concentrator-home-medix/,,home-healthcare-devices/oxygen-concentrator.html,,7,,,
,,product-tag/oxygen-concentrator-humidifier/,,home-healthcare-devices/oxygen-concentrator.html,,1,,,
,,product-tag/oxygen-concentrator-humidifier/,,home-healthcare-devices/oxygen-concentrator.html,,2,,,
,,product-tag/oxygen-concentrator-humidifier/,,home-healthcare-devices/oxygen-concentrator.html,,3,,,
,,product-tag/oxygen-concentrator-humidifier/,,home-healthcare-devices/oxygen-concentrator.html,,4,,,
,,product-tag/oxygen-concentrator-humidifier/,,home-healthcare-devices/oxygen-concentrator.html,,5,,,
,,product-tag/oxygen-concentrator-humidifier/,,home-healthcare-devices/oxygen-concentrator.html,,6,,,
,,product-tag/oxygen-concentrator-humidifier/,,home-healthcare-devices/oxygen-concentrator.html,,7,,,
,,product-tag/oxygen-concentrator-humidifier-bottle/,,home-healthcare-devices/oxygen-concentrator.html,,1,,,
,,product-tag/oxygen-concentrator-humidifier-bottle/,,home-healthcare-devices/oxygen-concentrator.html,,2,,,
,,product-tag/oxygen-concentrator-humidifier-bottle/,,home-healthcare-devices/oxygen-concentrator.html,,3,,,
,,product-tag/oxygen-concentrator-humidifier-bottle/,,home-healthcare-devices/oxygen-concentrator.html,,4,,,
,,product-tag/oxygen-concentrator-humidifier-bottle/,,home-healthcare-devices/oxygen-concentrator.html,,5,,,
,,product-tag/oxygen-concentrator-humidifier-bottle/,,home-healthcare-devices/oxygen-concentrator.html,,6,,,
,,product-tag/oxygen-concentrator-humidifier-bottle/,,home-healthcare-devices/oxygen-concentrator.html,,7,,,
,,product-tag/oxygen-concentrator-humidifier-tube/,,home-healthcare-devices/oxygen-concentrator.html,,1,,,
,,product-tag/oxygen-concentrator-humidifier-tube/,,home-healthcare-devices/oxygen-concentrator.html,,2,,,
,,product-tag/oxygen-concentrator-humidifier-tube/,,home-healthcare-devices/oxygen-concentrator.html,,3,,,
,,product-tag/oxygen-concentrator-humidifier-tube/,,home-healthcare-devices/oxygen-concentrator.html,,4,,,
,,product-tag/oxygen-concentrator-humidifier-tube/,,home-healthcare-devices/oxygen-concentrator.html,,5,,,
,,product-tag/oxygen-concentrator-humidifier-tube/,,home-healthcare-devices/oxygen-concentrator.html,,6,,,
,,product-tag/oxygen-concentrator-humidifier-tube/,,home-healthcare-devices/oxygen-concentrator.html,,7,,,
,,product-tag/oxygen-concentrator-humidifier-tube-with-plastic-connector/,,home-healthcare-devices/oxygen-concentrator.html,,1,,,
,,product-tag/oxygen-concentrator-humidifier-tube-with-plastic-connector/,,home-healthcare-devices/oxygen-concentrator.html,,2,,,
,,product-tag/oxygen-concentrator-humidifier-tube-with-plastic-connector/,,home-healthcare-devices/oxygen-concentrator.html,,3,,,
,,product-tag/oxygen-concentrator-humidifier-tube-with-plastic-connector/,,home-healthcare-devices/oxygen-concentrator.html,,4,,,
,,product-tag/oxygen-concentrator-humidifier-tube-with-plastic-connector/,,home-healthcare-devices/oxygen-concentrator.html,,5,,,
,,product-tag/oxygen-concentrator-humidifier-tube-with-plastic-connector/,,home-healthcare-devices/oxygen-concentrator.html,,6,,,
,,product-tag/oxygen-concentrator-humidifier-tube-with-plastic-connector/,,home-healthcare-devices/oxygen-concentrator.html,,7,,,
,,product-tag/oxygen-concentrator-india/,,home-healthcare-devices/oxygen-concentrator.html,,1,,,
,,product-tag/oxygen-concentrator-india/,,home-healthcare-devices/oxygen-concentrator.html,,2,,,
,,product-tag/oxygen-concentrator-india/,,home-healthcare-devices/oxygen-concentrator.html,,3,,,
,,product-tag/oxygen-concentrator-india/,,home-healthcare-devices/oxygen-concentrator.html,,4,,,
,,product-tag/oxygen-concentrator-india/,,home-healthcare-devices/oxygen-concentrator.html,,5,,,
,,product-tag/oxygen-concentrator-india/,,home-healthcare-devices/oxygen-concentrator.html,,6,,,
,,product-tag/oxygen-concentrator-india/,,home-healthcare-devices/oxygen-concentrator.html,,7,,,
,,product-tag/oxygen-concentrator-india/?add-to-cart=5880,,home-healthcare-devices/oxygen-concentrator.html,,1,,,
,,product-tag/oxygen-concentrator-india/?add-to-cart=5880,,home-healthcare-devices/oxygen-concentrator.html,,2,,,
,,product-tag/oxygen-concentrator-india/?add-to-cart=5880,,home-healthcare-devices/oxygen-concentrator.html,,3,,,
,,product-tag/oxygen-concentrator-india/?add-to-cart=5880,,home-healthcare-devices/oxygen-concentrator.html,,4,,,
,,product-tag/oxygen-concentrator-india/?add-to-cart=5880,,home-healthcare-devices/oxygen-concentrator.html,,5,,,
,,product-tag/oxygen-concentrator-india/?add-to-cart=5880,,home-healthcare-devices/oxygen-concentrator.html,,6,,,
,,product-tag/oxygen-concentrator-india/?add-to-cart=5880,,home-healthcare-devices/oxygen-concentrator.html,,7,,,
,,product-tag/oxygen-concentrator-in-india/,,home-healthcare-devices/oxygen-concentrator.html,,1,,,
,,product-tag/oxygen-concentrator-in-india/,,home-healthcare-devices/oxygen-concentrator.html,,2,,,
,,product-tag/oxygen-concentrator-in-india/,,home-healthcare-devices/oxygen-concentrator.html,,3,,,
,,product-tag/oxygen-concentrator-in-india/,,home-healthcare-devices/oxygen-concentrator.html,,4,,,
,,product-tag/oxygen-concentrator-in-india/,,home-healthcare-devices/oxygen-concentrator.html,,5,,,
,,product-tag/oxygen-concentrator-in-india/,,home-healthcare-devices/oxygen-concentrator.html,,6,,,
,,product-tag/oxygen-concentrator-in-india/,,home-healthcare-devices/oxygen-concentrator.html,,7,,,
,,product-tag/oxygen-concentrator-invacare/,,home-healthcare-devices/oxygen-concentrator.html,,1,,,
,,product-tag/oxygen-concentrator-invacare/,,home-healthcare-devices/oxygen-concentrator.html,,2,,,
,,product-tag/oxygen-concentrator-invacare/,,home-healthcare-devices/oxygen-concentrator.html,,3,,,
,,product-tag/oxygen-concentrator-invacare/,,home-healthcare-devices/oxygen-concentrator.html,,4,,,
,,product-tag/oxygen-concentrator-invacare/,,home-healthcare-devices/oxygen-concentrator.html,,5,,,
,,product-tag/oxygen-concentrator-invacare/,,home-healthcare-devices/oxygen-concentrator.html,,6,,,
,,product-tag/oxygen-concentrator-invacare/,,home-healthcare-devices/oxygen-concentrator.html,,7,,,
,,product-tag/oxygen-concentrator-in-warranty/,,home-healthcare-devices/oxygen-concentrator.html,,1,,,
,,product-tag/oxygen-concentrator-in-warranty/,,home-healthcare-devices/oxygen-concentrator.html,,2,,,
,,product-tag/oxygen-concentrator-in-warranty/,,home-healthcare-devices/oxygen-concentrator.html,,3,,,
,,product-tag/oxygen-concentrator-in-warranty/,,home-healthcare-devices/oxygen-concentrator.html,,4,,,
,,product-tag/oxygen-concentrator-in-warranty/,,home-healthcare-devices/oxygen-concentrator.html,,5,,,
,,product-tag/oxygen-concentrator-in-warranty/,,home-healthcare-devices/oxygen-concentrator.html,,6,,,
,,product-tag/oxygen-concentrator-in-warranty/,,home-healthcare-devices/oxygen-concentrator.html,,7,,,
,,product-tag/oxygen-concentrator-j10/,,home-healthcare-devices/oxygen-concentrator.html,,1,,,
,,product-tag/oxygen-concentrator-j10/,,home-healthcare-devices/oxygen-concentrator.html,,2,,,
,,product-tag/oxygen-concentrator-j10/,,home-healthcare-devices/oxygen-concentrator.html,,3,,,
,,product-tag/oxygen-concentrator-j10/,,home-healthcare-devices/oxygen-concentrator.html,,4,,,
,,product-tag/oxygen-concentrator-j10/,,home-healthcare-devices/oxygen-concentrator.html,,5,,,
,,product-tag/oxygen-concentrator-j10/,,home-healthcare-devices/oxygen-concentrator.html,,6,,,
,,product-tag/oxygen-concentrator-j10/,,home-healthcare-devices/oxygen-concentrator.html,,7,,,
,,product-tag/oxygen-concentrator-jay-10/,,home-healthcare-devices/oxygen-concentrator.html,,1,,,
,,product-tag/oxygen-concentrator-jay-10/,,home-healthcare-devices/oxygen-concentrator.html,,2,,,
,,product-tag/oxygen-concentrator-jay-10/,,home-healthcare-devices/oxygen-concentrator.html,,3,,,
,,product-tag/oxygen-concentrator-jay-10/,,home-healthcare-devices/oxygen-concentrator.html,,4,,,
,,product-tag/oxygen-concentrator-jay-10/,,home-healthcare-devices/oxygen-concentrator.html,,5,,,
,,product-tag/oxygen-concentrator-jay-10/,,home-healthcare-devices/oxygen-concentrator.html,,6,,,
,,product-tag/oxygen-concentrator-jay-10/,,home-healthcare-devices/oxygen-concentrator.html,,7,,,
,,product-tag/oxygen-concentrator-jay-10/?add-to-cart=5880,,home-healthcare-devices/oxygen-concentrator.html,,1,,,
,,product-tag/oxygen-concentrator-jay-10/?add-to-cart=5880,,home-healthcare-devices/oxygen-concentrator.html,,2,,,
,,product-tag/oxygen-concentrator-jay-10/?add-to-cart=5880,,home-healthcare-devices/oxygen-concentrator.html,,3,,,
,,product-tag/oxygen-concentrator-jay-10/?add-to-cart=5880,,home-healthcare-devices/oxygen-concentrator.html,,4,,,
,,product-tag/oxygen-concentrator-jay-10/?add-to-cart=5880,,home-healthcare-devices/oxygen-concentrator.html,,5,,,
,,product-tag/oxygen-concentrator-jay-10/?add-to-cart=5880,,home-healthcare-devices/oxygen-concentrator.html,,6,,,
,,product-tag/oxygen-concentrator-jay-10/?add-to-cart=5880,,home-healthcare-devices/oxygen-concentrator.html,,7,,,
,,product-tag/oxygen-concentrator-jmc5a-ni/,,home-healthcare-devices/oxygen-concentrator.html,,1,,,
,,product-tag/oxygen-concentrator-jmc5a-ni/,,home-healthcare-devices/oxygen-concentrator.html,,2,,,
,,product-tag/oxygen-concentrator-jmc5a-ni/,,home-healthcare-devices/oxygen-concentrator.html,,3,,,
,,product-tag/oxygen-concentrator-jmc5a-ni/,,home-healthcare-devices/oxygen-concentrator.html,,4,,,
,,product-tag/oxygen-concentrator-jmc5a-ni/,,home-healthcare-devices/oxygen-concentrator.html,,5,,,
,,product-tag/oxygen-concentrator-jmc5a-ni/,,home-healthcare-devices/oxygen-concentrator.html,,6,,,
,,product-tag/oxygen-concentrator-jmc5a-ni/,,home-healthcare-devices/oxygen-concentrator.html,,7,,,
,,product-tag/oxygen-concentrator-jmc5a-ni/feed/,,home-healthcare-devices/oxygen-concentrator.html,,1,,,
,,product-tag/oxygen-concentrator-jmc5a-ni/feed/,,home-healthcare-devices/oxygen-concentrator.html,,2,,,
,,product-tag/oxygen-concentrator-jmc5a-ni/feed/,,home-healthcare-devices/oxygen-concentrator.html,,3,,,
,,product-tag/oxygen-concentrator-jmc5a-ni/feed/,,home-healthcare-devices/oxygen-concentrator.html,,4,,,
,,product-tag/oxygen-concentrator-jmc5a-ni/feed/,,home-healthcare-devices/oxygen-concentrator.html,,5,,,
,,product-tag/oxygen-concentrator-jmc5a-ni/feed/,,home-healthcare-devices/oxygen-concentrator.html,,6,,,
,,product-tag/oxygen-concentrator-jmc5a-ni/feed/,,home-healthcare-devices/oxygen-concentrator.html,,7,,,
,,product-tag/oxygen-concentrator-jumao-5l/,,home-healthcare-devices/oxygen-concentrator.html,,1,,,
,,product-tag/oxygen-concentrator-jumao-5l/,,home-healthcare-devices/oxygen-concentrator.html,,2,,,
,,product-tag/oxygen-concentrator-jumao-5l/,,home-healthcare-devices/oxygen-concentrator.html,,3,,,
,,product-tag/oxygen-concentrator-jumao-5l/,,home-healthcare-devices/oxygen-concentrator.html,,4,,,
,,product-tag/oxygen-concentrator-jumao-5l/,,home-healthcare-devices/oxygen-concentrator.html,,5,,,
,,product-tag/oxygen-concentrator-jumao-5l/,,home-healthcare-devices/oxygen-concentrator.html,,6,,,
,,product-tag/oxygen-concentrator-jumao-5l/,,home-healthcare-devices/oxygen-concentrator.html,,7,,,
,,product-tag/oxygen-concentrator-jumao-machine-5-ltr/,,home-healthcare-devices/oxygen-concentrator.html,,1,,,
,,product-tag/oxygen-concentrator-jumao-machine-5-ltr/,,home-healthcare-devices/oxygen-concentrator.html,,2,,,
,,product-tag/oxygen-concentrator-jumao-machine-5-ltr/,,home-healthcare-devices/oxygen-concentrator.html,,3,,,
,,product-tag/oxygen-concentrator-jumao-machine-5-ltr/,,home-healthcare-devices/oxygen-concentrator.html,,4,,,
,,product-tag/oxygen-concentrator-jumao-machine-5-ltr/,,home-healthcare-devices/oxygen-concentrator.html,,5,,,
,,product-tag/oxygen-concentrator-jumao-machine-5-ltr/,,home-healthcare-devices/oxygen-concentrator.html,,6,,,
,,product-tag/oxygen-concentrator-jumao-machine-5-ltr/,,home-healthcare-devices/oxygen-concentrator.html,,7,,,
,,product-tag/oxygen-concentrator-k5bw/,,home-healthcare-devices/oxygen-concentrator.html,,1,,,
,,product-tag/oxygen-concentrator-k5bw/,,home-healthcare-devices/oxygen-concentrator.html,,2,,,
,,product-tag/oxygen-concentrator-k5bw/,,home-healthcare-devices/oxygen-concentrator.html,,3,,,
,,product-tag/oxygen-concentrator-k5bw/,,home-healthcare-devices/oxygen-concentrator.html,,4,,,
,,product-tag/oxygen-concentrator-k5bw/,,home-healthcare-devices/oxygen-concentrator.html,,5,,,
,,product-tag/oxygen-concentrator-k5bw/,,home-healthcare-devices/oxygen-concentrator.html,,6,,,
,,product-tag/oxygen-concentrator-k5bw/,,home-healthcare-devices/oxygen-concentrator.html,,7,,,
,,product-tag/oxygen-concentrator-kit/,,home-healthcare-devices/oxygen-concentrator.html,,1,,,
,,product-tag/oxygen-concentrator-kit/,,home-healthcare-devices/oxygen-concentrator.html,,2,,,
,,product-tag/oxygen-concentrator-kit/,,home-healthcare-devices/oxygen-concentrator.html,,3,,,
,,product-tag/oxygen-concentrator-kit/,,home-healthcare-devices/oxygen-concentrator.html,,4,,,
,,product-tag/oxygen-concentrator-kit/,,home-healthcare-devices/oxygen-concentrator.html,,5,,,
,,product-tag/oxygen-concentrator-kit/,,home-healthcare-devices/oxygen-concentrator.html,,6,,,
,,product-tag/oxygen-concentrator-kit/,,home-healthcare-devices/oxygen-concentrator.html,,7,,,
,,product-tag/oxygen-concentrator-konsung/,,home-healthcare-devices/oxygen-concentrator.html,,1,,,
,,product-tag/oxygen-concentrator-konsung/,,home-healthcare-devices/oxygen-concentrator.html,,2,,,
,,product-tag/oxygen-concentrator-konsung/,,home-healthcare-devices/oxygen-concentrator.html,,3,,,
,,product-tag/oxygen-concentrator-konsung/,,home-healthcare-devices/oxygen-concentrator.html,,4,,,
,,product-tag/oxygen-concentrator-konsung/,,home-healthcare-devices/oxygen-concentrator.html,,5,,,
,,product-tag/oxygen-concentrator-konsung/,,home-healthcare-devices/oxygen-concentrator.html,,6,,,
,,product-tag/oxygen-concentrator-konsung/,,home-healthcare-devices/oxygen-concentrator.html,,7,,,
,,product-tag/oxygen-concentrator-konsung/?add_to_wishlist=5880&_wpnonce=b127f6b958,,home-healthcare-devices/oxygen-concentrator.html,,1,,,
,,product-tag/oxygen-concentrator-konsung/?add_to_wishlist=5880&_wpnonce=b127f6b958,,home-healthcare-devices/oxygen-concentrator.html,,2,,,
,,product-tag/oxygen-concentrator-konsung/?add_to_wishlist=5880&_wpnonce=b127f6b958,,home-healthcare-devices/oxygen-concentrator.html,,3,,,
,,product-tag/oxygen-concentrator-konsung/?add_to_wishlist=5880&_wpnonce=b127f6b958,,home-healthcare-devices/oxygen-concentrator.html,,4,,,
,,product-tag/oxygen-concentrator-konsung/?add_to_wishlist=5880&_wpnonce=b127f6b958,,home-healthcare-devices/oxygen-concentrator.html,,5,,,
,,product-tag/oxygen-concentrator-konsung/?add_to_wishlist=5880&_wpnonce=b127f6b958,,home-healthcare-devices/oxygen-concentrator.html,,6,,,
,,product-tag/oxygen-concentrator-konsung/?add_to_wishlist=5880&_wpnonce=b127f6b958,,home-healthcare-devices/oxygen-concentrator.html,,7,,,
,,product-tag/oxygen-concentrator-konsung/?add-to-cart=5880,,home-healthcare-devices/oxygen-concentrator.html,,1,,,
,,product-tag/oxygen-concentrator-konsung/?add-to-cart=5880,,home-healthcare-devices/oxygen-concentrator.html,,2,,,
,,product-tag/oxygen-concentrator-konsung/?add-to-cart=5880,,home-healthcare-devices/oxygen-concentrator.html,,3,,,
,,product-tag/oxygen-concentrator-konsung/?add-to-cart=5880,,home-healthcare-devices/oxygen-concentrator.html,,4,,,
,,product-tag/oxygen-concentrator-konsung/?add-to-cart=5880,,home-healthcare-devices/oxygen-concentrator.html,,5,,,
,,product-tag/oxygen-concentrator-konsung/?add-to-cart=5880,,home-healthcare-devices/oxygen-concentrator.html,,6,,,
,,product-tag/oxygen-concentrator-konsung/?add-to-cart=5880,,home-healthcare-devices/oxygen-concentrator.html,,7,,,
,,product-tag/oxygen-concentrator-konsung/feed/,,home-healthcare-devices/oxygen-concentrator.html,,1,,,
,,product-tag/oxygen-concentrator-konsung/feed/,,home-healthcare-devices/oxygen-concentrator.html,,2,,,
,,product-tag/oxygen-concentrator-konsung/feed/,,home-healthcare-devices/oxygen-concentrator.html,,3,,,
,,product-tag/oxygen-concentrator-konsung/feed/,,home-healthcare-devices/oxygen-concentrator.html,,4,,,
,,product-tag/oxygen-concentrator-konsung/feed/,,home-healthcare-devices/oxygen-concentrator.html,,5,,,
,,product-tag/oxygen-concentrator-konsung/feed/,,home-healthcare-devices/oxygen-concentrator.html,,6,,,
,,product-tag/oxygen-concentrator-konsung/feed/,,home-healthcare-devices/oxygen-concentrator.html,,7,,,
,,product-tag/oxygen-concentrator-ksoc-10/,,home-healthcare-devices/oxygen-concentrator.html,,1,,,
,,product-tag/oxygen-concentrator-ksoc-10/,,home-healthcare-devices/oxygen-concentrator.html,,2,,,
,,product-tag/oxygen-concentrator-ksoc-10/,,home-healthcare-devices/oxygen-concentrator.html,,3,,,
,,product-tag/oxygen-concentrator-ksoc-10/,,home-healthcare-devices/oxygen-concentrator.html,,4,,,
,,product-tag/oxygen-concentrator-ksoc-10/,,home-healthcare-devices/oxygen-concentrator.html,,5,,,
,,product-tag/oxygen-concentrator-ksoc-10/,,home-healthcare-devices/oxygen-concentrator.html,,6,,,
,,product-tag/oxygen-concentrator-ksoc-10/,,home-healthcare-devices/oxygen-concentrator.html,,7,,,
,,product-tag/oxygen-concentrator-ksoc-5/,,home-healthcare-devices/oxygen-concentrator.html,,1,,,
,,product-tag/oxygen-concentrator-ksoc-5/,,home-healthcare-devices/oxygen-concentrator.html,,2,,,
,,product-tag/oxygen-concentrator-ksoc-5/,,home-healthcare-devices/oxygen-concentrator.html,,3,,,
,,product-tag/oxygen-concentrator-ksoc-5/,,home-healthcare-devices/oxygen-concentrator.html,,4,,,
,,product-tag/oxygen-concentrator-ksoc-5/,,home-healthcare-devices/oxygen-concentrator.html,,5,,,
,,product-tag/oxygen-concentrator-ksoc-5/,,home-healthcare-devices/oxygen-concentrator.html,,6,,,
,,product-tag/oxygen-concentrator-ksoc-5/,,home-healthcare-devices/oxygen-concentrator.html,,7,,,
,,product-tag/oxygen-concentrator-ksoc-5/?add-to-cart=5880,,home-healthcare-devices/oxygen-concentrator.html,,1,,,
,,product-tag/oxygen-concentrator-ksoc-5/?add-to-cart=5880,,home-healthcare-devices/oxygen-concentrator.html,,2,,,
,,product-tag/oxygen-concentrator-ksoc-5/?add-to-cart=5880,,home-healthcare-devices/oxygen-concentrator.html,,3,,,
,,product-tag/oxygen-concentrator-ksoc-5/?add-to-cart=5880,,home-healthcare-devices/oxygen-concentrator.html,,4,,,
,,product-tag/oxygen-concentrator-ksoc-5/?add-to-cart=5880,,home-healthcare-devices/oxygen-concentrator.html,,5,,,
,,product-tag/oxygen-concentrator-ksoc-5/?add-to-cart=5880,,home-healthcare-devices/oxygen-concentrator.html,,6,,,
,,product-tag/oxygen-concentrator-ksoc-5/?add-to-cart=5880,,home-healthcare-devices/oxygen-concentrator.html,,7,,,
,,product-tag/oxygen-concentrator-l/,,home-healthcare-devices/oxygen-concentrator.html,,1,,,
,,product-tag/oxygen-concentrator-l/,,home-healthcare-devices/oxygen-concentrator.html,,2,,,
,,product-tag/oxygen-concentrator-l/,,home-healthcare-devices/oxygen-concentrator.html,,3,,,
,,product-tag/oxygen-concentrator-l/,,home-healthcare-devices/oxygen-concentrator.html,,4,,,
,,product-tag/oxygen-concentrator-l/,,home-healthcare-devices/oxygen-concentrator.html,,5,,,
,,product-tag/oxygen-concentrator-l/,,home-healthcare-devices/oxygen-concentrator.html,,6,,,
,,product-tag/oxygen-concentrator-l/,,home-healthcare-devices/oxygen-concentrator.html,,7,,,
,,product-tag/oxygen-concentrator-landwind/,,home-healthcare-devices/oxygen-concentrator.html,,1,,,
,,product-tag/oxygen-concentrator-landwind/,,home-healthcare-devices/oxygen-concentrator.html,,2,,,
,,product-tag/oxygen-concentrator-landwind/,,home-healthcare-devices/oxygen-concentrator.html,,3,,,
,,product-tag/oxygen-concentrator-landwind/,,home-healthcare-devices/oxygen-concentrator.html,,4,,,
,,product-tag/oxygen-concentrator-landwind/,,home-healthcare-devices/oxygen-concentrator.html,,5,,,
,,product-tag/oxygen-concentrator-landwind/,,home-healthcare-devices/oxygen-concentrator.html,,6,,,
,,product-tag/oxygen-concentrator-landwind/,,home-healthcare-devices/oxygen-concentrator.html,,7,,,
,,product-tag/oxygen-concentrator-lg/,,home-healthcare-devices/oxygen-concentrator.html,,1,,,
,,product-tag/oxygen-concentrator-lg/,,home-healthcare-devices/oxygen-concentrator.html,,2,,,
,,product-tag/oxygen-concentrator-lg/,,home-healthcare-devices/oxygen-concentrator.html,,3,,,
,,product-tag/oxygen-concentrator-lg/,,home-healthcare-devices/oxygen-concentrator.html,,4,,,
,,product-tag/oxygen-concentrator-lg/,,home-healthcare-devices/oxygen-concentrator.html,,5,,,
,,product-tag/oxygen-concentrator-lg/,,home-healthcare-devices/oxygen-concentrator.html,,6,,,
,,product-tag/oxygen-concentrator-lg/,,home-healthcare-devices/oxygen-concentrator.html,,7,,,
,,product-tag/oxygen-concentrator-lifeline/,,home-healthcare-devices/oxygen-concentrator.html,,1,,,
,,product-tag/oxygen-concentrator-lifeline/,,home-healthcare-devices/oxygen-concentrator.html,,2,,,
,,product-tag/oxygen-concentrator-lifeline/,,home-healthcare-devices/oxygen-concentrator.html,,3,,,
,,product-tag/oxygen-concentrator-lifeline/,,home-healthcare-devices/oxygen-concentrator.html,,4,,,
,,product-tag/oxygen-concentrator-lifeline/,,home-healthcare-devices/oxygen-concentrator.html,,5,,,
,,product-tag/oxygen-concentrator-lifeline/,,home-healthcare-devices/oxygen-concentrator.html,,6,,,
,,product-tag/oxygen-concentrator-lifeline/,,home-healthcare-devices/oxygen-concentrator.html,,7,,,
,,product-tag/oxygen-concentrator-long-tube/,,home-healthcare-devices/oxygen-concentrator.html,,1,,,
,,product-tag/oxygen-concentrator-long-tube/,,home-healthcare-devices/oxygen-concentrator.html,,2,,,
,,product-tag/oxygen-concentrator-long-tube/,,home-healthcare-devices/oxygen-concentrator.html,,3,,,
,,product-tag/oxygen-concentrator-long-tube/,,home-healthcare-devices/oxygen-concentrator.html,,4,,,
,,product-tag/oxygen-concentrator-long-tube/,,home-healthcare-devices/oxygen-concentrator.html,,5,,,
,,product-tag/oxygen-concentrator-long-tube/,,home-healthcare-devices/oxygen-concentrator.html,,6,,,
,,product-tag/oxygen-concentrator-long-tube/,,home-healthcare-devices/oxygen-concentrator.html,,7,,,
,,product-tag/oxygen-concentrator-low-cost/,,home-healthcare-devices/oxygen-concentrator.html,,1,,,
,,product-tag/oxygen-concentrator-low-cost/,,home-healthcare-devices/oxygen-concentrator.html,,2,,,
,,product-tag/oxygen-concentrator-low-cost/,,home-healthcare-devices/oxygen-concentrator.html,,3,,,
,,product-tag/oxygen-concentrator-low-cost/,,home-healthcare-devices/oxygen-concentrator.html,,4,,,
,,product-tag/oxygen-concentrator-low-cost/,,home-healthcare-devices/oxygen-concentrator.html,,5,,,
,,product-tag/oxygen-concentrator-low-cost/,,home-healthcare-devices/oxygen-concentrator.html,,6,,,
,,product-tag/oxygen-concentrator-low-cost/,,home-healthcare-devices/oxygen-concentrator.html,,7,,,
,,product-tag/oxygen-concentrator-machine-10-ltr/,,home-healthcare-devices/oxygen-concentrator.html,,1,,,
,,product-tag/oxygen-concentrator-machine-10-ltr/,,home-healthcare-devices/oxygen-concentrator.html,,2,,,
,,product-tag/oxygen-concentrator-machine-10-ltr/,,home-healthcare-devices/oxygen-concentrator.html,,3,,,
,,product-tag/oxygen-concentrator-machine-10-ltr/,,home-healthcare-devices/oxygen-concentrator.html,,4,,,
,,product-tag/oxygen-concentrator-machine-10-ltr/,,home-healthcare-devices/oxygen-concentrator.html,,5,,,
,,product-tag/oxygen-concentrator-machine-10-ltr/,,home-healthcare-devices/oxygen-concentrator.html,,6,,,
,,product-tag/oxygen-concentrator-machine-10-ltr/,,home-healthcare-devices/oxygen-concentrator.html,,7,,,
,,product-tag/oxygen-concentrator-machine-10-ltr-for-home/,,home-healthcare-devices/oxygen-concentrator.html,,1,,,
,,product-tag/oxygen-concentrator-machine-10-ltr-for-home/,,home-healthcare-devices/oxygen-concentrator.html,,2,,,
,,product-tag/oxygen-concentrator-machine-10-ltr-for-home/,,home-healthcare-devices/oxygen-concentrator.html,,3,,,
,,product-tag/oxygen-concentrator-machine-10-ltr-for-home/,,home-healthcare-devices/oxygen-concentrator.html,,4,,,
,,product-tag/oxygen-concentrator-machine-10-ltr-for-home/,,home-healthcare-devices/oxygen-concentrator.html,,5,,,
,,product-tag/oxygen-concentrator-machine-10-ltr-for-home/,,home-healthcare-devices/oxygen-concentrator.html,,6,,,
,,product-tag/oxygen-concentrator-machine-10-ltr-for-home/,,home-healthcare-devices/oxygen-concentrator.html,,7,,,
,,product-tag/oxygen-concentrator-machine-5-ltr/,,home-healthcare-devices/oxygen-concentrator.html,,1,,,
,,product-tag/oxygen-concentrator-machine-5-ltr/,,home-healthcare-devices/oxygen-concentrator.html,,2,,,
,,product-tag/oxygen-concentrator-machine-5-ltr/,,home-healthcare-devices/oxygen-concentrator.html,,3,,,
,,product-tag/oxygen-concentrator-machine-5-ltr/,,home-healthcare-devices/oxygen-concentrator.html,,4,,,
,,product-tag/oxygen-concentrator-machine-5-ltr/,,home-healthcare-devices/oxygen-concentrator.html,,5,,,
,,product-tag/oxygen-concentrator-machine-5-ltr/,,home-healthcare-devices/oxygen-concentrator.html,,6,,,
,,product-tag/oxygen-concentrator-machine-5-ltr/,,home-healthcare-devices/oxygen-concentrator.html,,7,,,
,,product-tag/oxygen-concentrator-nareena/,,home-healthcare-devices/oxygen-concentrator.html,,1,,,
,,product-tag/oxygen-concentrator-nareena/,,home-healthcare-devices/oxygen-concentrator.html,,2,,,
,,product-tag/oxygen-concentrator-nareena/,,home-healthcare-devices/oxygen-concentrator.html,,3,,,
,,product-tag/oxygen-concentrator-nareena/,,home-healthcare-devices/oxygen-concentrator.html,,4,,,
,,product-tag/oxygen-concentrator-nareena/,,home-healthcare-devices/oxygen-concentrator.html,,5,,,
,,product-tag/oxygen-concentrator-nareena/,,home-healthcare-devices/oxygen-concentrator.html,,6,,,
,,product-tag/oxygen-concentrator-nareena/,,home-healthcare-devices/oxygen-concentrator.html,,7,,,
,,product-tag/oxygen-concentrator-nebulizer/,,home-healthcare-devices/oxygen-concentrator.html,,1,,,
,,product-tag/oxygen-concentrator-nebulizer/,,home-healthcare-devices/oxygen-concentrator.html,,2,,,
,,product-tag/oxygen-concentrator-nebulizer/,,home-healthcare-devices/oxygen-concentrator.html,,3,,,
,,product-tag/oxygen-concentrator-nebulizer/,,home-healthcare-devices/oxygen-concentrator.html,,4,,,
,,product-tag/oxygen-concentrator-nebulizer/,,home-healthcare-devices/oxygen-concentrator.html,,5,,,
,,product-tag/oxygen-concentrator-nebulizer/,,home-healthcare-devices/oxygen-concentrator.html,,6,,,
,,product-tag/oxygen-concentrator-nebulizer/,,home-healthcare-devices/oxygen-concentrator.html,,7,,,
,,product-tag/oxygen-concentrator-nidek-nuvo-lite/feed/,,home-healthcare-devices/oxygen-concentrator.html,,1,,,
,,product-tag/oxygen-concentrator-nidek-nuvo-lite/feed/,,home-healthcare-devices/oxygen-concentrator.html,,2,,,
,,product-tag/oxygen-concentrator-nidek-nuvo-lite/feed/,,home-healthcare-devices/oxygen-concentrator.html,,3,,,
,,product-tag/oxygen-concentrator-nidek-nuvo-lite/feed/,,home-healthcare-devices/oxygen-concentrator.html,,4,,,
,,product-tag/oxygen-concentrator-nidek-nuvo-lite/feed/,,home-healthcare-devices/oxygen-concentrator.html,,5,,,
,,product-tag/oxygen-concentrator-nidek-nuvo-lite/feed/,,home-healthcare-devices/oxygen-concentrator.html,,6,,,
,,product-tag/oxygen-concentrator-nidek-nuvo-lite/feed/,,home-healthcare-devices/oxygen-concentrator.html,,7,,,
,,product-tag/oxygen-concentrator-olive/,,home-healthcare-devices/oxygen-concentrator.html,,1,,,
,,product-tag/oxygen-concentrator-olive/,,home-healthcare-devices/oxygen-concentrator.html,,2,,,
,,product-tag/oxygen-concentrator-olive/,,home-healthcare-devices/oxygen-concentrator.html,,3,,,
,,product-tag/oxygen-concentrator-olive/,,home-healthcare-devices/oxygen-concentrator.html,,4,,,
,,product-tag/oxygen-concentrator-olive/,,home-healthcare-devices/oxygen-concentrator.html,,5,,,
,,product-tag/oxygen-concentrator-olive/,,home-healthcare-devices/oxygen-concentrator.html,,6,,,
,,product-tag/oxygen-concentrator-olive/,,home-healthcare-devices/oxygen-concentrator.html,,7,,,
,,product-tag/oxygen-concentrator-omron/,,home-healthcare-devices/oxygen-concentrator.html,,1,,,
,,product-tag/oxygen-concentrator-omron/,,home-healthcare-devices/oxygen-concentrator.html,,2,,,
,,product-tag/oxygen-concentrator-omron/,,home-healthcare-devices/oxygen-concentrator.html,,3,,,
,,product-tag/oxygen-concentrator-omron/,,home-healthcare-devices/oxygen-concentrator.html,,4,,,
,,product-tag/oxygen-concentrator-omron/,,home-healthcare-devices/oxygen-concentrator.html,,5,,,
,,product-tag/oxygen-concentrator-omron/,,home-healthcare-devices/oxygen-concentrator.html,,6,,,
,,product-tag/oxygen-concentrator-omron/,,home-healthcare-devices/oxygen-concentrator.html,,7,,,
,,product-tag/oxygen-concentrator-oxymed-10-ltr/,,home-healthcare-devices/oxygen-concentrator.html,,1,,,
,,product-tag/oxygen-concentrator-oxymed-10-ltr/,,home-healthcare-devices/oxygen-concentrator.html,,2,,,
,,product-tag/oxygen-concentrator-oxymed-10-ltr/,,home-healthcare-devices/oxygen-concentrator.html,,3,,,
,,product-tag/oxygen-concentrator-oxymed-10-ltr/,,home-healthcare-devices/oxygen-concentrator.html,,4,,,
,,product-tag/oxygen-concentrator-oxymed-10-ltr/,,home-healthcare-devices/oxygen-concentrator.html,,5,,,
,,product-tag/oxygen-concentrator-oxymed-10-ltr/,,home-healthcare-devices/oxygen-concentrator.html,,6,,,
,,product-tag/oxygen-concentrator-oxymed-10-ltr/,,home-healthcare-devices/oxygen-concentrator.html,,7,,,
,,product-tag/oxygen-concentrator-oxymed-5l/,,home-healthcare-devices/oxygen-concentrator.html,,1,,,
,,product-tag/oxygen-concentrator-oxymed-5l/,,home-healthcare-devices/oxygen-concentrator.html,,2,,,
,,product-tag/oxygen-concentrator-oxymed-5l/,,home-healthcare-devices/oxygen-concentrator.html,,3,,,
,,product-tag/oxygen-concentrator-oxymed-5l/,,home-healthcare-devices/oxygen-concentrator.html,,4,,,
,,product-tag/oxygen-concentrator-oxymed-5l/,,home-healthcare-devices/oxygen-concentrator.html,,5,,,
,,product-tag/oxygen-concentrator-oxymed-5l/,,home-healthcare-devices/oxygen-concentrator.html,,6,,,
,,product-tag/oxygen-concentrator-oxymed-5l/,,home-healthcare-devices/oxygen-concentrator.html,,7,,,
,,product-tag/oxygen-concentrator-oxypure/,,home-healthcare-devices/oxygen-concentrator.html,,1,,,
,,product-tag/oxygen-concentrator-oxypure/,,home-healthcare-devices/oxygen-concentrator.html,,2,,,
,,product-tag/oxygen-concentrator-oxypure/,,home-healthcare-devices/oxygen-concentrator.html,,3,,,
,,product-tag/oxygen-concentrator-oxypure/,,home-healthcare-devices/oxygen-concentrator.html,,4,,,
,,product-tag/oxygen-concentrator-oxypure/,,home-healthcare-devices/oxygen-concentrator.html,,5,,,
,,product-tag/oxygen-concentrator-oxypure/,,home-healthcare-devices/oxygen-concentrator.html,,6,,,
,,product-tag/oxygen-concentrator-oxypure/,,home-healthcare-devices/oxygen-concentrator.html,,7,,,
,,product-tag/oxygen-concentrator-philips/,,home-healthcare-devices/oxygen-concentrator.html,,1,,,
,,product-tag/oxygen-concentrator-philips/,,home-healthcare-devices/oxygen-concentrator.html,,2,,,
,,product-tag/oxygen-concentrator-philips/,,home-healthcare-devices/oxygen-concentrator.html,,3,,,
,,product-tag/oxygen-concentrator-philips/,,home-healthcare-devices/oxygen-concentrator.html,,4,,,
,,product-tag/oxygen-concentrator-philips/,,home-healthcare-devices/oxygen-concentrator.html,,5,,,
,,product-tag/oxygen-concentrator-philips/,,home-healthcare-devices/oxygen-concentrator.html,,6,,,
,,product-tag/oxygen-concentrator-philips/,,home-healthcare-devices/oxygen-concentrator.html,,7,,,
,,product-tag/oxygen-concentrator-philips/?add-to-cart=5880,,home-healthcare-devices/oxygen-concentrator.html,,1,,,
,,product-tag/oxygen-concentrator-philips/?add-to-cart=5880,,home-healthcare-devices/oxygen-concentrator.html,,2,,,
,,product-tag/oxygen-concentrator-philips/?add-to-cart=5880,,home-healthcare-devices/oxygen-concentrator.html,,3,,,
,,product-tag/oxygen-concentrator-philips/?add-to-cart=5880,,home-healthcare-devices/oxygen-concentrator.html,,4,,,
,,product-tag/oxygen-concentrator-philips/?add-to-cart=5880,,home-healthcare-devices/oxygen-concentrator.html,,5,,,
,,product-tag/oxygen-concentrator-philips/?add-to-cart=5880,,home-healthcare-devices/oxygen-concentrator.html,,6,,,
,,product-tag/oxygen-concentrator-philips/?add-to-cart=5880,,home-healthcare-devices/oxygen-concentrator.html,,7,,,
,,product-tag/oxygen-concentrator-philips-5-litre/,,home-healthcare-devices/oxygen-concentrator.html,,1,,,
,,product-tag/oxygen-concentrator-philips-5-litre/,,home-healthcare-devices/oxygen-concentrator.html,,2,,,
,,product-tag/oxygen-concentrator-philips-5-litre/,,home-healthcare-devices/oxygen-concentrator.html,,3,,,
,,product-tag/oxygen-concentrator-philips-5-litre/,,home-healthcare-devices/oxygen-concentrator.html,,4,,,
,,product-tag/oxygen-concentrator-philips-5-litre/,,home-healthcare-devices/oxygen-concentrator.html,,5,,,
,,product-tag/oxygen-concentrator-philips-5-litre/,,home-healthcare-devices/oxygen-concentrator.html,,6,,,
,,product-tag/oxygen-concentrator-philips-5-litre/,,home-healthcare-devices/oxygen-concentrator.html,,7,,,
,,product-tag/oxygen-concentrator-philips-5-litre/?add-to-cart=5880,,home-healthcare-devices/oxygen-concentrator.html,,1,,,
,,product-tag/oxygen-concentrator-philips-5-litre/?add-to-cart=5880,,home-healthcare-devices/oxygen-concentrator.html,,2,,,
,,product-tag/oxygen-concentrator-philips-5-litre/?add-to-cart=5880,,home-healthcare-devices/oxygen-concentrator.html,,3,,,
,,product-tag/oxygen-concentrator-philips-5-litre/?add-to-cart=5880,,home-healthcare-devices/oxygen-concentrator.html,,4,,,
,,product-tag/oxygen-concentrator-philips-5-litre/?add-to-cart=5880,,home-healthcare-devices/oxygen-concentrator.html,,5,,,
,,product-tag/oxygen-concentrator-philips-5-litre/?add-to-cart=5880,,home-healthcare-devices/oxygen-concentrator.html,,6,,,
,,product-tag/oxygen-concentrator-philips-5-litre/?add-to-cart=5880,,home-healthcare-devices/oxygen-concentrator.html,,7,,,
,,product-tag/oxygen-concentrator-philips-5-litre-everflo/,,home-healthcare-devices/oxygen-concentrator.html,,1,,,
,,product-tag/oxygen-concentrator-philips-5-litre-everflo/,,home-healthcare-devices/oxygen-concentrator.html,,2,,,
,,product-tag/oxygen-concentrator-philips-5-litre-everflo/,,home-healthcare-devices/oxygen-concentrator.html,,3,,,
,,product-tag/oxygen-concentrator-philips-5-litre-everflo/,,home-healthcare-devices/oxygen-concentrator.html,,4,,,
,,product-tag/oxygen-concentrator-philips-5-litre-everflo/,,home-healthcare-devices/oxygen-concentrator.html,,5,,,
,,product-tag/oxygen-concentrator-philips-5-litre-everflo/,,home-healthcare-devices/oxygen-concentrator.html,,6,,,
,,product-tag/oxygen-concentrator-philips-5-litre-everflo/,,home-healthcare-devices/oxygen-concentrator.html,,7,,,
,,product-tag/oxygen-concentrator-pipe/,,home-healthcare-devices/oxygen-concentrator.html,,1,,,
,,product-tag/oxygen-concentrator-pipe/,,home-healthcare-devices/oxygen-concentrator.html,,2,,,
,,product-tag/oxygen-concentrator-pipe/,,home-healthcare-devices/oxygen-concentrator.html,,3,,,
,,product-tag/oxygen-concentrator-pipe/,,home-healthcare-devices/oxygen-concentrator.html,,4,,,
,,product-tag/oxygen-concentrator-pipe/,,home-healthcare-devices/oxygen-concentrator.html,,5,,,
,,product-tag/oxygen-concentrator-pipe/,,home-healthcare-devices/oxygen-concentrator.html,,6,,,
,,product-tag/oxygen-concentrator-pipe/,,home-healthcare-devices/oxygen-concentrator.html,,7,,,
,,product-tag/oxygen-concentrator-rental/,,home-healthcare-devices/oxygen-concentrator.html,,1,,,
,,product-tag/oxygen-concentrator-rental/,,home-healthcare-devices/oxygen-concentrator.html,,2,,,
,,product-tag/oxygen-concentrator-rental/,,home-healthcare-devices/oxygen-concentrator.html,,3,,,
,,product-tag/oxygen-concentrator-rental/,,home-healthcare-devices/oxygen-concentrator.html,,4,,,
,,product-tag/oxygen-concentrator-rental/,,home-healthcare-devices/oxygen-concentrator.html,,5,,,
,,product-tag/oxygen-concentrator-rental/,,home-healthcare-devices/oxygen-concentrator.html,,6,,,
,,product-tag/oxygen-concentrator-rental/,,home-healthcare-devices/oxygen-concentrator.html,,7,,,
,,product-tag/oxygen-concentrator-resmed/,,home-healthcare-devices/oxygen-concentrator.html,,1,,,
,,product-tag/oxygen-concentrator-resmed/,,home-healthcare-devices/oxygen-concentrator.html,,2,,,
,,product-tag/oxygen-concentrator-resmed/,,home-healthcare-devices/oxygen-concentrator.html,,3,,,
,,product-tag/oxygen-concentrator-resmed/,,home-healthcare-devices/oxygen-concentrator.html,,4,,,
,,product-tag/oxygen-concentrator-resmed/,,home-healthcare-devices/oxygen-concentrator.html,,5,,,
,,product-tag/oxygen-concentrator-resmed/,,home-healthcare-devices/oxygen-concentrator.html,,6,,,
,,product-tag/oxygen-concentrator-resmed/,,home-healthcare-devices/oxygen-concentrator.html,,7,,,
,,product-tag/oxygen-concentrator-respikart/,,home-healthcare-devices/oxygen-concentrator.html,,1,,,
,,product-tag/oxygen-concentrator-respikart/,,home-healthcare-devices/oxygen-concentrator.html,,2,,,
,,product-tag/oxygen-concentrator-respikart/,,home-healthcare-devices/oxygen-concentrator.html,,3,,,
,,product-tag/oxygen-concentrator-respikart/,,home-healthcare-devices/oxygen-concentrator.html,,4,,,
,,product-tag/oxygen-concentrator-respikart/,,home-healthcare-devices/oxygen-concentrator.html,,5,,,
,,product-tag/oxygen-concentrator-respikart/,,home-healthcare-devices/oxygen-concentrator.html,,6,,,
,,product-tag/oxygen-concentrator-respikart/,,home-healthcare-devices/oxygen-concentrator.html,,7,,,
,,product-tag/oxygen-concentrator-respironics-philips/,,home-healthcare-devices/oxygen-concentrator.html,,1,,,
,,product-tag/oxygen-concentrator-respironics-philips/,,home-healthcare-devices/oxygen-concentrator.html,,2,,,
,,product-tag/oxygen-concentrator-respironics-philips/,,home-healthcare-devices/oxygen-concentrator.html,,3,,,
,,product-tag/oxygen-concentrator-respironics-philips/,,home-healthcare-devices/oxygen-concentrator.html,,4,,,
,,product-tag/oxygen-concentrator-respironics-philips/,,home-healthcare-devices/oxygen-concentrator.html,,5,,,
,,product-tag/oxygen-concentrator-respironics-philips/,,home-healthcare-devices/oxygen-concentrator.html,,6,,,
,,product-tag/oxygen-concentrator-respironics-philips/,,home-healthcare-devices/oxygen-concentrator.html,,7,,,
,,product-tag/oxygen-concentrator-servotech/,,home-healthcare-devices/oxygen-concentrator.html,,1,,,
,,product-tag/oxygen-concentrator-servotech/,,home-healthcare-devices/oxygen-concentrator.html,,2,,,
,,product-tag/oxygen-concentrator-servotech/,,home-healthcare-devices/oxygen-concentrator.html,,3,,,
,,product-tag/oxygen-concentrator-servotech/,,home-healthcare-devices/oxygen-concentrator.html,,4,,,
,,product-tag/oxygen-concentrator-servotech/,,home-healthcare-devices/oxygen-concentrator.html,,5,,,
,,product-tag/oxygen-concentrator-servotech/,,home-healthcare-devices/oxygen-concentrator.html,,6,,,
,,product-tag/oxygen-concentrator-servotech/,,home-healthcare-devices/oxygen-concentrator.html,,7,,,
,,product-tag/oxygen-concentrator-splitter/,,home-healthcare-devices/oxygen-concentrator.html,,1,,,
,,product-tag/oxygen-concentrator-splitter/,,home-healthcare-devices/oxygen-concentrator.html,,2,,,
,,product-tag/oxygen-concentrator-splitter/,,home-healthcare-devices/oxygen-concentrator.html,,3,,,
,,product-tag/oxygen-concentrator-splitter/,,home-healthcare-devices/oxygen-concentrator.html,,4,,,
,,product-tag/oxygen-concentrator-splitter/,,home-healthcare-devices/oxygen-concentrator.html,,5,,,
,,product-tag/oxygen-concentrator-splitter/,,home-healthcare-devices/oxygen-concentrator.html,,6,,,
,,product-tag/oxygen-concentrator-splitter/,,home-healthcare-devices/oxygen-concentrator.html,,7,,,
,,product-tag/oxygen-concentrator-tester/,,home-healthcare-devices/oxygen-concentrator.html,,1,,,
,,product-tag/oxygen-concentrator-tester/,,home-healthcare-devices/oxygen-concentrator.html,,2,,,
,,product-tag/oxygen-concentrator-tester/,,home-healthcare-devices/oxygen-concentrator.html,,3,,,
,,product-tag/oxygen-concentrator-tester/,,home-healthcare-devices/oxygen-concentrator.html,,4,,,
,,product-tag/oxygen-concentrator-tester/,,home-healthcare-devices/oxygen-concentrator.html,,5,,,
,,product-tag/oxygen-concentrator-tester/,,home-healthcare-devices/oxygen-concentrator.html,,6,,,
,,product-tag/oxygen-concentrator-tester/,,home-healthcare-devices/oxygen-concentrator.html,,7,,,
,,product-tag/oxygen-concentrator-tipl/,,home-healthcare-devices/oxygen-concentrator.html,,1,,,
,,product-tag/oxygen-concentrator-tipl/,,home-healthcare-devices/oxygen-concentrator.html,,2,,,
,,product-tag/oxygen-concentrator-tipl/,,home-healthcare-devices/oxygen-concentrator.html,,3,,,
,,product-tag/oxygen-concentrator-tipl/,,home-healthcare-devices/oxygen-concentrator.html,,4,,,
,,product-tag/oxygen-concentrator-tipl/,,home-healthcare-devices/oxygen-concentrator.html,,5,,,
,,product-tag/oxygen-concentrator-tipl/,,home-healthcare-devices/oxygen-concentrator.html,,6,,,
,,product-tag/oxygen-concentrator-tipl/,,home-healthcare-devices/oxygen-concentrator.html,,7,,,
,,product-tag/oxygen-concentrator-tube-and-mask/,,home-healthcare-devices/oxygen-concentrator.html,,1,,,
,,product-tag/oxygen-concentrator-tube-and-mask/,,home-healthcare-devices/oxygen-concentrator.html,,2,,,
,,product-tag/oxygen-concentrator-tube-and-mask/,,home-healthcare-devices/oxygen-concentrator.html,,3,,,
,,product-tag/oxygen-concentrator-tube-and-mask/,,home-healthcare-devices/oxygen-concentrator.html,,4,,,
,,product-tag/oxygen-concentrator-tube-and-mask/,,home-healthcare-devices/oxygen-concentrator.html,,5,,,
,,product-tag/oxygen-concentrator-tube-and-mask/,,home-healthcare-devices/oxygen-concentrator.html,,6,,,
,,product-tag/oxygen-concentrator-tube-and-mask/,,home-healthcare-devices/oxygen-concentrator.html,,7,,,
,,product-tag/oxygen-concentrator-tubing/,,home-healthcare-devices/oxygen-concentrator.html,,1,,,
,,product-tag/oxygen-concentrator-tubing/,,home-healthcare-devices/oxygen-concentrator.html,,2,,,
,,product-tag/oxygen-concentrator-tubing/,,home-healthcare-devices/oxygen-concentrator.html,,3,,,
,,product-tag/oxygen-concentrator-tubing/,,home-healthcare-devices/oxygen-concentrator.html,,4,,,
,,product-tag/oxygen-concentrator-tubing/,,home-healthcare-devices/oxygen-concentrator.html,,5,,,
,,product-tag/oxygen-concentrator-tubing/,,home-healthcare-devices/oxygen-concentrator.html,,6,,,
,,product-tag/oxygen-concentrator-tubing/,,home-healthcare-devices/oxygen-concentrator.html,,7,,,
,,product-tag/oxygen-concentrator-under-30000/,,home-healthcare-devices/oxygen-concentrator.html,,1,,,
,,product-tag/oxygen-concentrator-under-30000/,,home-healthcare-devices/oxygen-concentrator.html,,2,,,
,,product-tag/oxygen-concentrator-under-30000/,,home-healthcare-devices/oxygen-concentrator.html,,3,,,
,,product-tag/oxygen-concentrator-under-30000/,,home-healthcare-devices/oxygen-concentrator.html,,4,,,
,,product-tag/oxygen-concentrator-under-30000/,,home-healthcare-devices/oxygen-concentrator.html,,5,,,
,,product-tag/oxygen-concentrator-under-30000/,,home-healthcare-devices/oxygen-concentrator.html,,6,,,
,,product-tag/oxygen-concentrator-under-30000/,,home-healthcare-devices/oxygen-concentrator.html,,7,,,
,,product-tag/oxygen-concentrator-under-40000/,,home-healthcare-devices/oxygen-concentrator.html,,1,,,
,,product-tag/oxygen-concentrator-under-40000/,,home-healthcare-devices/oxygen-concentrator.html,,2,,,
,,product-tag/oxygen-concentrator-under-40000/,,home-healthcare-devices/oxygen-concentrator.html,,3,,,
,,product-tag/oxygen-concentrator-under-40000/,,home-healthcare-devices/oxygen-concentrator.html,,4,,,
,,product-tag/oxygen-concentrator-under-40000/,,home-healthcare-devices/oxygen-concentrator.html,,5,,,
,,product-tag/oxygen-concentrator-under-40000/,,home-healthcare-devices/oxygen-concentrator.html,,6,,,
,,product-tag/oxygen-concentrator-under-40000/,,home-healthcare-devices/oxygen-concentrator.html,,7,,,
,,product-tag/oxygen-concentrator-uno-5/,,home-healthcare-devices/oxygen-concentrator.html,,1,,,
,,product-tag/oxygen-concentrator-uno-5/,,home-healthcare-devices/oxygen-concentrator.html,,2,,,
,,product-tag/oxygen-concentrator-uno-5/,,home-healthcare-devices/oxygen-concentrator.html,,3,,,
,,product-tag/oxygen-concentrator-uno-5/,,home-healthcare-devices/oxygen-concentrator.html,,4,,,
,,product-tag/oxygen-concentrator-uno-5/,,home-healthcare-devices/oxygen-concentrator.html,,5,,,
,,product-tag/oxygen-concentrator-uno-5/,,home-healthcare-devices/oxygen-concentrator.html,,6,,,
,,product-tag/oxygen-concentrator-uno-5/,,home-healthcare-devices/oxygen-concentrator.html,,7,,,
,,product-tag/oxygen-concentrator-usa-made/,,home-healthcare-devices/oxygen-concentrator.html,,1,,,
,,product-tag/oxygen-concentrator-usa-made/,,home-healthcare-devices/oxygen-concentrator.html,,2,,,
,,product-tag/oxygen-concentrator-usa-made/,,home-healthcare-devices/oxygen-concentrator.html,,3,,,
,,product-tag/oxygen-concentrator-usa-made/,,home-healthcare-devices/oxygen-concentrator.html,,4,,,
,,product-tag/oxygen-concentrator-usa-made/,,home-healthcare-devices/oxygen-concentrator.html,,5,,,
,,product-tag/oxygen-concentrator-usa-made/,,home-healthcare-devices/oxygen-concentrator.html,,6,,,
,,product-tag/oxygen-concentrator-usa-made/,,home-healthcare-devices/oxygen-concentrator.html,,7,,,
,,product-tag/oxygen-concentrator-vandelay/,,home-healthcare-devices/oxygen-concentrator.html,,1,,,
,,product-tag/oxygen-concentrator-vandelay/,,home-healthcare-devices/oxygen-concentrator.html,,2,,,
,,product-tag/oxygen-concentrator-vandelay/,,home-healthcare-devices/oxygen-concentrator.html,,3,,,
,,product-tag/oxygen-concentrator-vandelay/,,home-healthcare-devices/oxygen-concentrator.html,,4,,,
,,product-tag/oxygen-concentrator-vandelay/,,home-healthcare-devices/oxygen-concentrator.html,,5,,,
,,product-tag/oxygen-concentrator-vandelay/,,home-healthcare-devices/oxygen-concentrator.html,,6,,,
,,product-tag/oxygen-concentrator-vandelay/,,home-healthcare-devices/oxygen-concentrator.html,,7,,,
,,product-tag/oxygen-concentrator-water-bottle/,,home-healthcare-devices/oxygen-concentrator.html,,1,,,
,,product-tag/oxygen-concentrator-water-bottle/,,home-healthcare-devices/oxygen-concentrator.html,,2,,,
,,product-tag/oxygen-concentrator-water-bottle/,,home-healthcare-devices/oxygen-concentrator.html,,3,,,
,,product-tag/oxygen-concentrator-water-bottle/,,home-healthcare-devices/oxygen-concentrator.html,,4,,,
,,product-tag/oxygen-concentrator-water-bottle/,,home-healthcare-devices/oxygen-concentrator.html,,5,,,
,,product-tag/oxygen-concentrator-water-bottle/,,home-healthcare-devices/oxygen-concentrator.html,,6,,,
,,product-tag/oxygen-concentrator-water-bottle/,,home-healthcare-devices/oxygen-concentrator.html,,7,,,
,,product-tag/oxygen-concentrator-with-warranty/,,home-healthcare-devices/oxygen-concentrator.html,,1,,,
,,product-tag/oxygen-concentrator-with-warranty/,,home-healthcare-devices/oxygen-concentrator.html,,2,,,
,,product-tag/oxygen-concentrator-with-warranty/,,home-healthcare-devices/oxygen-concentrator.html,,3,,,
,,product-tag/oxygen-concentrator-with-warranty/,,home-healthcare-devices/oxygen-concentrator.html,,4,,,
,,product-tag/oxygen-concentrator-with-warranty/,,home-healthcare-devices/oxygen-concentrator.html,,5,,,
,,product-tag/oxygen-concentrator-with-warranty/,,home-healthcare-devices/oxygen-concentrator.html,,6,,,
,,product-tag/oxygen-concentrator-with-warranty/,,home-healthcare-devices/oxygen-concentrator.html,,7,,,
,,product-tag/oxygen-concentrator-y-connector/,,home-healthcare-devices/oxygen-concentrator.html,,1,,,
,,product-tag/oxygen-concentrator-y-connector/,,home-healthcare-devices/oxygen-concentrator.html,,2,,,
,,product-tag/oxygen-concentrator-y-connector/,,home-healthcare-devices/oxygen-concentrator.html,,3,,,
,,product-tag/oxygen-concentrator-y-connector/,,home-healthcare-devices/oxygen-concentrator.html,,4,,,
,,product-tag/oxygen-concentrator-y-connector/,,home-healthcare-devices/oxygen-concentrator.html,,5,,,
,,product-tag/oxygen-concentrator-y-connector/,,home-healthcare-devices/oxygen-concentrator.html,,6,,,
,,product-tag/oxygen-concentrator-y-connector/,,home-healthcare-devices/oxygen-concentrator.html,,7,,,
,,product-tag/oxygen-concentrator-yobekan/,,home-healthcare-devices/oxygen-concentrator.html,,1,,,
,,product-tag/oxygen-concentrator-yobekan/,,home-healthcare-devices/oxygen-concentrator.html,,2,,,
,,product-tag/oxygen-concentrator-yobekan/,,home-healthcare-devices/oxygen-concentrator.html,,3,,,
,,product-tag/oxygen-concentrator-yobekan/,,home-healthcare-devices/oxygen-concentrator.html,,4,,,
,,product-tag/oxygen-concentrator-yobekan/,,home-healthcare-devices/oxygen-concentrator.html,,5,,,
,,product-tag/oxygen-concentrator-yobekan/,,home-healthcare-devices/oxygen-concentrator.html,,6,,,
,,product-tag/oxygen-concentrator-yobekan/,,home-healthcare-devices/oxygen-concentrator.html,,7,,,
,,product-tag/oxygen-concentrator-yobekan/?add-to-cart=5880,,home-healthcare-devices/oxygen-concentrator.html,,1,,,
,,product-tag/oxygen-concentrator-yobekan/?add-to-cart=5880,,home-healthcare-devices/oxygen-concentrator.html,,2,,,
,,product-tag/oxygen-concentrator-yobekan/?add-to-cart=5880,,home-healthcare-devices/oxygen-concentrator.html,,3,,,
,,product-tag/oxygen-concentrator-yobekan/?add-to-cart=5880,,home-healthcare-devices/oxygen-concentrator.html,,4,,,
,,product-tag/oxygen-concentrator-yobekan/?add-to-cart=5880,,home-healthcare-devices/oxygen-concentrator.html,,5,,,
,,product-tag/oxygen-concentrator-yobekan/?add-to-cart=5880,,home-healthcare-devices/oxygen-concentrator.html,,6,,,
,,product-tag/oxygen-concentrator-yobekan/?add-to-cart=5880,,home-healthcare-devices/oxygen-concentrator.html,,7,,,
,,product-tag/oxygen-concentrator-yuwell/,,home-healthcare-devices/oxygen-concentrator.html,,1,,,
,,product-tag/oxygen-concentrator-yuwell/,,home-healthcare-devices/oxygen-concentrator.html,,2,,,
,,product-tag/oxygen-concentrator-yuwell/,,home-healthcare-devices/oxygen-concentrator.html,,3,,,
,,product-tag/oxygen-concentrator-yuwell/,,home-healthcare-devices/oxygen-concentrator.html,,4,,,
,,product-tag/oxygen-concentrator-yuwell/,,home-healthcare-devices/oxygen-concentrator.html,,5,,,
,,product-tag/oxygen-concentrator-yuwell/,,home-healthcare-devices/oxygen-concentrator.html,,6,,,
,,product-tag/oxygen-concentrator-yuwell/,,home-healthcare-devices/oxygen-concentrator.html,,7,,,
,,product-tag/oxygen-concentrator-yuwell-10l/,,home-healthcare-devices/oxygen-concentrator.html,,1,,,
,,product-tag/oxygen-concentrator-yuwell-10l/,,home-healthcare-devices/oxygen-concentrator.html,,2,,,
,,product-tag/oxygen-concentrator-yuwell-10l/,,home-healthcare-devices/oxygen-concentrator.html,,3,,,
,,product-tag/oxygen-concentrator-yuwell-10l/,,home-healthcare-devices/oxygen-concentrator.html,,4,,,
,,product-tag/oxygen-concentrator-yuwell-10l/,,home-healthcare-devices/oxygen-concentrator.html,,5,,,
,,product-tag/oxygen-concentrator-yuwell-10l/,,home-healthcare-devices/oxygen-concentrator.html,,6,,,
,,product-tag/oxygen-concentrator-yuwell-10l/,,home-healthcare-devices/oxygen-concentrator.html,,7,,,
,,product-tag/oxygen-concentrator-yuwell-9f-5aw/,,home-healthcare-devices/oxygen-concentrator.html,,1,,,
,,product-tag/oxygen-concentrator-yuwell-9f-5aw/,,home-healthcare-devices/oxygen-concentrator.html,,2,,,
,,product-tag/oxygen-concentrator-yuwell-9f-5aw/,,home-healthcare-devices/oxygen-concentrator.html,,3,,,
,,product-tag/oxygen-concentrator-yuwell-9f-5aw/,,home-healthcare-devices/oxygen-concentrator.html,,4,,,
,,product-tag/oxygen-concentrator-yuwell-9f-5aw/,,home-healthcare-devices/oxygen-concentrator.html,,5,,,
,,product-tag/oxygen-concentrator-yuwell-9f-5aw/,,home-healthcare-devices/oxygen-concentrator.html,,6,,,
,,product-tag/oxygen-concentrator-yuwell-9f-5aw/,,home-healthcare-devices/oxygen-concentrator.html,,7,,,
,,product-tag/oxygen-concentrator-zeolite/,,home-healthcare-devices/oxygen-concentrator.html,,1,,,
,,product-tag/oxygen-concentrator-zeolite/,,home-healthcare-devices/oxygen-concentrator.html,,2,,,
,,product-tag/oxygen-concentrator-zeolite/,,home-healthcare-devices/oxygen-concentrator.html,,3,,,
,,product-tag/oxygen-concentrator-zeolite/,,home-healthcare-devices/oxygen-concentrator.html,,4,,,
,,product-tag/oxygen-concentrator-zeolite/,,home-healthcare-devices/oxygen-concentrator.html,,5,,,
,,product-tag/oxygen-concentrator-zeolite/,,home-healthcare-devices/oxygen-concentrator.html,,6,,,
,,product-tag/oxygen-concentrator-zeolite/,,home-healthcare-devices/oxygen-concentrator.html,,7,,,
,,product-tag/oxygen-concentrator-zeolite-granules/,,home-healthcare-devices/oxygen-concentrator.html,,1,,,
,,product-tag/oxygen-concentrator-zeolite-granules/,,home-healthcare-devices/oxygen-concentrator.html,,2,,,
,,product-tag/oxygen-concentrator-zeolite-granules/,,home-healthcare-devices/oxygen-concentrator.html,,3,,,
,,product-tag/oxygen-concentrator-zeolite-granules/,,home-healthcare-devices/oxygen-concentrator.html,,4,,,
,,product-tag/oxygen-concentrator-zeolite-granules/,,home-healthcare-devices/oxygen-concentrator.html,,5,,,
,,product-tag/oxygen-concentrator-zeolite-granules/,,home-healthcare-devices/oxygen-concentrator.html,,6,,,
,,product-tag/oxygen-concentrator-zeolite-granules/,,home-healthcare-devices/oxygen-concentrator.html,,7,,,
,,product-tag/oxygen-level/,,home-healthcare-devices/oxygen-concentrator.html,,1,,,
,,product-tag/oxygen-level/,,home-healthcare-devices/oxygen-concentrator.html,,2,,,
,,product-tag/oxygen-level/,,home-healthcare-devices/oxygen-concentrator.html,,3,,,
,,product-tag/oxygen-level/,,home-healthcare-devices/oxygen-concentrator.html,,4,,,
,,product-tag/oxygen-level/,,home-healthcare-devices/oxygen-concentrator.html,,5,,,
,,product-tag/oxygen-level/,,home-healthcare-devices/oxygen-concentrator.html,,6,,,
,,product-tag/oxygen-level/,,home-healthcare-devices/oxygen-concentrator.html,,7,,,
,,product-tag/oxygen-meter/,,home-healthcare-devices/oxygen-concentrator.html,,1,,,
,,product-tag/oxygen-meter/,,home-healthcare-devices/oxygen-concentrator.html,,2,,,
,,product-tag/oxygen-meter/,,home-healthcare-devices/oxygen-concentrator.html,,3,,,
,,product-tag/oxygen-meter/,,home-healthcare-devices/oxygen-concentrator.html,,4,,,
,,product-tag/oxygen-meter/,,home-healthcare-devices/oxygen-concentrator.html,,5,,,
,,product-tag/oxygen-meter/,,home-healthcare-devices/oxygen-concentrator.html,,6,,,
,,product-tag/oxygen-meter/,,home-healthcare-devices/oxygen-concentrator.html,,7,,,
,,product-tag/oxygen-meter-for-corona-checking/,,home-healthcare-devices/oxygen-concentrator.html,,1,,,
,,product-tag/oxygen-meter-for-corona-checking/,,home-healthcare-devices/oxygen-concentrator.html,,2,,,
,,product-tag/oxygen-meter-for-corona-checking/,,home-healthcare-devices/oxygen-concentrator.html,,3,,,
,,product-tag/oxygen-meter-for-corona-checking/,,home-healthcare-devices/oxygen-concentrator.html,,4,,,
,,product-tag/oxygen-meter-for-corona-checking/,,home-healthcare-devices/oxygen-concentrator.html,,5,,,
,,product-tag/oxygen-meter-for-corona-checking/,,home-healthcare-devices/oxygen-concentrator.html,,6,,,
,,product-tag/oxygen-meter-for-corona-checking/,,home-healthcare-devices/oxygen-concentrator.html,,7,,,
,,product-tag/oxy-med-mooxy05-oxygen-concentrator-with-inbuilt-nebulizer-5-ltr-white/,,home-healthcare-devices/oxygen-concentrator.html,,1,,,
,,product-tag/oxy-med-mooxy05-oxygen-concentrator-with-inbuilt-nebulizer-5-ltr-white/,,home-healthcare-devices/oxygen-concentrator.html,,2,,,
,,product-tag/oxy-med-mooxy05-oxygen-concentrator-with-inbuilt-nebulizer-5-ltr-white/,,home-healthcare-devices/oxygen-concentrator.html,,3,,,
,,product-tag/oxy-med-mooxy05-oxygen-concentrator-with-inbuilt-nebulizer-5-ltr-white/,,home-healthcare-devices/oxygen-concentrator.html,,4,,,
,,product-tag/oxy-med-mooxy05-oxygen-concentrator-with-inbuilt-nebulizer-5-ltr-white/,,home-healthcare-devices/oxygen-concentrator.html,,5,,,
,,product-tag/oxy-med-mooxy05-oxygen-concentrator-with-inbuilt-nebulizer-5-ltr-white/,,home-healthcare-devices/oxygen-concentrator.html,,6,,,
,,product-tag/oxy-med-mooxy05-oxygen-concentrator-with-inbuilt-nebulizer-5-ltr-white/,,home-healthcare-devices/oxygen-concentrator.html,,7,,,
,,product-tag/oxymed-oxygen-concentrator-10-ltr/,,home-healthcare-devices/oxygen-concentrator.html,,1,,,
,,product-tag/oxymed-oxygen-concentrator-10-ltr/,,home-healthcare-devices/oxygen-concentrator.html,,2,,,
,,product-tag/oxymed-oxygen-concentrator-10-ltr/,,home-healthcare-devices/oxygen-concentrator.html,,3,,,
,,product-tag/oxymed-oxygen-concentrator-10-ltr/,,home-healthcare-devices/oxygen-concentrator.html,,4,,,
,,product-tag/oxymed-oxygen-concentrator-10-ltr/,,home-healthcare-devices/oxygen-concentrator.html,,5,,,
,,product-tag/oxymed-oxygen-concentrator-10-ltr/,,home-healthcare-devices/oxygen-concentrator.html,,6,,,
,,product-tag/oxymed-oxygen-concentrator-10-ltr/,,home-healthcare-devices/oxygen-concentrator.html,,7,,,
,,product-tag/p100-for-mold-remediation/,,all-products.html,,1,,,
,,product-tag/p100-for-mold-remediation/,,all-products.html,,2,,,
,,product-tag/p100-for-mold-remediation/,,all-products.html,,3,,,
,,product-tag/p100-for-mold-remediation/,,all-products.html,,4,,,
,,product-tag/p100-for-mold-remediation/,,all-products.html,,5,,,
,,product-tag/p100-for-mold-remediation/,,all-products.html,,6,,,
,,product-tag/p100-for-mold-remediation/,,all-products.html,,7,,,
,,product-tag/patient-monitor-5-parameters/,,medical-device/product/patient-monitor.html,,1,,,
,,product-tag/patient-monitor-5-parameters/,,medical-device/product/patient-monitor.html,,2,,,
,,product-tag/patient-monitor-5-parameters/,,medical-device/product/patient-monitor.html,,3,,,
,,product-tag/patient-monitor-5-parameters/,,medical-device/product/patient-monitor.html,,4,,,
,,product-tag/patient-monitor-5-parameters/,,medical-device/product/patient-monitor.html,,5,,,
,,product-tag/patient-monitor-5-parameters/,,medical-device/product/patient-monitor.html,,6,,,
,,product-tag/patient-monitor-5-parameters/,,medical-device/product/patient-monitor.html,,7,,,
,,product-tag/patient-monitor-stand/,,medical-device/product/patient-monitor.html,,1,,,
,,product-tag/patient-monitor-stand/,,medical-device/product/patient-monitor.html,,2,,,
,,product-tag/patient-monitor-stand/,,medical-device/product/patient-monitor.html,,3,,,
,,product-tag/patient-monitor-stand/,,medical-device/product/patient-monitor.html,,4,,,
,,product-tag/patient-monitor-stand/,,medical-device/product/patient-monitor.html,,5,,,
,,product-tag/patient-monitor-stand/,,medical-device/product/patient-monitor.html,,6,,,
,,product-tag/patient-monitor-stand/,,medical-device/product/patient-monitor.html,,7,,,
,,product-tag/patient-monitor-system/,,medical-device/product/patient-monitor.html,,1,,,
,,product-tag/patient-monitor-system/,,medical-device/product/patient-monitor.html,,2,,,
,,product-tag/patient-monitor-system/,,medical-device/product/patient-monitor.html,,3,,,
,,product-tag/patient-monitor-system/,,medical-device/product/patient-monitor.html,,4,,,
,,product-tag/patient-monitor-system/,,medical-device/product/patient-monitor.html,,5,,,
,,product-tag/patient-monitor-system/,,medical-device/product/patient-monitor.html,,6,,,
,,product-tag/patient-monitor-system/,,medical-device/product/patient-monitor.html,,7,,,
,,product-tag/patient-monitor-with-stand/,,medical-device/product/patient-monitor.html,,1,,,
,,product-tag/patient-monitor-with-stand/,,medical-device/product/patient-monitor.html,,2,,,
,,product-tag/patient-monitor-with-stand/,,medical-device/product/patient-monitor.html,,3,,,
,,product-tag/patient-monitor-with-stand/,,medical-device/product/patient-monitor.html,,4,,,
,,product-tag/patient-monitor-with-stand/,,medical-device/product/patient-monitor.html,,5,,,
,,product-tag/patient-monitor-with-stand/,,medical-device/product/patient-monitor.html,,6,,,
,,product-tag/patient-monitor-with-stand/,,medical-device/product/patient-monitor.html,,7,,,
,,product-tag/pediatric-mask/,,home-healthcare-devices/mother-and-child-care.html,,1,,,
,,product-tag/pediatric-mask/,,home-healthcare-devices/mother-and-child-care.html,,2,,,
,,product-tag/pediatric-mask/,,home-healthcare-devices/mother-and-child-care.html,,3,,,
,,product-tag/pediatric-mask/,,home-healthcare-devices/mother-and-child-care.html,,4,,,
,,product-tag/pediatric-mask/,,home-healthcare-devices/mother-and-child-care.html,,5,,,
,,product-tag/pediatric-mask/,,home-healthcare-devices/mother-and-child-care.html,,6,,,
,,product-tag/pediatric-mask/,,home-healthcare-devices/mother-and-child-care.html,,7,,,
,,product-tag/pediatric-vein-finder/,,all-products.html,,1,,,
,,product-tag/pediatric-vein-finder/,,all-products.html,,2,,,
,,product-tag/pediatric-vein-finder/,,all-products.html,,3,,,
,,product-tag/pediatric-vein-finder/,,all-products.html,,4,,,
,,product-tag/pediatric-vein-finder/,,all-products.html,,5,,,
,,product-tag/pediatric-vein-finder/,,all-products.html,,6,,,
,,product-tag/pediatric-vein-finder/,,all-products.html,,7,,,
,,product-tag/philips-oxygen-concentrator-5-litre/,,home-healthcare-devices/oxygen-concentrator.html,,1,,,
,,product-tag/philips-oxygen-concentrator-5-litre/,,home-healthcare-devices/oxygen-concentrator.html,,2,,,
,,product-tag/philips-oxygen-concentrator-5-litre/,,home-healthcare-devices/oxygen-concentrator.html,,3,,,
,,product-tag/philips-oxygen-concentrator-5-litre/,,home-healthcare-devices/oxygen-concentrator.html,,4,,,
,,product-tag/philips-oxygen-concentrator-5-litre/,,home-healthcare-devices/oxygen-concentrator.html,,5,,,
,,product-tag/philips-oxygen-concentrator-5-litre/,,home-healthcare-devices/oxygen-concentrator.html,,6,,,
,,product-tag/philips-oxygen-concentrator-5-litre/,,home-healthcare-devices/oxygen-concentrator.html,,7,,,
,,product-tag/philips-oxygen-concentrator-filter/,,home-healthcare-devices/oxygen-concentrator.html,,1,,,
,,product-tag/philips-oxygen-concentrator-filter/,,home-healthcare-devices/oxygen-concentrator.html,,2,,,
,,product-tag/philips-oxygen-concentrator-filter/,,home-healthcare-devices/oxygen-concentrator.html,,3,,,
,,product-tag/philips-oxygen-concentrator-filter/,,home-healthcare-devices/oxygen-concentrator.html,,4,,,
,,product-tag/philips-oxygen-concentrator-filter/,,home-healthcare-devices/oxygen-concentrator.html,,5,,,
,,product-tag/philips-oxygen-concentrator-filter/,,home-healthcare-devices/oxygen-concentrator.html,,6,,,
,,product-tag/philips-oxygen-concentrator-filter/,,home-healthcare-devices/oxygen-concentrator.html,,7,,,
,,product-tag/philips-oxygen-concentrator-filter/?add-to-cart=5880,,home-healthcare-devices/oxygen-concentrator.html,,1,,,
,,product-tag/philips-oxygen-concentrator-filter/?add-to-cart=5880,,home-healthcare-devices/oxygen-concentrator.html,,2,,,
,,product-tag/philips-oxygen-concentrator-filter/?add-to-cart=5880,,home-healthcare-devices/oxygen-concentrator.html,,3,,,
,,product-tag/philips-oxygen-concentrator-filter/?add-to-cart=5880,,home-healthcare-devices/oxygen-concentrator.html,,4,,,
,,product-tag/philips-oxygen-concentrator-filter/?add-to-cart=5880,,home-healthcare-devices/oxygen-concentrator.html,,5,,,
,,product-tag/philips-oxygen-concentrator-filter/?add-to-cart=5880,,home-healthcare-devices/oxygen-concentrator.html,,6,,,
,,product-tag/philips-oxygen-concentrator-filter/?add-to-cart=5880,,home-healthcare-devices/oxygen-concentrator.html,,7,,,
,,product-tag/philips-oxygen-concentrator-machine/,,home-healthcare-devices/oxygen-concentrator.html,,1,,,
,,product-tag/philips-oxygen-concentrator-machine/,,home-healthcare-devices/oxygen-concentrator.html,,2,,,
,,product-tag/philips-oxygen-concentrator-machine/,,home-healthcare-devices/oxygen-concentrator.html,,3,,,
,,product-tag/philips-oxygen-concentrator-machine/,,home-healthcare-devices/oxygen-concentrator.html,,4,,,
,,product-tag/philips-oxygen-concentrator-machine/,,home-healthcare-devices/oxygen-concentrator.html,,5,,,
,,product-tag/philips-oxygen-concentrator-machine/,,home-healthcare-devices/oxygen-concentrator.html,,6,,,
,,product-tag/philips-oxygen-concentrator-machine/,,home-healthcare-devices/oxygen-concentrator.html,,7,,,
,,product-tag/philips-respironics-oxygen-concentrator-accessories/,,home-healthcare-devices/oxygen-concentrator.html,,1,,,
,,product-tag/philips-respironics-oxygen-concentrator-accessories/,,home-healthcare-devices/oxygen-concentrator.html,,2,,,
,,product-tag/philips-respironics-oxygen-concentrator-accessories/,,home-healthcare-devices/oxygen-concentrator.html,,3,,,
,,product-tag/philips-respironics-oxygen-concentrator-accessories/,,home-healthcare-devices/oxygen-concentrator.html,,4,,,
,,product-tag/philips-respironics-oxygen-concentrator-accessories/,,home-healthcare-devices/oxygen-concentrator.html,,5,,,
,,product-tag/philips-respironics-oxygen-concentrator-accessories/,,home-healthcare-devices/oxygen-concentrator.html,,6,,,
,,product-tag/philips-respironics-oxygen-concentrator-accessories/,,home-healthcare-devices/oxygen-concentrator.html,,7,,,
,,product-tag/phlegm-suction/,,medical-device/product/suction-machine.html,,1,,,
,,product-tag/phlegm-suction/,,medical-device/product/suction-machine.html,,2,,,
,,product-tag/phlegm-suction/,,medical-device/product/suction-machine.html,,3,,,
,,product-tag/phlegm-suction/,,medical-device/product/suction-machine.html,,4,,,
,,product-tag/phlegm-suction/,,medical-device/product/suction-machine.html,,5,,,
,,product-tag/phlegm-suction/,,medical-device/product/suction-machine.html,,6,,,
,,product-tag/phlegm-suction/,,medical-device/product/suction-machine.html,,7,,,
,,product-tag/phlegm-suction-machine-dr-trust/,,medical-device/product/suction-machine.html,,1,,,
,,product-tag/phlegm-suction-machine-dr-trust/,,medical-device/product/suction-machine.html,,2,,,
,,product-tag/phlegm-suction-machine-dr-trust/,,medical-device/product/suction-machine.html,,3,,,
,,product-tag/phlegm-suction-machine-dr-trust/,,medical-device/product/suction-machine.html,,4,,,
,,product-tag/phlegm-suction-machine-dr-trust/,,medical-device/product/suction-machine.html,,5,,,
,,product-tag/phlegm-suction-machine-dr-trust/,,medical-device/product/suction-machine.html,,6,,,
,,product-tag/phlegm-suction-machine-dr-trust/,,medical-device/product/suction-machine.html,,7,,,
,,product-tag/phlegm-suction-machine-for-home/?add_to_wishlist=5966&_wpnonce=4e97009738,,medical-device/product/suction-machine.html,,1,,,
,,product-tag/phlegm-suction-machine-for-home/?add_to_wishlist=5966&_wpnonce=4e97009738,,medical-device/product/suction-machine.html,,2,,,
,,product-tag/phlegm-suction-machine-for-home/?add_to_wishlist=5966&_wpnonce=4e97009738,,medical-device/product/suction-machine.html,,3,,,
,,product-tag/phlegm-suction-machine-for-home/?add_to_wishlist=5966&_wpnonce=4e97009738,,medical-device/product/suction-machine.html,,4,,,
,,product-tag/phlegm-suction-machine-for-home/?add_to_wishlist=5966&_wpnonce=4e97009738,,medical-device/product/suction-machine.html,,5,,,
,,product-tag/phlegm-suction-machine-for-home/?add_to_wishlist=5966&_wpnonce=4e97009738,,medical-device/product/suction-machine.html,,6,,,
,,product-tag/phlegm-suction-machine-for-home/?add_to_wishlist=5966&_wpnonce=4e97009738,,medical-device/product/suction-machine.html,,7,,,
,,product-tag/portable-oxygen-concentrator-india/,,home-healthcare-devices/oxygen-concentrator.html,,1,,,
,,product-tag/portable-oxygen-concentrator-india/,,home-healthcare-devices/oxygen-concentrator.html,,2,,,
,,product-tag/portable-oxygen-concentrator-india/,,home-healthcare-devices/oxygen-concentrator.html,,3,,,
,,product-tag/portable-oxygen-concentrator-india/,,home-healthcare-devices/oxygen-concentrator.html,,4,,,
,,product-tag/portable-oxygen-concentrator-india/,,home-healthcare-devices/oxygen-concentrator.html,,5,,,
,,product-tag/portable-oxygen-concentrator-india/,,home-healthcare-devices/oxygen-concentrator.html,,6,,,
,,product-tag/portable-oxygen-concentrator-india/,,home-healthcare-devices/oxygen-concentrator.html,,7,,,
,,product-tag/portable-oxygen-concentrator-machine-for-home/,,home-healthcare-devices/oxygen-concentrator.html,,1,,,
,,product-tag/portable-oxygen-concentrator-machine-for-home/,,home-healthcare-devices/oxygen-concentrator.html,,2,,,
,,product-tag/portable-oxygen-concentrator-machine-for-home/,,home-healthcare-devices/oxygen-concentrator.html,,3,,,
,,product-tag/portable-oxygen-concentrator-machine-for-home/,,home-healthcare-devices/oxygen-concentrator.html,,4,,,
,,product-tag/portable-oxygen-concentrator-machine-for-home/,,home-healthcare-devices/oxygen-concentrator.html,,5,,,
,,product-tag/portable-oxygen-concentrator-machine-for-home/,,home-healthcare-devices/oxygen-concentrator.html,,6,,,
,,product-tag/portable-oxygen-concentrator-machine-for-home/,,home-healthcare-devices/oxygen-concentrator.html,,7,,,
,,product-tag/professional-otoscope/,,professional-diagnostic-equipment/product/otoscopes.html,,1,,,
,,product-tag/professional-otoscope/,,professional-diagnostic-equipment/product/otoscopes.html,,2,,,
,,product-tag/professional-otoscope/,,professional-diagnostic-equipment/product/otoscopes.html,,3,,,
,,product-tag/professional-otoscope/,,professional-diagnostic-equipment/product/otoscopes.html,,4,,,
,,product-tag/professional-otoscope/,,professional-diagnostic-equipment/product/otoscopes.html,,5,,,
,,product-tag/professional-otoscope/,,professional-diagnostic-equipment/product/otoscopes.html,,6,,,
,,product-tag/professional-otoscope/,,professional-diagnostic-equipment/product/otoscopes.html,,7,,,
,,product-tag/pulse-oximeter-afk/,,home-healthcare-devices/oxygen-concentrator.html,,1,,,
,,product-tag/pulse-oximeter-afk/,,home-healthcare-devices/oxygen-concentrator.html,,2,,,
,,product-tag/pulse-oximeter-afk/,,home-healthcare-devices/oxygen-concentrator.html,,3,,,
,,product-tag/pulse-oximeter-afk/,,home-healthcare-devices/oxygen-concentrator.html,,4,,,
,,product-tag/pulse-oximeter-afk/,,home-healthcare-devices/oxygen-concentrator.html,,5,,,
,,product-tag/pulse-oximeter-afk/,,home-healthcare-devices/oxygen-concentrator.html,,6,,,
,,product-tag/pulse-oximeter-afk/,,home-healthcare-devices/oxygen-concentrator.html,,7,,,
,,product-tag/pulse-oximeter-battery-cell/,,home-healthcare-devices/oxygen-concentrator.html,,1,,,
,,product-tag/pulse-oximeter-battery-cell/,,home-healthcare-devices/oxygen-concentrator.html,,2,,,
,,product-tag/pulse-oximeter-battery-cell/,,home-healthcare-devices/oxygen-concentrator.html,,3,,,
,,product-tag/pulse-oximeter-battery-cell/,,home-healthcare-devices/oxygen-concentrator.html,,4,,,
,,product-tag/pulse-oximeter-battery-cell/,,home-healthcare-devices/oxygen-concentrator.html,,5,,,
,,product-tag/pulse-oximeter-battery-cell/,,home-healthcare-devices/oxygen-concentrator.html,,6,,,
,,product-tag/pulse-oximeter-battery-cell/,,home-healthcare-devices/oxygen-concentrator.html,,7,,,
,,product-tag/pulse-oximeter-bluetooth/,,home-healthcare-devices/oxygen-concentrator.html,,1,,,
,,product-tag/pulse-oximeter-bluetooth/,,home-healthcare-devices/oxygen-concentrator.html,,2,,,
,,product-tag/pulse-oximeter-bluetooth/,,home-healthcare-devices/oxygen-concentrator.html,,3,,,
,,product-tag/pulse-oximeter-bluetooth/,,home-healthcare-devices/oxygen-concentrator.html,,4,,,
,,product-tag/pulse-oximeter-bluetooth/,,home-healthcare-devices/oxygen-concentrator.html,,5,,,
,,product-tag/pulse-oximeter-bluetooth/,,home-healthcare-devices/oxygen-concentrator.html,,6,,,
,,product-tag/pulse-oximeter-bluetooth/,,home-healthcare-devices/oxygen-concentrator.html,,7,,,
,,product-tag/pulse-oximeter-generic/,,home-healthcare-devices/oxygen-concentrator.html,,1,,,
,,product-tag/pulse-oximeter-generic/,,home-healthcare-devices/oxygen-concentrator.html,,2,,,
,,product-tag/pulse-oximeter-generic/,,home-healthcare-devices/oxygen-concentrator.html,,3,,,
,,product-tag/pulse-oximeter-generic/,,home-healthcare-devices/oxygen-concentrator.html,,4,,,
,,product-tag/pulse-oximeter-generic/,,home-healthcare-devices/oxygen-concentrator.html,,5,,,
,,product-tag/pulse-oximeter-generic/,,home-healthcare-devices/oxygen-concentrator.html,,6,,,
,,product-tag/pulse-oximeter-generic/,,home-healthcare-devices/oxygen-concentrator.html,,7,,,
,,product-tag/pulse-oximeter-generic/feed/,,home-healthcare-devices/oxygen-concentrator.html,,1,,,
,,product-tag/pulse-oximeter-generic/feed/,,home-healthcare-devices/oxygen-concentrator.html,,2,,,
,,product-tag/pulse-oximeter-generic/feed/,,home-healthcare-devices/oxygen-concentrator.html,,3,,,
,,product-tag/pulse-oximeter-generic/feed/,,home-healthcare-devices/oxygen-concentrator.html,,4,,,
,,product-tag/pulse-oximeter-generic/feed/,,home-healthcare-devices/oxygen-concentrator.html,,5,,,
,,product-tag/pulse-oximeter-generic/feed/,,home-healthcare-devices/oxygen-concentrator.html,,6,,,
,,product-tag/pulse-oximeter-generic/feed/,,home-healthcare-devices/oxygen-concentrator.html,,7,,,
,,product-tag/pulse-oximeter-germany/,,home-healthcare-devices/oxygen-concentrator.html,,1,,,
,,product-tag/pulse-oximeter-germany/,,home-healthcare-devices/oxygen-concentrator.html,,2,,,
,,product-tag/pulse-oximeter-germany/,,home-healthcare-devices/oxygen-concentrator.html,,3,,,
,,product-tag/pulse-oximeter-germany/,,home-healthcare-devices/oxygen-concentrator.html,,4,,,
,,product-tag/pulse-oximeter-germany/,,home-healthcare-devices/oxygen-concentrator.html,,5,,,
,,product-tag/pulse-oximeter-germany/,,home-healthcare-devices/oxygen-concentrator.html,,6,,,
,,product-tag/pulse-oximeter-germany/,,home-healthcare-devices/oxygen-concentrator.html,,7,,,
,,product-tag/pulse-oximeter-indian-made/,,home-healthcare-devices/oxygen-concentrator.html,,1,,,
,,product-tag/pulse-oximeter-indian-made/,,home-healthcare-devices/oxygen-concentrator.html,,2,,,
,,product-tag/pulse-oximeter-indian-made/,,home-healthcare-devices/oxygen-concentrator.html,,3,,,
,,product-tag/pulse-oximeter-indian-made/,,home-healthcare-devices/oxygen-concentrator.html,,4,,,
,,product-tag/pulse-oximeter-indian-made/,,home-healthcare-devices/oxygen-concentrator.html,,5,,,
,,product-tag/pulse-oximeter-indian-made/,,home-healthcare-devices/oxygen-concentrator.html,,6,,,
,,product-tag/pulse-oximeter-indian-made/,,home-healthcare-devices/oxygen-concentrator.html,,7,,,
,,product-tag/rechargeable-ophthalmoscope/,,professional-diagnostic-equipment/product/ophthalmoscope.html,,1,,,
,,product-tag/rechargeable-ophthalmoscope/,,professional-diagnostic-equipment/product/ophthalmoscope.html,,2,,,
,,product-tag/rechargeable-ophthalmoscope/,,professional-diagnostic-equipment/product/ophthalmoscope.html,,3,,,
,,product-tag/rechargeable-ophthalmoscope/,,professional-diagnostic-equipment/product/ophthalmoscope.html,,4,,,
,,product-tag/rechargeable-ophthalmoscope/,,professional-diagnostic-equipment/product/ophthalmoscope.html,,5,,,
,,product-tag/rechargeable-ophthalmoscope/,,professional-diagnostic-equipment/product/ophthalmoscope.html,,6,,,
,,product-tag/rechargeable-ophthalmoscope/,,professional-diagnostic-equipment/product/ophthalmoscope.html,,7,,,
,,product-tag/respironics/,,all-products.html,,1,,,
,,product-tag/respironics/,,all-products.html,,2,,,
,,product-tag/respironics/,,all-products.html,,3,,,
,,product-tag/respironics/,,all-products.html,,4,,,
,,product-tag/respironics/,,all-products.html,,5,,,
,,product-tag/respironics/,,all-products.html,,6,,,
,,product-tag/respironics/,,all-products.html,,7,,,
,,product-tag/respironics-dreamstation-filter/,,all-products.html,,1,,,
,,product-tag/respironics-dreamstation-filter/,,all-products.html,,2,,,
,,product-tag/respironics-dreamstation-filter/,,all-products.html,,3,,,
,,product-tag/respironics-dreamstation-filter/,,all-products.html,,4,,,
,,product-tag/respironics-dreamstation-filter/,,all-products.html,,5,,,
,,product-tag/respironics-dreamstation-filter/,,all-products.html,,6,,,
,,product-tag/respironics-dreamstation-filter/,,all-products.html,,7,,,
,,product-tag/retinoscope/,,professional-diagnostic-equipment/product/retinoscope.html,,1,,,
,,product-tag/retinoscope/,,professional-diagnostic-equipment/product/retinoscope.html,,2,,,
,,product-tag/retinoscope/,,professional-diagnostic-equipment/product/retinoscope.html,,3,,,
,,product-tag/retinoscope/,,professional-diagnostic-equipment/product/retinoscope.html,,4,,,
,,product-tag/retinoscope/,,professional-diagnostic-equipment/product/retinoscope.html,,5,,,
,,product-tag/retinoscope/,,professional-diagnostic-equipment/product/retinoscope.html,,6,,,
,,product-tag/retinoscope/,,professional-diagnostic-equipment/product/retinoscope.html,,7,,,
,,product-tag/retinoscope-bag/,,professional-diagnostic-equipment/product/retinoscope.html,,1,,,
,,product-tag/retinoscope-bag/,,professional-diagnostic-equipment/product/retinoscope.html,,2,,,
,,product-tag/retinoscope-bag/,,professional-diagnostic-equipment/product/retinoscope.html,,3,,,
,,product-tag/retinoscope-bag/,,professional-diagnostic-equipment/product/retinoscope.html,,4,,,
,,product-tag/retinoscope-bag/,,professional-diagnostic-equipment/product/retinoscope.html,,5,,,
,,product-tag/retinoscope-bag/,,professional-diagnostic-equipment/product/retinoscope.html,,6,,,
,,product-tag/retinoscope-bag/,,professional-diagnostic-equipment/product/retinoscope.html,,7,,,
,,product-tag/retinoscope-battery/,,professional-diagnostic-equipment/product/retinoscope.html,,1,,,
,,product-tag/retinoscope-battery/,,professional-diagnostic-equipment/product/retinoscope.html,,2,,,
,,product-tag/retinoscope-battery/,,professional-diagnostic-equipment/product/retinoscope.html,,3,,,
,,product-tag/retinoscope-battery/,,professional-diagnostic-equipment/product/retinoscope.html,,4,,,
,,product-tag/retinoscope-battery/,,professional-diagnostic-equipment/product/retinoscope.html,,5,,,
,,product-tag/retinoscope-battery/,,professional-diagnostic-equipment/product/retinoscope.html,,6,,,
,,product-tag/retinoscope-battery/,,professional-diagnostic-equipment/product/retinoscope.html,,7,,,
,,product-tag/retinoscope-streak-chargeable/,,professional-diagnostic-equipment/product/retinoscope.html,,1,,,
,,product-tag/retinoscope-streak-chargeable/,,professional-diagnostic-equipment/product/retinoscope.html,,2,,,
,,product-tag/retinoscope-streak-chargeable/,,professional-diagnostic-equipment/product/retinoscope.html,,3,,,
,,product-tag/retinoscope-streak-chargeable/,,professional-diagnostic-equipment/product/retinoscope.html,,4,,,
,,product-tag/retinoscope-streak-chargeable/,,professional-diagnostic-equipment/product/retinoscope.html,,5,,,
,,product-tag/retinoscope-streak-chargeable/,,professional-diagnostic-equipment/product/retinoscope.html,,6,,,
,,product-tag/retinoscope-streak-chargeable/,,professional-diagnostic-equipment/product/retinoscope.html,,7,,,
,,product-tag/retinoscope-streak-indian/,,professional-diagnostic-equipment/product/retinoscope.html,,1,,,
,,product-tag/retinoscope-streak-indian/,,professional-diagnostic-equipment/product/retinoscope.html,,2,,,
,,product-tag/retinoscope-streak-indian/,,professional-diagnostic-equipment/product/retinoscope.html,,3,,,
,,product-tag/retinoscope-streak-indian/,,professional-diagnostic-equipment/product/retinoscope.html,,4,,,
,,product-tag/retinoscope-streak-indian/,,professional-diagnostic-equipment/product/retinoscope.html,,5,,,
,,product-tag/retinoscope-streak-indian/,,professional-diagnostic-equipment/product/retinoscope.html,,6,,,
,,product-tag/retinoscope-streak-indian/,,professional-diagnostic-equipment/product/retinoscope.html,,7,,,
,,product-tag/reusable-blood-pressure-cuffs/,,home-healthcare-devices.html,,1,,,
,,product-tag/reusable-blood-pressure-cuffs/,,home-healthcare-devices.html,,2,,,
,,product-tag/reusable-blood-pressure-cuffs/,,home-healthcare-devices.html,,3,,,
,,product-tag/reusable-blood-pressure-cuffs/,,home-healthcare-devices.html,,4,,,
,,product-tag/reusable-blood-pressure-cuffs/,,home-healthcare-devices.html,,5,,,
,,product-tag/reusable-blood-pressure-cuffs/,,home-healthcare-devices.html,,6,,,
,,product-tag/reusable-blood-pressure-cuffs/,,home-healthcare-devices.html,,7,,,
,,product-tag/speculum-disposable/,,all-products.html,,1,,,
,,product-tag/speculum-disposable/,,all-products.html,,2,,,
,,product-tag/speculum-disposable/,,all-products.html,,3,,,
,,product-tag/speculum-disposable/,,all-products.html,,4,,,
,,product-tag/speculum-disposable/,,all-products.html,,5,,,
,,product-tag/speculum-disposable/,,all-products.html,,6,,,
,,product-tag/speculum-disposable/,,all-products.html,,7,,,
,,product-tag/speculum-for-women-plastic/,,all-products.html,,1,,,
,,product-tag/speculum-for-women-plastic/,,all-products.html,,2,,,
,,product-tag/speculum-for-women-plastic/,,all-products.html,,3,,,
,,product-tag/speculum-for-women-plastic/,,all-products.html,,4,,,
,,product-tag/speculum-for-women-plastic/,,all-products.html,,5,,,
,,product-tag/speculum-for-women-plastic/,,all-products.html,,6,,,
,,product-tag/speculum-for-women-plastic/,,all-products.html,,7,,,
,,product-tag/spo2-monitor-no/,,all-products.html,,1,,,
,,product-tag/spo2-monitor-no/,,all-products.html,,2,,,
,,product-tag/spo2-monitor-no/,,all-products.html,,3,,,
,,product-tag/spo2-monitor-no/,,all-products.html,,4,,,
,,product-tag/spo2-monitor-no/,,all-products.html,,5,,,
,,product-tag/spo2-monitor-no/,,all-products.html,,6,,,
,,product-tag/spo2-monitor-no/,,all-products.html,,7,,,
,,product-tag/starillium/,,all-products.html,,1,,,
,,product-tag/starillium/,,all-products.html,,2,,,
,,product-tag/starillium/,,all-products.html,,3,,,
,,product-tag/starillium/,,all-products.html,,4,,,
,,product-tag/starillium/,,all-products.html,,5,,,
,,product-tag/starillium/,,all-products.html,,6,,,
,,product-tag/starillium/,,all-products.html,,7,,,
,,product-tag/stethoscope-alitmun/,,professional-diagnostic-equipment/product/stethoscope.html,,1,,,
,,product-tag/stethoscope-alitmun/,,professional-diagnostic-equipment/product/stethoscope.html,,2,,,
,,product-tag/stethoscope-alitmun/,,professional-diagnostic-equipment/product/stethoscope.html,,3,,,
,,product-tag/stethoscope-alitmun/,,professional-diagnostic-equipment/product/stethoscope.html,,4,,,
,,product-tag/stethoscope-alitmun/,,professional-diagnostic-equipment/product/stethoscope.html,,5,,,
,,product-tag/stethoscope-alitmun/,,professional-diagnostic-equipment/product/stethoscope.html,,6,,,
,,product-tag/stethoscope-alitmun/,,professional-diagnostic-equipment/product/stethoscope.html,,7,,,
,,product-tag/stethoscope-bag/,,professional-diagnostic-equipment/product/stethoscope.html,,1,,,
,,product-tag/stethoscope-bag/,,professional-diagnostic-equipment/product/stethoscope.html,,2,,,
,,product-tag/stethoscope-bag/,,professional-diagnostic-equipment/product/stethoscope.html,,3,,,
,,product-tag/stethoscope-bag/,,professional-diagnostic-equipment/product/stethoscope.html,,4,,,
,,product-tag/stethoscope-bag/,,professional-diagnostic-equipment/product/stethoscope.html,,5,,,
,,product-tag/stethoscope-bag/,,professional-diagnostic-equipment/product/stethoscope.html,,6,,,
,,product-tag/stethoscope-bag/,,professional-diagnostic-equipment/product/stethoscope.html,,7,,,
,,product-tag/stethoscope-buds/,,professional-diagnostic-equipment/product/stethoscope.html,,1,,,
,,product-tag/stethoscope-buds/,,professional-diagnostic-equipment/product/stethoscope.html,,2,,,
,,product-tag/stethoscope-buds/,,professional-diagnostic-equipment/product/stethoscope.html,,3,,,
,,product-tag/stethoscope-buds/,,professional-diagnostic-equipment/product/stethoscope.html,,4,,,
,,product-tag/stethoscope-buds/,,professional-diagnostic-equipment/product/stethoscope.html,,5,,,
,,product-tag/stethoscope-buds/,,professional-diagnostic-equipment/product/stethoscope.html,,6,,,
,,product-tag/stethoscope-buds/,,professional-diagnostic-equipment/product/stethoscope.html,,7,,,
,,product-tag/stethoscope-charm/,,professional-diagnostic-equipment/product/stethoscope.html,,1,,,
,,product-tag/stethoscope-charm/,,professional-diagnostic-equipment/product/stethoscope.html,,2,,,
,,product-tag/stethoscope-charm/,,professional-diagnostic-equipment/product/stethoscope.html,,3,,,
,,product-tag/stethoscope-charm/,,professional-diagnostic-equipment/product/stethoscope.html,,4,,,
,,product-tag/stethoscope-charm/,,professional-diagnostic-equipment/product/stethoscope.html,,5,,,
,,product-tag/stethoscope-charm/,,professional-diagnostic-equipment/product/stethoscope.html,,6,,,
,,product-tag/stethoscope-charm/,,professional-diagnostic-equipment/product/stethoscope.html,,7,,,
,,product-tag/stethoscope-ear-knobs/,,professional-diagnostic-equipment/product/stethoscope.html,,1,,,
,,product-tag/stethoscope-ear-knobs/,,professional-diagnostic-equipment/product/stethoscope.html,,2,,,
,,product-tag/stethoscope-ear-knobs/,,professional-diagnostic-equipment/product/stethoscope.html,,3,,,
,,product-tag/stethoscope-ear-knobs/,,professional-diagnostic-equipment/product/stethoscope.html,,4,,,
,,product-tag/stethoscope-ear-knobs/,,professional-diagnostic-equipment/product/stethoscope.html,,5,,,
,,product-tag/stethoscope-ear-knobs/,,professional-diagnostic-equipment/product/stethoscope.html,,6,,,
,,product-tag/stethoscope-ear-knobs/,,professional-diagnostic-equipment/product/stethoscope.html,,7,,,
,,product-tag/stethoscope-green-colour/,,professional-diagnostic-equipment/product/stethoscope.html,,1,,,
,,product-tag/stethoscope-green-colour/,,professional-diagnostic-equipment/product/stethoscope.html,,2,,,
,,product-tag/stethoscope-green-colour/,,professional-diagnostic-equipment/product/stethoscope.html,,3,,,
,,product-tag/stethoscope-green-colour/,,professional-diagnostic-equipment/product/stethoscope.html,,4,,,
,,product-tag/stethoscope-green-colour/,,professional-diagnostic-equipment/product/stethoscope.html,,5,,,
,,product-tag/stethoscope-green-colour/,,professional-diagnostic-equipment/product/stethoscope.html,,6,,,
,,product-tag/stethoscope-green-colour/,,professional-diagnostic-equipment/product/stethoscope.html,,7,,,
,,product-tag/stethoscope-grey/,,professional-diagnostic-equipment/product/stethoscope.html,,1,,,
,,product-tag/stethoscope-grey/,,professional-diagnostic-equipment/product/stethoscope.html,,2,,,
,,product-tag/stethoscope-grey/,,professional-diagnostic-equipment/product/stethoscope.html,,3,,,
,,product-tag/stethoscope-grey/,,professional-diagnostic-equipment/product/stethoscope.html,,4,,,
,,product-tag/stethoscope-grey/,,professional-diagnostic-equipment/product/stethoscope.html,,5,,,
,,product-tag/stethoscope-grey/,,professional-diagnostic-equipment/product/stethoscope.html,,6,,,
,,product-tag/stethoscope-grey/,,professional-diagnostic-equipment/product/stethoscope.html,,7,,,
,,product-tag/stethoscope-grey-colour/,,professional-diagnostic-equipment/product/stethoscope.html,,1,,,
,,product-tag/stethoscope-grey-colour/,,professional-diagnostic-equipment/product/stethoscope.html,,2,,,
,,product-tag/stethoscope-grey-colour/,,professional-diagnostic-equipment/product/stethoscope.html,,3,,,
,,product-tag/stethoscope-grey-colour/,,professional-diagnostic-equipment/product/stethoscope.html,,4,,,
,,product-tag/stethoscope-grey-colour/,,professional-diagnostic-equipment/product/stethoscope.html,,5,,,
,,product-tag/stethoscope-grey-colour/,,professional-diagnostic-equipment/product/stethoscope.html,,6,,,
,,product-tag/stethoscope-grey-colour/,,professional-diagnostic-equipment/product/stethoscope.html,,7,,,
,,product-tag/stethoscope-infi/,,professional-diagnostic-equipment/product/stethoscope.html,,1,,,
,,product-tag/stethoscope-infi/,,professional-diagnostic-equipment/product/stethoscope.html,,2,,,
,,product-tag/stethoscope-infi/,,professional-diagnostic-equipment/product/stethoscope.html,,3,,,
,,product-tag/stethoscope-infi/,,professional-diagnostic-equipment/product/stethoscope.html,,4,,,
,,product-tag/stethoscope-infi/,,professional-diagnostic-equipment/product/stethoscope.html,,5,,,
,,product-tag/stethoscope-infi/,,professional-diagnostic-equipment/product/stethoscope.html,,6,,,
,,product-tag/stethoscope-infi/,,professional-diagnostic-equipment/product/stethoscope.html,,7,,,
,,product-tag/storage-bag-for-kids/,,all-products.html,,1,,,
,,product-tag/storage-bag-for-kids/,,all-products.html,,2,,,
,,product-tag/storage-bag-for-kids/,,all-products.html,,3,,,
,,product-tag/storage-bag-for-kids/,,all-products.html,,4,,,
,,product-tag/storage-bag-for-kids/,,all-products.html,,5,,,
,,product-tag/storage-bag-for-kids/,,all-products.html,,6,,,
,,product-tag/storage-bag-for-kids/,,all-products.html,,7,,,
,,product-tag/storage-bag-moisture-proof/,,all-products.html,,1,,,
,,product-tag/storage-bag-moisture-proof/,,all-products.html,,2,,,
,,product-tag/storage-bag-moisture-proof/,,all-products.html,,3,,,
,,product-tag/storage-bag-moisture-proof/,,all-products.html,,4,,,
,,product-tag/storage-bag-moisture-proof/,,all-products.html,,5,,,
,,product-tag/storage-bag-moisture-proof/,,all-products.html,,6,,,
,,product-tag/storage-bag-moisture-proof/,,all-products.html,,7,,,
,,product-tag/storage-bag-strong/,,all-products.html,,1,,,
,,product-tag/storage-bag-strong/,,all-products.html,,2,,,
,,product-tag/storage-bag-strong/,,all-products.html,,3,,,
,,product-tag/storage-bag-strong/,,all-products.html,,4,,,
,,product-tag/storage-bag-strong/,,all-products.html,,5,,,
,,product-tag/storage-bag-strong/,,all-products.html,,6,,,
,,product-tag/storage-bag-strong/,,all-products.html,,7,,,
,,product-tag/storage-bag-zipper/,,all-products.html,,1,,,
,,product-tag/storage-bag-zipper/,,all-products.html,,2,,,
,,product-tag/storage-bag-zipper/,,all-products.html,,3,,,
,,product-tag/storage-bag-zipper/,,all-products.html,,4,,,
,,product-tag/storage-bag-zipper/,,all-products.html,,5,,,
,,product-tag/storage-bag-zipper/,,all-products.html,,6,,,
,,product-tag/storage-bag-zipper/,,all-products.html,,7,,,
,,product-tag/streak-retinoscope/,,professional-diagnostic-equipment/product/retinoscope.html,,1,,,
,,product-tag/streak-retinoscope/,,professional-diagnostic-equipment/product/retinoscope.html,,2,,,
,,product-tag/streak-retinoscope/,,professional-diagnostic-equipment/product/retinoscope.html,,3,,,
,,product-tag/streak-retinoscope/,,professional-diagnostic-equipment/product/retinoscope.html,,4,,,
,,product-tag/streak-retinoscope/,,professional-diagnostic-equipment/product/retinoscope.html,,5,,,
,,product-tag/streak-retinoscope/,,professional-diagnostic-equipment/product/retinoscope.html,,6,,,
,,product-tag/streak-retinoscope/,,professional-diagnostic-equipment/product/retinoscope.html,,7,,,
,,product-tag/suction-machine-apex/,,medical-device/product/suction-machine.html,,1,,,
,,product-tag/suction-machine-apex/,,medical-device/product/suction-machine.html,,2,,,
,,product-tag/suction-machine-apex/,,medical-device/product/suction-machine.html,,3,,,
,,product-tag/suction-machine-apex/,,medical-device/product/suction-machine.html,,4,,,
,,product-tag/suction-machine-apex/,,medical-device/product/suction-machine.html,,5,,,
,,product-tag/suction-machine-apex/,,medical-device/product/suction-machine.html,,6,,,
,,product-tag/suction-machine-apex/,,medical-device/product/suction-machine.html,,7,,,
,,product-tag/suction-machine-box-rubber-cap/,,medical-device/product/suction-machine.html,,1,,,
,,product-tag/suction-machine-box-rubber-cap/,,medical-device/product/suction-machine.html,,2,,,
,,product-tag/suction-machine-box-rubber-cap/,,medical-device/product/suction-machine.html,,3,,,
,,product-tag/suction-machine-box-rubber-cap/,,medical-device/product/suction-machine.html,,4,,,
,,product-tag/suction-machine-box-rubber-cap/,,medical-device/product/suction-machine.html,,5,,,
,,product-tag/suction-machine-box-rubber-cap/,,medical-device/product/suction-machine.html,,6,,,
,,product-tag/suction-machine-box-rubber-cap/,,medical-device/product/suction-machine.html,,7,,,
,,product-tag/suction-machine-box-rubber-cap/feed/,,medical-device/product/suction-machine.html,,1,,,
,,product-tag/suction-machine-box-rubber-cap/feed/,,medical-device/product/suction-machine.html,,2,,,
,,product-tag/suction-machine-box-rubber-cap/feed/,,medical-device/product/suction-machine.html,,3,,,
,,product-tag/suction-machine-box-rubber-cap/feed/,,medical-device/product/suction-machine.html,,4,,,
,,product-tag/suction-machine-box-rubber-cap/feed/,,medical-device/product/suction-machine.html,,5,,,
,,product-tag/suction-machine-box-rubber-cap/feed/,,medical-device/product/suction-machine.html,,6,,,
,,product-tag/suction-machine-box-rubber-cap/feed/,,medical-device/product/suction-machine.html,,7,,,
,,product-tag/suction-machine-dental/,,medical-device/product/suction-machine.html,,1,,,
,,product-tag/suction-machine-dental/,,medical-device/product/suction-machine.html,,2,,,
,,product-tag/suction-machine-dental/,,medical-device/product/suction-machine.html,,3,,,
,,product-tag/suction-machine-dental/,,medical-device/product/suction-machine.html,,4,,,
,,product-tag/suction-machine-dental/,,medical-device/product/suction-machine.html,,5,,,
,,product-tag/suction-machine-dental/,,medical-device/product/suction-machine.html,,6,,,
,,product-tag/suction-machine-dental/,,medical-device/product/suction-machine.html,,7,,,
,,product-tag/suction-machine-double-jar-foot-operated/,,medical-device/product/suction-machine.html,,1,,,
,,product-tag/suction-machine-double-jar-foot-operated/,,medical-device/product/suction-machine.html,,2,,,
,,product-tag/suction-machine-double-jar-foot-operated/,,medical-device/product/suction-machine.html,,3,,,
,,product-tag/suction-machine-double-jar-foot-operated/,,medical-device/product/suction-machine.html,,4,,,
,,product-tag/suction-machine-double-jar-foot-operated/,,medical-device/product/suction-machine.html,,5,,,
,,product-tag/suction-machine-double-jar-foot-operated/,,medical-device/product/suction-machine.html,,6,,,
,,product-tag/suction-machine-double-jar-foot-operated/,,medical-device/product/suction-machine.html,,7,,,
,,product-tag/suction-machine-electric/,,medical-device/product/suction-machine.html,,1,,,
,,product-tag/suction-machine-electric/,,medical-device/product/suction-machine.html,,2,,,
,,product-tag/suction-machine-electric/,,medical-device/product/suction-machine.html,,3,,,
,,product-tag/suction-machine-electric/,,medical-device/product/suction-machine.html,,4,,,
,,product-tag/suction-machine-electric/,,medical-device/product/suction-machine.html,,5,,,
,,product-tag/suction-machine-electric/,,medical-device/product/suction-machine.html,,6,,,
,,product-tag/suction-machine-electric/,,medical-device/product/suction-machine.html,,7,,,
,,product-tag/suction-machine-for-cough/,,medical-device/product/suction-machine.html,,1,,,
,,product-tag/suction-machine-for-cough/,,medical-device/product/suction-machine.html,,2,,,
,,product-tag/suction-machine-for-cough/,,medical-device/product/suction-machine.html,,3,,,
,,product-tag/suction-machine-for-cough/,,medical-device/product/suction-machine.html,,4,,,
,,product-tag/suction-machine-for-cough/,,medical-device/product/suction-machine.html,,5,,,
,,product-tag/suction-machine-for-cough/,,medical-device/product/suction-machine.html,,6,,,
,,product-tag/suction-machine-for-cough/,,medical-device/product/suction-machine.html,,7,,,
,,product-tag/suction-machine-for-mucus-extractor/,,medical-device/product/suction-machine.html,,1,,,
,,product-tag/suction-machine-for-mucus-extractor/,,medical-device/product/suction-machine.html,,2,,,
,,product-tag/suction-machine-for-mucus-extractor/,,medical-device/product/suction-machine.html,,3,,,
,,product-tag/suction-machine-for-mucus-extractor/,,medical-device/product/suction-machine.html,,4,,,
,,product-tag/suction-machine-for-mucus-extractor/,,medical-device/product/suction-machine.html,,5,,,
,,product-tag/suction-machine-for-mucus-extractor/,,medical-device/product/suction-machine.html,,6,,,
,,product-tag/suction-machine-for-mucus-extractor/,,medical-device/product/suction-machine.html,,7,,,
,,product-tag/suction-machine-home/,,medical-device/product/suction-machine.html,,1,,,
,,product-tag/suction-machine-home/,,medical-device/product/suction-machine.html,,2,,,
,,product-tag/suction-machine-home/,,medical-device/product/suction-machine.html,,3,,,
,,product-tag/suction-machine-home/,,medical-device/product/suction-machine.html,,4,,,
,,product-tag/suction-machine-home/,,medical-device/product/suction-machine.html,,5,,,
,,product-tag/suction-machine-home/,,medical-device/product/suction-machine.html,,6,,,
,,product-tag/suction-machine-home/,,medical-device/product/suction-machine.html,,7,,,
,,product-tag/suction-machine-hospital/,,medical-device/product/suction-machine.html,,1,,,
,,product-tag/suction-machine-hospital/,,medical-device/product/suction-machine.html,,2,,,
,,product-tag/suction-machine-hospital/,,medical-device/product/suction-machine.html,,3,,,
,,product-tag/suction-machine-hospital/,,medical-device/product/suction-machine.html,,4,,,
,,product-tag/suction-machine-hospital/,,medical-device/product/suction-machine.html,,5,,,
,,product-tag/suction-machine-hospital/,,medical-device/product/suction-machine.html,,6,,,
,,product-tag/suction-machine-hospital/,,medical-device/product/suction-machine.html,,7,,,
,,product-tag/suction-machine-philips/,,medical-device/product/suction-machine.html,,1,,,
,,product-tag/suction-machine-philips/,,medical-device/product/suction-machine.html,,2,,,
,,product-tag/suction-machine-philips/,,medical-device/product/suction-machine.html,,3,,,
,,product-tag/suction-machine-philips/,,medical-device/product/suction-machine.html,,4,,,
,,product-tag/suction-machine-philips/,,medical-device/product/suction-machine.html,,5,,,
,,product-tag/suction-machine-philips/,,medical-device/product/suction-machine.html,,6,,,
,,product-tag/suction-machine-philips/,,medical-device/product/suction-machine.html,,7,,,
,,product-tag/suction-machine-pump/,,medical-device/product/suction-machine.html,,1,,,
,,product-tag/suction-machine-pump/,,medical-device/product/suction-machine.html,,2,,,
,,product-tag/suction-machine-pump/,,medical-device/product/suction-machine.html,,3,,,
,,product-tag/suction-machine-pump/,,medical-device/product/suction-machine.html,,4,,,
,,product-tag/suction-machine-pump/,,medical-device/product/suction-machine.html,,5,,,
,,product-tag/suction-machine-pump/,,medical-device/product/suction-machine.html,,6,,,
,,product-tag/suction-machine-pump/,,medical-device/product/suction-machine.html,,7,,,
,,product-tag/tablet-crusher/,,home-healthcare-devices/elderly-care/tablet-cutter-crusher.html,,1,,,
,,product-tag/tablet-crusher/,,home-healthcare-devices/elderly-care/tablet-cutter-crusher.html,,2,,,
,,product-tag/tablet-crusher/,,home-healthcare-devices/elderly-care/tablet-cutter-crusher.html,,3,,,
,,product-tag/tablet-crusher/,,home-healthcare-devices/elderly-care/tablet-cutter-crusher.html,,4,,,
,,product-tag/tablet-crusher/,,home-healthcare-devices/elderly-care/tablet-cutter-crusher.html,,5,,,
,,product-tag/tablet-crusher/,,home-healthcare-devices/elderly-care/tablet-cutter-crusher.html,,6,,,
,,product-tag/tablet-crusher/,,home-healthcare-devices/elderly-care/tablet-cutter-crusher.html,,7,,,
,,product-tag/temperature-gun/,,home-healthcare-devices/mother-and-child-care/thermometer.html,,1,,,
,,product-tag/temperature-gun/,,home-healthcare-devices/mother-and-child-care/thermometer.html,,2,,,
,,product-tag/temperature-gun/,,home-healthcare-devices/mother-and-child-care/thermometer.html,,3,,,
,,product-tag/temperature-gun/,,home-healthcare-devices/mother-and-child-care/thermometer.html,,4,,,
,,product-tag/temperature-gun/,,home-healthcare-devices/mother-and-child-care/thermometer.html,,5,,,
,,product-tag/temperature-gun/,,home-healthcare-devices/mother-and-child-care/thermometer.html,,6,,,
,,product-tag/temperature-gun/,,home-healthcare-devices/mother-and-child-care/thermometer.html,,7,,,
,,product-tag/temperature-gun-thermometer-digital/,,home-healthcare-devices/mother-and-child-care/thermometer.html,,1,,,
,,product-tag/temperature-gun-thermometer-digital/,,home-healthcare-devices/mother-and-child-care/thermometer.html,,2,,,
,,product-tag/temperature-gun-thermometer-digital/,,home-healthcare-devices/mother-and-child-care/thermometer.html,,3,,,
,,product-tag/temperature-gun-thermometer-digital/,,home-healthcare-devices/mother-and-child-care/thermometer.html,,4,,,
,,product-tag/temperature-gun-thermometer-digital/,,home-healthcare-devices/mother-and-child-care/thermometer.html,,5,,,
,,product-tag/temperature-gun-thermometer-digital/,,home-healthcare-devices/mother-and-child-care/thermometer.html,,6,,,
,,product-tag/temperature-gun-thermometer-digital/,,home-healthcare-devices/mother-and-child-care/thermometer.html,,7,,,
,,product-tag/temperature-gun-thermometer-digital/?add-to-cart=5861,,home-healthcare-devices/mother-and-child-care/thermometer.html,,1,,,
,,product-tag/temperature-gun-thermometer-digital/?add-to-cart=5861,,home-healthcare-devices/mother-and-child-care/thermometer.html,,2,,,
,,product-tag/temperature-gun-thermometer-digital/?add-to-cart=5861,,home-healthcare-devices/mother-and-child-care/thermometer.html,,3,,,
,,product-tag/temperature-gun-thermometer-digital/?add-to-cart=5861,,home-healthcare-devices/mother-and-child-care/thermometer.html,,4,,,
,,product-tag/temperature-gun-thermometer-digital/?add-to-cart=5861,,home-healthcare-devices/mother-and-child-care/thermometer.html,,5,,,
,,product-tag/temperature-gun-thermometer-digital/?add-to-cart=5861,,home-healthcare-devices/mother-and-child-care/thermometer.html,,6,,,
,,product-tag/temperature-gun-thermometer-digital/?add-to-cart=5861,,home-healthcare-devices/mother-and-child-care/thermometer.html,,7,,,
,,product-tag/tentabs-bpl-cardiart-108t-ecg-machine/,,medical-device/product/ecg-machine.html,,1,,,
,,product-tag/tentabs-bpl-cardiart-108t-ecg-machine/,,medical-device/product/ecg-machine.html,,2,,,
,,product-tag/tentabs-bpl-cardiart-108t-ecg-machine/,,medical-device/product/ecg-machine.html,,3,,,
,,product-tag/tentabs-bpl-cardiart-108t-ecg-machine/,,medical-device/product/ecg-machine.html,,4,,,
,,product-tag/tentabs-bpl-cardiart-108t-ecg-machine/,,medical-device/product/ecg-machine.html,,5,,,
,,product-tag/tentabs-bpl-cardiart-108t-ecg-machine/,,medical-device/product/ecg-machine.html,,6,,,
,,product-tag/tentabs-bpl-cardiart-108t-ecg-machine/,,medical-device/product/ecg-machine.html,,7,,,
,,product-tag/thermometer/,,home-healthcare-devices/mother-and-child-care/thermometer.html,,1,,,
,,product-tag/thermometer/,,home-healthcare-devices/mother-and-child-care/thermometer.html,,2,,,
,,product-tag/thermometer/,,home-healthcare-devices/mother-and-child-care/thermometer.html,,3,,,
,,product-tag/thermometer/,,home-healthcare-devices/mother-and-child-care/thermometer.html,,4,,,
,,product-tag/thermometer/,,home-healthcare-devices/mother-and-child-care/thermometer.html,,5,,,
,,product-tag/thermometer/,,home-healthcare-devices/mother-and-child-care/thermometer.html,,6,,,
,,product-tag/thermometer/,,home-healthcare-devices/mother-and-child-care/thermometer.html,,7,,,
,,product-tag/thermometer-analog/,,home-healthcare-devices/mother-and-child-care/thermometer.html,,1,,,
,,product-tag/thermometer-analog/,,home-healthcare-devices/mother-and-child-care/thermometer.html,,2,,,
,,product-tag/thermometer-analog/,,home-healthcare-devices/mother-and-child-care/thermometer.html,,3,,,
,,product-tag/thermometer-analog/,,home-healthcare-devices/mother-and-child-care/thermometer.html,,4,,,
,,product-tag/thermometer-analog/,,home-healthcare-devices/mother-and-child-care/thermometer.html,,5,,,
,,product-tag/thermometer-analog/,,home-healthcare-devices/mother-and-child-care/thermometer.html,,6,,,
,,product-tag/thermometer-analog/,,home-healthcare-devices/mother-and-child-care/thermometer.html,,7,,,
,,product-tag/thermometer-analog/?add-to-cart=5865,,home-healthcare-devices/mother-and-child-care/thermometer.html,,1,,,
,,product-tag/thermometer-analog/?add-to-cart=5865,,home-healthcare-devices/mother-and-child-care/thermometer.html,,2,,,
,,product-tag/thermometer-analog/?add-to-cart=5865,,home-healthcare-devices/mother-and-child-care/thermometer.html,,3,,,
,,product-tag/thermometer-analog/?add-to-cart=5865,,home-healthcare-devices/mother-and-child-care/thermometer.html,,4,,,
,,product-tag/thermometer-analog/?add-to-cart=5865,,home-healthcare-devices/mother-and-child-care/thermometer.html,,5,,,
,,product-tag/thermometer-analog/?add-to-cart=5865,,home-healthcare-devices/mother-and-child-care/thermometer.html,,6,,,
,,product-tag/thermometer-analog/?add-to-cart=5865,,home-healthcare-devices/mother-and-child-care/thermometer.html,,7,,,
,,product-tag/thermometer-and-oximeter/,,home-healthcare-devices/mother-and-child-care/thermometer.html,,1,,,
,,product-tag/thermometer-and-oximeter/,,home-healthcare-devices/mother-and-child-care/thermometer.html,,2,,,
,,product-tag/thermometer-and-oximeter/,,home-healthcare-devices/mother-and-child-care/thermometer.html,,3,,,
,,product-tag/thermometer-and-oximeter/,,home-healthcare-devices/mother-and-child-care/thermometer.html,,4,,,
,,product-tag/thermometer-and-oximeter/,,home-healthcare-devices/mother-and-child-care/thermometer.html,,5,,,
,,product-tag/thermometer-and-oximeter/,,home-healthcare-devices/mother-and-child-care/thermometer.html,,6,,,
,,product-tag/thermometer-and-oximeter/,,home-healthcare-devices/mother-and-child-care/thermometer.html,,7,,,
,,product-tag/thermometer-and-oximeter-combo/,,home-healthcare-devices/mother-and-child-care/thermometer.html,,1,,,
,,product-tag/thermometer-and-oximeter-combo/,,home-healthcare-devices/mother-and-child-care/thermometer.html,,2,,,
,,product-tag/thermometer-and-oximeter-combo/,,home-healthcare-devices/mother-and-child-care/thermometer.html,,3,,,
,,product-tag/thermometer-and-oximeter-combo/,,home-healthcare-devices/mother-and-child-care/thermometer.html,,4,,,
,,product-tag/thermometer-and-oximeter-combo/,,home-healthcare-devices/mother-and-child-care/thermometer.html,,5,,,
,,product-tag/thermometer-and-oximeter-combo/,,home-healthcare-devices/mother-and-child-care/thermometer.html,,6,,,
,,product-tag/thermometer-and-oximeter-combo/,,home-healthcare-devices/mother-and-child-care/thermometer.html,,7,,,
,,product-tag/thermometer-and-oximeter-combo-dr-trust/,,home-healthcare-devices/mother-and-child-care/thermometer.html,,1,,,
,,product-tag/thermometer-and-oximeter-combo-dr-trust/,,home-healthcare-devices/mother-and-child-care/thermometer.html,,2,,,
,,product-tag/thermometer-and-oximeter-combo-dr-trust/,,home-healthcare-devices/mother-and-child-care/thermometer.html,,3,,,
,,product-tag/thermometer-and-oximeter-combo-dr-trust/,,home-healthcare-devices/mother-and-child-care/thermometer.html,,4,,,
,,product-tag/thermometer-and-oximeter-combo-dr-trust/,,home-healthcare-devices/mother-and-child-care/thermometer.html,,5,,,
,,product-tag/thermometer-and-oximeter-combo-dr-trust/,,home-healthcare-devices/mother-and-child-care/thermometer.html,,6,,,
,,product-tag/thermometer-and-oximeter-combo-dr-trust/,,home-healthcare-devices/mother-and-child-care/thermometer.html,,7,,,
,,product-tag/thermometer-and-oximeter-combo-dr-trust/?add_to_wishlist=5861&_wpnonce=8e427a8a5d,,home-healthcare-devices/mother-and-child-care/thermometer.html,,1,,,
,,product-tag/thermometer-and-oximeter-combo-dr-trust/?add_to_wishlist=5861&_wpnonce=8e427a8a5d,,home-healthcare-devices/mother-and-child-care/thermometer.html,,2,,,
,,product-tag/thermometer-and-oximeter-combo-dr-trust/?add_to_wishlist=5861&_wpnonce=8e427a8a5d,,home-healthcare-devices/mother-and-child-care/thermometer.html,,3,,,
,,product-tag/thermometer-and-oximeter-combo-dr-trust/?add_to_wishlist=5861&_wpnonce=8e427a8a5d,,home-healthcare-devices/mother-and-child-care/thermometer.html,,4,,,
,,product-tag/thermometer-and-oximeter-combo-dr-trust/?add_to_wishlist=5861&_wpnonce=8e427a8a5d,,home-healthcare-devices/mother-and-child-care/thermometer.html,,5,,,
,,product-tag/thermometer-and-oximeter-combo-dr-trust/?add_to_wishlist=5861&_wpnonce=8e427a8a5d,,home-healthcare-devices/mother-and-child-care/thermometer.html,,6,,,
,,product-tag/thermometer-and-oximeter-combo-dr-trust/?add_to_wishlist=5861&_wpnonce=8e427a8a5d,,home-healthcare-devices/mother-and-child-care/thermometer.html,,7,,,
,,product-tag/thermometer-and-oximeter-combo-dr-trust/?add-to-cart=5861,,home-healthcare-devices/mother-and-child-care/thermometer.html,,1,,,
,,product-tag/thermometer-and-oximeter-combo-dr-trust/?add-to-cart=5861,,home-healthcare-devices/mother-and-child-care/thermometer.html,,2,,,
,,product-tag/thermometer-and-oximeter-combo-dr-trust/?add-to-cart=5861,,home-healthcare-devices/mother-and-child-care/thermometer.html,,3,,,
,,product-tag/thermometer-and-oximeter-combo-dr-trust/?add-to-cart=5861,,home-healthcare-devices/mother-and-child-care/thermometer.html,,4,,,
,,product-tag/thermometer-and-oximeter-combo-dr-trust/?add-to-cart=5861,,home-healthcare-devices/mother-and-child-care/thermometer.html,,5,,,
,,product-tag/thermometer-and-oximeter-combo-dr-trust/?add-to-cart=5861,,home-healthcare-devices/mother-and-child-care/thermometer.html,,6,,,
,,product-tag/thermometer-and-oximeter-combo-dr-trust/?add-to-cart=5861,,home-healthcare-devices/mother-and-child-care/thermometer.html,,7,,,
,,product-tag/thermometer-and-oximeter-combo-dr-trust/?add-to-cart=5865,,home-healthcare-devices/mother-and-child-care/thermometer.html,,1,,,
,,product-tag/thermometer-and-oximeter-combo-dr-trust/?add-to-cart=5865,,home-healthcare-devices/mother-and-child-care/thermometer.html,,2,,,
,,product-tag/thermometer-and-oximeter-combo-dr-trust/?add-to-cart=5865,,home-healthcare-devices/mother-and-child-care/thermometer.html,,3,,,
,,product-tag/thermometer-and-oximeter-combo-dr-trust/?add-to-cart=5865,,home-healthcare-devices/mother-and-child-care/thermometer.html,,4,,,
,,product-tag/thermometer-and-oximeter-combo-dr-trust/?add-to-cart=5865,,home-healthcare-devices/mother-and-child-care/thermometer.html,,5,,,
,,product-tag/thermometer-and-oximeter-combo-dr-trust/?add-to-cart=5865,,home-healthcare-devices/mother-and-child-care/thermometer.html,,6,,,
,,product-tag/thermometer-and-oximeter-combo-dr-trust/?add-to-cart=5865,,home-healthcare-devices/mother-and-child-care/thermometer.html,,7,,,
,,product-tag/thermometer-battery-cell/,,home-healthcare-devices/mother-and-child-care/thermometer.html,,1,,,
,,product-tag/thermometer-battery-cell/,,home-healthcare-devices/mother-and-child-care/thermometer.html,,2,,,
,,product-tag/thermometer-battery-cell/,,home-healthcare-devices/mother-and-child-care/thermometer.html,,3,,,
,,product-tag/thermometer-battery-cell/,,home-healthcare-devices/mother-and-child-care/thermometer.html,,4,,,
,,product-tag/thermometer-battery-cell/,,home-healthcare-devices/mother-and-child-care/thermometer.html,,5,,,
,,product-tag/thermometer-battery-cell/,,home-healthcare-devices/mother-and-child-care/thermometer.html,,6,,,
,,product-tag/thermometer-battery-cell/,,home-healthcare-devices/mother-and-child-care/thermometer.html,,7,,,
,,product-tag/thermometer-battery-cell/?add-to-cart=5861,,home-healthcare-devices/mother-and-child-care/thermometer.html,,1,,,
,,product-tag/thermometer-battery-cell/?add-to-cart=5861,,home-healthcare-devices/mother-and-child-care/thermometer.html,,2,,,
,,product-tag/thermometer-battery-cell/?add-to-cart=5861,,home-healthcare-devices/mother-and-child-care/thermometer.html,,3,,,
,,product-tag/thermometer-battery-cell/?add-to-cart=5861,,home-healthcare-devices/mother-and-child-care/thermometer.html,,4,,,
,,product-tag/thermometer-battery-cell/?add-to-cart=5861,,home-healthcare-devices/mother-and-child-care/thermometer.html,,5,,,
,,product-tag/thermometer-battery-cell/?add-to-cart=5861,,home-healthcare-devices/mother-and-child-care/thermometer.html,,6,,,
,,product-tag/thermometer-battery-cell/?add-to-cart=5861,,home-healthcare-devices/mother-and-child-care/thermometer.html,,7,,,
,,product-tag/thermometer-battery-cell-lr41/,,home-healthcare-devices/mother-and-child-care/thermometer.html,,1,,,
,,product-tag/thermometer-battery-cell-lr41/,,home-healthcare-devices/mother-and-child-care/thermometer.html,,2,,,
,,product-tag/thermometer-battery-cell-lr41/,,home-healthcare-devices/mother-and-child-care/thermometer.html,,3,,,
,,product-tag/thermometer-battery-cell-lr41/,,home-healthcare-devices/mother-and-child-care/thermometer.html,,4,,,
,,product-tag/thermometer-battery-cell-lr41/,,home-healthcare-devices/mother-and-child-care/thermometer.html,,5,,,
,,product-tag/thermometer-battery-cell-lr41/,,home-healthcare-devices/mother-and-child-care/thermometer.html,,6,,,
,,product-tag/thermometer-battery-cell-lr41/,,home-healthcare-devices/mother-and-child-care/thermometer.html,,7,,,
,,product-tag/thermometer-beurer/,,home-healthcare-devices/mother-and-child-care/thermometer.html,,1,,,
,,product-tag/thermometer-beurer/,,home-healthcare-devices/mother-and-child-care/thermometer.html,,2,,,
,,product-tag/thermometer-beurer/,,home-healthcare-devices/mother-and-child-care/thermometer.html,,3,,,
,,product-tag/thermometer-beurer/,,home-healthcare-devices/mother-and-child-care/thermometer.html,,4,,,
,,product-tag/thermometer-beurer/,,home-healthcare-devices/mother-and-child-care/thermometer.html,,5,,,
,,product-tag/thermometer-beurer/,,home-healthcare-devices/mother-and-child-care/thermometer.html,,6,,,
,,product-tag/thermometer-beurer/,,home-healthcare-devices/mother-and-child-care/thermometer.html,,7,,,
,,product-tag/thermometer-case/,,home-healthcare-devices/mother-and-child-care/thermometer.html,,1,,,
,,product-tag/thermometer-case/,,home-healthcare-devices/mother-and-child-care/thermometer.html,,2,,,
,,product-tag/thermometer-case/,,home-healthcare-devices/mother-and-child-care/thermometer.html,,3,,,
,,product-tag/thermometer-case/,,home-healthcare-devices/mother-and-child-care/thermometer.html,,4,,,
,,product-tag/thermometer-case/,,home-healthcare-devices/mother-and-child-care/thermometer.html,,5,,,
,,product-tag/thermometer-case/,,home-healthcare-devices/mother-and-child-care/thermometer.html,,6,,,
,,product-tag/thermometer-case/,,home-healthcare-devices/mother-and-child-care/thermometer.html,,7,,,
,,product-tag/thermometer-cipla/,,home-healthcare-devices/mother-and-child-care/thermometer.html,,1,,,
,,product-tag/thermometer-cipla/,,home-healthcare-devices/mother-and-child-care/thermometer.html,,2,,,
,,product-tag/thermometer-cipla/,,home-healthcare-devices/mother-and-child-care/thermometer.html,,3,,,
,,product-tag/thermometer-cipla/,,home-healthcare-devices/mother-and-child-care/thermometer.html,,4,,,
,,product-tag/thermometer-cipla/,,home-healthcare-devices/mother-and-child-care/thermometer.html,,5,,,
,,product-tag/thermometer-cipla/,,home-healthcare-devices/mother-and-child-care/thermometer.html,,6,,,
,,product-tag/thermometer-cipla/,,home-healthcare-devices/mother-and-child-care/thermometer.html,,7,,,
,,product-tag/thermometer-cooking/,,home-healthcare-devices/mother-and-child-care/thermometer.html,,1,,,
,,product-tag/thermometer-cooking/,,home-healthcare-devices/mother-and-child-care/thermometer.html,,2,,,
,,product-tag/thermometer-cooking/,,home-healthcare-devices/mother-and-child-care/thermometer.html,,3,,,
,,product-tag/thermometer-cooking/,,home-healthcare-devices/mother-and-child-care/thermometer.html,,4,,,
,,product-tag/thermometer-cooking/,,home-healthcare-devices/mother-and-child-care/thermometer.html,,5,,,
,,product-tag/thermometer-cooking/,,home-healthcare-devices/mother-and-child-care/thermometer.html,,6,,,
,,product-tag/thermometer-cooking/,,home-healthcare-devices/mother-and-child-care/thermometer.html,,7,,,
,,product-tag/thermometer-cooking/?add-to-cart=5861,,home-healthcare-devices/mother-and-child-care/thermometer.html,,1,,,
,,product-tag/thermometer-cooking/?add-to-cart=5861,,home-healthcare-devices/mother-and-child-care/thermometer.html,,2,,,
,,product-tag/thermometer-cooking/?add-to-cart=5861,,home-healthcare-devices/mother-and-child-care/thermometer.html,,3,,,
,,product-tag/thermometer-cooking/?add-to-cart=5861,,home-healthcare-devices/mother-and-child-care/thermometer.html,,4,,,
,,product-tag/thermometer-cooking/?add-to-cart=5861,,home-healthcare-devices/mother-and-child-care/thermometer.html,,5,,,
,,product-tag/thermometer-cooking/?add-to-cart=5861,,home-healthcare-devices/mother-and-child-care/thermometer.html,,6,,,
,,product-tag/thermometer-cooking/?add-to-cart=5861,,home-healthcare-devices/mother-and-child-care/thermometer.html,,7,,,
,,product-tag/thermometer-easy-care/,,home-healthcare-devices/mother-and-child-care/thermometer.html,,1,,,
,,product-tag/thermometer-easy-care/,,home-healthcare-devices/mother-and-child-care/thermometer.html,,2,,,
,,product-tag/thermometer-easy-care/,,home-healthcare-devices/mother-and-child-care/thermometer.html,,3,,,
,,product-tag/thermometer-easy-care/,,home-healthcare-devices/mother-and-child-care/thermometer.html,,4,,,
,,product-tag/thermometer-easy-care/,,home-healthcare-devices/mother-and-child-care/thermometer.html,,5,,,
,,product-tag/thermometer-easy-care/,,home-healthcare-devices/mother-and-child-care/thermometer.html,,6,,,
,,product-tag/thermometer-easy-care/,,home-healthcare-devices/mother-and-child-care/thermometer.html,,7,,,
,,product-tag/thermometer-electric/,,home-healthcare-devices/mother-and-child-care/thermometer.html,,1,,,
,,product-tag/thermometer-electric/,,home-healthcare-devices/mother-and-child-care/thermometer.html,,2,,,
,,product-tag/thermometer-electric/,,home-healthcare-devices/mother-and-child-care/thermometer.html,,3,,,
,,product-tag/thermometer-electric/,,home-healthcare-devices/mother-and-child-care/thermometer.html,,4,,,
,,product-tag/thermometer-electric/,,home-healthcare-devices/mother-and-child-care/thermometer.html,,5,,,
,,product-tag/thermometer-electric/,,home-healthcare-devices/mother-and-child-care/thermometer.html,,6,,,
,,product-tag/thermometer-electric/,,home-healthcare-devices/mother-and-child-care/thermometer.html,,7,,,
,,product-tag/thermometer-electronic/,,home-healthcare-devices/mother-and-child-care/thermometer.html,,1,,,
,,product-tag/thermometer-electronic/,,home-healthcare-devices/mother-and-child-care/thermometer.html,,2,,,
,,product-tag/thermometer-electronic/,,home-healthcare-devices/mother-and-child-care/thermometer.html,,3,,,
,,product-tag/thermometer-electronic/,,home-healthcare-devices/mother-and-child-care/thermometer.html,,4,,,
,,product-tag/thermometer-electronic/,,home-healthcare-devices/mother-and-child-care/thermometer.html,,5,,,
,,product-tag/thermometer-electronic/,,home-healthcare-devices/mother-and-child-care/thermometer.html,,6,,,
,,product-tag/thermometer-electronic/,,home-healthcare-devices/mother-and-child-care/thermometer.html,,7,,,
,,product-tag/thermometer-equinox/?add-to-cart=5861,,home-healthcare-devices/mother-and-child-care/thermometer.html,,1,,,
,,product-tag/thermometer-equinox/?add-to-cart=5861,,home-healthcare-devices/mother-and-child-care/thermometer.html,,2,,,
,,product-tag/thermometer-equinox/?add-to-cart=5861,,home-healthcare-devices/mother-and-child-care/thermometer.html,,3,,,
,,product-tag/thermometer-equinox/?add-to-cart=5861,,home-healthcare-devices/mother-and-child-care/thermometer.html,,4,,,
,,product-tag/thermometer-equinox/?add-to-cart=5861,,home-healthcare-devices/mother-and-child-care/thermometer.html,,5,,,
,,product-tag/thermometer-equinox/?add-to-cart=5861,,home-healthcare-devices/mother-and-child-care/thermometer.html,,6,,,
,,product-tag/thermometer-equinox/?add-to-cart=5861,,home-healthcare-devices/mother-and-child-care/thermometer.html,,7,,,
,,product-tag/thermometer-infrared/,,home-healthcare-devices/mother-and-child-care/thermometer.html,,1,,,
,,product-tag/thermometer-infrared/,,home-healthcare-devices/mother-and-child-care/thermometer.html,,2,,,
,,product-tag/thermometer-infrared/,,home-healthcare-devices/mother-and-child-care/thermometer.html,,3,,,
,,product-tag/thermometer-infrared/,,home-healthcare-devices/mother-and-child-care/thermometer.html,,4,,,
,,product-tag/thermometer-infrared/,,home-healthcare-devices/mother-and-child-care/thermometer.html,,5,,,
,,product-tag/thermometer-infrared/,,home-healthcare-devices/mother-and-child-care/thermometer.html,,6,,,
,,product-tag/thermometer-infrared/,,home-healthcare-devices/mother-and-child-care/thermometer.html,,7,,,
,,product-tag/thermometer-kit-for-baby/,,home-healthcare-devices/mother-and-child-care/thermometer.html,,1,,,
,,product-tag/thermometer-kit-for-baby/,,home-healthcare-devices/mother-and-child-care/thermometer.html,,2,,,
,,product-tag/thermometer-kit-for-baby/,,home-healthcare-devices/mother-and-child-care/thermometer.html,,3,,,
,,product-tag/thermometer-kit-for-baby/,,home-healthcare-devices/mother-and-child-care/thermometer.html,,4,,,
,,product-tag/thermometer-kit-for-baby/,,home-healthcare-devices/mother-and-child-care/thermometer.html,,5,,,
,,product-tag/thermometer-kit-for-baby/,,home-healthcare-devices/mother-and-child-care/thermometer.html,,6,,,
,,product-tag/thermometer-kit-for-baby/,,home-healthcare-devices/mother-and-child-care/thermometer.html,,7,,,
,,product-tag/tongue-depressor-disposable/,,all-products.html,,1,,,
,,product-tag/tongue-depressor-disposable/,,all-products.html,,2,,,
,,product-tag/tongue-depressor-disposable/,,all-products.html,,3,,,
,,product-tag/tongue-depressor-disposable/,,all-products.html,,4,,,
,,product-tag/tongue-depressor-disposable/,,all-products.html,,5,,,
,,product-tag/tongue-depressor-disposable/,,all-products.html,,6,,,
,,product-tag/tongue-depressor-disposable/,,all-products.html,,7,,,
,,product-tag/tongue-depressor-for-doctors/,,all-products.html,,1,,,
,,product-tag/tongue-depressor-for-doctors/,,all-products.html,,2,,,
,,product-tag/tongue-depressor-for-doctors/,,all-products.html,,3,,,
,,product-tag/tongue-depressor-for-doctors/,,all-products.html,,4,,,
,,product-tag/tongue-depressor-for-doctors/,,all-products.html,,5,,,
,,product-tag/tongue-depressor-for-doctors/,,all-products.html,,6,,,
,,product-tag/tongue-depressor-for-doctors/,,all-products.html,,7,,,
,,product-tag/torniquest-belt/,,all-products.html,,1,,,
,,product-tag/torniquest-belt/,,all-products.html,,2,,,
,,product-tag/torniquest-belt/,,all-products.html,,3,,,
,,product-tag/torniquest-belt/,,all-products.html,,4,,,
,,product-tag/torniquest-belt/,,all-products.html,,5,,,
,,product-tag/torniquest-belt/,,all-products.html,,6,,,
,,product-tag/torniquest-belt/,,all-products.html,,7,,,
,,product-tag/tube-mask-for-men-under-100/,,all-products.html,,1,,,
,,product-tag/tube-mask-for-men-under-100/,,all-products.html,,2,,,
,,product-tag/tube-mask-for-men-under-100/,,all-products.html,,3,,,
,,product-tag/tube-mask-for-men-under-100/,,all-products.html,,4,,,
,,product-tag/tube-mask-for-men-under-100/,,all-products.html,,5,,,
,,product-tag/tube-mask-for-men-under-100/,,all-products.html,,6,,,
,,product-tag/tube-mask-for-men-under-100/,,all-products.html,,7,,,
,,product-tag/ultrasonic-fetal-doppler/,,home-healthcare-devices/mother-and-child-care/fetal-doppler.html,,1,,,
,,product-tag/ultrasonic-fetal-doppler/,,home-healthcare-devices/mother-and-child-care/fetal-doppler.html,,2,,,
,,product-tag/ultrasonic-fetal-doppler/,,home-healthcare-devices/mother-and-child-care/fetal-doppler.html,,3,,,
,,product-tag/ultrasonic-fetal-doppler/,,home-healthcare-devices/mother-and-child-care/fetal-doppler.html,,4,,,
,,product-tag/ultrasonic-fetal-doppler/,,home-healthcare-devices/mother-and-child-care/fetal-doppler.html,,5,,,
,,product-tag/ultrasonic-fetal-doppler/,,home-healthcare-devices/mother-and-child-care/fetal-doppler.html,,6,,,
,,product-tag/ultrasonic-fetal-doppler/,,home-healthcare-devices/mother-and-child-care/fetal-doppler.html,,7,,,
,,product-tag/vein-detector/,,all-products.html,,1,,,
,,product-tag/vein-detector/,,all-products.html,,2,,,
,,product-tag/vein-detector/,,all-products.html,,3,,,
,,product-tag/vein-detector/,,all-products.html,,4,,,
,,product-tag/vein-detector/,,all-products.html,,5,,,
,,product-tag/vein-detector/,,all-products.html,,6,,,
,,product-tag/vein-detector/,,all-products.html,,7,,,
,,product-tag/vein-finder/,,all-products.html,,1,,,
,,product-tag/vein-finder/,,all-products.html,,2,,,
,,product-tag/vein-finder/,,all-products.html,,3,,,
,,product-tag/vein-finder/,,all-products.html,,4,,,
,,product-tag/vein-finder/,,all-products.html,,5,,,
,,product-tag/vein-finder/,,all-products.html,,6,,,
,,product-tag/vein-finder/,,all-products.html,,7,,,
,,product-tag/veinhunter/,,all-products.html,,1,,,
,,product-tag/veinhunter/,,all-products.html,,2,,,
,,product-tag/veinhunter/,,all-products.html,,3,,,
,,product-tag/veinhunter/,,all-products.html,,4,,,
,,product-tag/veinhunter/,,all-products.html,,5,,,
,,product-tag/veinhunter/,,all-products.html,,6,,,
,,product-tag/veinhunter/,,all-products.html,,7,,,
,,product-tag/vein-hunter/,,all-products.html,,1,,,
,,product-tag/vein-hunter/,,all-products.html,,2,,,
,,product-tag/vein-hunter/,,all-products.html,,3,,,
,,product-tag/vein-hunter/,,all-products.html,,4,,,
,,product-tag/vein-hunter/,,all-products.html,,5,,,
,,product-tag/vein-hunter/,,all-products.html,,6,,,
,,product-tag/vein-hunter/,,all-products.html,,7,,,
,,product-tag/vein-locator/,,all-products.html,,1,,,
,,product-tag/vein-locator/,,all-products.html,,2,,,
,,product-tag/vein-locator/,,all-products.html,,3,,,
,,product-tag/vein-locator/,,all-products.html,,4,,,
,,product-tag/vein-locator/,,all-products.html,,5,,,
,,product-tag/vein-locator/,,all-products.html,,6,,,
,,product-tag/vein-locator/,,all-products.html,,7,,,
,,product-tag/vein-tracer/,,all-products.html,,1,,,
,,product-tag/vein-tracer/,,all-products.html,,2,,,
,,product-tag/vein-tracer/,,all-products.html,,3,,,
,,product-tag/vein-tracer/,,all-products.html,,4,,,
,,product-tag/vein-tracer/,,all-products.html,,5,,,
,,product-tag/vein-tracer/,,all-products.html,,6,,,
,,product-tag/vein-tracer/,,all-products.html,,7,,,
,,product-tag/water-bed-accessories/,,home-healthcare-devices/elderly-care/medical-mattress.html,,1,,,
,,product-tag/water-bed-accessories/,,home-healthcare-devices/elderly-care/medical-mattress.html,,2,,,
,,product-tag/water-bed-accessories/,,home-healthcare-devices/elderly-care/medical-mattress.html,,3,,,
,,product-tag/water-bed-accessories/,,home-healthcare-devices/elderly-care/medical-mattress.html,,4,,,
,,product-tag/water-bed-accessories/,,home-healthcare-devices/elderly-care/medical-mattress.html,,5,,,
,,product-tag/water-bed-accessories/,,home-healthcare-devices/elderly-care/medical-mattress.html,,6,,,
,,product-tag/water-bed-accessories/,,home-healthcare-devices/elderly-care/medical-mattress.html,,7,,,
,,product-tag/water-bed-mattress-for-kids/,,home-healthcare-devices/elderly-care/medical-mattress.html,,1,,,
,,product-tag/water-bed-mattress-for-kids/,,home-healthcare-devices/elderly-care/medical-mattress.html,,2,,,
,,product-tag/water-bed-mattress-for-kids/,,home-healthcare-devices/elderly-care/medical-mattress.html,,3,,,
,,product-tag/water-bed-mattress-for-kids/,,home-healthcare-devices/elderly-care/medical-mattress.html,,4,,,
,,product-tag/water-bed-mattress-for-kids/,,home-healthcare-devices/elderly-care/medical-mattress.html,,5,,,
,,product-tag/water-bed-mattress-for-kids/,,home-healthcare-devices/elderly-care/medical-mattress.html,,6,,,
,,product-tag/water-bed-mattress-for-kids/,,home-healthcare-devices/elderly-care/medical-mattress.html,,7,,,
,,product-tag/water-bed-mattress-sleepwell/,,home-healthcare-devices/elderly-care/medical-mattress.html,,1,,,
,,product-tag/water-bed-mattress-sleepwell/,,home-healthcare-devices/elderly-care/medical-mattress.html,,2,,,
,,product-tag/water-bed-mattress-sleepwell/,,home-healthcare-devices/elderly-care/medical-mattress.html,,3,,,
,,product-tag/water-bed-mattress-sleepwell/,,home-healthcare-devices/elderly-care/medical-mattress.html,,4,,,
,,product-tag/water-bed-mattress-sleepwell/,,home-healthcare-devices/elderly-care/medical-mattress.html,,5,,,
,,product-tag/water-bed-mattress-sleepwell/,,home-healthcare-devices/elderly-care/medical-mattress.html,,6,,,
,,product-tag/water-bed-mattress-sleepwell/,,home-healthcare-devices/elderly-care/medical-mattress.html,,7,,,
,,product-tag/water-bed-with-massage/,,home-healthcare-devices/elderly-care/medical-mattress.html,,1,,,
,,product-tag/water-bed-with-massage/,,home-healthcare-devices/elderly-care/medical-mattress.html,,2,,,
,,product-tag/water-bed-with-massage/,,home-healthcare-devices/elderly-care/medical-mattress.html,,3,,,
,,product-tag/water-bed-with-massage/,,home-healthcare-devices/elderly-care/medical-mattress.html,,4,,,
,,product-tag/water-bed-with-massage/,,home-healthcare-devices/elderly-care/medical-mattress.html,,5,,,
,,product-tag/water-bed-with-massage/,,home-healthcare-devices/elderly-care/medical-mattress.html,,6,,,
,,product-tag/water-bed-with-massage/,,home-healthcare-devices/elderly-care/medical-mattress.html,,7,,,
,,product-tag/welch-allyn-22860/,,all-products.html,,1,,,
,,product-tag/welch-allyn-22860/,,all-products.html,,2,,,
,,product-tag/welch-allyn-22860/,,all-products.html,,3,,,
,,product-tag/welch-allyn-22860/,,all-products.html,,4,,,
,,product-tag/welch-allyn-22860/,,all-products.html,,5,,,
,,product-tag/welch-allyn-22860/,,all-products.html,,6,,,
,,product-tag/welch-allyn-22860/,,all-products.html,,7,,,
,,product-tag/welch-allyn-22870-blu/,,all-products.html,,1,,,
,,product-tag/welch-allyn-22870-blu/,,all-products.html,,2,,,
,,product-tag/welch-allyn-22870-blu/,,all-products.html,,3,,,
,,product-tag/welch-allyn-22870-blu/,,all-products.html,,4,,,
,,product-tag/welch-allyn-22870-blu/,,all-products.html,,5,,,
,,product-tag/welch-allyn-22870-blu/,,all-products.html,,6,,,
,,product-tag/welch-allyn-22870-blu/,,all-products.html,,7,,,
,,product-tag/welchallyn-ophthalmoscope/,,professional-diagnostic-equipment/product/ophthalmoscope.html,,1,,,
,,product-tag/welchallyn-ophthalmoscope/,,professional-diagnostic-equipment/product/ophthalmoscope.html,,2,,,
,,product-tag/welchallyn-ophthalmoscope/,,professional-diagnostic-equipment/product/ophthalmoscope.html,,3,,,
,,product-tag/welchallyn-ophthalmoscope/,,professional-diagnostic-equipment/product/ophthalmoscope.html,,4,,,
,,product-tag/welchallyn-ophthalmoscope/,,professional-diagnostic-equipment/product/ophthalmoscope.html,,5,,,
,,product-tag/welchallyn-ophthalmoscope/,,professional-diagnostic-equipment/product/ophthalmoscope.html,,6,,,
,,product-tag/welchallyn-ophthalmoscope/,,professional-diagnostic-equipment/product/ophthalmoscope.html,,7,,,
,,product-tag/welch-allyn-ophthalmoscope/,,professional-diagnostic-equipment/product/ophthalmoscope.html,,1,,,
,,product-tag/welch-allyn-ophthalmoscope/,,professional-diagnostic-equipment/product/ophthalmoscope.html,,2,,,
,,product-tag/welch-allyn-ophthalmoscope/,,professional-diagnostic-equipment/product/ophthalmoscope.html,,3,,,
,,product-tag/welch-allyn-ophthalmoscope/,,professional-diagnostic-equipment/product/ophthalmoscope.html,,4,,,
,,product-tag/welch-allyn-ophthalmoscope/,,professional-diagnostic-equipment/product/ophthalmoscope.html,,5,,,
,,product-tag/welch-allyn-ophthalmoscope/,,professional-diagnostic-equipment/product/ophthalmoscope.html,,6,,,
,,product-tag/welch-allyn-ophthalmoscope/,,professional-diagnostic-equipment/product/ophthalmoscope.html,,7,,,
,,product-tag/welch-allyn-opthalmoscope/,,professional-diagnostic-equipment/product/ophthalmoscope.html,,1,,,
,,product-tag/welch-allyn-opthalmoscope/,,professional-diagnostic-equipment/product/ophthalmoscope.html,,2,,,
,,product-tag/welch-allyn-opthalmoscope/,,professional-diagnostic-equipment/product/ophthalmoscope.html,,3,,,
,,product-tag/welch-allyn-opthalmoscope/,,professional-diagnostic-equipment/product/ophthalmoscope.html,,4,,,
,,product-tag/welch-allyn-opthalmoscope/,,professional-diagnostic-equipment/product/ophthalmoscope.html,,5,,,
,,product-tag/welch-allyn-opthalmoscope/,,professional-diagnostic-equipment/product/ophthalmoscope.html,,6,,,
,,product-tag/welch-allyn-opthalmoscope/,,professional-diagnostic-equipment/product/ophthalmoscope.html,,7,,,
,,product-tag/welch-allyn-otoscope/,,professional-diagnostic-equipment/product/otoscopes.html,,1,,,
,,product-tag/welch-allyn-otoscope/,,professional-diagnostic-equipment/product/otoscopes.html,,2,,,
,,product-tag/welch-allyn-otoscope/,,professional-diagnostic-equipment/product/otoscopes.html,,3,,,
,,product-tag/welch-allyn-otoscope/,,professional-diagnostic-equipment/product/otoscopes.html,,4,,,
,,product-tag/welch-allyn-otoscope/,,professional-diagnostic-equipment/product/otoscopes.html,,5,,,
,,product-tag/welch-allyn-otoscope/,,professional-diagnostic-equipment/product/otoscopes.html,,6,,,
,,product-tag/welch-allyn-otoscope/,,professional-diagnostic-equipment/product/otoscopes.html,,7,,,
,,product-tag/wheel-table-for-office-work/,,all-products.html,,1,,,
,,product-tag/wheel-table-for-office-work/,,all-products.html,,2,,,
,,product-tag/wheel-table-for-office-work/,,all-products.html,,3,,,
,,product-tag/wheel-table-for-office-work/,,all-products.html,,4,,,
,,product-tag/wheel-table-for-office-work/,,all-products.html,,5,,,
,,product-tag/wheel-table-for-office-work/,,all-products.html,,6,,,
,,product-tag/wheel-table-for-office-work/,,all-products.html,,7,,,
,,product-tag/wisp-mask/,,home-healthcare-devices/respiratory-mask.html,,1,,,
,,product-tag/wisp-mask/,,home-healthcare-devices/respiratory-mask.html,,2,,,
,,product-tag/wisp-mask/,,home-healthcare-devices/respiratory-mask.html,,3,,,
,,product-tag/wisp-mask/,,home-healthcare-devices/respiratory-mask.html,,4,,,
,,product-tag/wisp-mask/,,home-healthcare-devices/respiratory-mask.html,,5,,,
,,product-tag/wisp-mask/,,home-healthcare-devices/respiratory-mask.html,,6,,,
,,product-tag/wisp-mask/,,home-healthcare-devices/respiratory-mask.html,,7,,,
,,product-tag/x-ray-view-box-led/,,professional-diagnostic-equipment/product/xray-viewer.html,,1,,,
,,product-tag/x-ray-view-box-led/,,professional-diagnostic-equipment/product/xray-viewer.html,,2,,,
,,product-tag/x-ray-view-box-led/,,professional-diagnostic-equipment/product/xray-viewer.html,,3,,,
,,product-tag/x-ray-view-box-led/,,professional-diagnostic-equipment/product/xray-viewer.html,,4,,,
,,product-tag/x-ray-view-box-led/,,professional-diagnostic-equipment/product/xray-viewer.html,,5,,,
,,product-tag/x-ray-view-box-led/,,professional-diagnostic-equipment/product/xray-viewer.html,,6,,,
,,product-tag/x-ray-view-box-led/,,professional-diagnostic-equipment/product/xray-viewer.html,,7,,,
,,product-tag/yuwell-oxygen-concentrator-7-ltr/,,home-healthcare-devices/oxygen-concentrator.html,,1,,,
,,product-tag/yuwell-oxygen-concentrator-7-ltr/,,home-healthcare-devices/oxygen-concentrator.html,,2,,,
,,product-tag/yuwell-oxygen-concentrator-7-ltr/,,home-healthcare-devices/oxygen-concentrator.html,,3,,,
,,product-tag/yuwell-oxygen-concentrator-7-ltr/,,home-healthcare-devices/oxygen-concentrator.html,,4,,,
,,product-tag/yuwell-oxygen-concentrator-7-ltr/,,home-healthcare-devices/oxygen-concentrator.html,,5,,,
,,product-tag/yuwell-oxygen-concentrator-7-ltr/,,home-healthcare-devices/oxygen-concentrator.html,,6,,,
,,product-tag/yuwell-oxygen-concentrator-7-ltr/,,home-healthcare-devices/oxygen-concentrator.html,,7,,,
,,product-tag/zorbes-1-5m-ear-otoscope-usb-microscope-borescope-inspection/,,professional-diagnostic-equipment/product/otoscopes.html,,1,,,
,,product-tag/zorbes-1-5m-ear-otoscope-usb-microscope-borescope-inspection/,,professional-diagnostic-equipment/product/otoscopes.html,,2,,,
,,product-tag/zorbes-1-5m-ear-otoscope-usb-microscope-borescope-inspection/,,professional-diagnostic-equipment/product/otoscopes.html,,3,,,
,,product-tag/zorbes-1-5m-ear-otoscope-usb-microscope-borescope-inspection/,,professional-diagnostic-equipment/product/otoscopes.html,,4,,,
,,product-tag/zorbes-1-5m-ear-otoscope-usb-microscope-borescope-inspection/,,professional-diagnostic-equipment/product/otoscopes.html,,5,,,
,,product-tag/zorbes-1-5m-ear-otoscope-usb-microscope-borescope-inspection/,,professional-diagnostic-equipment/product/otoscopes.html,,6,,,
,,product-tag/zorbes-1-5m-ear-otoscope-usb-microscope-borescope-inspection/,,professional-diagnostic-equipment/product/otoscopes.html,,7,,,
,,professional-diagnostic-equipment/medical-equipment.html,,professional-diagnostic-equipment.html,,1,,,
,,professional-diagnostic-equipment/medical-equipment.html,,professional-diagnostic-equipment.html,,2,,,
,,professional-diagnostic-equipment/medical-equipment.html,,professional-diagnostic-equipment.html,,3,,,
,,professional-diagnostic-equipment/medical-equipment.html,,professional-diagnostic-equipment.html,,4,,,
,,professional-diagnostic-equipment/medical-equipment.html,,professional-diagnostic-equipment.html,,5,,,
,,professional-diagnostic-equipment/medical-equipment.html,,professional-diagnostic-equipment.html,,6,,,
,,professional-diagnostic-equipment/medical-equipment.html,,professional-diagnostic-equipment.html,,7,,,
,,professional-diagnostic-equipment/otica-double-sided-stainless-steel-master-style-cardiology-stethoscope-exceptional-acoustic-rainbow-kaleidoscope-finish-chestpieces-headset-for-medical-professionals-flexible-tubing-soft-sealing-eartips-for-doctor-nurse-vet-medical-student.ht,,professional-diagnostic-equipment.html,,1,,,
,,professional-diagnostic-equipment/otica-double-sided-stainless-steel-master-style-cardiology-stethoscope-exceptional-acoustic-rainbow-kaleidoscope-finish-chestpieces-headset-for-medical-professionals-flexible-tubing-soft-sealing-eartips-for-doctor-nurse-vet-medical-student.ht,,professional-diagnostic-equipment.html,,2,,,
,,professional-diagnostic-equipment/otica-double-sided-stainless-steel-master-style-cardiology-stethoscope-exceptional-acoustic-rainbow-kaleidoscope-finish-chestpieces-headset-for-medical-professionals-flexible-tubing-soft-sealing-eartips-for-doctor-nurse-vet-medical-student.ht,,professional-diagnostic-equipment.html,,3,,,
,,professional-diagnostic-equipment/otica-double-sided-stainless-steel-master-style-cardiology-stethoscope-exceptional-acoustic-rainbow-kaleidoscope-finish-chestpieces-headset-for-medical-professionals-flexible-tubing-soft-sealing-eartips-for-doctor-nurse-vet-medical-student.ht,,professional-diagnostic-equipment.html,,4,,,
,,professional-diagnostic-equipment/otica-double-sided-stainless-steel-master-style-cardiology-stethoscope-exceptional-acoustic-rainbow-kaleidoscope-finish-chestpieces-headset-for-medical-professionals-flexible-tubing-soft-sealing-eartips-for-doctor-nurse-vet-medical-student.ht,,professional-diagnostic-equipment.html,,5,,,
,,professional-diagnostic-equipment/otica-double-sided-stainless-steel-master-style-cardiology-stethoscope-exceptional-acoustic-rainbow-kaleidoscope-finish-chestpieces-headset-for-medical-professionals-flexible-tubing-soft-sealing-eartips-for-doctor-nurse-vet-medical-student.ht,,professional-diagnostic-equipment.html,,6,,,
,,professional-diagnostic-equipment/otica-double-sided-stainless-steel-master-style-cardiology-stethoscope-exceptional-acoustic-rainbow-kaleidoscope-finish-chestpieces-headset-for-medical-professionals-flexible-tubing-soft-sealing-eartips-for-doctor-nurse-vet-medical-student.ht,,professional-diagnostic-equipment.html,,7,,,
,,professional-diagnostic-equipment/speciality/ent.html,,professional-diagnostic-equipment.html,,1,,,
,,professional-diagnostic-equipment/speciality/ent.html,,professional-diagnostic-equipment.html,,2,,,
,,professional-diagnostic-equipment/speciality/ent.html,,professional-diagnostic-equipment.html,,3,,,
,,professional-diagnostic-equipment/speciality/ent.html,,professional-diagnostic-equipment.html,,4,,,
,,professional-diagnostic-equipment/speciality/ent.html,,professional-diagnostic-equipment.html,,5,,,
,,professional-diagnostic-equipment/speciality/ent.html,,professional-diagnostic-equipment.html,,6,,,
,,professional-diagnostic-equipment/speciality/ent.html,,professional-diagnostic-equipment.html,,7,,,
,,professional-diagnostic-equipment/speciality/gp.html,,professional-diagnostic-equipment.html,,1,,,
,,professional-diagnostic-equipment/speciality/gp.html,,professional-diagnostic-equipment.html,,2,,,
,,professional-diagnostic-equipment/speciality/gp.html,,professional-diagnostic-equipment.html,,3,,,
,,professional-diagnostic-equipment/speciality/gp.html,,professional-diagnostic-equipment.html,,4,,,
,,professional-diagnostic-equipment/speciality/gp.html,,professional-diagnostic-equipment.html,,5,,,
,,professional-diagnostic-equipment/speciality/gp.html,,professional-diagnostic-equipment.html,,6,,,
,,professional-diagnostic-equipment/speciality/gp.html,,professional-diagnostic-equipment.html,,7,,,
,,professional-diagnostic-equipment/speciality/medicine.html,,professional-diagnostic-equipment.html,,1,,,
,,professional-diagnostic-equipment/speciality/medicine.html,,professional-diagnostic-equipment.html,,2,,,
,,professional-diagnostic-equipment/speciality/medicine.html,,professional-diagnostic-equipment.html,,3,,,
,,professional-diagnostic-equipment/speciality/medicine.html,,professional-diagnostic-equipment.html,,4,,,
,,professional-diagnostic-equipment/speciality/medicine.html,,professional-diagnostic-equipment.html,,5,,,
,,professional-diagnostic-equipment/speciality/medicine.html,,professional-diagnostic-equipment.html,,6,,,
,,professional-diagnostic-equipment/speciality/medicine.html,,professional-diagnostic-equipment.html,,7,,,
,,robot-wars-now-closed-post-with-audio-2/,,all-products.html,,1,,,
,,robot-wars-now-closed-post-with-audio-2/,,all-products.html,,2,,,
,,robot-wars-now-closed-post-with-audio-2/,,all-products.html,,3,,,
,,robot-wars-now-closed-post-with-audio-2/,,all-products.html,,4,,,
,,robot-wars-now-closed-post-with-audio-2/,,all-products.html,,5,,,
,,robot-wars-now-closed-post-with-audio-2/,,all-products.html,,6,,,
,,robot-wars-now-closed-post-with-audio-2/,,all-products.html,,7,,,
,,robot-wars-now-closed-post-with-gallery/,,all-products.html,,1,,,
,,robot-wars-now-closed-post-with-gallery/,,all-products.html,,2,,,
,,robot-wars-now-closed-post-with-gallery/,,all-products.html,,3,,,
,,robot-wars-now-closed-post-with-gallery/,,all-products.html,,4,,,
,,robot-wars-now-closed-post-with-gallery/,,all-products.html,,5,,,
,,robot-wars-now-closed-post-with-gallery/,,all-products.html,,6,,,
,,robot-wars-now-closed-post-with-gallery/,,all-products.html,,7,,,
,,rom-knee-brace-2/,,all-products.html,,1,,,
,,rom-knee-brace-2/,,all-products.html,,2,,,
,,rom-knee-brace-2/,,all-products.html,,3,,,
,,rom-knee-brace-2/,,all-products.html,,4,,,
,,rom-knee-brace-2/,,all-products.html,,5,,,
,,rom-knee-brace-2/,,all-products.html,,6,,,
,,rom-knee-brace-2/,,all-products.html,,7,,,
,,sadasdsadsa/,,all-products.html,,1,,,
,,sadasdsadsa/,,all-products.html,,2,,,
,,sadasdsadsa/,,all-products.html,,3,,,
,,sadasdsadsa/,,all-products.html,,4,,,
,,sadasdsadsa/,,all-products.html,,5,,,
,,sadasdsadsa/,,all-products.html,,6,,,
,,sadasdsadsa/,,all-products.html,,7,,,
,,screenshot-2023-03-17-112936/,,all-products.html,,1,,,
,,screenshot-2023-03-17-112936/,,all-products.html,,2,,,
,,screenshot-2023-03-17-112936/,,all-products.html,,3,,,
,,screenshot-2023-03-17-112936/,,all-products.html,,4,,,
,,screenshot-2023-03-17-112936/,,all-products.html,,5,,,
,,screenshot-2023-03-17-112936/,,all-products.html,,6,,,
,,screenshot-2023-03-17-112936/,,all-products.html,,7,,,
,,screenshot-2023-03-20-123818/,,all-products.html,,1,,,
,,screenshot-2023-03-20-123818/,,all-products.html,,2,,,
,,screenshot-2023-03-20-123818/,,all-products.html,,3,,,
,,screenshot-2023-03-20-123818/,,all-products.html,,4,,,
,,screenshot-2023-03-20-123818/,,all-products.html,,5,,,
,,screenshot-2023-03-20-123818/,,all-products.html,,6,,,
,,screenshot-2023-03-20-123818/,,all-products.html,,7,,,
,,shop-2/,,all-products.html,,1,,,
,,shop-2/,,all-products.html,,2,,,
,,shop-2/,,all-products.html,,3,,,
,,shop-2/,,all-products.html,,4,,,
,,shop-2/,,all-products.html,,5,,,
,,shop-2/,,all-products.html,,6,,,
,,shop-2/,,all-products.html,,7,,,
,,shop-2/?add-to-cart=10737,,all-products.html,,1,,,
,,shop-2/?add-to-cart=10737,,all-products.html,,2,,,
,,shop-2/?add-to-cart=10737,,all-products.html,,3,,,
,,shop-2/?add-to-cart=10737,,all-products.html,,4,,,
,,shop-2/?add-to-cart=10737,,all-products.html,,5,,,
,,shop-2/?add-to-cart=10737,,all-products.html,,6,,,
,,shop-2/?add-to-cart=10737,,all-products.html,,7,,,
,,shop-2/?add-to-cart=10742,,all-products.html,,1,,,
,,shop-2/?add-to-cart=10742,,all-products.html,,2,,,
,,shop-2/?add-to-cart=10742,,all-products.html,,3,,,
,,shop-2/?add-to-cart=10742,,all-products.html,,4,,,
,,shop-2/?add-to-cart=10742,,all-products.html,,5,,,
,,shop-2/?add-to-cart=10742,,all-products.html,,6,,,
,,shop-2/?add-to-cart=10742,,all-products.html,,7,,,
,,shop-2/?add-to-cart=10743,,all-products.html,,1,,,
,,shop-2/?add-to-cart=10743,,all-products.html,,2,,,
,,shop-2/?add-to-cart=10743,,all-products.html,,3,,,
,,shop-2/?add-to-cart=10743,,all-products.html,,4,,,
,,shop-2/?add-to-cart=10743,,all-products.html,,5,,,
,,shop-2/?add-to-cart=10743,,all-products.html,,6,,,
,,shop-2/?add-to-cart=10743,,all-products.html,,7,,,
,,shop-2/?add-to-cart=10752,,all-products.html,,1,,,
,,shop-2/?add-to-cart=10752,,all-products.html,,2,,,
,,shop-2/?add-to-cart=10752,,all-products.html,,3,,,
,,shop-2/?add-to-cart=10752,,all-products.html,,4,,,
,,shop-2/?add-to-cart=10752,,all-products.html,,5,,,
,,shop-2/?add-to-cart=10752,,all-products.html,,6,,,
,,shop-2/?add-to-cart=10752,,all-products.html,,7,,,
,,shop-2/?add-to-cart=10761,,all-products.html,,1,,,
,,shop-2/?add-to-cart=10761,,all-products.html,,2,,,
,,shop-2/?add-to-cart=10761,,all-products.html,,3,,,
,,shop-2/?add-to-cart=10761,,all-products.html,,4,,,
,,shop-2/?add-to-cart=10761,,all-products.html,,5,,,
,,shop-2/?add-to-cart=10761,,all-products.html,,6,,,
,,shop-2/?add-to-cart=10761,,all-products.html,,7,,,
,,shop-2/?add-to-cart=11105,,all-products.html,,1,,,
,,shop-2/?add-to-cart=11105,,all-products.html,,2,,,
,,shop-2/?add-to-cart=11105,,all-products.html,,3,,,
,,shop-2/?add-to-cart=11105,,all-products.html,,4,,,
,,shop-2/?add-to-cart=11105,,all-products.html,,5,,,
,,shop-2/?add-to-cart=11105,,all-products.html,,6,,,
,,shop-2/?add-to-cart=11105,,all-products.html,,7,,,
,,shop-2/?add-to-cart=11164,,all-products.html,,1,,,
,,shop-2/?add-to-cart=11164,,all-products.html,,2,,,
,,shop-2/?add-to-cart=11164,,all-products.html,,3,,,
,,shop-2/?add-to-cart=11164,,all-products.html,,4,,,
,,shop-2/?add-to-cart=11164,,all-products.html,,5,,,
,,shop-2/?add-to-cart=11164,,all-products.html,,6,,,
,,shop-2/?add-to-cart=11164,,all-products.html,,7,,,
,,shop-2/?add-to-cart=11170,,all-products.html,,1,,,
,,shop-2/?add-to-cart=11170,,all-products.html,,2,,,
,,shop-2/?add-to-cart=11170,,all-products.html,,3,,,
,,shop-2/?add-to-cart=11170,,all-products.html,,4,,,
,,shop-2/?add-to-cart=11170,,all-products.html,,5,,,
,,shop-2/?add-to-cart=11170,,all-products.html,,6,,,
,,shop-2/?add-to-cart=11170,,all-products.html,,7,,,
,,"shop-2/?filter_color=beige,orange",,all-products.html,,1,,,
,,"shop-2/?filter_color=beige,orange",,all-products.html,,2,,,
,,"shop-2/?filter_color=beige,orange",,all-products.html,,3,,,
,,"shop-2/?filter_color=beige,orange",,all-products.html,,4,,,
,,"shop-2/?filter_color=beige,orange",,all-products.html,,5,,,
,,"shop-2/?filter_color=beige,orange",,all-products.html,,6,,,
,,"shop-2/?filter_color=beige,orange",,all-products.html,,7,,,
,,shop-2/?filter_color=blue-de,,all-products.html,,1,,,
,,shop-2/?filter_color=blue-de,,all-products.html,,2,,,
,,shop-2/?filter_color=blue-de,,all-products.html,,3,,,
,,shop-2/?filter_color=blue-de,,all-products.html,,4,,,
,,shop-2/?filter_color=blue-de,,all-products.html,,5,,,
,,shop-2/?filter_color=blue-de,,all-products.html,,6,,,
,,shop-2/?filter_color=blue-de,,all-products.html,,7,,,
,,shop-2/?filter_color=orange,,all-products.html,,1,,,
,,shop-2/?filter_color=orange,,all-products.html,,2,,,
,,shop-2/?filter_color=orange,,all-products.html,,3,,,
,,shop-2/?filter_color=orange,,all-products.html,,4,,,
,,shop-2/?filter_color=orange,,all-products.html,,5,,,
,,shop-2/?filter_color=orange,,all-products.html,,6,,,
,,shop-2/?filter_color=orange,,all-products.html,,7,,,
,,shop-2/?filter_color=white-black,,all-products.html,,1,,,
,,shop-2/?filter_color=white-black,,all-products.html,,2,,,
,,shop-2/?filter_color=white-black,,all-products.html,,3,,,
,,shop-2/?filter_color=white-black,,all-products.html,,4,,,
,,shop-2/?filter_color=white-black,,all-products.html,,5,,,
,,shop-2/?filter_color=white-black,,all-products.html,,6,,,
,,shop-2/?filter_color=white-black,,all-products.html,,7,,,
,,slide18-1400x1400/,,all-products.html,,1,,,
,,slide18-1400x1400/,,all-products.html,,2,,,
,,slide18-1400x1400/,,all-products.html,,3,,,
,,slide18-1400x1400/,,all-products.html,,4,,,
,,slide18-1400x1400/,,all-products.html,,5,,,
,,slide18-1400x1400/,,all-products.html,,6,,,
,,slide18-1400x1400/,,all-products.html,,7,,,
,,spacex-falcon-explodes-after-landing-2/,,all-products.html,,1,,,
,,spacex-falcon-explodes-after-landing-2/,,all-products.html,,2,,,
,,spacex-falcon-explodes-after-landing-2/,,all-products.html,,3,,,
,,spacex-falcon-explodes-after-landing-2/,,all-products.html,,4,,,
,,spacex-falcon-explodes-after-landing-2/,,all-products.html,,5,,,
,,spacex-falcon-explodes-after-landing-2/,,all-products.html,,6,,,
,,spacex-falcon-explodes-after-landing-2/,,all-products.html,,7,,,
,,static_block/cameras-accessories-megamenu-item/,,all-products.html,,1,,,
,,static_block/cameras-accessories-megamenu-item/,,all-products.html,,2,,,
,,static_block/cameras-accessories-megamenu-item/,,all-products.html,,3,,,
,,static_block/cameras-accessories-megamenu-item/,,all-products.html,,4,,,
,,static_block/cameras-accessories-megamenu-item/,,all-products.html,,5,,,
,,static_block/cameras-accessories-megamenu-item/,,all-products.html,,6,,,
,,static_block/cameras-accessories-megamenu-item/,,all-products.html,,7,,,
,,static_block/cameras-audio-video-megamenu-item-header-2/,,all-products.html,,1,,,
,,static_block/cameras-audio-video-megamenu-item-header-2/,,all-products.html,,2,,,
,,static_block/cameras-audio-video-megamenu-item-header-2/,,all-products.html,,3,,,
,,static_block/cameras-audio-video-megamenu-item-header-2/,,all-products.html,,4,,,
,,static_block/cameras-audio-video-megamenu-item-header-2/,,all-products.html,,5,,,
,,static_block/cameras-audio-video-megamenu-item-header-2/,,all-products.html,,6,,,
,,static_block/cameras-audio-video-megamenu-item-header-2/,,all-products.html,,7,,,
,,static_block/car-motorbike-industrial/,,all-products.html,,1,,,
,,static_block/car-motorbike-industrial/,,all-products.html,,2,,,
,,static_block/car-motorbike-industrial/,,all-products.html,,3,,,
,,static_block/car-motorbike-industrial/,,all-products.html,,4,,,
,,static_block/car-motorbike-industrial/,,all-products.html,,5,,,
,,static_block/car-motorbike-industrial/,,all-products.html,,6,,,
,,static_block/car-motorbike-industrial/,,all-products.html,,7,,,
,,static_block/mobiles-tablets-fullwidth-megamenu-item/,,all-products.html,,1,,,
,,static_block/mobiles-tablets-fullwidth-megamenu-item/,,all-products.html,,2,,,
,,static_block/mobiles-tablets-fullwidth-megamenu-item/,,all-products.html,,3,,,
,,static_block/mobiles-tablets-fullwidth-megamenu-item/,,all-products.html,,4,,,
,,static_block/mobiles-tablets-fullwidth-megamenu-item/,,all-products.html,,5,,,
,,static_block/mobiles-tablets-fullwidth-megamenu-item/,,all-products.html,,6,,,
,,static_block/mobiles-tablets-fullwidth-megamenu-item/,,all-products.html,,7,,,
,,static_block/mobiles-tablets-megamenu-item/,,all-products.html,,1,,,
,,static_block/mobiles-tablets-megamenu-item/,,all-products.html,,2,,,
,,static_block/mobiles-tablets-megamenu-item/,,all-products.html,,3,,,
,,static_block/mobiles-tablets-megamenu-item/,,all-products.html,,4,,,
,,static_block/mobiles-tablets-megamenu-item/,,all-products.html,,5,,,
,,static_block/mobiles-tablets-megamenu-item/,,all-products.html,,6,,,
,,static_block/mobiles-tablets-megamenu-item/,,all-products.html,,7,,,
,,static_block/movies-music-video-games-megamenu-item/,,all-products.html,,1,,,
,,static_block/movies-music-video-games-megamenu-item/,,all-products.html,,2,,,
,,static_block/movies-music-video-games-megamenu-item/,,all-products.html,,3,,,
,,static_block/movies-music-video-games-megamenu-item/,,all-products.html,,4,,,
,,static_block/movies-music-video-games-megamenu-item/,,all-products.html,,5,,,
,,static_block/movies-music-video-games-megamenu-item/,,all-products.html,,6,,,
,,static_block/movies-music-video-games-megamenu-item/,,all-products.html,,7,,,
,,static_block/movies-music-video-games-megamenu-item-2/,,all-products.html,,1,,,
,,static_block/movies-music-video-games-megamenu-item-2/,,all-products.html,,2,,,
,,static_block/movies-music-video-games-megamenu-item-2/,,all-products.html,,3,,,
,,static_block/movies-music-video-games-megamenu-item-2/,,all-products.html,,4,,,
,,static_block/movies-music-video-games-megamenu-item-2/,,all-products.html,,5,,,
,,static_block/movies-music-video-games-megamenu-item-2/,,all-products.html,,6,,,
,,static_block/movies-music-video-games-megamenu-item-2/,,all-products.html,,7,,,
,,static_block/movies-music-video-games-megamenu-item-header-2/,,all-products.html,,1,,,
,,static_block/movies-music-video-games-megamenu-item-header-2/,,all-products.html,,2,,,
,,static_block/movies-music-video-games-megamenu-item-header-2/,,all-products.html,,3,,,
,,static_block/movies-music-video-games-megamenu-item-header-2/,,all-products.html,,4,,,
,,static_block/movies-music-video-games-megamenu-item-header-2/,,all-products.html,,5,,,
,,static_block/movies-music-video-games-megamenu-item-header-2/,,all-products.html,,6,,,
,,static_block/movies-music-video-games-megamenu-item-header-2/,,all-products.html,,7,,,
,,surgical-instrument/product/all-products.html,,surgical-instrument.html,,1,,,
,,surgical-instrument/product/all-products.html,,surgical-instrument.html,,2,,,
,,surgical-instrument/product/all-products.html,,surgical-instrument.html,,3,,,
,,surgical-instrument/product/all-products.html,,surgical-instrument.html,,4,,,
,,surgical-instrument/product/all-products.html,,surgical-instrument.html,,5,,,
,,surgical-instrument/product/all-products.html,,surgical-instrument.html,,6,,,
,,surgical-instrument/product/all-products.html,,surgical-instrument.html,,7,,,
,,tag/amazon-like/,,all-products.html,,1,,,
,,tag/amazon-like/,,all-products.html,,2,,,
,,tag/amazon-like/,,all-products.html,,3,,,
,,tag/amazon-like/,,all-products.html,,4,,,
,,tag/amazon-like/,,all-products.html,,5,,,
,,tag/amazon-like/,,all-products.html,,6,,,
,,tag/amazon-like/,,all-products.html,,7,,,
,,tag/awesome/,,all-products.html,,1,,,
,,tag/awesome/,,all-products.html,,2,,,
,,tag/awesome/,,all-products.html,,3,,,
,,tag/awesome/,,all-products.html,,4,,,
,,tag/awesome/,,all-products.html,,5,,,
,,tag/awesome/,,all-products.html,,6,,,
,,tag/awesome/,,all-products.html,,7,,,
,,tag/bootstrap/,,all-products.html,,1,,,
,,tag/bootstrap/,,all-products.html,,2,,,
,,tag/bootstrap/,,all-products.html,,3,,,
,,tag/bootstrap/,,all-products.html,,4,,,
,,tag/bootstrap/,,all-products.html,,5,,,
,,tag/bootstrap/,,all-products.html,,6,,,
,,tag/bootstrap/,,all-products.html,,7,,,
,,tag/clean-design/,,all-products.html,,1,,,
,,tag/clean-design/,,all-products.html,,2,,,
,,tag/clean-design/,,all-products.html,,3,,,
,,tag/clean-design/,,all-products.html,,4,,,
,,tag/clean-design/,,all-products.html,,5,,,
,,tag/clean-design/,,all-products.html,,6,,,
,,tag/clean-design/,,all-products.html,,7,,,
,,tag/electronics/,,all-products.html,,1,,,
,,tag/electronics/,,all-products.html,,2,,,
,,tag/electronics/,,all-products.html,,3,,,
,,tag/electronics/,,all-products.html,,4,,,
,,tag/electronics/,,all-products.html,,5,,,
,,tag/electronics/,,all-products.html,,6,,,
,,tag/electronics/,,all-products.html,,7,,,
,,tag/travel/,,all-products.html,,1,,,
,,tag/travel/,,all-products.html,,2,,,
,,tag/travel/,,all-products.html,,3,,,
,,tag/travel/,,all-products.html,,4,,,
,,tag/travel/,,all-products.html,,5,,,
,,tag/travel/,,all-products.html,,6,,,
,,tag/travel/,,all-products.html,,7,,,
,,tag/video-post-format/,,all-products.html,,1,,,
,,tag/video-post-format/,,all-products.html,,2,,,
,,tag/video-post-format/,,all-products.html,,3,,,
,,tag/video-post-format/,,all-products.html,,4,,,
,,tag/video-post-format/,,all-products.html,,5,,,
,,tag/video-post-format/,,all-products.html,,6,,,
,,tag/video-post-format/,,all-products.html,,7,,,
,,tag/woocommerce/,,all-products.html,,1,,,
,,tag/woocommerce/,,all-products.html,,2,,,
,,tag/woocommerce/,,all-products.html,,3,,,
,,tag/woocommerce/,,all-products.html,,4,,,
,,tag/woocommerce/,,all-products.html,,5,,,
,,tag/woocommerce/,,all-products.html,,6,,,
,,tag/woocommerce/,,all-products.html,,7,,,
,,the-first-flowers-in-space/,,all-products.html,,1,,,
,,the-first-flowers-in-space/,,all-products.html,,2,,,
,,the-first-flowers-in-space/,,all-products.html,,3,,,
,,the-first-flowers-in-space/,,all-products.html,,4,,,
,,the-first-flowers-in-space/,,all-products.html,,5,,,
,,the-first-flowers-in-space/,,all-products.html,,6,,,
,,the-first-flowers-in-space/,,all-products.html,,7,,,
,,track-your-order/,,all-products.html,,1,,,
,,track-your-order/,,all-products.html,,2,,,
,,track-your-order/,,all-products.html,,3,,,
,,track-your-order/,,all-products.html,,4,,,
,,track-your-order/,,all-products.html,,5,,,
,,track-your-order/,,all-products.html,,6,,,
,,track-your-order/,,all-products.html,,7,,,
,,uae/all-products.html,,all-products.html,,1,,,
,,uae/all-products.html,,all-products.html,,2,,,
,,uae/all-products.html,,all-products.html,,3,,,
,,uae/all-products.html,,all-products.html,,4,,,
,,uae/all-products.html,,all-products.html,,5,,,
,,uae/all-products.html,,all-products.html,,6,,,
,,uae/all-products.html,,all-products.html,,7,,,
,,"uae/best-pill-cutter-and-splitter.html?color=blue&material=medical 
grade",,"best-pill-cutter-and-splitter.html?color=blue&material=medical 
grade",,1,,,
,,"uae/best-pill-cutter-and-splitter.html?color=blue&material=medical 
grade",,"best-pill-cutter-and-splitter.html?color=blue&material=medical 
grade",,2,,,
,,"uae/best-pill-cutter-and-splitter.html?color=blue&material=medical 
grade",,"best-pill-cutter-and-splitter.html?color=blue&material=medical 
grade",,3,,,
,,"uae/best-pill-cutter-and-splitter.html?color=blue&material=medical 
grade",,"best-pill-cutter-and-splitter.html?color=blue&material=medical 
grade",,4,,,
,,"uae/best-pill-cutter-and-splitter.html?color=blue&material=medical 
grade",,"best-pill-cutter-and-splitter.html?color=blue&material=medical 
grade",,5,,,
,,"uae/best-pill-cutter-and-splitter.html?color=blue&material=medical 
grade",,"best-pill-cutter-and-splitter.html?color=blue&material=medical 
grade",,6,,,
,,"uae/best-pill-cutter-and-splitter.html?color=blue&material=medical 
grade",,"best-pill-cutter-and-splitter.html?color=blue&material=medical 
grade",,7,,,
,,uae/first-aid-box-emergency-medical-kit-with-multi-compartment-storage-key-lock-for-home-school-office.html,,first-aid-box-emergency-medical-kit-with-multi-compartment-storage-key-lock-for-home-school-office.html,,1,,,
,,uae/first-aid-box-emergency-medical-kit-with-multi-compartment-storage-key-lock-for-home-school-office.html,,first-aid-box-emergency-medical-kit-with-multi-compartment-storage-key-lock-for-home-school-office.html,,2,,,
,,uae/first-aid-box-emergency-medical-kit-with-multi-compartment-storage-key-lock-for-home-school-office.html,,first-aid-box-emergency-medical-kit-with-multi-compartment-storage-key-lock-for-home-school-office.html,,3,,,
,,uae/first-aid-box-emergency-medical-kit-with-multi-compartment-storage-key-lock-for-home-school-office.html,,first-aid-box-emergency-medical-kit-with-multi-compartment-storage-key-lock-for-home-school-office.html,,4,,,
,,uae/first-aid-box-emergency-medical-kit-with-multi-compartment-storage-key-lock-for-home-school-office.html,,first-aid-box-emergency-medical-kit-with-multi-compartment-storage-key-lock-for-home-school-office.html,,5,,,
,,uae/first-aid-box-emergency-medical-kit-with-multi-compartment-storage-key-lock-for-home-school-office.html,,first-aid-box-emergency-medical-kit-with-multi-compartment-storage-key-lock-for-home-school-office.html,,6,,,
,,uae/first-aid-box-emergency-medical-kit-with-multi-compartment-storage-key-lock-for-home-school-office.html,,first-aid-box-emergency-medical-kit-with-multi-compartment-storage-key-lock-for-home-school-office.html,,7,,,
,,uae/mouth-gag-stainless-steel-dental-surgical-instrument-for-oral-procedures.html,,mouth-gag-stainless-steel-dental-surgical-instrument-for-oral-procedures.html,,1,,,
,,uae/mouth-gag-stainless-steel-dental-surgical-instrument-for-oral-procedures.html,,mouth-gag-stainless-steel-dental-surgical-instrument-for-oral-procedures.html,,2,,,
,,uae/mouth-gag-stainless-steel-dental-surgical-instrument-for-oral-procedures.html,,mouth-gag-stainless-steel-dental-surgical-instrument-for-oral-procedures.html,,3,,,
,,uae/mouth-gag-stainless-steel-dental-surgical-instrument-for-oral-procedures.html,,mouth-gag-stainless-steel-dental-surgical-instrument-for-oral-procedures.html,,4,,,
,,uae/mouth-gag-stainless-steel-dental-surgical-instrument-for-oral-procedures.html,,mouth-gag-stainless-steel-dental-surgical-instrument-for-oral-procedures.html,,5,,,
,,uae/mouth-gag-stainless-steel-dental-surgical-instrument-for-oral-procedures.html,,mouth-gag-stainless-steel-dental-surgical-instrument-for-oral-procedures.html,,6,,,
,,uae/mouth-gag-stainless-steel-dental-surgical-instrument-for-oral-procedures.html,,mouth-gag-stainless-steel-dental-surgical-instrument-for-oral-procedures.html,,7,,,
,,"uae/nasal-cannula-for-oxygen-soft-touch-tubing-universal-connector-for-adults.html?size=7 
feet",,"nasal-cannula-for-oxygen-soft-touch-tubing-universal-connector-for-adults.html?size=7 
feet",,1,,,
,,"uae/nasal-cannula-for-oxygen-soft-touch-tubing-universal-connector-for-adults.html?size=7 
feet",,"nasal-cannula-for-oxygen-soft-touch-tubing-universal-connector-for-adults.html?size=7 
feet",,2,,,
,,"uae/nasal-cannula-for-oxygen-soft-touch-tubing-universal-connector-for-adults.html?size=7 
feet",,"nasal-cannula-for-oxygen-soft-touch-tubing-universal-connector-for-adults.html?size=7 
feet",,3,,,
,,"uae/nasal-cannula-for-oxygen-soft-touch-tubing-universal-connector-for-adults.html?size=7 
feet",,"nasal-cannula-for-oxygen-soft-touch-tubing-universal-connector-for-adults.html?size=7 
feet",,4,,,
,,"uae/nasal-cannula-for-oxygen-soft-touch-tubing-universal-connector-for-adults.html?size=7 
feet",,"nasal-cannula-for-oxygen-soft-touch-tubing-universal-connector-for-adults.html?size=7 
feet",,5,,,
,,"uae/nasal-cannula-for-oxygen-soft-touch-tubing-universal-connector-for-adults.html?size=7 
feet",,"nasal-cannula-for-oxygen-soft-touch-tubing-universal-connector-for-adults.html?size=7 
feet",,6,,,
,,"uae/nasal-cannula-for-oxygen-soft-touch-tubing-universal-connector-for-adults.html?size=7 
feet",,"nasal-cannula-for-oxygen-soft-touch-tubing-universal-connector-for-adults.html?size=7 
feet",,7,,,
,,uae/nebulizer-for-home-compact-compressor-nebulizer-for-respiratory-therapy.html,,nebulizer-for-home-compact-compressor-nebulizer-for-respiratory-therapy.html,,1,,,
,,uae/nebulizer-for-home-compact-compressor-nebulizer-for-respiratory-therapy.html,,nebulizer-for-home-compact-compressor-nebulizer-for-respiratory-therapy.html,,2,,,
,,uae/nebulizer-for-home-compact-compressor-nebulizer-for-respiratory-therapy.html,,nebulizer-for-home-compact-compressor-nebulizer-for-respiratory-therapy.html,,3,,,
,,uae/nebulizer-for-home-compact-compressor-nebulizer-for-respiratory-therapy.html,,nebulizer-for-home-compact-compressor-nebulizer-for-respiratory-therapy.html,,4,,,
,,uae/nebulizer-for-home-compact-compressor-nebulizer-for-respiratory-therapy.html,,nebulizer-for-home-compact-compressor-nebulizer-for-respiratory-therapy.html,,5,,,
,,uae/nebulizer-for-home-compact-compressor-nebulizer-for-respiratory-therapy.html,,nebulizer-for-home-compact-compressor-nebulizer-for-respiratory-therapy.html,,6,,,
,,uae/nebulizer-for-home-compact-compressor-nebulizer-for-respiratory-therapy.html,,nebulizer-for-home-compact-compressor-nebulizer-for-respiratory-therapy.html,,7,,,
,,"uae/otica-99-isopropyl-alcohol-ipa-pure-rubbing-isopropanol-for-cleaning-electronics-surfaces-medical-technical-use-glass-de-icer-painting-more-pure-without-mixing.html?size=250 
ml",,"otica-99-isopropyl-alcohol-ipa-pure-rubbing-isopropanol-for-cleaning-electronics-surfaces-medical-technical-use-glass-de-icer-painting-more-pure-without-mixing.html?size=250 
ml",,1,,,
,,"uae/otica-99-isopropyl-alcohol-ipa-pure-rubbing-isopropanol-for-cleaning-electronics-surfaces-medical-technical-use-glass-de-icer-painting-more-pure-without-mixing.html?size=250 
ml",,"otica-99-isopropyl-alcohol-ipa-pure-rubbing-isopropanol-for-cleaning-electronics-surfaces-medical-technical-use-glass-de-icer-painting-more-pure-without-mixing.html?size=250 
ml",,2,,,
,,"uae/otica-99-isopropyl-alcohol-ipa-pure-rubbing-isopropanol-for-cleaning-electronics-surfaces-medical-technical-use-glass-de-icer-painting-more-pure-without-mixing.html?size=250 
ml",,"otica-99-isopropyl-alcohol-ipa-pure-rubbing-isopropanol-for-cleaning-electronics-surfaces-medical-technical-use-glass-de-icer-painting-more-pure-without-mixing.html?size=250 
ml",,3,,,
,,"uae/otica-99-isopropyl-alcohol-ipa-pure-rubbing-isopropanol-for-cleaning-electronics-surfaces-medical-technical-use-glass-de-icer-painting-more-pure-without-mixing.html?size=250 
ml",,"otica-99-isopropyl-alcohol-ipa-pure-rubbing-isopropanol-for-cleaning-electronics-surfaces-medical-technical-use-glass-de-icer-painting-more-pure-without-mixing.html?size=250 
ml",,4,,,
,,"uae/otica-99-isopropyl-alcohol-ipa-pure-rubbing-isopropanol-for-cleaning-electronics-surfaces-medical-technical-use-glass-de-icer-painting-more-pure-without-mixing.html?size=250 
ml",,"otica-99-isopropyl-alcohol-ipa-pure-rubbing-isopropanol-for-cleaning-electronics-surfaces-medical-technical-use-glass-de-icer-painting-more-pure-without-mixing.html?size=250 
ml",,5,,,
,,"uae/otica-99-isopropyl-alcohol-ipa-pure-rubbing-isopropanol-for-cleaning-electronics-surfaces-medical-technical-use-glass-de-icer-painting-more-pure-without-mixing.html?size=250 
ml",,"otica-99-isopropyl-alcohol-ipa-pure-rubbing-isopropanol-for-cleaning-electronics-surfaces-medical-technical-use-glass-de-icer-painting-more-pure-without-mixing.html?size=250 
ml",,6,,,
,,"uae/otica-99-isopropyl-alcohol-ipa-pure-rubbing-isopropanol-for-cleaning-electronics-surfaces-medical-technical-use-glass-de-icer-painting-more-pure-without-mixing.html?size=250 
ml",,"otica-99-isopropyl-alcohol-ipa-pure-rubbing-isopropanol-for-cleaning-electronics-surfaces-medical-technical-use-glass-de-icer-painting-more-pure-without-mixing.html?size=250 
ml",,7,,,
,,"uae/otica-99-isopropyl-alcohol-ipa-pure-rubbing-isopropanol-for-cleaning-electronics-surfaces-medical-technical-use-glass-de-icer-painting-more-pure-without-mixing.html?size=500 
ml",,"otica-99-isopropyl-alcohol-ipa-pure-rubbing-isopropanol-for-cleaning-electronics-surfaces-medical-technical-use-glass-de-icer-painting-more-pure-without-mixing.html?size=500 
ml",,1,,,
,,"uae/otica-99-isopropyl-alcohol-ipa-pure-rubbing-isopropanol-for-cleaning-electronics-surfaces-medical-technical-use-glass-de-icer-painting-more-pure-without-mixing.html?size=500 
ml",,"otica-99-isopropyl-alcohol-ipa-pure-rubbing-isopropanol-for-cleaning-electronics-surfaces-medical-technical-use-glass-de-icer-painting-more-pure-without-mixing.html?size=500 
ml",,2,,,
,,"uae/otica-99-isopropyl-alcohol-ipa-pure-rubbing-isopropanol-for-cleaning-electronics-surfaces-medical-technical-use-glass-de-icer-painting-more-pure-without-mixing.html?size=500 
ml",,"otica-99-isopropyl-alcohol-ipa-pure-rubbing-isopropanol-for-cleaning-electronics-surfaces-medical-technical-use-glass-de-icer-painting-more-pure-without-mixing.html?size=500 
ml",,3,,,
,,"uae/otica-99-isopropyl-alcohol-ipa-pure-rubbing-isopropanol-for-cleaning-electronics-surfaces-medical-technical-use-glass-de-icer-painting-more-pure-without-mixing.html?size=500 
ml",,"otica-99-isopropyl-alcohol-ipa-pure-rubbing-isopropanol-for-cleaning-electronics-surfaces-medical-technical-use-glass-de-icer-painting-more-pure-without-mixing.html?size=500 
ml",,4,,,
,,"uae/otica-99-isopropyl-alcohol-ipa-pure-rubbing-isopropanol-for-cleaning-electronics-surfaces-medical-technical-use-glass-de-icer-painting-more-pure-without-mixing.html?size=500 
ml",,"otica-99-isopropyl-alcohol-ipa-pure-rubbing-isopropanol-for-cleaning-electronics-surfaces-medical-technical-use-glass-de-icer-painting-more-pure-without-mixing.html?size=500 
ml",,5,,,
,,"uae/otica-99-isopropyl-alcohol-ipa-pure-rubbing-isopropanol-for-cleaning-electronics-surfaces-medical-technical-use-glass-de-icer-painting-more-pure-without-mixing.html?size=500 
ml",,"otica-99-isopropyl-alcohol-ipa-pure-rubbing-isopropanol-for-cleaning-electronics-surfaces-medical-technical-use-glass-de-icer-painting-more-pure-without-mixing.html?size=500 
ml",,6,,,
,,"uae/otica-99-isopropyl-alcohol-ipa-pure-rubbing-isopropanol-for-cleaning-electronics-surfaces-medical-technical-use-glass-de-icer-painting-more-pure-without-mixing.html?size=500 
ml",,"otica-99-isopropyl-alcohol-ipa-pure-rubbing-isopropanol-for-cleaning-electronics-surfaces-medical-technical-use-glass-de-icer-painting-more-pure-without-mixing.html?size=500 
ml",,7,,,
,,uae/otica-black-nitrile-gloves-100-pcs-chemical-resistant-medical-cooking-cleaning-tattoo-artist-disposable-black-gloves.html?size=small&color=black,,otica-black-nitrile-gloves-100-pcs-chemical-resistant-medical-cooking-cleaning-tattoo-artist-disposable-black-gloves.html?size=small&color=black,,1,,,
,,uae/otica-black-nitrile-gloves-100-pcs-chemical-resistant-medical-cooking-cleaning-tattoo-artist-disposable-black-gloves.html?size=small&color=black,,otica-black-nitrile-gloves-100-pcs-chemical-resistant-medical-cooking-cleaning-tattoo-artist-disposable-black-gloves.html?size=small&color=black,,2,,,
,,uae/otica-black-nitrile-gloves-100-pcs-chemical-resistant-medical-cooking-cleaning-tattoo-artist-disposable-black-gloves.html?size=small&color=black,,otica-black-nitrile-gloves-100-pcs-chemical-resistant-medical-cooking-cleaning-tattoo-artist-disposable-black-gloves.html?size=small&color=black,,3,,,
,,uae/otica-black-nitrile-gloves-100-pcs-chemical-resistant-medical-cooking-cleaning-tattoo-artist-disposable-black-gloves.html?size=small&color=black,,otica-black-nitrile-gloves-100-pcs-chemical-resistant-medical-cooking-cleaning-tattoo-artist-disposable-black-gloves.html?size=small&color=black,,4,,,
,,uae/otica-black-nitrile-gloves-100-pcs-chemical-resistant-medical-cooking-cleaning-tattoo-artist-disposable-black-gloves.html?size=small&color=black,,otica-black-nitrile-gloves-100-pcs-chemical-resistant-medical-cooking-cleaning-tattoo-artist-disposable-black-gloves.html?size=small&color=black,,5,,,
,,uae/otica-black-nitrile-gloves-100-pcs-chemical-resistant-medical-cooking-cleaning-tattoo-artist-disposable-black-gloves.html?size=small&color=black,,otica-black-nitrile-gloves-100-pcs-chemical-resistant-medical-cooking-cleaning-tattoo-artist-disposable-black-gloves.html?size=small&color=black,,6,,,
,,uae/otica-black-nitrile-gloves-100-pcs-chemical-resistant-medical-cooking-cleaning-tattoo-artist-disposable-black-gloves.html?size=small&color=black,,otica-black-nitrile-gloves-100-pcs-chemical-resistant-medical-cooking-cleaning-tattoo-artist-disposable-black-gloves.html?size=small&color=black,,7,,,
,,uae/otica-classic-dual-head-stainless-steel-stethoscope-tunable-diaphragm-premium-acoustics-for-doctors-nurses-students-adult-pediatric-use.html?color=pink,,otica-classic-dual-head-stainless-steel-stethoscope-tunable-diaphragm-premium-acoustics-for-doctors-nurses-students-adult-pediatric-use.html?color=pink,,1,,,
,,uae/otica-classic-dual-head-stainless-steel-stethoscope-tunable-diaphragm-premium-acoustics-for-doctors-nurses-students-adult-pediatric-use.html?color=pink,,otica-classic-dual-head-stainless-steel-stethoscope-tunable-diaphragm-premium-acoustics-for-doctors-nurses-students-adult-pediatric-use.html?color=pink,,2,,,
,,uae/otica-classic-dual-head-stainless-steel-stethoscope-tunable-diaphragm-premium-acoustics-for-doctors-nurses-students-adult-pediatric-use.html?color=pink,,otica-classic-dual-head-stainless-steel-stethoscope-tunable-diaphragm-premium-acoustics-for-doctors-nurses-students-adult-pediatric-use.html?color=pink,,3,,,
,,uae/otica-classic-dual-head-stainless-steel-stethoscope-tunable-diaphragm-premium-acoustics-for-doctors-nurses-students-adult-pediatric-use.html?color=pink,,otica-classic-dual-head-stainless-steel-stethoscope-tunable-diaphragm-premium-acoustics-for-doctors-nurses-students-adult-pediatric-use.html?color=pink,,4,,,
,,uae/otica-classic-dual-head-stainless-steel-stethoscope-tunable-diaphragm-premium-acoustics-for-doctors-nurses-students-adult-pediatric-use.html?color=pink,,otica-classic-dual-head-stainless-steel-stethoscope-tunable-diaphragm-premium-acoustics-for-doctors-nurses-students-adult-pediatric-use.html?color=pink,,5,,,
,,uae/otica-classic-dual-head-stainless-steel-stethoscope-tunable-diaphragm-premium-acoustics-for-doctors-nurses-students-adult-pediatric-use.html?color=pink,,otica-classic-dual-head-stainless-steel-stethoscope-tunable-diaphragm-premium-acoustics-for-doctors-nurses-students-adult-pediatric-use.html?color=pink,,6,,,
,,uae/otica-classic-dual-head-stainless-steel-stethoscope-tunable-diaphragm-premium-acoustics-for-doctors-nurses-students-adult-pediatric-use.html?color=pink,,otica-classic-dual-head-stainless-steel-stethoscope-tunable-diaphragm-premium-acoustics-for-doctors-nurses-students-adult-pediatric-use.html?color=pink,,7,,,
,,uae/otica-classic-dual-head-stainless-steel-stethoscope-tunable-diaphragm-premium-acoustics-for-doctors-nurses-students-adult-pediatric-use.html?color=purple,,otica-classic-dual-head-stainless-steel-stethoscope-tunable-diaphragm-premium-acoustics-for-doctors-nurses-students-adult-pediatric-use.html?color=purple,,1,,,
,,uae/otica-classic-dual-head-stainless-steel-stethoscope-tunable-diaphragm-premium-acoustics-for-doctors-nurses-students-adult-pediatric-use.html?color=purple,,otica-classic-dual-head-stainless-steel-stethoscope-tunable-diaphragm-premium-acoustics-for-doctors-nurses-students-adult-pediatric-use.html?color=purple,,2,,,
,,uae/otica-classic-dual-head-stainless-steel-stethoscope-tunable-diaphragm-premium-acoustics-for-doctors-nurses-students-adult-pediatric-use.html?color=purple,,otica-classic-dual-head-stainless-steel-stethoscope-tunable-diaphragm-premium-acoustics-for-doctors-nurses-students-adult-pediatric-use.html?color=purple,,3,,,
,,uae/otica-classic-dual-head-stainless-steel-stethoscope-tunable-diaphragm-premium-acoustics-for-doctors-nurses-students-adult-pediatric-use.html?color=purple,,otica-classic-dual-head-stainless-steel-stethoscope-tunable-diaphragm-premium-acoustics-for-doctors-nurses-students-adult-pediatric-use.html?color=purple,,4,,,
,,uae/otica-classic-dual-head-stainless-steel-stethoscope-tunable-diaphragm-premium-acoustics-for-doctors-nurses-students-adult-pediatric-use.html?color=purple,,otica-classic-dual-head-stainless-steel-stethoscope-tunable-diaphragm-premium-acoustics-for-doctors-nurses-students-adult-pediatric-use.html?color=purple,,5,,,
,,uae/otica-classic-dual-head-stainless-steel-stethoscope-tunable-diaphragm-premium-acoustics-for-doctors-nurses-students-adult-pediatric-use.html?color=purple,,otica-classic-dual-head-stainless-steel-stethoscope-tunable-diaphragm-premium-acoustics-for-doctors-nurses-students-adult-pediatric-use.html?color=purple,,6,,,
,,uae/otica-classic-dual-head-stainless-steel-stethoscope-tunable-diaphragm-premium-acoustics-for-doctors-nurses-students-adult-pediatric-use.html?color=purple,,otica-classic-dual-head-stainless-steel-stethoscope-tunable-diaphragm-premium-acoustics-for-doctors-nurses-students-adult-pediatric-use.html?color=purple,,7,,,
,,uae/otica-disposable-airsense-11-cpap-filters-designed-for-resmed-airsense-11-machines-travel-friendly-and-easy-to-install-provides-superior-filtration-for-clean-healthy-and-purified-air.html,,otica-disposable-airsense-11-cpap-filters-designed-for-resmed-airsense-11-machines-travel-friendly-and-easy-to-install-provides-superior-filtration-for-clean-healthy-and-purified-air.html,,1,,,
,,uae/otica-disposable-airsense-11-cpap-filters-designed-for-resmed-airsense-11-machines-travel-friendly-and-easy-to-install-provides-superior-filtration-for-clean-healthy-and-purified-air.html,,otica-disposable-airsense-11-cpap-filters-designed-for-resmed-airsense-11-machines-travel-friendly-and-easy-to-install-provides-superior-filtration-for-clean-healthy-and-purified-air.html,,2,,,
,,uae/otica-disposable-airsense-11-cpap-filters-designed-for-resmed-airsense-11-machines-travel-friendly-and-easy-to-install-provides-superior-filtration-for-clean-healthy-and-purified-air.html,,otica-disposable-airsense-11-cpap-filters-designed-for-resmed-airsense-11-machines-travel-friendly-and-easy-to-install-provides-superior-filtration-for-clean-healthy-and-purified-air.html,,3,,,
,,uae/otica-disposable-airsense-11-cpap-filters-designed-for-resmed-airsense-11-machines-travel-friendly-and-easy-to-install-provides-superior-filtration-for-clean-healthy-and-purified-air.html,,otica-disposable-airsense-11-cpap-filters-designed-for-resmed-airsense-11-machines-travel-friendly-and-easy-to-install-provides-superior-filtration-for-clean-healthy-and-purified-air.html,,4,,,
,,uae/otica-disposable-airsense-11-cpap-filters-designed-for-resmed-airsense-11-machines-travel-friendly-and-easy-to-install-provides-superior-filtration-for-clean-healthy-and-purified-air.html,,otica-disposable-airsense-11-cpap-filters-designed-for-resmed-airsense-11-machines-travel-friendly-and-easy-to-install-provides-superior-filtration-for-clean-healthy-and-purified-air.html,,5,,,
,,uae/otica-disposable-airsense-11-cpap-filters-designed-for-resmed-airsense-11-machines-travel-friendly-and-easy-to-install-provides-superior-filtration-for-clean-healthy-and-purified-air.html,,otica-disposable-airsense-11-cpap-filters-designed-for-resmed-airsense-11-machines-travel-friendly-and-easy-to-install-provides-superior-filtration-for-clean-healthy-and-purified-air.html,,6,,,
,,uae/otica-disposable-airsense-11-cpap-filters-designed-for-resmed-airsense-11-machines-travel-friendly-and-easy-to-install-provides-superior-filtration-for-clean-healthy-and-purified-air.html,,otica-disposable-airsense-11-cpap-filters-designed-for-resmed-airsense-11-machines-travel-friendly-and-easy-to-install-provides-superior-filtration-for-clean-healthy-and-purified-air.html,,7,,,
,,"uae/otica-doyens-retractor-surgical-instrument-abdominal-retractor.html?size=2 
inch",,"otica-doyens-retractor-surgical-instrument-abdominal-retractor.html?size=2 
inch",,1,,,
,,"uae/otica-doyens-retractor-surgical-instrument-abdominal-retractor.html?size=2 
inch",,"otica-doyens-retractor-surgical-instrument-abdominal-retractor.html?size=2 
inch",,2,,,
,,"uae/otica-doyens-retractor-surgical-instrument-abdominal-retractor.html?size=2 
inch",,"otica-doyens-retractor-surgical-instrument-abdominal-retractor.html?size=2 
inch",,3,,,
,,"uae/otica-doyens-retractor-surgical-instrument-abdominal-retractor.html?size=2 
inch",,"otica-doyens-retractor-surgical-instrument-abdominal-retractor.html?size=2 
inch",,4,,,
,,"uae/otica-doyens-retractor-surgical-instrument-abdominal-retractor.html?size=2 
inch",,"otica-doyens-retractor-surgical-instrument-abdominal-retractor.html?size=2 
inch",,5,,,
,,"uae/otica-doyens-retractor-surgical-instrument-abdominal-retractor.html?size=2 
inch",,"otica-doyens-retractor-surgical-instrument-abdominal-retractor.html?size=2 
inch",,6,,,
,,"uae/otica-doyens-retractor-surgical-instrument-abdominal-retractor.html?size=2 
inch",,"otica-doyens-retractor-surgical-instrument-abdominal-retractor.html?size=2 
inch",,7,,,
,,uae/otica-foldable-soft-stretcher-for-medical-use-portable-waterproof-stretcher-for-patient-emergency-use-patient-transport-stretcher-black-stretcher-with-carry-bag-support-upto-110kg-weight.html?color=green,,otica-foldable-soft-stretcher-for-medical-use-portable-waterproof-stretcher-for-patient-emergency-use-patient-transport-stretcher-black-stretcher-with-carry-bag-support-upto-110kg-weight.html?color=green,,1,,,
,,uae/otica-foldable-soft-stretcher-for-medical-use-portable-waterproof-stretcher-for-patient-emergency-use-patient-transport-stretcher-black-stretcher-with-carry-bag-support-upto-110kg-weight.html?color=green,,otica-foldable-soft-stretcher-for-medical-use-portable-waterproof-stretcher-for-patient-emergency-use-patient-transport-stretcher-black-stretcher-with-carry-bag-support-upto-110kg-weight.html?color=green,,2,,,
,,uae/otica-foldable-soft-stretcher-for-medical-use-portable-waterproof-stretcher-for-patient-emergency-use-patient-transport-stretcher-black-stretcher-with-carry-bag-support-upto-110kg-weight.html?color=green,,otica-foldable-soft-stretcher-for-medical-use-portable-waterproof-stretcher-for-patient-emergency-use-patient-transport-stretcher-black-stretcher-with-carry-bag-support-upto-110kg-weight.html?color=green,,3,,,
,,uae/otica-foldable-soft-stretcher-for-medical-use-portable-waterproof-stretcher-for-patient-emergency-use-patient-transport-stretcher-black-stretcher-with-carry-bag-support-upto-110kg-weight.html?color=green,,otica-foldable-soft-stretcher-for-medical-use-portable-waterproof-stretcher-for-patient-emergency-use-patient-transport-stretcher-black-stretcher-with-carry-bag-support-upto-110kg-weight.html?color=green,,4,,,
,,uae/otica-foldable-soft-stretcher-for-medical-use-portable-waterproof-stretcher-for-patient-emergency-use-patient-transport-stretcher-black-stretcher-with-carry-bag-support-upto-110kg-weight.html?color=green,,otica-foldable-soft-stretcher-for-medical-use-portable-waterproof-stretcher-for-patient-emergency-use-patient-transport-stretcher-black-stretcher-with-carry-bag-support-upto-110kg-weight.html?color=green,,5,,,
,,uae/otica-foldable-soft-stretcher-for-medical-use-portable-waterproof-stretcher-for-patient-emergency-use-patient-transport-stretcher-black-stretcher-with-carry-bag-support-upto-110kg-weight.html?color=green,,otica-foldable-soft-stretcher-for-medical-use-portable-waterproof-stretcher-for-patient-emergency-use-patient-transport-stretcher-black-stretcher-with-carry-bag-support-upto-110kg-weight.html?color=green,,6,,,
,,uae/otica-foldable-soft-stretcher-for-medical-use-portable-waterproof-stretcher-for-patient-emergency-use-patient-transport-stretcher-black-stretcher-with-carry-bag-support-upto-110kg-weight.html?color=green,,otica-foldable-soft-stretcher-for-medical-use-portable-waterproof-stretcher-for-patient-emergency-use-patient-transport-stretcher-black-stretcher-with-carry-bag-support-upto-110kg-weight.html?color=green,,7,,,
,,uae/otica-gold-finish-master-style-cardiology-stethoscope-premium-acoustic-performance-durable-design-ideal-for-doctors-nurses-emts-medical-students.html?color=brown,,otica-gold-finish-master-style-cardiology-stethoscope-premium-acoustic-performance-durable-design-ideal-for-doctors-nurses-emts-medical-students.html?color=brown,,1,,,
,,uae/otica-gold-finish-master-style-cardiology-stethoscope-premium-acoustic-performance-durable-design-ideal-for-doctors-nurses-emts-medical-students.html?color=brown,,otica-gold-finish-master-style-cardiology-stethoscope-premium-acoustic-performance-durable-design-ideal-for-doctors-nurses-emts-medical-students.html?color=brown,,2,,,
,,uae/otica-gold-finish-master-style-cardiology-stethoscope-premium-acoustic-performance-durable-design-ideal-for-doctors-nurses-emts-medical-students.html?color=brown,,otica-gold-finish-master-style-cardiology-stethoscope-premium-acoustic-performance-durable-design-ideal-for-doctors-nurses-emts-medical-students.html?color=brown,,3,,,
,,uae/otica-gold-finish-master-style-cardiology-stethoscope-premium-acoustic-performance-durable-design-ideal-for-doctors-nurses-emts-medical-students.html?color=brown,,otica-gold-finish-master-style-cardiology-stethoscope-premium-acoustic-performance-durable-design-ideal-for-doctors-nurses-emts-medical-students.html?color=brown,,4,,,
,,uae/otica-gold-finish-master-style-cardiology-stethoscope-premium-acoustic-performance-durable-design-ideal-for-doctors-nurses-emts-medical-students.html?color=brown,,otica-gold-finish-master-style-cardiology-stethoscope-premium-acoustic-performance-durable-design-ideal-for-doctors-nurses-emts-medical-students.html?color=brown,,5,,,
,,uae/otica-gold-finish-master-style-cardiology-stethoscope-premium-acoustic-performance-durable-design-ideal-for-doctors-nurses-emts-medical-students.html?color=brown,,otica-gold-finish-master-style-cardiology-stethoscope-premium-acoustic-performance-durable-design-ideal-for-doctors-nurses-emts-medical-students.html?color=brown,,6,,,
,,uae/otica-gold-finish-master-style-cardiology-stethoscope-premium-acoustic-performance-durable-design-ideal-for-doctors-nurses-emts-medical-students.html?color=brown,,otica-gold-finish-master-style-cardiology-stethoscope-premium-acoustic-performance-durable-design-ideal-for-doctors-nurses-emts-medical-students.html?color=brown,,7,,,
,,uae/otica-latex-hand-gloves-100-pcs-medical-grade-4gm-white-food-grade-ce-approved-non-sterile-medical-examination-all-purpose-powdered-cleaning-examination-gloves-pack-of-100-large.html?size=medium&color=white,,otica-latex-hand-gloves-100-pcs-medical-grade-4gm-white-food-grade-ce-approved-non-sterile-medical-examination-all-purpose-powdered-cleaning-examination-gloves-pack-of-100-large.html?size=medium&color=white,,1,,,
,,uae/otica-latex-hand-gloves-100-pcs-medical-grade-4gm-white-food-grade-ce-approved-non-sterile-medical-examination-all-purpose-powdered-cleaning-examination-gloves-pack-of-100-large.html?size=medium&color=white,,otica-latex-hand-gloves-100-pcs-medical-grade-4gm-white-food-grade-ce-approved-non-sterile-medical-examination-all-purpose-powdered-cleaning-examination-gloves-pack-of-100-large.html?size=medium&color=white,,2,,,
,,uae/otica-latex-hand-gloves-100-pcs-medical-grade-4gm-white-food-grade-ce-approved-non-sterile-medical-examination-all-purpose-powdered-cleaning-examination-gloves-pack-of-100-large.html?size=medium&color=white,,otica-latex-hand-gloves-100-pcs-medical-grade-4gm-white-food-grade-ce-approved-non-sterile-medical-examination-all-purpose-powdered-cleaning-examination-gloves-pack-of-100-large.html?size=medium&color=white,,3,,,
,,uae/otica-latex-hand-gloves-100-pcs-medical-grade-4gm-white-food-grade-ce-approved-non-sterile-medical-examination-all-purpose-powdered-cleaning-examination-gloves-pack-of-100-large.html?size=medium&color=white,,otica-latex-hand-gloves-100-pcs-medical-grade-4gm-white-food-grade-ce-approved-non-sterile-medical-examination-all-purpose-powdered-cleaning-examination-gloves-pack-of-100-large.html?size=medium&color=white,,4,,,
,,uae/otica-latex-hand-gloves-100-pcs-medical-grade-4gm-white-food-grade-ce-approved-non-sterile-medical-examination-all-purpose-powdered-cleaning-examination-gloves-pack-of-100-large.html?size=medium&color=white,,otica-latex-hand-gloves-100-pcs-medical-grade-4gm-white-food-grade-ce-approved-non-sterile-medical-examination-all-purpose-powdered-cleaning-examination-gloves-pack-of-100-large.html?size=medium&color=white,,5,,,
,,uae/otica-latex-hand-gloves-100-pcs-medical-grade-4gm-white-food-grade-ce-approved-non-sterile-medical-examination-all-purpose-powdered-cleaning-examination-gloves-pack-of-100-large.html?size=medium&color=white,,otica-latex-hand-gloves-100-pcs-medical-grade-4gm-white-food-grade-ce-approved-non-sterile-medical-examination-all-purpose-powdered-cleaning-examination-gloves-pack-of-100-large.html?size=medium&color=white,,6,,,
,,uae/otica-latex-hand-gloves-100-pcs-medical-grade-4gm-white-food-grade-ce-approved-non-sterile-medical-examination-all-purpose-powdered-cleaning-examination-gloves-pack-of-100-large.html?size=medium&color=white,,otica-latex-hand-gloves-100-pcs-medical-grade-4gm-white-food-grade-ce-approved-non-sterile-medical-examination-all-purpose-powdered-cleaning-examination-gloves-pack-of-100-large.html?size=medium&color=white,,7,,,
,,uae/otica-medical-air-bed-anti-decubitus-anti-bedsore-mattress-for-bed-ridden-patient.html?color=blue,,otica-medical-air-bed-anti-decubitus-anti-bedsore-mattress-for-bed-ridden-patient.html?color=blue,,1,,,
,,uae/otica-medical-air-bed-anti-decubitus-anti-bedsore-mattress-for-bed-ridden-patient.html?color=blue,,otica-medical-air-bed-anti-decubitus-anti-bedsore-mattress-for-bed-ridden-patient.html?color=blue,,2,,,
,,uae/otica-medical-air-bed-anti-decubitus-anti-bedsore-mattress-for-bed-ridden-patient.html?color=blue,,otica-medical-air-bed-anti-decubitus-anti-bedsore-mattress-for-bed-ridden-patient.html?color=blue,,3,,,
,,uae/otica-medical-air-bed-anti-decubitus-anti-bedsore-mattress-for-bed-ridden-patient.html?color=blue,,otica-medical-air-bed-anti-decubitus-anti-bedsore-mattress-for-bed-ridden-patient.html?color=blue,,4,,,
,,uae/otica-medical-air-bed-anti-decubitus-anti-bedsore-mattress-for-bed-ridden-patient.html?color=blue,,otica-medical-air-bed-anti-decubitus-anti-bedsore-mattress-for-bed-ridden-patient.html?color=blue,,5,,,
,,uae/otica-medical-air-bed-anti-decubitus-anti-bedsore-mattress-for-bed-ridden-patient.html?color=blue,,otica-medical-air-bed-anti-decubitus-anti-bedsore-mattress-for-bed-ridden-patient.html?color=blue,,6,,,
,,uae/otica-medical-air-bed-anti-decubitus-anti-bedsore-mattress-for-bed-ridden-patient.html?color=blue,,otica-medical-air-bed-anti-decubitus-anti-bedsore-mattress-for-bed-ridden-patient.html?color=blue,,7,,,
,,uae/otica-patient-monitor-stand-custom-wall-mount-for-cms-5100-vital-monitor.html,,otica-patient-monitor-stand-custom-wall-mount-for-cms-5100-vital-monitor.html,,1,,,
,,uae/otica-patient-monitor-stand-custom-wall-mount-for-cms-5100-vital-monitor.html,,otica-patient-monitor-stand-custom-wall-mount-for-cms-5100-vital-monitor.html,,2,,,
,,uae/otica-patient-monitor-stand-custom-wall-mount-for-cms-5100-vital-monitor.html,,otica-patient-monitor-stand-custom-wall-mount-for-cms-5100-vital-monitor.html,,3,,,
,,uae/otica-patient-monitor-stand-custom-wall-mount-for-cms-5100-vital-monitor.html,,otica-patient-monitor-stand-custom-wall-mount-for-cms-5100-vital-monitor.html,,4,,,
,,uae/otica-patient-monitor-stand-custom-wall-mount-for-cms-5100-vital-monitor.html,,otica-patient-monitor-stand-custom-wall-mount-for-cms-5100-vital-monitor.html,,5,,,
,,uae/otica-patient-monitor-stand-custom-wall-mount-for-cms-5100-vital-monitor.html,,otica-patient-monitor-stand-custom-wall-mount-for-cms-5100-vital-monitor.html,,6,,,
,,uae/otica-patient-monitor-stand-custom-wall-mount-for-cms-5100-vital-monitor.html,,otica-patient-monitor-stand-custom-wall-mount-for-cms-5100-vital-monitor.html,,7,,,
,,uae/otica-pediatric-stethoscope-dual-head-stainless-steel-chestpiece-with-tunable-diaphragms-29-tube-soft-ear-tips-medical-stethoscope-for-children-infants-neonatal-use.html?color=green,,otica-pediatric-stethoscope-dual-head-stainless-steel-chestpiece-with-tunable-diaphragms-29-tube-soft-ear-tips-medical-stethoscope-for-children-infants-neonatal-use.html?color=green,,1,,,
,,uae/otica-pediatric-stethoscope-dual-head-stainless-steel-chestpiece-with-tunable-diaphragms-29-tube-soft-ear-tips-medical-stethoscope-for-children-infants-neonatal-use.html?color=green,,otica-pediatric-stethoscope-dual-head-stainless-steel-chestpiece-with-tunable-diaphragms-29-tube-soft-ear-tips-medical-stethoscope-for-children-infants-neonatal-use.html?color=green,,2,,,
,,uae/otica-pediatric-stethoscope-dual-head-stainless-steel-chestpiece-with-tunable-diaphragms-29-tube-soft-ear-tips-medical-stethoscope-for-children-infants-neonatal-use.html?color=green,,otica-pediatric-stethoscope-dual-head-stainless-steel-chestpiece-with-tunable-diaphragms-29-tube-soft-ear-tips-medical-stethoscope-for-children-infants-neonatal-use.html?color=green,,3,,,
,,uae/otica-pediatric-stethoscope-dual-head-stainless-steel-chestpiece-with-tunable-diaphragms-29-tube-soft-ear-tips-medical-stethoscope-for-children-infants-neonatal-use.html?color=green,,otica-pediatric-stethoscope-dual-head-stainless-steel-chestpiece-with-tunable-diaphragms-29-tube-soft-ear-tips-medical-stethoscope-for-children-infants-neonatal-use.html?color=green,,4,,,
,,uae/otica-pediatric-stethoscope-dual-head-stainless-steel-chestpiece-with-tunable-diaphragms-29-tube-soft-ear-tips-medical-stethoscope-for-children-infants-neonatal-use.html?color=green,,otica-pediatric-stethoscope-dual-head-stainless-steel-chestpiece-with-tunable-diaphragms-29-tube-soft-ear-tips-medical-stethoscope-for-children-infants-neonatal-use.html?color=green,,5,,,
,,uae/otica-pediatric-stethoscope-dual-head-stainless-steel-chestpiece-with-tunable-diaphragms-29-tube-soft-ear-tips-medical-stethoscope-for-children-infants-neonatal-use.html?color=green,,otica-pediatric-stethoscope-dual-head-stainless-steel-chestpiece-with-tunable-diaphragms-29-tube-soft-ear-tips-medical-stethoscope-for-children-infants-neonatal-use.html?color=green,,6,,,
,,uae/otica-pediatric-stethoscope-dual-head-stainless-steel-chestpiece-with-tunable-diaphragms-29-tube-soft-ear-tips-medical-stethoscope-for-children-infants-neonatal-use.html?color=green,,otica-pediatric-stethoscope-dual-head-stainless-steel-chestpiece-with-tunable-diaphragms-29-tube-soft-ear-tips-medical-stethoscope-for-children-infants-neonatal-use.html?color=green,,7,,,
,,"uae/otica-plastic-kidney-tray-reusable-kidney-shaped-emesis-basin-for-hospital-clinic-dental-and-surgical-use-medical-tray-for-soiled-dressings-and-instruments.html?size=10 
inch",,"otica-plastic-kidney-tray-reusable-kidney-shaped-emesis-basin-for-hospital-clinic-dental-and-surgical-use-medical-tray-for-soiled-dressings-and-instruments.html?size=10 
inch",,1,,,
,,"uae/otica-plastic-kidney-tray-reusable-kidney-shaped-emesis-basin-for-hospital-clinic-dental-and-surgical-use-medical-tray-for-soiled-dressings-and-instruments.html?size=10 
inch",,"otica-plastic-kidney-tray-reusable-kidney-shaped-emesis-basin-for-hospital-clinic-dental-and-surgical-use-medical-tray-for-soiled-dressings-and-instruments.html?size=10 
inch",,2,,,
,,"uae/otica-plastic-kidney-tray-reusable-kidney-shaped-emesis-basin-for-hospital-clinic-dental-and-surgical-use-medical-tray-for-soiled-dressings-and-instruments.html?size=10 
inch",,"otica-plastic-kidney-tray-reusable-kidney-shaped-emesis-basin-for-hospital-clinic-dental-and-surgical-use-medical-tray-for-soiled-dressings-and-instruments.html?size=10 
inch",,3,,,
,,"uae/otica-plastic-kidney-tray-reusable-kidney-shaped-emesis-basin-for-hospital-clinic-dental-and-surgical-use-medical-tray-for-soiled-dressings-and-instruments.html?size=10 
inch",,"otica-plastic-kidney-tray-reusable-kidney-shaped-emesis-basin-for-hospital-clinic-dental-and-surgical-use-medical-tray-for-soiled-dressings-and-instruments.html?size=10 
inch",,4,,,
,,"uae/otica-plastic-kidney-tray-reusable-kidney-shaped-emesis-basin-for-hospital-clinic-dental-and-surgical-use-medical-tray-for-soiled-dressings-and-instruments.html?size=10 
inch",,"otica-plastic-kidney-tray-reusable-kidney-shaped-emesis-basin-for-hospital-clinic-dental-and-surgical-use-medical-tray-for-soiled-dressings-and-instruments.html?size=10 
inch",,5,,,
,,"uae/otica-plastic-kidney-tray-reusable-kidney-shaped-emesis-basin-for-hospital-clinic-dental-and-surgical-use-medical-tray-for-soiled-dressings-and-instruments.html?size=10 
inch",,"otica-plastic-kidney-tray-reusable-kidney-shaped-emesis-basin-for-hospital-clinic-dental-and-surgical-use-medical-tray-for-soiled-dressings-and-instruments.html?size=10 
inch",,6,,,
,,"uae/otica-plastic-kidney-tray-reusable-kidney-shaped-emesis-basin-for-hospital-clinic-dental-and-surgical-use-medical-tray-for-soiled-dressings-and-instruments.html?size=10 
inch",,"otica-plastic-kidney-tray-reusable-kidney-shaped-emesis-basin-for-hospital-clinic-dental-and-surgical-use-medical-tray-for-soiled-dressings-and-instruments.html?size=10 
inch",,7,,,
,,"uae/otica-plastic-kidney-tray-reusable-kidney-shaped-emesis-basin-for-hospital-clinic-dental-and-surgical-use-medical-tray-for-soiled-dressings-and-instruments.html?size=12 
inch",,"otica-plastic-kidney-tray-reusable-kidney-shaped-emesis-basin-for-hospital-clinic-dental-and-surgical-use-medical-tray-for-soiled-dressings-and-instruments.html?size=12 
inch",,1,,,
,,"uae/otica-plastic-kidney-tray-reusable-kidney-shaped-emesis-basin-for-hospital-clinic-dental-and-surgical-use-medical-tray-for-soiled-dressings-and-instruments.html?size=12 
inch",,"otica-plastic-kidney-tray-reusable-kidney-shaped-emesis-basin-for-hospital-clinic-dental-and-surgical-use-medical-tray-for-soiled-dressings-and-instruments.html?size=12 
inch",,2,,,
,,"uae/otica-plastic-kidney-tray-reusable-kidney-shaped-emesis-basin-for-hospital-clinic-dental-and-surgical-use-medical-tray-for-soiled-dressings-and-instruments.html?size=12 
inch",,"otica-plastic-kidney-tray-reusable-kidney-shaped-emesis-basin-for-hospital-clinic-dental-and-surgical-use-medical-tray-for-soiled-dressings-and-instruments.html?size=12 
inch",,3,,,
,,"uae/otica-plastic-kidney-tray-reusable-kidney-shaped-emesis-basin-for-hospital-clinic-dental-and-surgical-use-medical-tray-for-soiled-dressings-and-instruments.html?size=12 
inch",,"otica-plastic-kidney-tray-reusable-kidney-shaped-emesis-basin-for-hospital-clinic-dental-and-surgical-use-medical-tray-for-soiled-dressings-and-instruments.html?size=12 
inch",,4,,,
,,"uae/otica-plastic-kidney-tray-reusable-kidney-shaped-emesis-basin-for-hospital-clinic-dental-and-surgical-use-medical-tray-for-soiled-dressings-and-instruments.html?size=12 
inch",,"otica-plastic-kidney-tray-reusable-kidney-shaped-emesis-basin-for-hospital-clinic-dental-and-surgical-use-medical-tray-for-soiled-dressings-and-instruments.html?size=12 
inch",,5,,,
,,"uae/otica-plastic-kidney-tray-reusable-kidney-shaped-emesis-basin-for-hospital-clinic-dental-and-surgical-use-medical-tray-for-soiled-dressings-and-instruments.html?size=12 
inch",,"otica-plastic-kidney-tray-reusable-kidney-shaped-emesis-basin-for-hospital-clinic-dental-and-surgical-use-medical-tray-for-soiled-dressings-and-instruments.html?size=12 
inch",,6,,,
,,"uae/otica-plastic-kidney-tray-reusable-kidney-shaped-emesis-basin-for-hospital-clinic-dental-and-surgical-use-medical-tray-for-soiled-dressings-and-instruments.html?size=12 
inch",,"otica-plastic-kidney-tray-reusable-kidney-shaped-emesis-basin-for-hospital-clinic-dental-and-surgical-use-medical-tray-for-soiled-dressings-and-instruments.html?size=12 
inch",,7,,,
,,"uae/otica-surgical-ot-hole-premium-surgical-cotton-towels-lint-free-high-absorbency-reusable-and-durable-for-operating-rooms-wound-care-general-patient-care-autoclavable.html?size=54%22 
x 100%22",,"otica-surgical-ot-hole-premium-surgical-cotton-towels-lint-free-high-absorbency-reusable-and-durable-for-operating-rooms-wound-care-general-patient-care-autoclavable.html?size=54%22 
x 100%22",,1,,,
,,"uae/otica-surgical-ot-hole-premium-surgical-cotton-towels-lint-free-high-absorbency-reusable-and-durable-for-operating-rooms-wound-care-general-patient-care-autoclavable.html?size=54%22 
x 100%22",,"otica-surgical-ot-hole-premium-surgical-cotton-towels-lint-free-high-absorbency-reusable-and-durable-for-operating-rooms-wound-care-general-patient-care-autoclavable.html?size=54%22 
x 100%22",,2,,,
,,"uae/otica-surgical-ot-hole-premium-surgical-cotton-towels-lint-free-high-absorbency-reusable-and-durable-for-operating-rooms-wound-care-general-patient-care-autoclavable.html?size=54%22 
x 100%22",,"otica-surgical-ot-hole-premium-surgical-cotton-towels-lint-free-high-absorbency-reusable-and-durable-for-operating-rooms-wound-care-general-patient-care-autoclavable.html?size=54%22 
x 100%22",,3,,,
,,"uae/otica-surgical-ot-hole-premium-surgical-cotton-towels-lint-free-high-absorbency-reusable-and-durable-for-operating-rooms-wound-care-general-patient-care-autoclavable.html?size=54%22 
x 100%22",,"otica-surgical-ot-hole-premium-surgical-cotton-towels-lint-free-high-absorbency-reusable-and-durable-for-operating-rooms-wound-care-general-patient-care-autoclavable.html?size=54%22 
x 100%22",,4,,,
,,"uae/otica-surgical-ot-hole-premium-surgical-cotton-towels-lint-free-high-absorbency-reusable-and-durable-for-operating-rooms-wound-care-general-patient-care-autoclavable.html?size=54%22 
x 100%22",,"otica-surgical-ot-hole-premium-surgical-cotton-towels-lint-free-high-absorbency-reusable-and-durable-for-operating-rooms-wound-care-general-patient-care-autoclavable.html?size=54%22 
x 100%22",,5,,,
,,"uae/otica-surgical-ot-hole-premium-surgical-cotton-towels-lint-free-high-absorbency-reusable-and-durable-for-operating-rooms-wound-care-general-patient-care-autoclavable.html?size=54%22 
x 100%22",,"otica-surgical-ot-hole-premium-surgical-cotton-towels-lint-free-high-absorbency-reusable-and-durable-for-operating-rooms-wound-care-general-patient-care-autoclavable.html?size=54%22 
x 100%22",,6,,,
,,"uae/otica-surgical-ot-hole-premium-surgical-cotton-towels-lint-free-high-absorbency-reusable-and-durable-for-operating-rooms-wound-care-general-patient-care-autoclavable.html?size=54%22 
x 100%22",,"otica-surgical-ot-hole-premium-surgical-cotton-towels-lint-free-high-absorbency-reusable-and-durable-for-operating-rooms-wound-care-general-patient-care-autoclavable.html?size=54%22 
x 100%22",,7,,,
,,"uae/otica-surgical-ot-hole-premium-surgical-cotton-towels-lint-free-high-absorbency-reusable-and-durable-for-operating-rooms-wound-care-general-patient-care-autoclavable.html?size=54%22 
x 80%22",,"otica-surgical-ot-hole-premium-surgical-cotton-towels-lint-free-high-absorbency-reusable-and-durable-for-operating-rooms-wound-care-general-patient-care-autoclavable.html?size=54%22 
x 80%22",,1,,,
,,"uae/otica-surgical-ot-hole-premium-surgical-cotton-towels-lint-free-high-absorbency-reusable-and-durable-for-operating-rooms-wound-care-general-patient-care-autoclavable.html?size=54%22 
x 80%22",,"otica-surgical-ot-hole-premium-surgical-cotton-towels-lint-free-high-absorbency-reusable-and-durable-for-operating-rooms-wound-care-general-patient-care-autoclavable.html?size=54%22 
x 80%22",,2,,,
,,"uae/otica-surgical-ot-hole-premium-surgical-cotton-towels-lint-free-high-absorbency-reusable-and-durable-for-operating-rooms-wound-care-general-patient-care-autoclavable.html?size=54%22 
x 80%22",,"otica-surgical-ot-hole-premium-surgical-cotton-towels-lint-free-high-absorbency-reusable-and-durable-for-operating-rooms-wound-care-general-patient-care-autoclavable.html?size=54%22 
x 80%22",,3,,,
,,"uae/otica-surgical-ot-hole-premium-surgical-cotton-towels-lint-free-high-absorbency-reusable-and-durable-for-operating-rooms-wound-care-general-patient-care-autoclavable.html?size=54%22 
x 80%22",,"otica-surgical-ot-hole-premium-surgical-cotton-towels-lint-free-high-absorbency-reusable-and-durable-for-operating-rooms-wound-care-general-patient-care-autoclavable.html?size=54%22 
x 80%22",,4,,,
,,"uae/otica-surgical-ot-hole-premium-surgical-cotton-towels-lint-free-high-absorbency-reusable-and-durable-for-operating-rooms-wound-care-general-patient-care-autoclavable.html?size=54%22 
x 80%22",,"otica-surgical-ot-hole-premium-surgical-cotton-towels-lint-free-high-absorbency-reusable-and-durable-for-operating-rooms-wound-care-general-patient-care-autoclavable.html?size=54%22 
x 80%22",,5,,,
,,"uae/otica-surgical-ot-hole-premium-surgical-cotton-towels-lint-free-high-absorbency-reusable-and-durable-for-operating-rooms-wound-care-general-patient-care-autoclavable.html?size=54%22 
x 80%22",,"otica-surgical-ot-hole-premium-surgical-cotton-towels-lint-free-high-absorbency-reusable-and-durable-for-operating-rooms-wound-care-general-patient-care-autoclavable.html?size=54%22 
x 80%22",,6,,,
,,"uae/otica-surgical-ot-hole-premium-surgical-cotton-towels-lint-free-high-absorbency-reusable-and-durable-for-operating-rooms-wound-care-general-patient-care-autoclavable.html?size=54%22 
x 80%22",,"otica-surgical-ot-hole-premium-surgical-cotton-towels-lint-free-high-absorbency-reusable-and-durable-for-operating-rooms-wound-care-general-patient-care-autoclavable.html?size=54%22 
x 80%22",,7,,,
,,uae/otica-tuning-fork-stainless-steel-medical-tuning-fork-for-medical-students-doctors-neurologists-healthcare-professionals.html?size=v1024,,otica-tuning-fork-stainless-steel-medical-tuning-fork-for-medical-students-doctors-neurologists-healthcare-professionals.html?size=v1024,,1,,,
,,uae/otica-tuning-fork-stainless-steel-medical-tuning-fork-for-medical-students-doctors-neurologists-healthcare-professionals.html?size=v1024,,otica-tuning-fork-stainless-steel-medical-tuning-fork-for-medical-students-doctors-neurologists-healthcare-professionals.html?size=v1024,,2,,,
,,uae/otica-tuning-fork-stainless-steel-medical-tuning-fork-for-medical-students-doctors-neurologists-healthcare-professionals.html?size=v1024,,otica-tuning-fork-stainless-steel-medical-tuning-fork-for-medical-students-doctors-neurologists-healthcare-professionals.html?size=v1024,,3,,,
,,uae/otica-tuning-fork-stainless-steel-medical-tuning-fork-for-medical-students-doctors-neurologists-healthcare-professionals.html?size=v1024,,otica-tuning-fork-stainless-steel-medical-tuning-fork-for-medical-students-doctors-neurologists-healthcare-professionals.html?size=v1024,,4,,,
,,uae/otica-tuning-fork-stainless-steel-medical-tuning-fork-for-medical-students-doctors-neurologists-healthcare-professionals.html?size=v1024,,otica-tuning-fork-stainless-steel-medical-tuning-fork-for-medical-students-doctors-neurologists-healthcare-professionals.html?size=v1024,,5,,,
,,uae/otica-tuning-fork-stainless-steel-medical-tuning-fork-for-medical-students-doctors-neurologists-healthcare-professionals.html?size=v1024,,otica-tuning-fork-stainless-steel-medical-tuning-fork-for-medical-students-doctors-neurologists-healthcare-professionals.html?size=v1024,,6,,,
,,uae/otica-tuning-fork-stainless-steel-medical-tuning-fork-for-medical-students-doctors-neurologists-healthcare-professionals.html?size=v1024,,otica-tuning-fork-stainless-steel-medical-tuning-fork-for-medical-students-doctors-neurologists-healthcare-professionals.html?size=v1024,,7,,,
,,uae/otica-tuning-fork-stainless-steel-medical-tuning-fork-for-medical-students-doctors-neurologists-healthcare-professionals.html?size=v256,,otica-tuning-fork-stainless-steel-medical-tuning-fork-for-medical-students-doctors-neurologists-healthcare-professionals.html?size=v256,,1,,,
,,uae/otica-tuning-fork-stainless-steel-medical-tuning-fork-for-medical-students-doctors-neurologists-healthcare-professionals.html?size=v256,,otica-tuning-fork-stainless-steel-medical-tuning-fork-for-medical-students-doctors-neurologists-healthcare-professionals.html?size=v256,,2,,,
,,uae/otica-tuning-fork-stainless-steel-medical-tuning-fork-for-medical-students-doctors-neurologists-healthcare-professionals.html?size=v256,,otica-tuning-fork-stainless-steel-medical-tuning-fork-for-medical-students-doctors-neurologists-healthcare-professionals.html?size=v256,,3,,,
,,uae/otica-tuning-fork-stainless-steel-medical-tuning-fork-for-medical-students-doctors-neurologists-healthcare-professionals.html?size=v256,,otica-tuning-fork-stainless-steel-medical-tuning-fork-for-medical-students-doctors-neurologists-healthcare-professionals.html?size=v256,,4,,,
,,uae/otica-tuning-fork-stainless-steel-medical-tuning-fork-for-medical-students-doctors-neurologists-healthcare-professionals.html?size=v256,,otica-tuning-fork-stainless-steel-medical-tuning-fork-for-medical-students-doctors-neurologists-healthcare-professionals.html?size=v256,,5,,,
,,uae/otica-tuning-fork-stainless-steel-medical-tuning-fork-for-medical-students-doctors-neurologists-healthcare-professionals.html?size=v256,,otica-tuning-fork-stainless-steel-medical-tuning-fork-for-medical-students-doctors-neurologists-healthcare-professionals.html?size=v256,,6,,,
,,uae/otica-tuning-fork-stainless-steel-medical-tuning-fork-for-medical-students-doctors-neurologists-healthcare-professionals.html?size=v256,,otica-tuning-fork-stainless-steel-medical-tuning-fork-for-medical-students-doctors-neurologists-healthcare-professionals.html?size=v256,,7,,,
,,uae/otica-welch-allyn-pocket-led-otoscope-fiber-optic-professional-otoscope-22870.html?color=purple,,otica-welch-allyn-pocket-led-otoscope-fiber-optic-professional-otoscope-22870.html?color=purple,,1,,,
,,uae/otica-welch-allyn-pocket-led-otoscope-fiber-optic-professional-otoscope-22870.html?color=purple,,otica-welch-allyn-pocket-led-otoscope-fiber-optic-professional-otoscope-22870.html?color=purple,,2,,,
,,uae/otica-welch-allyn-pocket-led-otoscope-fiber-optic-professional-otoscope-22870.html?color=purple,,otica-welch-allyn-pocket-led-otoscope-fiber-optic-professional-otoscope-22870.html?color=purple,,3,,,
,,uae/otica-welch-allyn-pocket-led-otoscope-fiber-optic-professional-otoscope-22870.html?color=purple,,otica-welch-allyn-pocket-led-otoscope-fiber-optic-professional-otoscope-22870.html?color=purple,,4,,,
,,uae/otica-welch-allyn-pocket-led-otoscope-fiber-optic-professional-otoscope-22870.html?color=purple,,otica-welch-allyn-pocket-led-otoscope-fiber-optic-professional-otoscope-22870.html?color=purple,,5,,,
,,uae/otica-welch-allyn-pocket-led-otoscope-fiber-optic-professional-otoscope-22870.html?color=purple,,otica-welch-allyn-pocket-led-otoscope-fiber-optic-professional-otoscope-22870.html?color=purple,,6,,,
,,uae/otica-welch-allyn-pocket-led-otoscope-fiber-optic-professional-otoscope-22870.html?color=purple,,otica-welch-allyn-pocket-led-otoscope-fiber-optic-professional-otoscope-22870.html?color=purple,,7,,,
,,uae/oxygen-flowmeter-regulator-for-oxygen-cylinder-premium-quality-with-humidifier-bottle-pressure-gauge.html,,oxygen-flowmeter-regulator-for-oxygen-cylinder-premium-quality-with-humidifier-bottle-pressure-gauge.html,,1,,,
,,uae/oxygen-flowmeter-regulator-for-oxygen-cylinder-premium-quality-with-humidifier-bottle-pressure-gauge.html,,oxygen-flowmeter-regulator-for-oxygen-cylinder-premium-quality-with-humidifier-bottle-pressure-gauge.html,,2,,,
,,uae/oxygen-flowmeter-regulator-for-oxygen-cylinder-premium-quality-with-humidifier-bottle-pressure-gauge.html,,oxygen-flowmeter-regulator-for-oxygen-cylinder-premium-quality-with-humidifier-bottle-pressure-gauge.html,,3,,,
,,uae/oxygen-flowmeter-regulator-for-oxygen-cylinder-premium-quality-with-humidifier-bottle-pressure-gauge.html,,oxygen-flowmeter-regulator-for-oxygen-cylinder-premium-quality-with-humidifier-bottle-pressure-gauge.html,,4,,,
,,uae/oxygen-flowmeter-regulator-for-oxygen-cylinder-premium-quality-with-humidifier-bottle-pressure-gauge.html,,oxygen-flowmeter-regulator-for-oxygen-cylinder-premium-quality-with-humidifier-bottle-pressure-gauge.html,,5,,,
,,uae/oxygen-flowmeter-regulator-for-oxygen-cylinder-premium-quality-with-humidifier-bottle-pressure-gauge.html,,oxygen-flowmeter-regulator-for-oxygen-cylinder-premium-quality-with-humidifier-bottle-pressure-gauge.html,,6,,,
,,uae/oxygen-flowmeter-regulator-for-oxygen-cylinder-premium-quality-with-humidifier-bottle-pressure-gauge.html,,oxygen-flowmeter-regulator-for-oxygen-cylinder-premium-quality-with-humidifier-bottle-pressure-gauge.html,,7,,,
,,uae/pluto-ot-light-7-led-surgical-spotlight-shadowless-operating-theatre-light-for-precision-illumination.html,,pluto-ot-light-7-led-surgical-spotlight-shadowless-operating-theatre-light-for-precision-illumination.html,,1,,,
,,uae/pluto-ot-light-7-led-surgical-spotlight-shadowless-operating-theatre-light-for-precision-illumination.html,,pluto-ot-light-7-led-surgical-spotlight-shadowless-operating-theatre-light-for-precision-illumination.html,,2,,,
,,uae/pluto-ot-light-7-led-surgical-spotlight-shadowless-operating-theatre-light-for-precision-illumination.html,,pluto-ot-light-7-led-surgical-spotlight-shadowless-operating-theatre-light-for-precision-illumination.html,,3,,,
,,uae/pluto-ot-light-7-led-surgical-spotlight-shadowless-operating-theatre-light-for-precision-illumination.html,,pluto-ot-light-7-led-surgical-spotlight-shadowless-operating-theatre-light-for-precision-illumination.html,,4,,,
,,uae/pluto-ot-light-7-led-surgical-spotlight-shadowless-operating-theatre-light-for-precision-illumination.html,,pluto-ot-light-7-led-surgical-spotlight-shadowless-operating-theatre-light-for-precision-illumination.html,,5,,,
,,uae/pluto-ot-light-7-led-surgical-spotlight-shadowless-operating-theatre-light-for-precision-illumination.html,,pluto-ot-light-7-led-surgical-spotlight-shadowless-operating-theatre-light-for-precision-illumination.html,,6,,,
,,uae/pluto-ot-light-7-led-surgical-spotlight-shadowless-operating-theatre-light-for-precision-illumination.html,,pluto-ot-light-7-led-surgical-spotlight-shadowless-operating-theatre-light-for-precision-illumination.html,,7,,,
,,uae/products-grid-3,,products-grid-3,,1,,,
,,uae/products-grid-3,,products-grid-3,,2,,,
,,uae/products-grid-3,,products-grid-3,,3,,,
,,uae/products-grid-3,,products-grid-3,,4,,,
,,uae/products-grid-3,,products-grid-3,,5,,,
,,uae/products-grid-3,,products-grid-3,,6,,,
,,uae/products-grid-3,,products-grid-3,,7,,,
,,uae/reusable-nibp-cuff-not-for-home-bp-monitors.html?size=6-11cm,,reusable-nibp-cuff-not-for-home-bp-monitors.html?size=6-11cm,,1,,,
,,uae/reusable-nibp-cuff-not-for-home-bp-monitors.html?size=6-11cm,,reusable-nibp-cuff-not-for-home-bp-monitors.html?size=6-11cm,,2,,,
,,uae/reusable-nibp-cuff-not-for-home-bp-monitors.html?size=6-11cm,,reusable-nibp-cuff-not-for-home-bp-monitors.html?size=6-11cm,,3,,,
,,uae/reusable-nibp-cuff-not-for-home-bp-monitors.html?size=6-11cm,,reusable-nibp-cuff-not-for-home-bp-monitors.html?size=6-11cm,,4,,,
,,uae/reusable-nibp-cuff-not-for-home-bp-monitors.html?size=6-11cm,,reusable-nibp-cuff-not-for-home-bp-monitors.html?size=6-11cm,,5,,,
,,uae/reusable-nibp-cuff-not-for-home-bp-monitors.html?size=6-11cm,,reusable-nibp-cuff-not-for-home-bp-monitors.html?size=6-11cm,,6,,,
,,uae/reusable-nibp-cuff-not-for-home-bp-monitors.html?size=6-11cm,,reusable-nibp-cuff-not-for-home-bp-monitors.html?size=6-11cm,,7,,,
,,uae/sterile-laryngeal-mask-airway-lma-disposable-pvc-material.html?size=2.5&material=silicone,,sterile-laryngeal-mask-airway-lma-disposable-pvc-material.html?size=2.5&material=silicone,,1,,,
,,uae/sterile-laryngeal-mask-airway-lma-disposable-pvc-material.html?size=2.5&material=silicone,,sterile-laryngeal-mask-airway-lma-disposable-pvc-material.html?size=2.5&material=silicone,,2,,,
,,uae/sterile-laryngeal-mask-airway-lma-disposable-pvc-material.html?size=2.5&material=silicone,,sterile-laryngeal-mask-airway-lma-disposable-pvc-material.html?size=2.5&material=silicone,,3,,,
,,uae/sterile-laryngeal-mask-airway-lma-disposable-pvc-material.html?size=2.5&material=silicone,,sterile-laryngeal-mask-airway-lma-disposable-pvc-material.html?size=2.5&material=silicone,,4,,,
,,uae/sterile-laryngeal-mask-airway-lma-disposable-pvc-material.html?size=2.5&material=silicone,,sterile-laryngeal-mask-airway-lma-disposable-pvc-material.html?size=2.5&material=silicone,,5,,,
,,uae/sterile-laryngeal-mask-airway-lma-disposable-pvc-material.html?size=2.5&material=silicone,,sterile-laryngeal-mask-airway-lma-disposable-pvc-material.html?size=2.5&material=silicone,,6,,,
,,uae/sterile-laryngeal-mask-airway-lma-disposable-pvc-material.html?size=2.5&material=silicone,,sterile-laryngeal-mask-airway-lma-disposable-pvc-material.html?size=2.5&material=silicone,,7,,,
,,uae/sterimed-manual-aspiration-kit-portable-suction-device-for-medical-emergency-use.html,,sterimed-manual-aspiration-kit-portable-suction-device-for-medical-emergency-use.html,,1,,,
,,uae/sterimed-manual-aspiration-kit-portable-suction-device-for-medical-emergency-use.html,,sterimed-manual-aspiration-kit-portable-suction-device-for-medical-emergency-use.html,,2,,,
,,uae/sterimed-manual-aspiration-kit-portable-suction-device-for-medical-emergency-use.html,,sterimed-manual-aspiration-kit-portable-suction-device-for-medical-emergency-use.html,,3,,,
,,uae/sterimed-manual-aspiration-kit-portable-suction-device-for-medical-emergency-use.html,,sterimed-manual-aspiration-kit-portable-suction-device-for-medical-emergency-use.html,,4,,,
,,uae/sterimed-manual-aspiration-kit-portable-suction-device-for-medical-emergency-use.html,,sterimed-manual-aspiration-kit-portable-suction-device-for-medical-emergency-use.html,,5,,,
,,uae/sterimed-manual-aspiration-kit-portable-suction-device-for-medical-emergency-use.html,,sterimed-manual-aspiration-kit-portable-suction-device-for-medical-emergency-use.html,,6,,,
,,uae/sterimed-manual-aspiration-kit-portable-suction-device-for-medical-emergency-use.html,,sterimed-manual-aspiration-kit-portable-suction-device-for-medical-emergency-use.html,,7,,,
,,uae/welch-allyn-3-5v-professional-led-otoscope-fiber-optic-diagnostic-set-with-rechargeable-handle.html,,welch-allyn-3-5v-professional-led-otoscope-fiber-optic-diagnostic-set-with-rechargeable-handle.html,,1,,,
,,uae/welch-allyn-3-5v-professional-led-otoscope-fiber-optic-diagnostic-set-with-rechargeable-handle.html,,welch-allyn-3-5v-professional-led-otoscope-fiber-optic-diagnostic-set-with-rechargeable-handle.html,,2,,,
,,uae/welch-allyn-3-5v-professional-led-otoscope-fiber-optic-diagnostic-set-with-rechargeable-handle.html,,welch-allyn-3-5v-professional-led-otoscope-fiber-optic-diagnostic-set-with-rechargeable-handle.html,,3,,,
,,uae/welch-allyn-3-5v-professional-led-otoscope-fiber-optic-diagnostic-set-with-rechargeable-handle.html,,welch-allyn-3-5v-professional-led-otoscope-fiber-optic-diagnostic-set-with-rechargeable-handle.html,,4,,,
,,uae/welch-allyn-3-5v-professional-led-otoscope-fiber-optic-diagnostic-set-with-rechargeable-handle.html,,welch-allyn-3-5v-professional-led-otoscope-fiber-optic-diagnostic-set-with-rechargeable-handle.html,,5,,,
,,uae/welch-allyn-3-5v-professional-led-otoscope-fiber-optic-diagnostic-set-with-rechargeable-handle.html,,welch-allyn-3-5v-professional-led-otoscope-fiber-optic-diagnostic-set-with-rechargeable-handle.html,,6,,,
,,uae/welch-allyn-3-5v-professional-led-otoscope-fiber-optic-diagnostic-set-with-rechargeable-handle.html,,welch-allyn-3-5v-professional-led-otoscope-fiber-optic-diagnostic-set-with-rechargeable-handle.html,,7,,,
,,uae/welch-allyn-diagnostic-otoscope-3-5-v-led-illumination-with-fiber-optic-otoscope-professional-otoscope-full-set-25282-cl.html,,welch-allyn-diagnostic-otoscope-3-5-v-led-illumination-with-fiber-optic-otoscope-professional-otoscope-full-set-25282-cl.html,,1,,,
,,uae/welch-allyn-diagnostic-otoscope-3-5-v-led-illumination-with-fiber-optic-otoscope-professional-otoscope-full-set-25282-cl.html,,welch-allyn-diagnostic-otoscope-3-5-v-led-illumination-with-fiber-optic-otoscope-professional-otoscope-full-set-25282-cl.html,,2,,,
,,uae/welch-allyn-diagnostic-otoscope-3-5-v-led-illumination-with-fiber-optic-otoscope-professional-otoscope-full-set-25282-cl.html,,welch-allyn-diagnostic-otoscope-3-5-v-led-illumination-with-fiber-optic-otoscope-professional-otoscope-full-set-25282-cl.html,,3,,,
,,uae/welch-allyn-diagnostic-otoscope-3-5-v-led-illumination-with-fiber-optic-otoscope-professional-otoscope-full-set-25282-cl.html,,welch-allyn-diagnostic-otoscope-3-5-v-led-illumination-with-fiber-optic-otoscope-professional-otoscope-full-set-25282-cl.html,,4,,,
,,uae/welch-allyn-diagnostic-otoscope-3-5-v-led-illumination-with-fiber-optic-otoscope-professional-otoscope-full-set-25282-cl.html,,welch-allyn-diagnostic-otoscope-3-5-v-led-illumination-with-fiber-optic-otoscope-professional-otoscope-full-set-25282-cl.html,,5,,,
,,uae/welch-allyn-diagnostic-otoscope-3-5-v-led-illumination-with-fiber-optic-otoscope-professional-otoscope-full-set-25282-cl.html,,welch-allyn-diagnostic-otoscope-3-5-v-led-illumination-with-fiber-optic-otoscope-professional-otoscope-full-set-25282-cl.html,,6,,,
,,uae/welch-allyn-diagnostic-otoscope-3-5-v-led-illumination-with-fiber-optic-otoscope-professional-otoscope-full-set-25282-cl.html,,welch-allyn-diagnostic-otoscope-3-5-v-led-illumination-with-fiber-optic-otoscope-professional-otoscope-full-set-25282-cl.html,,7,,,
,,uae/welch-allyn-retinoscope-3-5-v-diagnostic-hpx-illumination-professional-retinoscope-full-set-18342-c.html,,welch-allyn-retinoscope-3-5-v-diagnostic-hpx-illumination-professional-retinoscope-full-set-18342-c.html,,1,,,
,,uae/welch-allyn-retinoscope-3-5-v-diagnostic-hpx-illumination-professional-retinoscope-full-set-18342-c.html,,welch-allyn-retinoscope-3-5-v-diagnostic-hpx-illumination-professional-retinoscope-full-set-18342-c.html,,2,,,
,,uae/welch-allyn-retinoscope-3-5-v-diagnostic-hpx-illumination-professional-retinoscope-full-set-18342-c.html,,welch-allyn-retinoscope-3-5-v-diagnostic-hpx-illumination-professional-retinoscope-full-set-18342-c.html,,3,,,
,,uae/welch-allyn-retinoscope-3-5-v-diagnostic-hpx-illumination-professional-retinoscope-full-set-18342-c.html,,welch-allyn-retinoscope-3-5-v-diagnostic-hpx-illumination-professional-retinoscope-full-set-18342-c.html,,4,,,
,,uae/welch-allyn-retinoscope-3-5-v-diagnostic-hpx-illumination-professional-retinoscope-full-set-18342-c.html,,welch-allyn-retinoscope-3-5-v-diagnostic-hpx-illumination-professional-retinoscope-full-set-18342-c.html,,5,,,
,,uae/welch-allyn-retinoscope-3-5-v-diagnostic-hpx-illumination-professional-retinoscope-full-set-18342-c.html,,welch-allyn-retinoscope-3-5-v-diagnostic-hpx-illumination-professional-retinoscope-full-set-18342-c.html,,6,,,
,,uae/welch-allyn-retinoscope-3-5-v-diagnostic-hpx-illumination-professional-retinoscope-full-set-18342-c.html,,welch-allyn-retinoscope-3-5-v-diagnostic-hpx-illumination-professional-retinoscope-full-set-18342-c.html,,7,,,
,,us/otica-black-nitrile-gloves-100-pcs-chemical-resistant-medical-cooking-cleaning-tattoo-artist-disposable-black-gloves.html,,otica-black-nitrile-gloves-100-pcs-chemical-resistant-medical-cooking-cleaning-tattoo-artist-disposable-black-gloves.html,,1,,,
,,us/otica-black-nitrile-gloves-100-pcs-chemical-resistant-medical-cooking-cleaning-tattoo-artist-disposable-black-gloves.html,,otica-black-nitrile-gloves-100-pcs-chemical-resistant-medical-cooking-cleaning-tattoo-artist-disposable-black-gloves.html,,2,,,
,,us/otica-black-nitrile-gloves-100-pcs-chemical-resistant-medical-cooking-cleaning-tattoo-artist-disposable-black-gloves.html,,otica-black-nitrile-gloves-100-pcs-chemical-resistant-medical-cooking-cleaning-tattoo-artist-disposable-black-gloves.html,,3,,,
,,us/otica-black-nitrile-gloves-100-pcs-chemical-resistant-medical-cooking-cleaning-tattoo-artist-disposable-black-gloves.html,,otica-black-nitrile-gloves-100-pcs-chemical-resistant-medical-cooking-cleaning-tattoo-artist-disposable-black-gloves.html,,4,,,
,,us/otica-black-nitrile-gloves-100-pcs-chemical-resistant-medical-cooking-cleaning-tattoo-artist-disposable-black-gloves.html,,otica-black-nitrile-gloves-100-pcs-chemical-resistant-medical-cooking-cleaning-tattoo-artist-disposable-black-gloves.html,,5,,,
,,us/otica-black-nitrile-gloves-100-pcs-chemical-resistant-medical-cooking-cleaning-tattoo-artist-disposable-black-gloves.html,,otica-black-nitrile-gloves-100-pcs-chemical-resistant-medical-cooking-cleaning-tattoo-artist-disposable-black-gloves.html,,6,,,
,,us/otica-black-nitrile-gloves-100-pcs-chemical-resistant-medical-cooking-cleaning-tattoo-artist-disposable-black-gloves.html,,otica-black-nitrile-gloves-100-pcs-chemical-resistant-medical-cooking-cleaning-tattoo-artist-disposable-black-gloves.html,,7,,,
,,wa-03000__91369-1330029641-1280-1280/,,all-products.html,,1,,,
,,wa-03000__91369-1330029641-1280-1280/,,all-products.html,,2,,,
,,wa-03000__91369-1330029641-1280-1280/,,all-products.html,,3,,,
,,wa-03000__91369-1330029641-1280-1280/,,all-products.html,,4,,,
,,wa-03000__91369-1330029641-1280-1280/,,all-products.html,,5,,,
,,wa-03000__91369-1330029641-1280-1280/,,all-products.html,,6,,,
,,wa-03000__91369-1330029641-1280-1280/,,all-products.html,,7,,,
,,whatsapp-image-2020-08-06-at-11-24-58-1/,,all-products.html,,1,,,
,,whatsapp-image-2020-08-06-at-11-24-58-1/,,all-products.html,,2,,,
,,whatsapp-image-2020-08-06-at-11-24-58-1/,,all-products.html,,3,,,
,,whatsapp-image-2020-08-06-at-11-24-58-1/,,all-products.html,,4,,,
,,whatsapp-image-2020-08-06-at-11-24-58-1/,,all-products.html,,5,,,
,,whatsapp-image-2020-08-06-at-11-24-58-1/,,all-products.html,,6,,,
,,whatsapp-image-2020-08-06-at-11-24-58-1/,,all-products.html,,7,,,
,,whatsapp-image-2020-08-06-at-11-24-58-2/,,all-products.html,,1,,,
,,whatsapp-image-2020-08-06-at-11-24-58-2/,,all-products.html,,2,,,
,,whatsapp-image-2020-08-06-at-11-24-58-2/,,all-products.html,,3,,,
,,whatsapp-image-2020-08-06-at-11-24-58-2/,,all-products.html,,4,,,
,,whatsapp-image-2020-08-06-at-11-24-58-2/,,all-products.html,,5,,,
,,whatsapp-image-2020-08-06-at-11-24-58-2/,,all-products.html,,6,,,
,,whatsapp-image-2020-08-06-at-11-24-58-2/,,all-products.html,,7,,,
,,wwwwww/,,all-products.html,,1,,,
,,wwwwww/,,all-products.html,,2,,,
,,wwwwww/,,all-products.html,,3,,,
,,wwwwww/,,all-products.html,,4,,,
,,wwwwww/,,all-products.html,,5,,,
,,wwwwww/,,all-products.html,,6,,,
,,wwwwww/,,all-products.html,,7,,,
,,x-ray-view-box/,,professional-diagnostic-equipment/product/xray-viewer.html,,1,,,
,,x-ray-view-box/,,professional-diagnostic-equipment/product/xray-viewer.html,,2,,,
,,x-ray-view-box/,,professional-diagnostic-equipment/product/xray-viewer.html,,3,,,
,,x-ray-view-box/,,professional-diagnostic-equipment/product/xray-viewer.html,,4,,,
,,x-ray-view-box/,,professional-diagnostic-equipment/product/xray-viewer.html,,5,,,
,,x-ray-view-box/,,professional-diagnostic-equipment/product/xray-viewer.html,,6,,,
,,x-ray-view-box/,,professional-diagnostic-equipment/product/xray-viewer.html,,7,,,
,,y9ndtom8/,,all-products.html,,1,,,
,,y9ndtom8/,,all-products.html,,2,,,
,,y9ndtom8/,,all-products.html,,3,,,
,,y9ndtom8/,,all-products.html,,4,,,
,,y9ndtom8/,,all-products.html,,5,,,
,,y9ndtom8/,,all-products.html,,6,,,
,,y9ndtom8/,,all-products.html,,7,,,
