entity_type,entity_id,request_path,new_request_path,target_path,redirect_type,store_id,description,is_autogenerated,metadata
custom,,post-with-gallery/,,all-products.html,301,5,,,
custom,,post-with-gallery/,,all-products.html,301,6,,,
custom,,post-with-gallery/,,all-products.html,301,7,,,
custom,,praesent-imperdiet/,,all-products.html,301,1,,,
custom,,praesent-imperdiet/,,all-products.html,301,2,,,
custom,,praesent-imperdiet/,,all-products.html,301,3,,,
custom,,praesent-imperdiet/,,all-products.html,301,4,,,
custom,,praesent-imperdiet/,,all-products.html,301,5,,,
custom,,praesent-imperdiet/,,all-products.html,301,6,,,
custom,,praesent-imperdiet/,,all-products.html,301,7,,,
custom,,product/3-channel-ecg-machine/,,medical-device/product/ecg-machine.html,301,1,,,
custom,,product/3-channel-ecg-machine/,,medical-device/product/ecg-machine.html,301,2,,,
custom,,product/3-channel-ecg-machine/,,medical-device/product/ecg-machine.html,301,3,,,
custom,,product/3-channel-ecg-machine/,,medical-device/product/ecg-machine.html,301,4,,,
custom,,product/3-channel-ecg-machine/,,medical-device/product/ecg-machine.html,301,5,,,
custom,,product/3-channel-ecg-machine/,,medical-device/product/ecg-machine.html,301,6,,,
custom,,product/3-channel-ecg-machine/,,medical-device/product/ecg-machine.html,301,7,,,
custom,,product/3-channel-ecg-machine/?add-to-cart=5433,,medical-device/product/ecg-machine.html,301,1,,,
custom,,product/3-channel-ecg-machine/?add-to-cart=5433,,medical-device/product/ecg-machine.html,301,2,,,
custom,,product/3-channel-ecg-machine/?add-to-cart=5433,,medical-device/product/ecg-machine.html,301,3,,,
custom,,product/3-channel-ecg-machine/?add-to-cart=5433,,medical-device/product/ecg-machine.html,301,4,,,
custom,,product/3-channel-ecg-machine/?add-to-cart=5433,,medical-device/product/ecg-machine.html,301,5,,,
custom,,product/3-channel-ecg-machine/?add-to-cart=5433,,medical-device/product/ecg-machine.html,301,6,,,
custom,,product/3-channel-ecg-machine/?add-to-cart=5433,,medical-device/product/ecg-machine.html,301,7,,,
custom,,product/3-channel-ecg-machine/?add-to-cart=5533,,medical-device/product/ecg-machine.html,301,1,,,
custom,,product/3-channel-ecg-machine/?add-to-cart=5533,,medical-device/product/ecg-machine.html,301,2,,,
custom,,product/3-channel-ecg-machine/?add-to-cart=5533,,medical-device/product/ecg-machine.html,301,3,,,
custom,,product/3-channel-ecg-machine/?add-to-cart=5533,,medical-device/product/ecg-machine.html,301,4,,,
custom,,product/3-channel-ecg-machine/?add-to-cart=5533,,medical-device/product/ecg-machine.html,301,5,,,
custom,,product/3-channel-ecg-machine/?add-to-cart=5533,,medical-device/product/ecg-machine.html,301,6,,,
custom,,product/3-channel-ecg-machine/?add-to-cart=5533,,medical-device/product/ecg-machine.html,301,7,,,
custom,,product/3-channel-ecg-machine/?add-to-cart=5537,,medical-device/product/ecg-machine.html,301,1,,,
custom,,product/3-channel-ecg-machine/?add-to-cart=5537,,medical-device/product/ecg-machine.html,301,2,,,
custom,,product/3-channel-ecg-machine/?add-to-cart=5537,,medical-device/product/ecg-machine.html,301,3,,,
custom,,product/3-channel-ecg-machine/?add-to-cart=5537,,medical-device/product/ecg-machine.html,301,4,,,
custom,,product/3-channel-ecg-machine/?add-to-cart=5537,,medical-device/product/ecg-machine.html,301,5,,,
custom,,product/3-channel-ecg-machine/?add-to-cart=5537,,medical-device/product/ecg-machine.html,301,6,,,
custom,,product/3-channel-ecg-machine/?add-to-cart=5537,,medical-device/product/ecg-machine.html,301,7,,,
custom,,product/alcohol-tester/,,all-products.html,301,1,,,
custom,,product/alcohol-tester/,,all-products.html,301,2,,,
custom,,product/alcohol-tester/,,all-products.html,301,3,,,
custom,,product/alcohol-tester/,,all-products.html,301,4,,,
custom,,product/alcohol-tester/,,all-products.html,301,5,,,
custom,,product/alcohol-tester/,,all-products.html,301,6,,,
custom,,product/alcohol-tester/,,all-products.html,301,7,,,
custom,,product/alcohol-tester/?add-to-cart=5431,,all-products.html,301,1,,,
custom,,product/alcohol-tester/?add-to-cart=5431,,all-products.html,301,2,,,
custom,,product/alcohol-tester/?add-to-cart=5431,,all-products.html,301,3,,,
custom,,product/alcohol-tester/?add-to-cart=5431,,all-products.html,301,4,,,
custom,,product/alcohol-tester/?add-to-cart=5431,,all-products.html,301,5,,,
custom,,product/alcohol-tester/?add-to-cart=5431,,all-products.html,301,6,,,
custom,,product/alcohol-tester/?add-to-cart=5431,,all-products.html,301,7,,,
custom,,product/alcohol-tester/?add-to-cart=5433,,all-products.html,301,1,,,
custom,,product/alcohol-tester/?add-to-cart=5433,,all-products.html,301,2,,,
custom,,product/alcohol-tester/?add-to-cart=5433,,all-products.html,301,3,,,
custom,,product/alcohol-tester/?add-to-cart=5433,,all-products.html,301,4,,,
custom,,product/alcohol-tester/?add-to-cart=5433,,all-products.html,301,5,,,
custom,,product/alcohol-tester/?add-to-cart=5433,,all-products.html,301,6,,,
custom,,product/alcohol-tester/?add-to-cart=5433,,all-products.html,301,7,,,
custom,,product/alcohol-tester/?add-to-cart=5451,,all-products.html,301,1,,,
custom,,product/alcohol-tester/?add-to-cart=5451,,all-products.html,301,2,,,
custom,,product/alcohol-tester/?add-to-cart=5451,,all-products.html,301,3,,,
custom,,product/alcohol-tester/?add-to-cart=5451,,all-products.html,301,4,,,
custom,,product/alcohol-tester/?add-to-cart=5451,,all-products.html,301,5,,,
custom,,product/alcohol-tester/?add-to-cart=5451,,all-products.html,301,6,,,
custom,,product/alcohol-tester/?add-to-cart=5451,,all-products.html,301,7,,,
custom,,product/alcohol-tester/?add-to-cart=5457,,all-products.html,301,1,,,
custom,,product/alcohol-tester/?add-to-cart=5457,,all-products.html,301,2,,,
custom,,product/alcohol-tester/?add-to-cart=5457,,all-products.html,301,3,,,
custom,,product/alcohol-tester/?add-to-cart=5457,,all-products.html,301,4,,,
custom,,product/alcohol-tester/?add-to-cart=5457,,all-products.html,301,5,,,
custom,,product/alcohol-tester/?add-to-cart=5457,,all-products.html,301,6,,,
custom,,product/alcohol-tester/?add-to-cart=5457,,all-products.html,301,7,,,
custom,,product/alcohol-tester/?add-to-cart=5544,,all-products.html,301,1,,,
custom,,product/alcohol-tester/?add-to-cart=5544,,all-products.html,301,2,,,
custom,,product/alcohol-tester/?add-to-cart=5544,,all-products.html,301,3,,,
custom,,product/alcohol-tester/?add-to-cart=5544,,all-products.html,301,4,,,
custom,,product/alcohol-tester/?add-to-cart=5544,,all-products.html,301,5,,,
custom,,product/alcohol-tester/?add-to-cart=5544,,all-products.html,301,6,,,
custom,,product/alcohol-tester/?add-to-cart=5544,,all-products.html,301,7,,,
custom,,product/babcock-forcep/?add_to_wishlist=11118&_wpnonce=2abe661b59,,surgical-instrument/product/artery-forcep.html,301,1,,,
custom,,product/babcock-forcep/?add_to_wishlist=11118&_wpnonce=2abe661b59,,surgical-instrument/product/artery-forcep.html,301,2,,,
custom,,product/babcock-forcep/?add_to_wishlist=11118&_wpnonce=2abe661b59,,surgical-instrument/product/artery-forcep.html,301,3,,,
custom,,product/babcock-forcep/?add_to_wishlist=11118&_wpnonce=2abe661b59,,surgical-instrument/product/artery-forcep.html,301,4,,,
custom,,product/babcock-forcep/?add_to_wishlist=11118&_wpnonce=2abe661b59,,surgical-instrument/product/artery-forcep.html,301,5,,,
custom,,product/babcock-forcep/?add_to_wishlist=11118&_wpnonce=2abe661b59,,surgical-instrument/product/artery-forcep.html,301,6,,,
custom,,product/babcock-forcep/?add_to_wishlist=11118&_wpnonce=2abe661b59,,surgical-instrument/product/artery-forcep.html,301,7,,,
custom,,product/babcock-forcep/?add-to-cart=11101,,surgical-instrument/product/artery-forcep.html,301,1,,,
custom,,product/babcock-forcep/?add-to-cart=11101,,surgical-instrument/product/artery-forcep.html,301,2,,,
custom,,product/babcock-forcep/?add-to-cart=11101,,surgical-instrument/product/artery-forcep.html,301,3,,,
custom,,product/babcock-forcep/?add-to-cart=11101,,surgical-instrument/product/artery-forcep.html,301,4,,,
custom,,product/babcock-forcep/?add-to-cart=11101,,surgical-instrument/product/artery-forcep.html,301,5,,,
custom,,product/babcock-forcep/?add-to-cart=11101,,surgical-instrument/product/artery-forcep.html,301,6,,,
custom,,product/babcock-forcep/?add-to-cart=11101,,surgical-instrument/product/artery-forcep.html,301,7,,,
custom,,product/babcock-forcep/?add-to-cart=11116,,surgical-instrument/product/artery-forcep.html,301,1,,,
custom,,product/babcock-forcep/?add-to-cart=11116,,surgical-instrument/product/artery-forcep.html,301,2,,,
custom,,product/babcock-forcep/?add-to-cart=11116,,surgical-instrument/product/artery-forcep.html,301,3,,,
custom,,product/babcock-forcep/?add-to-cart=11116,,surgical-instrument/product/artery-forcep.html,301,4,,,
custom,,product/babcock-forcep/?add-to-cart=11116,,surgical-instrument/product/artery-forcep.html,301,5,,,
custom,,product/babcock-forcep/?add-to-cart=11116,,surgical-instrument/product/artery-forcep.html,301,6,,,
custom,,product/babcock-forcep/?add-to-cart=11116,,surgical-instrument/product/artery-forcep.html,301,7,,,
custom,,product/babcock-forcep/?add-to-cart=11118,,surgical-instrument/product/artery-forcep.html,301,1,,,
custom,,product/babcock-forcep/?add-to-cart=11118,,surgical-instrument/product/artery-forcep.html,301,2,,,
custom,,product/babcock-forcep/?add-to-cart=11118,,surgical-instrument/product/artery-forcep.html,301,3,,,
custom,,product/babcock-forcep/?add-to-cart=11118,,surgical-instrument/product/artery-forcep.html,301,4,,,
custom,,product/babcock-forcep/?add-to-cart=11118,,surgical-instrument/product/artery-forcep.html,301,5,,,
custom,,product/babcock-forcep/?add-to-cart=11118,,surgical-instrument/product/artery-forcep.html,301,6,,,
custom,,product/babcock-forcep/?add-to-cart=11118,,surgical-instrument/product/artery-forcep.html,301,7,,,
custom,,product/babcock-forcep/?add-to-cart=11127,,surgical-instrument/product/artery-forcep.html,301,1,,,
custom,,product/babcock-forcep/?add-to-cart=11127,,surgical-instrument/product/artery-forcep.html,301,2,,,
custom,,product/babcock-forcep/?add-to-cart=11127,,surgical-instrument/product/artery-forcep.html,301,3,,,
custom,,product/babcock-forcep/?add-to-cart=11127,,surgical-instrument/product/artery-forcep.html,301,4,,,
custom,,product/babcock-forcep/?add-to-cart=11127,,surgical-instrument/product/artery-forcep.html,301,5,,,
custom,,product/babcock-forcep/?add-to-cart=11127,,surgical-instrument/product/artery-forcep.html,301,6,,,
custom,,product/babcock-forcep/?add-to-cart=11127,,surgical-instrument/product/artery-forcep.html,301,7,,,
custom,,product/babcock-forcep/?add-to-cart=11131,,surgical-instrument/product/artery-forcep.html,301,1,,,
custom,,product/babcock-forcep/?add-to-cart=11131,,surgical-instrument/product/artery-forcep.html,301,2,,,
custom,,product/babcock-forcep/?add-to-cart=11131,,surgical-instrument/product/artery-forcep.html,301,3,,,
custom,,product/babcock-forcep/?add-to-cart=11131,,surgical-instrument/product/artery-forcep.html,301,4,,,
custom,,product/babcock-forcep/?add-to-cart=11131,,surgical-instrument/product/artery-forcep.html,301,5,,,
custom,,product/babcock-forcep/?add-to-cart=11131,,surgical-instrument/product/artery-forcep.html,301,6,,,
custom,,product/babcock-forcep/?add-to-cart=11131,,surgical-instrument/product/artery-forcep.html,301,7,,,
custom,,product/babcock-forcep/?add-to-cart=11138,,surgical-instrument/product/artery-forcep.html,301,1,,,
custom,,product/babcock-forcep/?add-to-cart=11138,,surgical-instrument/product/artery-forcep.html,301,2,,,
custom,,product/babcock-forcep/?add-to-cart=11138,,surgical-instrument/product/artery-forcep.html,301,3,,,
custom,,product/babcock-forcep/?add-to-cart=11138,,surgical-instrument/product/artery-forcep.html,301,4,,,
custom,,product/babcock-forcep/?add-to-cart=11138,,surgical-instrument/product/artery-forcep.html,301,5,,,
custom,,product/babcock-forcep/?add-to-cart=11138,,surgical-instrument/product/artery-forcep.html,301,6,,,
custom,,product/babcock-forcep/?add-to-cart=11138,,surgical-instrument/product/artery-forcep.html,301,7,,,
custom,,product/babcock-forcep/?add-to-cart=11150,,surgical-instrument/product/artery-forcep.html,301,1,,,
custom,,product/babcock-forcep/?add-to-cart=11150,,surgical-instrument/product/artery-forcep.html,301,2,,,
custom,,product/babcock-forcep/?add-to-cart=11150,,surgical-instrument/product/artery-forcep.html,301,3,,,
custom,,product/babcock-forcep/?add-to-cart=11150,,surgical-instrument/product/artery-forcep.html,301,4,,,
custom,,product/babcock-forcep/?add-to-cart=11150,,surgical-instrument/product/artery-forcep.html,301,5,,,
custom,,product/babcock-forcep/?add-to-cart=11150,,surgical-instrument/product/artery-forcep.html,301,6,,,
custom,,product/babcock-forcep/?add-to-cart=11150,,surgical-instrument/product/artery-forcep.html,301,7,,,
custom,,product/babcock-forcep/?add-to-cart=11152,,surgical-instrument/product/artery-forcep.html,301,1,,,
custom,,product/babcock-forcep/?add-to-cart=11152,,surgical-instrument/product/artery-forcep.html,301,2,,,
custom,,product/babcock-forcep/?add-to-cart=11152,,surgical-instrument/product/artery-forcep.html,301,3,,,
custom,,product/babcock-forcep/?add-to-cart=11152,,surgical-instrument/product/artery-forcep.html,301,4,,,
custom,,product/babcock-forcep/?add-to-cart=11152,,surgical-instrument/product/artery-forcep.html,301,5,,,
custom,,product/babcock-forcep/?add-to-cart=11152,,surgical-instrument/product/artery-forcep.html,301,6,,,
custom,,product/babcock-forcep/?add-to-cart=11152,,surgical-instrument/product/artery-forcep.html,301,7,,,
custom,,product/babcock-forcep/?add-to-cart=11161,,surgical-instrument/product/artery-forcep.html,301,1,,,
custom,,product/babcock-forcep/?add-to-cart=11161,,surgical-instrument/product/artery-forcep.html,301,2,,,
custom,,product/babcock-forcep/?add-to-cart=11161,,surgical-instrument/product/artery-forcep.html,301,3,,,
custom,,product/babcock-forcep/?add-to-cart=11161,,surgical-instrument/product/artery-forcep.html,301,4,,,
custom,,product/babcock-forcep/?add-to-cart=11161,,surgical-instrument/product/artery-forcep.html,301,5,,,
custom,,product/babcock-forcep/?add-to-cart=11161,,surgical-instrument/product/artery-forcep.html,301,6,,,
custom,,product/babcock-forcep/?add-to-cart=11161,,surgical-instrument/product/artery-forcep.html,301,7,,,
custom,,product/babcock-forcep/?add-to-cart=6278,,surgical-instrument/product/artery-forcep.html,301,1,,,
custom,,product/babcock-forcep/?add-to-cart=6278,,surgical-instrument/product/artery-forcep.html,301,2,,,
custom,,product/babcock-forcep/?add-to-cart=6278,,surgical-instrument/product/artery-forcep.html,301,3,,,
custom,,product/babcock-forcep/?add-to-cart=6278,,surgical-instrument/product/artery-forcep.html,301,4,,,
custom,,product/babcock-forcep/?add-to-cart=6278,,surgical-instrument/product/artery-forcep.html,301,5,,,
custom,,product/babcock-forcep/?add-to-cart=6278,,surgical-instrument/product/artery-forcep.html,301,6,,,
custom,,product/babcock-forcep/?add-to-cart=6278,,surgical-instrument/product/artery-forcep.html,301,7,,,
custom,,product/bmc-f2-full-face-mask-for-cpap-and-bipap/?attribute_pa_size=m,,home-healthcare-devices/respiratory-mask.html,301,1,,,
custom,,product/bmc-f2-full-face-mask-for-cpap-and-bipap/?attribute_pa_size=m,,home-healthcare-devices/respiratory-mask.html,301,2,,,
custom,,product/bmc-f2-full-face-mask-for-cpap-and-bipap/?attribute_pa_size=m,,home-healthcare-devices/respiratory-mask.html,301,3,,,
custom,,product/bmc-f2-full-face-mask-for-cpap-and-bipap/?attribute_pa_size=m,,home-healthcare-devices/respiratory-mask.html,301,4,,,
custom,,product/bmc-f2-full-face-mask-for-cpap-and-bipap/?attribute_pa_size=m,,home-healthcare-devices/respiratory-mask.html,301,5,,,
custom,,product/bmc-f2-full-face-mask-for-cpap-and-bipap/?attribute_pa_size=m,,home-healthcare-devices/respiratory-mask.html,301,6,,,
custom,,product/bmc-f2-full-face-mask-for-cpap-and-bipap/?attribute_pa_size=m,,home-healthcare-devices/respiratory-mask.html,301,7,,,
custom,,product/bmi-weight-scale/,,all-products.html,301,1,,,
custom,,product/bmi-weight-scale/,,all-products.html,301,2,,,
custom,,product/bmi-weight-scale/,,all-products.html,301,3,,,
custom,,product/bmi-weight-scale/,,all-products.html,301,4,,,
custom,,product/bmi-weight-scale/,,all-products.html,301,5,,,
custom,,product/bmi-weight-scale/,,all-products.html,301,6,,,
custom,,product/bmi-weight-scale/,,all-products.html,301,7,,,
custom,,product/bmi-weight-scale/?add_to_wishlist=5541&_wpnonce=cac6a423d7,,all-products.html,301,1,,,
custom,,product/bmi-weight-scale/?add_to_wishlist=5541&_wpnonce=cac6a423d7,,all-products.html,301,2,,,
custom,,product/bmi-weight-scale/?add_to_wishlist=5541&_wpnonce=cac6a423d7,,all-products.html,301,3,,,
custom,,product/bmi-weight-scale/?add_to_wishlist=5541&_wpnonce=cac6a423d7,,all-products.html,301,4,,,
custom,,product/bmi-weight-scale/?add_to_wishlist=5541&_wpnonce=cac6a423d7,,all-products.html,301,5,,,
custom,,product/bmi-weight-scale/?add_to_wishlist=5541&_wpnonce=cac6a423d7,,all-products.html,301,6,,,
custom,,product/bmi-weight-scale/?add_to_wishlist=5541&_wpnonce=cac6a423d7,,all-products.html,301,7,,,
custom,,product/bmi-weight-scale/?add-to-cart=5431,,all-products.html,301,1,,,
custom,,product/bmi-weight-scale/?add-to-cart=5431,,all-products.html,301,2,,,
custom,,product/bmi-weight-scale/?add-to-cart=5431,,all-products.html,301,3,,,
custom,,product/bmi-weight-scale/?add-to-cart=5431,,all-products.html,301,4,,,
custom,,product/bmi-weight-scale/?add-to-cart=5431,,all-products.html,301,5,,,
custom,,product/bmi-weight-scale/?add-to-cart=5431,,all-products.html,301,6,,,
custom,,product/bmi-weight-scale/?add-to-cart=5431,,all-products.html,301,7,,,
custom,,product/bmi-weight-scale/?add-to-cart=5521,,all-products.html,301,1,,,
custom,,product/bmi-weight-scale/?add-to-cart=5521,,all-products.html,301,2,,,
custom,,product/bmi-weight-scale/?add-to-cart=5521,,all-products.html,301,3,,,
custom,,product/bmi-weight-scale/?add-to-cart=5521,,all-products.html,301,4,,,
custom,,product/bmi-weight-scale/?add-to-cart=5521,,all-products.html,301,5,,,
custom,,product/bmi-weight-scale/?add-to-cart=5521,,all-products.html,301,6,,,
custom,,product/bmi-weight-scale/?add-to-cart=5521,,all-products.html,301,7,,,
custom,,product/bmi-weight-scale/?add-to-cart=5531,,all-products.html,301,1,,,
custom,,product/bmi-weight-scale/?add-to-cart=5531,,all-products.html,301,2,,,
custom,,product/bmi-weight-scale/?add-to-cart=5531,,all-products.html,301,3,,,
custom,,product/bmi-weight-scale/?add-to-cart=5531,,all-products.html,301,4,,,
custom,,product/bmi-weight-scale/?add-to-cart=5531,,all-products.html,301,5,,,
custom,,product/bmi-weight-scale/?add-to-cart=5531,,all-products.html,301,6,,,
custom,,product/bmi-weight-scale/?add-to-cart=5531,,all-products.html,301,7,,,
custom,,product/bmi-weight-scale/?add-to-cart=5541,,all-products.html,301,1,,,
custom,,product/bmi-weight-scale/?add-to-cart=5541,,all-products.html,301,2,,,
custom,,product/bmi-weight-scale/?add-to-cart=5541,,all-products.html,301,3,,,
custom,,product/bmi-weight-scale/?add-to-cart=5541,,all-products.html,301,4,,,
custom,,product/bmi-weight-scale/?add-to-cart=5541,,all-products.html,301,5,,,
custom,,product/bmi-weight-scale/?add-to-cart=5541,,all-products.html,301,6,,,
custom,,product/bmi-weight-scale/?add-to-cart=5541,,all-products.html,301,7,,,
custom,,product/bmi-weight-scale/?add-to-cart=5542,,all-products.html,301,1,,,
custom,,product/bmi-weight-scale/?add-to-cart=5542,,all-products.html,301,2,,,
custom,,product/bmi-weight-scale/?add-to-cart=5542,,all-products.html,301,3,,,
custom,,product/bmi-weight-scale/?add-to-cart=5542,,all-products.html,301,4,,,
custom,,product/bmi-weight-scale/?add-to-cart=5542,,all-products.html,301,5,,,
custom,,product/bmi-weight-scale/?add-to-cart=5542,,all-products.html,301,6,,,
custom,,product/bmi-weight-scale/?add-to-cart=5542,,all-products.html,301,7,,,
custom,,product/bmi-weight-scale/?add-to-cart=5544,,all-products.html,301,1,,,
custom,,product/bmi-weight-scale/?add-to-cart=5544,,all-products.html,301,2,,,
custom,,product/bmi-weight-scale/?add-to-cart=5544,,all-products.html,301,3,,,
custom,,product/bmi-weight-scale/?add-to-cart=5544,,all-products.html,301,4,,,
custom,,product/bmi-weight-scale/?add-to-cart=5544,,all-products.html,301,5,,,
custom,,product/bmi-weight-scale/?add-to-cart=5544,,all-products.html,301,6,,,
custom,,product/bmi-weight-scale/?add-to-cart=5544,,all-products.html,301,7,,,
custom,,product/bone-scoop/?add-to-cart=11105,,all-products.html,301,1,,,
custom,,product/bone-scoop/?add-to-cart=11105,,all-products.html,301,2,,,
custom,,product/bone-scoop/?add-to-cart=11105,,all-products.html,301,3,,,
custom,,product/bone-scoop/?add-to-cart=11105,,all-products.html,301,4,,,
custom,,product/bone-scoop/?add-to-cart=11105,,all-products.html,301,5,,,
custom,,product/bone-scoop/?add-to-cart=11105,,all-products.html,301,6,,,
custom,,product/bone-scoop/?add-to-cart=11105,,all-products.html,301,7,,,
custom,,product/bone-scoop/?add-to-cart=11118,,all-products.html,301,1,,,
custom,,product/bone-scoop/?add-to-cart=11118,,all-products.html,301,2,,,
custom,,product/bone-scoop/?add-to-cart=11118,,all-products.html,301,3,,,
custom,,product/bone-scoop/?add-to-cart=11118,,all-products.html,301,4,,,
custom,,product/bone-scoop/?add-to-cart=11118,,all-products.html,301,5,,,
custom,,product/bone-scoop/?add-to-cart=11118,,all-products.html,301,6,,,
custom,,product/bone-scoop/?add-to-cart=11118,,all-products.html,301,7,,,
custom,,product/bone-scoop/?add-to-cart=11134,,all-products.html,301,1,,,
custom,,product/bone-scoop/?add-to-cart=11134,,all-products.html,301,2,,,
custom,,product/bone-scoop/?add-to-cart=11134,,all-products.html,301,3,,,
custom,,product/bone-scoop/?add-to-cart=11134,,all-products.html,301,4,,,
custom,,product/bone-scoop/?add-to-cart=11134,,all-products.html,301,5,,,
custom,,product/bone-scoop/?add-to-cart=11134,,all-products.html,301,6,,,
custom,,product/bone-scoop/?add-to-cart=11134,,all-products.html,301,7,,,
custom,,product/bone-scoop/?add-to-cart=11140,,all-products.html,301,1,,,
custom,,product/bone-scoop/?add-to-cart=11140,,all-products.html,301,2,,,
custom,,product/bone-scoop/?add-to-cart=11140,,all-products.html,301,3,,,
custom,,product/bone-scoop/?add-to-cart=11140,,all-products.html,301,4,,,
custom,,product/bone-scoop/?add-to-cart=11140,,all-products.html,301,5,,,
custom,,product/bone-scoop/?add-to-cart=11140,,all-products.html,301,6,,,
custom,,product/bone-scoop/?add-to-cart=11140,,all-products.html,301,7,,,
custom,,product/bone-scoop/?add-to-cart=11152,,all-products.html,301,1,,,
custom,,product/bone-scoop/?add-to-cart=11152,,all-products.html,301,2,,,
custom,,product/bone-scoop/?add-to-cart=11152,,all-products.html,301,3,,,
custom,,product/bone-scoop/?add-to-cart=11152,,all-products.html,301,4,,,
custom,,product/bone-scoop/?add-to-cart=11152,,all-products.html,301,5,,,
custom,,product/bone-scoop/?add-to-cart=11152,,all-products.html,301,6,,,
custom,,product/bone-scoop/?add-to-cart=11152,,all-products.html,301,7,,,
custom,,product/b-p-handle/?add-to-cart=11105,,all-products.html,301,1,,,
custom,,product/b-p-handle/?add-to-cart=11105,,all-products.html,301,2,,,
custom,,product/b-p-handle/?add-to-cart=11105,,all-products.html,301,3,,,
custom,,product/b-p-handle/?add-to-cart=11105,,all-products.html,301,4,,,
custom,,product/b-p-handle/?add-to-cart=11105,,all-products.html,301,5,,,
custom,,product/b-p-handle/?add-to-cart=11105,,all-products.html,301,6,,,
custom,,product/b-p-handle/?add-to-cart=11105,,all-products.html,301,7,,,
custom,,product/bpl-3-channel-ecg-machine-white/?add_to_wishlist=10764&_wpnonce=8f9f0fec33,,medical-device/product/ecg-machine.html,301,1,,,
custom,,product/bpl-3-channel-ecg-machine-white/?add_to_wishlist=10764&_wpnonce=8f9f0fec33,,medical-device/product/ecg-machine.html,301,2,,,
custom,,product/bpl-3-channel-ecg-machine-white/?add_to_wishlist=10764&_wpnonce=8f9f0fec33,,medical-device/product/ecg-machine.html,301,3,,,
custom,,product/bpl-3-channel-ecg-machine-white/?add_to_wishlist=10764&_wpnonce=8f9f0fec33,,medical-device/product/ecg-machine.html,301,4,,,
custom,,product/bpl-3-channel-ecg-machine-white/?add_to_wishlist=10764&_wpnonce=8f9f0fec33,,medical-device/product/ecg-machine.html,301,5,,,
custom,,product/bpl-3-channel-ecg-machine-white/?add_to_wishlist=10764&_wpnonce=8f9f0fec33,,medical-device/product/ecg-machine.html,301,6,,,
custom,,product/bpl-3-channel-ecg-machine-white/?add_to_wishlist=10764&_wpnonce=8f9f0fec33,,medical-device/product/ecg-machine.html,301,7,,,
custom,,product/bpl-3-channel-ecg-machine-white/?add_to_wishlist=11267&_wpnonce=8f9f0fec33,,medical-device/product/ecg-machine.html,301,1,,,
custom,,product/bpl-3-channel-ecg-machine-white/?add_to_wishlist=11267&_wpnonce=8f9f0fec33,,medical-device/product/ecg-machine.html,301,2,,,
custom,,product/bpl-3-channel-ecg-machine-white/?add_to_wishlist=11267&_wpnonce=8f9f0fec33,,medical-device/product/ecg-machine.html,301,3,,,
custom,,product/bpl-3-channel-ecg-machine-white/?add_to_wishlist=11267&_wpnonce=8f9f0fec33,,medical-device/product/ecg-machine.html,301,4,,,
custom,,product/bpl-3-channel-ecg-machine-white/?add_to_wishlist=11267&_wpnonce=8f9f0fec33,,medical-device/product/ecg-machine.html,301,5,,,
custom,,product/bpl-3-channel-ecg-machine-white/?add_to_wishlist=11267&_wpnonce=8f9f0fec33,,medical-device/product/ecg-machine.html,301,6,,,
custom,,product/bpl-3-channel-ecg-machine-white/?add_to_wishlist=11267&_wpnonce=8f9f0fec33,,medical-device/product/ecg-machine.html,301,7,,,
custom,,product/bpl-3-channel-ecg-machine-white/?add_to_wishlist=11269&_wpnonce=8f9f0fec33,,medical-device/product/ecg-machine.html,301,1,,,
custom,,product/bpl-3-channel-ecg-machine-white/?add_to_wishlist=11269&_wpnonce=8f9f0fec33,,medical-device/product/ecg-machine.html,301,2,,,
custom,,product/bpl-3-channel-ecg-machine-white/?add_to_wishlist=11269&_wpnonce=8f9f0fec33,,medical-device/product/ecg-machine.html,301,3,,,
custom,,product/bpl-3-channel-ecg-machine-white/?add_to_wishlist=11269&_wpnonce=8f9f0fec33,,medical-device/product/ecg-machine.html,301,4,,,
custom,,product/bpl-3-channel-ecg-machine-white/?add_to_wishlist=11269&_wpnonce=8f9f0fec33,,medical-device/product/ecg-machine.html,301,5,,,
custom,,product/bpl-3-channel-ecg-machine-white/?add_to_wishlist=11269&_wpnonce=8f9f0fec33,,medical-device/product/ecg-machine.html,301,6,,,
custom,,product/bpl-3-channel-ecg-machine-white/?add_to_wishlist=11269&_wpnonce=8f9f0fec33,,medical-device/product/ecg-machine.html,301,7,,,
custom,,product/bpl-fingertip-pulse-oximeter-smart-oxy/?add-to-cart=10731,,home-healthcare-devices.html,301,1,,,
custom,,product/bpl-fingertip-pulse-oximeter-smart-oxy/?add-to-cart=10731,,home-healthcare-devices.html,301,2,,,
custom,,product/bpl-fingertip-pulse-oximeter-smart-oxy/?add-to-cart=10731,,home-healthcare-devices.html,301,3,,,
custom,,product/bpl-fingertip-pulse-oximeter-smart-oxy/?add-to-cart=10731,,home-healthcare-devices.html,301,4,,,
custom,,product/bpl-fingertip-pulse-oximeter-smart-oxy/?add-to-cart=10731,,home-healthcare-devices.html,301,5,,,
custom,,product/bpl-fingertip-pulse-oximeter-smart-oxy/?add-to-cart=10731,,home-healthcare-devices.html,301,6,,,
custom,,product/bpl-fingertip-pulse-oximeter-smart-oxy/?add-to-cart=10731,,home-healthcare-devices.html,301,7,,,
custom,,product/bpl-fingertip-pulse-oximeter-smart-oxy/?add-to-cart=10754,,home-healthcare-devices.html,301,1,,,
custom,,product/bpl-fingertip-pulse-oximeter-smart-oxy/?add-to-cart=10754,,home-healthcare-devices.html,301,2,,,
custom,,product/bpl-fingertip-pulse-oximeter-smart-oxy/?add-to-cart=10754,,home-healthcare-devices.html,301,3,,,
custom,,product/bpl-fingertip-pulse-oximeter-smart-oxy/?add-to-cart=10754,,home-healthcare-devices.html,301,4,,,
custom,,product/bpl-fingertip-pulse-oximeter-smart-oxy/?add-to-cart=10754,,home-healthcare-devices.html,301,5,,,
custom,,product/bpl-fingertip-pulse-oximeter-smart-oxy/?add-to-cart=10754,,home-healthcare-devices.html,301,6,,,
custom,,product/bpl-fingertip-pulse-oximeter-smart-oxy/?add-to-cart=10754,,home-healthcare-devices.html,301,7,,,
custom,,product/bpl-fingertip-pulse-oximeter-smart-oxy/?add-to-cart=10757,,home-healthcare-devices.html,301,1,,,
custom,,product/bpl-fingertip-pulse-oximeter-smart-oxy/?add-to-cart=10757,,home-healthcare-devices.html,301,2,,,
custom,,product/bpl-fingertip-pulse-oximeter-smart-oxy/?add-to-cart=10757,,home-healthcare-devices.html,301,3,,,
custom,,product/bpl-fingertip-pulse-oximeter-smart-oxy/?add-to-cart=10757,,home-healthcare-devices.html,301,4,,,
custom,,product/bpl-fingertip-pulse-oximeter-smart-oxy/?add-to-cart=10757,,home-healthcare-devices.html,301,5,,,
custom,,product/bpl-fingertip-pulse-oximeter-smart-oxy/?add-to-cart=10757,,home-healthcare-devices.html,301,6,,,
custom,,product/bpl-fingertip-pulse-oximeter-smart-oxy/?add-to-cart=10757,,home-healthcare-devices.html,301,7,,,
custom,,product/bpl-fingertip-pulse-oximeter-smart-oxy/?add-to-cart=10759,,home-healthcare-devices.html,301,1,,,
custom,,product/bpl-fingertip-pulse-oximeter-smart-oxy/?add-to-cart=10759,,home-healthcare-devices.html,301,2,,,
custom,,product/bpl-fingertip-pulse-oximeter-smart-oxy/?add-to-cart=10759,,home-healthcare-devices.html,301,3,,,
custom,,product/bpl-fingertip-pulse-oximeter-smart-oxy/?add-to-cart=10759,,home-healthcare-devices.html,301,4,,,
custom,,product/bpl-fingertip-pulse-oximeter-smart-oxy/?add-to-cart=10759,,home-healthcare-devices.html,301,5,,,
custom,,product/bpl-fingertip-pulse-oximeter-smart-oxy/?add-to-cart=10759,,home-healthcare-devices.html,301,6,,,
custom,,product/bpl-fingertip-pulse-oximeter-smart-oxy/?add-to-cart=10759,,home-healthcare-devices.html,301,7,,,
custom,,product/bpl-fingertip-pulse-oximeter-smart-oxy/?add-to-cart=10760,,home-healthcare-devices.html,301,1,,,
custom,,product/bpl-fingertip-pulse-oximeter-smart-oxy/?add-to-cart=10760,,home-healthcare-devices.html,301,2,,,
custom,,product/bpl-fingertip-pulse-oximeter-smart-oxy/?add-to-cart=10760,,home-healthcare-devices.html,301,3,,,
custom,,product/bpl-fingertip-pulse-oximeter-smart-oxy/?add-to-cart=10760,,home-healthcare-devices.html,301,4,,,
custom,,product/bpl-fingertip-pulse-oximeter-smart-oxy/?add-to-cart=10760,,home-healthcare-devices.html,301,5,,,
custom,,product/bpl-fingertip-pulse-oximeter-smart-oxy/?add-to-cart=10760,,home-healthcare-devices.html,301,6,,,
custom,,product/bpl-fingertip-pulse-oximeter-smart-oxy/?add-to-cart=10760,,home-healthcare-devices.html,301,7,,,
custom,,product/bpl-fingertip-pulse-oximeter-smart-oxy/?add-to-cart=11273,,home-healthcare-devices.html,301,1,,,
custom,,product/bpl-fingertip-pulse-oximeter-smart-oxy/?add-to-cart=11273,,home-healthcare-devices.html,301,2,,,
custom,,product/bpl-fingertip-pulse-oximeter-smart-oxy/?add-to-cart=11273,,home-healthcare-devices.html,301,3,,,
custom,,product/bpl-fingertip-pulse-oximeter-smart-oxy/?add-to-cart=11273,,home-healthcare-devices.html,301,4,,,
custom,,product/bpl-fingertip-pulse-oximeter-smart-oxy/?add-to-cart=11273,,home-healthcare-devices.html,301,5,,,
custom,,product/bpl-fingertip-pulse-oximeter-smart-oxy/?add-to-cart=11273,,home-healthcare-devices.html,301,6,,,
custom,,product/bpl-fingertip-pulse-oximeter-smart-oxy/?add-to-cart=11273,,home-healthcare-devices.html,301,7,,,
custom,,product/bpl-foetal-doppler-fd01/?add-to-cart=10752,,home-healthcare-devices/mother-and-child-care/fetal-doppler.html,301,1,,,
custom,,product/bpl-foetal-doppler-fd01/?add-to-cart=10752,,home-healthcare-devices/mother-and-child-care/fetal-doppler.html,301,2,,,
custom,,product/bpl-foetal-doppler-fd01/?add-to-cart=10752,,home-healthcare-devices/mother-and-child-care/fetal-doppler.html,301,3,,,
custom,,product/bpl-foetal-doppler-fd01/?add-to-cart=10752,,home-healthcare-devices/mother-and-child-care/fetal-doppler.html,301,4,,,
custom,,product/bpl-foetal-doppler-fd01/?add-to-cart=10752,,home-healthcare-devices/mother-and-child-care/fetal-doppler.html,301,5,,,
custom,,product/bpl-foetal-doppler-fd01/?add-to-cart=10752,,home-healthcare-devices/mother-and-child-care/fetal-doppler.html,301,6,,,
custom,,product/bpl-foetal-doppler-fd01/?add-to-cart=10752,,home-healthcare-devices/mother-and-child-care/fetal-doppler.html,301,7,,,
custom,,product/bpl-homecare-oxygen-concentrators-oxy-5-neo/,,home-healthcare-devices/oxygen-concentrator.html,301,1,,,
custom,,product/bpl-homecare-oxygen-concentrators-oxy-5-neo/,,home-healthcare-devices/oxygen-concentrator.html,301,2,,,
custom,,product/bpl-homecare-oxygen-concentrators-oxy-5-neo/,,home-healthcare-devices/oxygen-concentrator.html,301,3,,,
custom,,product/bpl-homecare-oxygen-concentrators-oxy-5-neo/,,home-healthcare-devices/oxygen-concentrator.html,301,4,,,
custom,,product/bpl-homecare-oxygen-concentrators-oxy-5-neo/,,home-healthcare-devices/oxygen-concentrator.html,301,5,,,
custom,,product/bpl-homecare-oxygen-concentrators-oxy-5-neo/,,home-healthcare-devices/oxygen-concentrator.html,301,6,,,
custom,,product/bpl-homecare-oxygen-concentrators-oxy-5-neo/,,home-healthcare-devices/oxygen-concentrator.html,301,7,,,
custom,,product/bpl-medical-technologies-120-80-b11-automatic-blood-pressure-monitor-white/?add-to-cart=10751,,home-healthcare-devices/elderly-care/bp-monitor-cuff.html,301,1,,,
custom,,product/bpl-medical-technologies-120-80-b11-automatic-blood-pressure-monitor-white/?add-to-cart=10751,,home-healthcare-devices/elderly-care/bp-monitor-cuff.html,301,2,,,
custom,,product/bpl-medical-technologies-120-80-b11-automatic-blood-pressure-monitor-white/?add-to-cart=10751,,home-healthcare-devices/elderly-care/bp-monitor-cuff.html,301,3,,,
custom,,product/bpl-medical-technologies-120-80-b11-automatic-blood-pressure-monitor-white/?add-to-cart=10751,,home-healthcare-devices/elderly-care/bp-monitor-cuff.html,301,4,,,
custom,,product/bpl-medical-technologies-120-80-b11-automatic-blood-pressure-monitor-white/?add-to-cart=10751,,home-healthcare-devices/elderly-care/bp-monitor-cuff.html,301,5,,,
custom,,product/bpl-medical-technologies-120-80-b11-automatic-blood-pressure-monitor-white/?add-to-cart=10751,,home-healthcare-devices/elderly-care/bp-monitor-cuff.html,301,6,,,
custom,,product/bpl-medical-technologies-120-80-b11-automatic-blood-pressure-monitor-white/?add-to-cart=10751,,home-healthcare-devices/elderly-care/bp-monitor-cuff.html,301,7,,,
custom,,product/bpl-medical-technologies-automatic-blood-pressure-monitor-bpl120-80-b16-black/?add-to-cart=11264,,home-healthcare-devices/elderly-care/bp-monitor-cuff.html,301,1,,,
custom,,product/bpl-medical-technologies-automatic-blood-pressure-monitor-bpl120-80-b16-black/?add-to-cart=11264,,home-healthcare-devices/elderly-care/bp-monitor-cuff.html,301,2,,,
custom,,product/bpl-medical-technologies-automatic-blood-pressure-monitor-bpl120-80-b16-black/?add-to-cart=11264,,home-healthcare-devices/elderly-care/bp-monitor-cuff.html,301,3,,,
custom,,product/bpl-medical-technologies-automatic-blood-pressure-monitor-bpl120-80-b16-black/?add-to-cart=11264,,home-healthcare-devices/elderly-care/bp-monitor-cuff.html,301,4,,,
custom,,product/bpl-medical-technologies-automatic-blood-pressure-monitor-bpl120-80-b16-black/?add-to-cart=11264,,home-healthcare-devices/elderly-care/bp-monitor-cuff.html,301,5,,,
custom,,product/bpl-medical-technologies-automatic-blood-pressure-monitor-bpl120-80-b16-black/?add-to-cart=11264,,home-healthcare-devices/elderly-care/bp-monitor-cuff.html,301,6,,,
custom,,product/bpl-medical-technologies-automatic-blood-pressure-monitor-bpl120-80-b16-black/?add-to-cart=11264,,home-healthcare-devices/elderly-care/bp-monitor-cuff.html,301,7,,,
custom,,product/cpap-and-bipap/?add-to-cart=5441,,home-healthcare-devices/respiratory-mask/cpap-bipap-machine.html,301,1,,,
custom,,product/cpap-and-bipap/?add-to-cart=5441,,home-healthcare-devices/respiratory-mask/cpap-bipap-machine.html,301,2,,,
custom,,product/cpap-and-bipap/?add-to-cart=5441,,home-healthcare-devices/respiratory-mask/cpap-bipap-machine.html,301,3,,,
custom,,product/cpap-and-bipap/?add-to-cart=5441,,home-healthcare-devices/respiratory-mask/cpap-bipap-machine.html,301,4,,,
custom,,product/cpap-and-bipap/?add-to-cart=5441,,home-healthcare-devices/respiratory-mask/cpap-bipap-machine.html,301,5,,,
custom,,product/cpap-and-bipap/?add-to-cart=5441,,home-healthcare-devices/respiratory-mask/cpap-bipap-machine.html,301,6,,,
custom,,product/cpap-and-bipap/?add-to-cart=5441,,home-healthcare-devices/respiratory-mask/cpap-bipap-machine.html,301,7,,,
custom,,product/cpap-and-bipap/?add-to-cart=5533,,home-healthcare-devices/respiratory-mask/cpap-bipap-machine.html,301,1,,,
custom,,product/cpap-and-bipap/?add-to-cart=5533,,home-healthcare-devices/respiratory-mask/cpap-bipap-machine.html,301,2,,,
custom,,product/cpap-and-bipap/?add-to-cart=5533,,home-healthcare-devices/respiratory-mask/cpap-bipap-machine.html,301,3,,,
custom,,product/cpap-and-bipap/?add-to-cart=5533,,home-healthcare-devices/respiratory-mask/cpap-bipap-machine.html,301,4,,,
custom,,product/cpap-and-bipap/?add-to-cart=5533,,home-healthcare-devices/respiratory-mask/cpap-bipap-machine.html,301,5,,,
custom,,product/cpap-and-bipap/?add-to-cart=5533,,home-healthcare-devices/respiratory-mask/cpap-bipap-machine.html,301,6,,,
custom,,product/cpap-and-bipap/?add-to-cart=5533,,home-healthcare-devices/respiratory-mask/cpap-bipap-machine.html,301,7,,,
custom,,product/cpap-and-bipap/?add-to-cart=5541,,home-healthcare-devices/respiratory-mask/cpap-bipap-machine.html,301,1,,,
custom,,product/cpap-and-bipap/?add-to-cart=5541,,home-healthcare-devices/respiratory-mask/cpap-bipap-machine.html,301,2,,,
custom,,product/cpap-and-bipap/?add-to-cart=5541,,home-healthcare-devices/respiratory-mask/cpap-bipap-machine.html,301,3,,,
custom,,product/cpap-and-bipap/?add-to-cart=5541,,home-healthcare-devices/respiratory-mask/cpap-bipap-machine.html,301,4,,,
custom,,product/cpap-and-bipap/?add-to-cart=5541,,home-healthcare-devices/respiratory-mask/cpap-bipap-machine.html,301,5,,,
custom,,product/cpap-and-bipap/?add-to-cart=5541,,home-healthcare-devices/respiratory-mask/cpap-bipap-machine.html,301,6,,,
custom,,product/cpap-and-bipap/?add-to-cart=5541,,home-healthcare-devices/respiratory-mask/cpap-bipap-machine.html,301,7,,,
custom,,product/cpap-and-bipap/?add-to-cart=5554,,home-healthcare-devices/respiratory-mask/cpap-bipap-machine.html,301,1,,,
custom,,product/cpap-and-bipap/?add-to-cart=5554,,home-healthcare-devices/respiratory-mask/cpap-bipap-machine.html,301,2,,,
custom,,product/cpap-and-bipap/?add-to-cart=5554,,home-healthcare-devices/respiratory-mask/cpap-bipap-machine.html,301,3,,,
custom,,product/cpap-and-bipap/?add-to-cart=5554,,home-healthcare-devices/respiratory-mask/cpap-bipap-machine.html,301,4,,,
custom,,product/cpap-and-bipap/?add-to-cart=5554,,home-healthcare-devices/respiratory-mask/cpap-bipap-machine.html,301,5,,,
custom,,product/cpap-and-bipap/?add-to-cart=5554,,home-healthcare-devices/respiratory-mask/cpap-bipap-machine.html,301,6,,,
custom,,product/cpap-and-bipap/?add-to-cart=5554,,home-healthcare-devices/respiratory-mask/cpap-bipap-machine.html,301,7,,,
custom,,product/digital-bp-monitor/?add-to-cart=5537,,home-healthcare-devices/elderly-care/bp-monitor-cuff.html,301,1,,,
custom,,product/digital-bp-monitor/?add-to-cart=5537,,home-healthcare-devices/elderly-care/bp-monitor-cuff.html,301,2,,,
custom,,product/digital-bp-monitor/?add-to-cart=5537,,home-healthcare-devices/elderly-care/bp-monitor-cuff.html,301,3,,,
custom,,product/digital-bp-monitor/?add-to-cart=5537,,home-healthcare-devices/elderly-care/bp-monitor-cuff.html,301,4,,,
custom,,product/digital-bp-monitor/?add-to-cart=5537,,home-healthcare-devices/elderly-care/bp-monitor-cuff.html,301,5,,,
custom,,product/digital-bp-monitor/?add-to-cart=5537,,home-healthcare-devices/elderly-care/bp-monitor-cuff.html,301,6,,,
custom,,product/digital-bp-monitor/?add-to-cart=5537,,home-healthcare-devices/elderly-care/bp-monitor-cuff.html,301,7,,,
custom,,product/dressing-scissor/,,all-products.html,301,1,,,
custom,,product/dressing-scissor/,,all-products.html,301,2,,,
custom,,product/dressing-scissor/,,all-products.html,301,3,,,
custom,,product/dressing-scissor/,,all-products.html,301,4,,,
custom,,product/dressing-scissor/,,all-products.html,301,5,,,
custom,,product/dressing-scissor/,,all-products.html,301,6,,,
custom,,product/dressing-scissor/,,all-products.html,301,7,,,
custom,,product/ecg-machine/,,medical-device/product/ecg-machine.html,301,1,,,
custom,,product/ecg-machine/,,medical-device/product/ecg-machine.html,301,2,,,
custom,,product/ecg-machine/,,medical-device/product/ecg-machine.html,301,3,,,
custom,,product/ecg-machine/,,medical-device/product/ecg-machine.html,301,4,,,
custom,,product/ecg-machine/,,medical-device/product/ecg-machine.html,301,5,,,
custom,,product/ecg-machine/,,medical-device/product/ecg-machine.html,301,6,,,
custom,,product/ecg-machine/,,medical-device/product/ecg-machine.html,301,7,,,
custom,,product/ecg-machine/?add-to-cart=5533,,medical-device/product/ecg-machine.html,301,1,,,
custom,,product/ecg-machine/?add-to-cart=5533,,medical-device/product/ecg-machine.html,301,2,,,
custom,,product/ecg-machine/?add-to-cart=5533,,medical-device/product/ecg-machine.html,301,3,,,
custom,,product/ecg-machine/?add-to-cart=5533,,medical-device/product/ecg-machine.html,301,4,,,
custom,,product/ecg-machine/?add-to-cart=5533,,medical-device/product/ecg-machine.html,301,5,,,
custom,,product/ecg-machine/?add-to-cart=5533,,medical-device/product/ecg-machine.html,301,6,,,
custom,,product/ecg-machine/?add-to-cart=5533,,medical-device/product/ecg-machine.html,301,7,,,
custom,,product/ecg-machine/?add-to-cart=5554,,medical-device/product/ecg-machine.html,301,1,,,
custom,,product/ecg-machine/?add-to-cart=5554,,medical-device/product/ecg-machine.html,301,2,,,
custom,,product/ecg-machine/?add-to-cart=5554,,medical-device/product/ecg-machine.html,301,3,,,
custom,,product/ecg-machine/?add-to-cart=5554,,medical-device/product/ecg-machine.html,301,4,,,
custom,,product/ecg-machine/?add-to-cart=5554,,medical-device/product/ecg-machine.html,301,5,,,
custom,,product/ecg-machine/?add-to-cart=5554,,medical-device/product/ecg-machine.html,301,6,,,
custom,,product/ecg-machine/?add-to-cart=5554,,medical-device/product/ecg-machine.html,301,7,,,
custom,,product/episiotomy-scissor/?add-to-cart=10277,,all-products.html,301,1,,,
custom,,product/episiotomy-scissor/?add-to-cart=10277,,all-products.html,301,2,,,
custom,,product/episiotomy-scissor/?add-to-cart=10277,,all-products.html,301,3,,,
custom,,product/episiotomy-scissor/?add-to-cart=10277,,all-products.html,301,4,,,
custom,,product/episiotomy-scissor/?add-to-cart=10277,,all-products.html,301,5,,,
custom,,product/episiotomy-scissor/?add-to-cart=10277,,all-products.html,301,6,,,
custom,,product/episiotomy-scissor/?add-to-cart=10277,,all-products.html,301,7,,,
custom,,product/episiotomy-scissor/?add-to-cart=11116,,all-products.html,301,1,,,
custom,,product/episiotomy-scissor/?add-to-cart=11116,,all-products.html,301,2,,,
custom,,product/episiotomy-scissor/?add-to-cart=11116,,all-products.html,301,3,,,
custom,,product/episiotomy-scissor/?add-to-cart=11116,,all-products.html,301,4,,,
custom,,product/episiotomy-scissor/?add-to-cart=11116,,all-products.html,301,5,,,
custom,,product/episiotomy-scissor/?add-to-cart=11116,,all-products.html,301,6,,,
custom,,product/episiotomy-scissor/?add-to-cart=11116,,all-products.html,301,7,,,
custom,,product/examination-couch/?add-to-cart=10277,,all-products.html,301,1,,,
custom,,product/examination-couch/?add-to-cart=10277,,all-products.html,301,2,,,
custom,,product/examination-couch/?add-to-cart=10277,,all-products.html,301,3,,,
custom,,product/examination-couch/?add-to-cart=10277,,all-products.html,301,4,,,
custom,,product/examination-couch/?add-to-cart=10277,,all-products.html,301,5,,,
custom,,product/examination-couch/?add-to-cart=10277,,all-products.html,301,6,,,
custom,,product/examination-couch/?add-to-cart=10277,,all-products.html,301,7,,,
custom,,product/examination-couch/?add-to-cart=10283,,all-products.html,301,1,,,
custom,,product/examination-couch/?add-to-cart=10283,,all-products.html,301,2,,,
custom,,product/examination-couch/?add-to-cart=10283,,all-products.html,301,3,,,
custom,,product/examination-couch/?add-to-cart=10283,,all-products.html,301,4,,,
custom,,product/examination-couch/?add-to-cart=10283,,all-products.html,301,5,,,
custom,,product/examination-couch/?add-to-cart=10283,,all-products.html,301,6,,,
custom,,product/examination-couch/?add-to-cart=10283,,all-products.html,301,7,,,
custom,,product/examination-couch/?add-to-cart=11168,,all-products.html,301,1,,,
custom,,product/examination-couch/?add-to-cart=11168,,all-products.html,301,2,,,
custom,,product/examination-couch/?add-to-cart=11168,,all-products.html,301,3,,,
custom,,product/examination-couch/?add-to-cart=11168,,all-products.html,301,4,,,
custom,,product/examination-couch/?add-to-cart=11168,,all-products.html,301,5,,,
custom,,product/examination-couch/?add-to-cart=11168,,all-products.html,301,6,,,
custom,,product/examination-couch/?add-to-cart=11168,,all-products.html,301,7,,,
custom,,product/examination-couch/?add-to-cart=11178,,all-products.html,301,1,,,
custom,,product/examination-couch/?add-to-cart=11178,,all-products.html,301,2,,,
custom,,product/examination-couch/?add-to-cart=11178,,all-products.html,301,3,,,
custom,,product/examination-couch/?add-to-cart=11178,,all-products.html,301,4,,,
custom,,product/examination-couch/?add-to-cart=11178,,all-products.html,301,5,,,
custom,,product/examination-couch/?add-to-cart=11178,,all-products.html,301,6,,,
custom,,product/examination-couch/?add-to-cart=11178,,all-products.html,301,7,,,
custom,,product/examination-couch/?add-to-cart=11188,,all-products.html,301,1,,,
custom,,product/examination-couch/?add-to-cart=11188,,all-products.html,301,2,,,
custom,,product/examination-couch/?add-to-cart=11188,,all-products.html,301,3,,,
custom,,product/examination-couch/?add-to-cart=11188,,all-products.html,301,4,,,
custom,,product/examination-couch/?add-to-cart=11188,,all-products.html,301,5,,,
custom,,product/examination-couch/?add-to-cart=11188,,all-products.html,301,6,,,
custom,,product/examination-couch/?add-to-cart=11188,,all-products.html,301,7,,,
custom,,product/fingertip-pulse-oximeter-02/,,all-products.html,301,1,,,
custom,,product/fingertip-pulse-oximeter-02/,,all-products.html,301,2,,,
custom,,product/fingertip-pulse-oximeter-02/,,all-products.html,301,3,,,
custom,,product/fingertip-pulse-oximeter-02/,,all-products.html,301,4,,,
custom,,product/fingertip-pulse-oximeter-02/,,all-products.html,301,5,,,
custom,,product/fingertip-pulse-oximeter-02/,,all-products.html,301,6,,,
custom,,product/fingertip-pulse-oximeter-02/,,all-products.html,301,7,,,
custom,,product/fingertip-pulse-oximeter-02/?add-to-cart=10261,,all-products.html,301,1,,,
custom,,product/fingertip-pulse-oximeter-02/?add-to-cart=10261,,all-products.html,301,2,,,
custom,,product/fingertip-pulse-oximeter-02/?add-to-cart=10261,,all-products.html,301,3,,,
custom,,product/fingertip-pulse-oximeter-02/?add-to-cart=10261,,all-products.html,301,4,,,
custom,,product/fingertip-pulse-oximeter-02/?add-to-cart=10261,,all-products.html,301,5,,,
custom,,product/fingertip-pulse-oximeter-02/?add-to-cart=10261,,all-products.html,301,6,,,
custom,,product/fingertip-pulse-oximeter-02/?add-to-cart=10261,,all-products.html,301,7,,,
custom,,product/hegar-dilator-set/?add-to-cart=11112,,all-products.html,301,1,,,
custom,,product/hegar-dilator-set/?add-to-cart=11112,,all-products.html,301,2,,,
custom,,product/hegar-dilator-set/?add-to-cart=11112,,all-products.html,301,3,,,
custom,,product/hegar-dilator-set/?add-to-cart=11112,,all-products.html,301,4,,,
custom,,product/hegar-dilator-set/?add-to-cart=11112,,all-products.html,301,5,,,
custom,,product/hegar-dilator-set/?add-to-cart=11112,,all-products.html,301,6,,,
custom,,product/hegar-dilator-set/?add-to-cart=11112,,all-products.html,301,7,,,
custom,,product/hegar-dilator-set/?add-to-cart=11131,,all-products.html,301,1,,,
custom,,product/hegar-dilator-set/?add-to-cart=11131,,all-products.html,301,2,,,
custom,,product/hegar-dilator-set/?add-to-cart=11131,,all-products.html,301,3,,,
custom,,product/hegar-dilator-set/?add-to-cart=11131,,all-products.html,301,4,,,
custom,,product/hegar-dilator-set/?add-to-cart=11131,,all-products.html,301,5,,,
custom,,product/hegar-dilator-set/?add-to-cart=11131,,all-products.html,301,6,,,
custom,,product/hegar-dilator-set/?add-to-cart=11131,,all-products.html,301,7,,,
custom,,product/hegar-dilator-set/?add-to-cart=11138,,all-products.html,301,1,,,
custom,,product/hegar-dilator-set/?add-to-cart=11138,,all-products.html,301,2,,,
custom,,product/hegar-dilator-set/?add-to-cart=11138,,all-products.html,301,3,,,
custom,,product/hegar-dilator-set/?add-to-cart=11138,,all-products.html,301,4,,,
custom,,product/hegar-dilator-set/?add-to-cart=11138,,all-products.html,301,5,,,
custom,,product/hegar-dilator-set/?add-to-cart=11138,,all-products.html,301,6,,,
custom,,product/hegar-dilator-set/?add-to-cart=11138,,all-products.html,301,7,,,
custom,,product/hegar-dilator-set/?add-to-cart=11158,,all-products.html,301,1,,,
custom,,product/hegar-dilator-set/?add-to-cart=11158,,all-products.html,301,2,,,
custom,,product/hegar-dilator-set/?add-to-cart=11158,,all-products.html,301,3,,,
custom,,product/hegar-dilator-set/?add-to-cart=11158,,all-products.html,301,4,,,
custom,,product/hegar-dilator-set/?add-to-cart=11158,,all-products.html,301,5,,,
custom,,product/hegar-dilator-set/?add-to-cart=11158,,all-products.html,301,6,,,
custom,,product/hegar-dilator-set/?add-to-cart=11158,,all-products.html,301,7,,,
custom,,product/heine-mini-3000-direct-otoscope-with-10-disposable-tips-with-4-reusable-tipsref-d-001-70-220/,,professional-diagnostic-equipment/product/otoscopes.html,301,1,,,
custom,,product/heine-mini-3000-direct-otoscope-with-10-disposable-tips-with-4-reusable-tipsref-d-001-70-220/,,professional-diagnostic-equipment/product/otoscopes.html,301,2,,,
custom,,product/heine-mini-3000-direct-otoscope-with-10-disposable-tips-with-4-reusable-tipsref-d-001-70-220/,,professional-diagnostic-equipment/product/otoscopes.html,301,3,,,
custom,,product/heine-mini-3000-direct-otoscope-with-10-disposable-tips-with-4-reusable-tipsref-d-001-70-220/,,professional-diagnostic-equipment/product/otoscopes.html,301,4,,,
custom,,product/heine-mini-3000-direct-otoscope-with-10-disposable-tips-with-4-reusable-tipsref-d-001-70-220/,,professional-diagnostic-equipment/product/otoscopes.html,301,5,,,
custom,,product/heine-mini-3000-direct-otoscope-with-10-disposable-tips-with-4-reusable-tipsref-d-001-70-220/,,professional-diagnostic-equipment/product/otoscopes.html,301,6,,,
custom,,product/heine-mini-3000-direct-otoscope-with-10-disposable-tips-with-4-reusable-tipsref-d-001-70-220/,,professional-diagnostic-equipment/product/otoscopes.html,301,7,,,
custom,,product/hospital-stools/?add-to-cart=11180,,all-products.html,301,1,,,
custom,,product/hospital-stools/?add-to-cart=11180,,all-products.html,301,2,,,
custom,,product/hospital-stools/?add-to-cart=11180,,all-products.html,301,3,,,
custom,,product/hospital-stools/?add-to-cart=11180,,all-products.html,301,4,,,
custom,,product/hospital-stools/?add-to-cart=11180,,all-products.html,301,5,,,
custom,,product/hospital-stools/?add-to-cart=11180,,all-products.html,301,6,,,
custom,,product/hospital-stools/?add-to-cart=11180,,all-products.html,301,7,,,
custom,,product/hysterectomy-clamp/?add_to_wishlist=10277&_wpnonce=0081c8f33d,,all-products.html,301,1,,,
custom,,product/hysterectomy-clamp/?add_to_wishlist=10277&_wpnonce=0081c8f33d,,all-products.html,301,2,,,
custom,,product/hysterectomy-clamp/?add_to_wishlist=10277&_wpnonce=0081c8f33d,,all-products.html,301,3,,,
custom,,product/hysterectomy-clamp/?add_to_wishlist=10277&_wpnonce=0081c8f33d,,all-products.html,301,4,,,
custom,,product/hysterectomy-clamp/?add_to_wishlist=10277&_wpnonce=0081c8f33d,,all-products.html,301,5,,,
custom,,product/hysterectomy-clamp/?add_to_wishlist=10277&_wpnonce=0081c8f33d,,all-products.html,301,6,,,
custom,,product/hysterectomy-clamp/?add_to_wishlist=10277&_wpnonce=0081c8f33d,,all-products.html,301,7,,,
custom,,product/hysterectomy-clamp/?add-to-cart=11118,,all-products.html,301,1,,,
custom,,product/hysterectomy-clamp/?add-to-cart=11118,,all-products.html,301,2,,,
custom,,product/hysterectomy-clamp/?add-to-cart=11118,,all-products.html,301,3,,,
custom,,product/hysterectomy-clamp/?add-to-cart=11118,,all-products.html,301,4,,,
custom,,product/hysterectomy-clamp/?add-to-cart=11118,,all-products.html,301,5,,,
custom,,product/hysterectomy-clamp/?add-to-cart=11118,,all-products.html,301,6,,,
custom,,product/hysterectomy-clamp/?add-to-cart=11118,,all-products.html,301,7,,,
custom,,product/hysterectomy-clamp/?add-to-cart=11123,,all-products.html,301,1,,,
custom,,product/hysterectomy-clamp/?add-to-cart=11123,,all-products.html,301,2,,,
custom,,product/hysterectomy-clamp/?add-to-cart=11123,,all-products.html,301,3,,,
custom,,product/hysterectomy-clamp/?add-to-cart=11123,,all-products.html,301,4,,,
custom,,product/hysterectomy-clamp/?add-to-cart=11123,,all-products.html,301,5,,,
custom,,product/hysterectomy-clamp/?add-to-cart=11123,,all-products.html,301,6,,,
custom,,product/hysterectomy-clamp/?add-to-cart=11123,,all-products.html,301,7,,,
custom,,product/i-v-stand-with-castor/?add-to-cart=11180,,medical-device/product/iv-stand.html,301,1,,,
custom,,product/i-v-stand-with-castor/?add-to-cart=11180,,medical-device/product/iv-stand.html,301,2,,,
custom,,product/i-v-stand-with-castor/?add-to-cart=11180,,medical-device/product/iv-stand.html,301,3,,,
custom,,product/i-v-stand-with-castor/?add-to-cart=11180,,medical-device/product/iv-stand.html,301,4,,,
custom,,product/i-v-stand-with-castor/?add-to-cart=11180,,medical-device/product/iv-stand.html,301,5,,,
custom,,product/i-v-stand-with-castor/?add-to-cart=11180,,medical-device/product/iv-stand.html,301,6,,,
custom,,product/i-v-stand-with-castor/?add-to-cart=11180,,medical-device/product/iv-stand.html,301,7,,,
custom,,product/i-v-stand-with-castor/?add-to-cart=11182,,medical-device/product/iv-stand.html,301,1,,,
custom,,product/i-v-stand-with-castor/?add-to-cart=11182,,medical-device/product/iv-stand.html,301,2,,,
custom,,product/i-v-stand-with-castor/?add-to-cart=11182,,medical-device/product/iv-stand.html,301,3,,,
custom,,product/i-v-stand-with-castor/?add-to-cart=11182,,medical-device/product/iv-stand.html,301,4,,,
custom,,product/i-v-stand-with-castor/?add-to-cart=11182,,medical-device/product/iv-stand.html,301,5,,,
custom,,product/i-v-stand-with-castor/?add-to-cart=11182,,medical-device/product/iv-stand.html,301,6,,,
custom,,product/i-v-stand-with-castor/?add-to-cart=11182,,medical-device/product/iv-stand.html,301,7,,,
custom,,product/lcd-bp-apparatus/?add_to_wishlist=11210&_wpnonce=6bfe09af95,,all-products.html,301,1,,,
custom,,product/lcd-bp-apparatus/?add_to_wishlist=11210&_wpnonce=6bfe09af95,,all-products.html,301,2,,,
custom,,product/lcd-bp-apparatus/?add_to_wishlist=11210&_wpnonce=6bfe09af95,,all-products.html,301,3,,,
custom,,product/lcd-bp-apparatus/?add_to_wishlist=11210&_wpnonce=6bfe09af95,,all-products.html,301,4,,,
custom,,product/lcd-bp-apparatus/?add_to_wishlist=11210&_wpnonce=6bfe09af95,,all-products.html,301,5,,,
custom,,product/lcd-bp-apparatus/?add_to_wishlist=11210&_wpnonce=6bfe09af95,,all-products.html,301,6,,,
custom,,product/lcd-bp-apparatus/?add_to_wishlist=11210&_wpnonce=6bfe09af95,,all-products.html,301,7,,,
custom,,product/lcd-bp-apparatus/?add_to_wishlist=5513&_wpnonce=6bfe09af95,,all-products.html,301,1,,,
custom,,product/lcd-bp-apparatus/?add_to_wishlist=5513&_wpnonce=6bfe09af95,,all-products.html,301,2,,,
custom,,product/lcd-bp-apparatus/?add_to_wishlist=5513&_wpnonce=6bfe09af95,,all-products.html,301,3,,,
custom,,product/lcd-bp-apparatus/?add_to_wishlist=5513&_wpnonce=6bfe09af95,,all-products.html,301,4,,,
custom,,product/lcd-bp-apparatus/?add_to_wishlist=5513&_wpnonce=6bfe09af95,,all-products.html,301,5,,,
custom,,product/lcd-bp-apparatus/?add_to_wishlist=5513&_wpnonce=6bfe09af95,,all-products.html,301,6,,,
custom,,product/lcd-bp-apparatus/?add_to_wishlist=5513&_wpnonce=6bfe09af95,,all-products.html,301,7,,,
custom,,product/lcd-bp-apparatus/?add-to-cart=5531,,all-products.html,301,1,,,
custom,,product/lcd-bp-apparatus/?add-to-cart=5531,,all-products.html,301,2,,,
custom,,product/lcd-bp-apparatus/?add-to-cart=5531,,all-products.html,301,3,,,
custom,,product/lcd-bp-apparatus/?add-to-cart=5531,,all-products.html,301,4,,,
custom,,product/lcd-bp-apparatus/?add-to-cart=5531,,all-products.html,301,5,,,
custom,,product/lcd-bp-apparatus/?add-to-cart=5531,,all-products.html,301,6,,,
custom,,product/lcd-bp-apparatus/?add-to-cart=5531,,all-products.html,301,7,,,
custom,,product/lcd-bp-apparatus/?add-to-cart=5544,,all-products.html,301,1,,,
custom,,product/lcd-bp-apparatus/?add-to-cart=5544,,all-products.html,301,2,,,
custom,,product/lcd-bp-apparatus/?add-to-cart=5544,,all-products.html,301,3,,,
custom,,product/lcd-bp-apparatus/?add-to-cart=5544,,all-products.html,301,4,,,
custom,,product/lcd-bp-apparatus/?add-to-cart=5544,,all-products.html,301,5,,,
custom,,product/lcd-bp-apparatus/?add-to-cart=5544,,all-products.html,301,6,,,
custom,,product/lcd-bp-apparatus/?add-to-cart=5544,,all-products.html,301,7,,,
custom,,product/mayo-needle-holder/?add-to-cart=11118,,surgical-instrument/product/needle-holder.html,301,1,,,
custom,,product/mayo-needle-holder/?add-to-cart=11118,,surgical-instrument/product/needle-holder.html,301,2,,,
custom,,product/mayo-needle-holder/?add-to-cart=11118,,surgical-instrument/product/needle-holder.html,301,3,,,
custom,,product/mayo-needle-holder/?add-to-cart=11118,,surgical-instrument/product/needle-holder.html,301,4,,,
custom,,product/mayo-needle-holder/?add-to-cart=11118,,surgical-instrument/product/needle-holder.html,301,5,,,
custom,,product/mayo-needle-holder/?add-to-cart=11118,,surgical-instrument/product/needle-holder.html,301,6,,,
custom,,product/mayo-needle-holder/?add-to-cart=11118,,surgical-instrument/product/needle-holder.html,301,7,,,
custom,,product/mayo-needle-holder/?add-to-cart=11140,,surgical-instrument/product/needle-holder.html,301,1,,,
custom,,product/mayo-needle-holder/?add-to-cart=11140,,surgical-instrument/product/needle-holder.html,301,2,,,
custom,,product/mayo-needle-holder/?add-to-cart=11140,,surgical-instrument/product/needle-holder.html,301,3,,,
custom,,product/mayo-needle-holder/?add-to-cart=11140,,surgical-instrument/product/needle-holder.html,301,4,,,
custom,,product/mayo-needle-holder/?add-to-cart=11140,,surgical-instrument/product/needle-holder.html,301,5,,,
custom,,product/mayo-needle-holder/?add-to-cart=11140,,surgical-instrument/product/needle-holder.html,301,6,,,
custom,,product/mayo-needle-holder/?add-to-cart=11140,,surgical-instrument/product/needle-holder.html,301,7,,,
custom,,product/mayo-needle-holder/?add-to-cart=11164,,surgical-instrument/product/needle-holder.html,301,1,,,
custom,,product/mayo-needle-holder/?add-to-cart=11164,,surgical-instrument/product/needle-holder.html,301,2,,,
custom,,product/mayo-needle-holder/?add-to-cart=11164,,surgical-instrument/product/needle-holder.html,301,3,,,
custom,,product/mayo-needle-holder/?add-to-cart=11164,,surgical-instrument/product/needle-holder.html,301,4,,,
custom,,product/mayo-needle-holder/?add-to-cart=11164,,surgical-instrument/product/needle-holder.html,301,5,,,
custom,,product/mayo-needle-holder/?add-to-cart=11164,,surgical-instrument/product/needle-holder.html,301,6,,,
custom,,product/mayo-needle-holder/?add-to-cart=11164,,surgical-instrument/product/needle-holder.html,301,7,,,
custom,,product/mayo-scissors/?add-to-cart=10283,,all-products.html,301,1,,,
custom,,product/mayo-scissors/?add-to-cart=10283,,all-products.html,301,2,,,
custom,,product/mayo-scissors/?add-to-cart=10283,,all-products.html,301,3,,,
custom,,product/mayo-scissors/?add-to-cart=10283,,all-products.html,301,4,,,
custom,,product/mayo-scissors/?add-to-cart=10283,,all-products.html,301,5,,,
custom,,product/mayo-scissors/?add-to-cart=10283,,all-products.html,301,6,,,
custom,,product/mayo-scissors/?add-to-cart=10283,,all-products.html,301,7,,,
custom,,product/mayo-scissors/?add-to-cart=11127,,all-products.html,301,1,,,
custom,,product/mayo-scissors/?add-to-cart=11127,,all-products.html,301,2,,,
custom,,product/mayo-scissors/?add-to-cart=11127,,all-products.html,301,3,,,
custom,,product/mayo-scissors/?add-to-cart=11127,,all-products.html,301,4,,,
custom,,product/mayo-scissors/?add-to-cart=11127,,all-products.html,301,5,,,
custom,,product/mayo-scissors/?add-to-cart=11127,,all-products.html,301,6,,,
custom,,product/mayo-scissors/?add-to-cart=11127,,all-products.html,301,7,,,
custom,,product/mayo-scissors/?add-to-cart=11158,,all-products.html,301,1,,,
custom,,product/mayo-scissors/?add-to-cart=11158,,all-products.html,301,2,,,
custom,,product/mayo-scissors/?add-to-cart=11158,,all-products.html,301,3,,,
custom,,product/mayo-scissors/?add-to-cart=11158,,all-products.html,301,4,,,
custom,,product/mayo-scissors/?add-to-cart=11158,,all-products.html,301,5,,,
custom,,product/mayo-scissors/?add-to-cart=11158,,all-products.html,301,6,,,
custom,,product/mayo-scissors/?add-to-cart=11158,,all-products.html,301,7,,,
custom,,product/mayo-scissors/?add-to-cart=11164,,all-products.html,301,1,,,
custom,,product/mayo-scissors/?add-to-cart=11164,,all-products.html,301,2,,,
custom,,product/mayo-scissors/?add-to-cart=11164,,all-products.html,301,3,,,
custom,,product/mayo-scissors/?add-to-cart=11164,,all-products.html,301,4,,,
custom,,product/mayo-scissors/?add-to-cart=11164,,all-products.html,301,5,,,
custom,,product/mayo-scissors/?add-to-cart=11164,,all-products.html,301,6,,,
custom,,product/mayo-scissors/?add-to-cart=11164,,all-products.html,301,7,,,
custom,,product/mercury-bp-apparatus/?add-to-cart=5433,,all-products.html,301,1,,,
custom,,product/mercury-bp-apparatus/?add-to-cart=5433,,all-products.html,301,2,,,
custom,,product/mercury-bp-apparatus/?add-to-cart=5433,,all-products.html,301,3,,,
custom,,product/mercury-bp-apparatus/?add-to-cart=5433,,all-products.html,301,4,,,
custom,,product/mercury-bp-apparatus/?add-to-cart=5433,,all-products.html,301,5,,,
custom,,product/mercury-bp-apparatus/?add-to-cart=5433,,all-products.html,301,6,,,
custom,,product/mercury-bp-apparatus/?add-to-cart=5433,,all-products.html,301,7,,,
custom,,product/mercury-bp-apparatus/?add-to-cart=5521,,all-products.html,301,1,,,
custom,,product/mercury-bp-apparatus/?add-to-cart=5521,,all-products.html,301,2,,,
custom,,product/mercury-bp-apparatus/?add-to-cart=5521,,all-products.html,301,3,,,
custom,,product/mercury-bp-apparatus/?add-to-cart=5521,,all-products.html,301,4,,,
custom,,product/mercury-bp-apparatus/?add-to-cart=5521,,all-products.html,301,5,,,
custom,,product/mercury-bp-apparatus/?add-to-cart=5521,,all-products.html,301,6,,,
custom,,product/mercury-bp-apparatus/?add-to-cart=5521,,all-products.html,301,7,,,
custom,,product/mercury-bp-apparatus/?add-to-cart=5544,,all-products.html,301,1,,,
custom,,product/mercury-bp-apparatus/?add-to-cart=5544,,all-products.html,301,2,,,
custom,,product/mercury-bp-apparatus/?add-to-cart=5544,,all-products.html,301,3,,,
custom,,product/mercury-bp-apparatus/?add-to-cart=5544,,all-products.html,301,4,,,
custom,,product/mercury-bp-apparatus/?add-to-cart=5544,,all-products.html,301,5,,,
custom,,product/mercury-bp-apparatus/?add-to-cart=5544,,all-products.html,301,6,,,
custom,,product/mercury-bp-apparatus/?add-to-cart=5544,,all-products.html,301,7,,,
custom,,product/mercury-bp-apparatus/?add-to-cart=5554,,all-products.html,301,1,,,
custom,,product/mercury-bp-apparatus/?add-to-cart=5554,,all-products.html,301,2,,,
custom,,product/mercury-bp-apparatus/?add-to-cart=5554,,all-products.html,301,3,,,
custom,,product/mercury-bp-apparatus/?add-to-cart=5554,,all-products.html,301,4,,,
custom,,product/mercury-bp-apparatus/?add-to-cart=5554,,all-products.html,301,5,,,
custom,,product/mercury-bp-apparatus/?add-to-cart=5554,,all-products.html,301,6,,,
custom,,product/mercury-bp-apparatus/?add-to-cart=5554,,all-products.html,301,7,,,
custom,,product/mercury-bp-apparatus/?add-to-cart=5926,,all-products.html,301,1,,,
custom,,product/mercury-bp-apparatus/?add-to-cart=5926,,all-products.html,301,2,,,
custom,,product/mercury-bp-apparatus/?add-to-cart=5926,,all-products.html,301,3,,,
custom,,product/mercury-bp-apparatus/?add-to-cart=5926,,all-products.html,301,4,,,
custom,,product/mercury-bp-apparatus/?add-to-cart=5926,,all-products.html,301,5,,,
custom,,product/mercury-bp-apparatus/?add-to-cart=5926,,all-products.html,301,6,,,
custom,,product/mercury-bp-apparatus/?add-to-cart=5926,,all-products.html,301,7,,,
custom,,product/mosquito-artery-forcep/?add-to-cart=11158,,surgical-instrument/product/artery-forcep.html,301,1,,,
custom,,product/mosquito-artery-forcep/?add-to-cart=11158,,surgical-instrument/product/artery-forcep.html,301,2,,,
custom,,product/mosquito-artery-forcep/?add-to-cart=11158,,surgical-instrument/product/artery-forcep.html,301,3,,,
custom,,product/mosquito-artery-forcep/?add-to-cart=11158,,surgical-instrument/product/artery-forcep.html,301,4,,,
custom,,product/mosquito-artery-forcep/?add-to-cart=11158,,surgical-instrument/product/artery-forcep.html,301,5,,,
custom,,product/mosquito-artery-forcep/?add-to-cart=11158,,surgical-instrument/product/artery-forcep.html,301,6,,,
custom,,product/mosquito-artery-forcep/?add-to-cart=11158,,surgical-instrument/product/artery-forcep.html,301,7,,,
custom,,product/nidek-baby-fetal-doppler-baby-heart-rate-monitor-fd250crystal-clear-soundhigh-sensitivity-probe/,,home-healthcare-devices/mother-and-child-care/fetal-doppler.html,301,1,,,
custom,,product/nidek-baby-fetal-doppler-baby-heart-rate-monitor-fd250crystal-clear-soundhigh-sensitivity-probe/,,home-healthcare-devices/mother-and-child-care/fetal-doppler.html,301,2,,,
custom,,product/nidek-baby-fetal-doppler-baby-heart-rate-monitor-fd250crystal-clear-soundhigh-sensitivity-probe/,,home-healthcare-devices/mother-and-child-care/fetal-doppler.html,301,3,,,
custom,,product/nidek-baby-fetal-doppler-baby-heart-rate-monitor-fd250crystal-clear-soundhigh-sensitivity-probe/,,home-healthcare-devices/mother-and-child-care/fetal-doppler.html,301,4,,,
custom,,product/nidek-baby-fetal-doppler-baby-heart-rate-monitor-fd250crystal-clear-soundhigh-sensitivity-probe/,,home-healthcare-devices/mother-and-child-care/fetal-doppler.html,301,5,,,
custom,,product/nidek-baby-fetal-doppler-baby-heart-rate-monitor-fd250crystal-clear-soundhigh-sensitivity-probe/,,home-healthcare-devices/mother-and-child-care/fetal-doppler.html,301,6,,,
custom,,product/nidek-baby-fetal-doppler-baby-heart-rate-monitor-fd250crystal-clear-soundhigh-sensitivity-probe/,,home-healthcare-devices/mother-and-child-care/fetal-doppler.html,301,7,,,
custom,,product/otica-acrylic-emergency-first-aid-kit-box/?add_to_wishlist=10247&_wpnonce=0081c8f33d,,all-products.html,301,1,,,
custom,,product/otica-acrylic-emergency-first-aid-kit-box/?add_to_wishlist=10247&_wpnonce=0081c8f33d,,all-products.html,301,2,,,
custom,,product/otica-acrylic-emergency-first-aid-kit-box/?add_to_wishlist=10247&_wpnonce=0081c8f33d,,all-products.html,301,3,,,
custom,,product/otica-acrylic-emergency-first-aid-kit-box/?add_to_wishlist=10247&_wpnonce=0081c8f33d,,all-products.html,301,4,,,
custom,,product/otica-acrylic-emergency-first-aid-kit-box/?add_to_wishlist=10247&_wpnonce=0081c8f33d,,all-products.html,301,5,,,
custom,,product/otica-acrylic-emergency-first-aid-kit-box/?add_to_wishlist=10247&_wpnonce=0081c8f33d,,all-products.html,301,6,,,
custom,,product/otica-acrylic-emergency-first-aid-kit-box/?add_to_wishlist=10247&_wpnonce=0081c8f33d,,all-products.html,301,7,,,
custom,,product/otica-acrylic-emergency-first-aid-kit-box/?add_to_wishlist=10247&_wpnonce=f0144d146d,,all-products.html,301,1,,,
custom,,product/otica-acrylic-emergency-first-aid-kit-box/?add_to_wishlist=10247&_wpnonce=f0144d146d,,all-products.html,301,2,,,
custom,,product/otica-acrylic-emergency-first-aid-kit-box/?add_to_wishlist=10247&_wpnonce=f0144d146d,,all-products.html,301,3,,,
custom,,product/otica-acrylic-emergency-first-aid-kit-box/?add_to_wishlist=10247&_wpnonce=f0144d146d,,all-products.html,301,4,,,
custom,,product/otica-acrylic-emergency-first-aid-kit-box/?add_to_wishlist=10247&_wpnonce=f0144d146d,,all-products.html,301,5,,,
custom,,product/otica-acrylic-emergency-first-aid-kit-box/?add_to_wishlist=10247&_wpnonce=f0144d146d,,all-products.html,301,6,,,
custom,,product/otica-acrylic-emergency-first-aid-kit-box/?add_to_wishlist=10247&_wpnonce=f0144d146d,,all-products.html,301,7,,,
custom,,product/otica-acrylic-emergency-first-aid-kit-box/?add_to_wishlist=10590&_wpnonce=8f9f0fec33,,all-products.html,301,1,,,
custom,,product/otica-acrylic-emergency-first-aid-kit-box/?add_to_wishlist=10590&_wpnonce=8f9f0fec33,,all-products.html,301,2,,,
custom,,product/otica-acrylic-emergency-first-aid-kit-box/?add_to_wishlist=10590&_wpnonce=8f9f0fec33,,all-products.html,301,3,,,
custom,,product/otica-acrylic-emergency-first-aid-kit-box/?add_to_wishlist=10590&_wpnonce=8f9f0fec33,,all-products.html,301,4,,,
custom,,product/otica-acrylic-emergency-first-aid-kit-box/?add_to_wishlist=10590&_wpnonce=8f9f0fec33,,all-products.html,301,5,,,
custom,,product/otica-acrylic-emergency-first-aid-kit-box/?add_to_wishlist=10590&_wpnonce=8f9f0fec33,,all-products.html,301,6,,,
custom,,product/otica-acrylic-emergency-first-aid-kit-box/?add_to_wishlist=10590&_wpnonce=8f9f0fec33,,all-products.html,301,7,,,
custom,,product/otica-acrylic-emergency-first-aid-kit-box/?add-to-cart=10281,,all-products.html,301,1,,,
custom,,product/otica-acrylic-emergency-first-aid-kit-box/?add-to-cart=10281,,all-products.html,301,2,,,
custom,,product/otica-acrylic-emergency-first-aid-kit-box/?add-to-cart=10281,,all-products.html,301,3,,,
custom,,product/otica-acrylic-emergency-first-aid-kit-box/?add-to-cart=10281,,all-products.html,301,4,,,
custom,,product/otica-acrylic-emergency-first-aid-kit-box/?add-to-cart=10281,,all-products.html,301,5,,,
custom,,product/otica-acrylic-emergency-first-aid-kit-box/?add-to-cart=10281,,all-products.html,301,6,,,
custom,,product/otica-acrylic-emergency-first-aid-kit-box/?add-to-cart=10281,,all-products.html,301,7,,,
custom,,product/otica-airways-set-guedal/,,all-products.html,301,1,,,
custom,,product/otica-airways-set-guedal/,,all-products.html,301,2,,,
custom,,product/otica-airways-set-guedal/,,all-products.html,301,3,,,
custom,,product/otica-airways-set-guedal/,,all-products.html,301,4,,,
custom,,product/otica-airways-set-guedal/,,all-products.html,301,5,,,
custom,,product/otica-airways-set-guedal/,,all-products.html,301,6,,,
custom,,product/otica-airways-set-guedal/,,all-products.html,301,7,,,
custom,,product/otica-ampoule-cutter/,,professional-diagnostic-equipment/product/ampoule-cutter.html,301,1,,,
custom,,product/otica-ampoule-cutter/,,professional-diagnostic-equipment/product/ampoule-cutter.html,301,2,,,
custom,,product/otica-ampoule-cutter/,,professional-diagnostic-equipment/product/ampoule-cutter.html,301,3,,,
custom,,product/otica-ampoule-cutter/,,professional-diagnostic-equipment/product/ampoule-cutter.html,301,4,,,
custom,,product/otica-ampoule-cutter/,,professional-diagnostic-equipment/product/ampoule-cutter.html,301,5,,,
custom,,product/otica-ampoule-cutter/,,professional-diagnostic-equipment/product/ampoule-cutter.html,301,6,,,
custom,,product/otica-ampoule-cutter/,,professional-diagnostic-equipment/product/ampoule-cutter.html,301,7,,,
custom,,product/otica-bpl-ecg-paper-for-fetal-monitor-fm-9853-54-55-z-fold-paper-100-sheet/?add-to-cart=10731,,home-healthcare-devices/mother-and-child-care/fetal-doppler.html,301,1,,,
custom,,product/otica-bpl-ecg-paper-for-fetal-monitor-fm-9853-54-55-z-fold-paper-100-sheet/?add-to-cart=10731,,home-healthcare-devices/mother-and-child-care/fetal-doppler.html,301,2,,,
custom,,product/otica-bpl-ecg-paper-for-fetal-monitor-fm-9853-54-55-z-fold-paper-100-sheet/?add-to-cart=10731,,home-healthcare-devices/mother-and-child-care/fetal-doppler.html,301,3,,,
custom,,product/otica-bpl-ecg-paper-for-fetal-monitor-fm-9853-54-55-z-fold-paper-100-sheet/?add-to-cart=10731,,home-healthcare-devices/mother-and-child-care/fetal-doppler.html,301,4,,,
custom,,product/otica-bpl-ecg-paper-for-fetal-monitor-fm-9853-54-55-z-fold-paper-100-sheet/?add-to-cart=10731,,home-healthcare-devices/mother-and-child-care/fetal-doppler.html,301,5,,,
custom,,product/otica-bpl-ecg-paper-for-fetal-monitor-fm-9853-54-55-z-fold-paper-100-sheet/?add-to-cart=10731,,home-healthcare-devices/mother-and-child-care/fetal-doppler.html,301,6,,,
custom,,product/otica-bpl-ecg-paper-for-fetal-monitor-fm-9853-54-55-z-fold-paper-100-sheet/?add-to-cart=10731,,home-healthcare-devices/mother-and-child-care/fetal-doppler.html,301,7,,,
custom,,product/otica-ecg-chest-electrode-bulb/?add-to-cart=10281,,all-products.html,301,1,,,
custom,,product/otica-ecg-chest-electrode-bulb/?add-to-cart=10281,,all-products.html,301,2,,,
custom,,product/otica-ecg-chest-electrode-bulb/?add-to-cart=10281,,all-products.html,301,3,,,
custom,,product/otica-ecg-chest-electrode-bulb/?add-to-cart=10281,,all-products.html,301,4,,,
custom,,product/otica-ecg-chest-electrode-bulb/?add-to-cart=10281,,all-products.html,301,5,,,
custom,,product/otica-ecg-chest-electrode-bulb/?add-to-cart=10281,,all-products.html,301,6,,,
custom,,product/otica-ecg-chest-electrode-bulb/?add-to-cart=10281,,all-products.html,301,7,,,
custom,,product/otica-ecg-chest-electrode-bulb/?add-to-cart=10282,,all-products.html,301,1,,,
custom,,product/otica-ecg-chest-electrode-bulb/?add-to-cart=10282,,all-products.html,301,2,,,
custom,,product/otica-ecg-chest-electrode-bulb/?add-to-cart=10282,,all-products.html,301,3,,,
custom,,product/otica-ecg-chest-electrode-bulb/?add-to-cart=10282,,all-products.html,301,4,,,
custom,,product/otica-ecg-chest-electrode-bulb/?add-to-cart=10282,,all-products.html,301,5,,,
custom,,product/otica-ecg-chest-electrode-bulb/?add-to-cart=10282,,all-products.html,301,6,,,
custom,,product/otica-ecg-chest-electrode-bulb/?add-to-cart=10282,,all-products.html,301,7,,,
custom,,product/otica-electric-plaster-cutter/?add_to_wishlist=10276&_wpnonce=0081c8f33d,,all-products.html,301,1,,,
custom,,product/otica-electric-plaster-cutter/?add_to_wishlist=10276&_wpnonce=0081c8f33d,,all-products.html,301,2,,,
custom,,product/otica-electric-plaster-cutter/?add_to_wishlist=10276&_wpnonce=0081c8f33d,,all-products.html,301,3,,,
custom,,product/otica-electric-plaster-cutter/?add_to_wishlist=10276&_wpnonce=0081c8f33d,,all-products.html,301,4,,,
custom,,product/otica-electric-plaster-cutter/?add_to_wishlist=10276&_wpnonce=0081c8f33d,,all-products.html,301,5,,,
custom,,product/otica-electric-plaster-cutter/?add_to_wishlist=10276&_wpnonce=0081c8f33d,,all-products.html,301,6,,,
custom,,product/otica-electric-plaster-cutter/?add_to_wishlist=10276&_wpnonce=0081c8f33d,,all-products.html,301,7,,,
custom,,product/otica-electric-plaster-cutter/?add_to_wishlist=11166&_wpnonce=0081c8f33d,,all-products.html,301,1,,,
custom,,product/otica-electric-plaster-cutter/?add_to_wishlist=11166&_wpnonce=0081c8f33d,,all-products.html,301,2,,,
custom,,product/otica-electric-plaster-cutter/?add_to_wishlist=11166&_wpnonce=0081c8f33d,,all-products.html,301,3,,,
custom,,product/otica-electric-plaster-cutter/?add_to_wishlist=11166&_wpnonce=0081c8f33d,,all-products.html,301,4,,,
custom,,product/otica-electric-plaster-cutter/?add_to_wishlist=11166&_wpnonce=0081c8f33d,,all-products.html,301,5,,,
custom,,product/otica-electric-plaster-cutter/?add_to_wishlist=11166&_wpnonce=0081c8f33d,,all-products.html,301,6,,,
custom,,product/otica-electric-plaster-cutter/?add_to_wishlist=11166&_wpnonce=0081c8f33d,,all-products.html,301,7,,,
custom,,product/otica-foldable-soft-stretcher-with-safety-belt/?attribute_pa_color=orange,,medical-device/product/emergency-stretcher.html,301,1,,,
custom,,product/otica-foldable-soft-stretcher-with-safety-belt/?attribute_pa_color=orange,,medical-device/product/emergency-stretcher.html,301,2,,,
custom,,product/otica-foldable-soft-stretcher-with-safety-belt/?attribute_pa_color=orange,,medical-device/product/emergency-stretcher.html,301,3,,,
custom,,product/otica-foldable-soft-stretcher-with-safety-belt/?attribute_pa_color=orange,,medical-device/product/emergency-stretcher.html,301,4,,,
custom,,product/otica-foldable-soft-stretcher-with-safety-belt/?attribute_pa_color=orange,,medical-device/product/emergency-stretcher.html,301,5,,,
custom,,product/otica-foldable-soft-stretcher-with-safety-belt/?attribute_pa_color=orange,,medical-device/product/emergency-stretcher.html,301,6,,,
custom,,product/otica-foldable-soft-stretcher-with-safety-belt/?attribute_pa_color=orange,,medical-device/product/emergency-stretcher.html,301,7,,,
custom,,product/otica-formalin-chamber/,,surgical-instrument/sterilization-tray/formalin-chamber.html,301,1,,,
custom,,product/otica-formalin-chamber/,,surgical-instrument/sterilization-tray/formalin-chamber.html,301,2,,,
custom,,product/otica-formalin-chamber/,,surgical-instrument/sterilization-tray/formalin-chamber.html,301,3,,,
custom,,product/otica-formalin-chamber/,,surgical-instrument/sterilization-tray/formalin-chamber.html,301,4,,,
custom,,product/otica-formalin-chamber/,,surgical-instrument/sterilization-tray/formalin-chamber.html,301,5,,,
custom,,product/otica-formalin-chamber/,,surgical-instrument/sterilization-tray/formalin-chamber.html,301,6,,,
custom,,product/otica-formalin-chamber/,,surgical-instrument/sterilization-tray/formalin-chamber.html,301,7,,,
custom,,product/otica-hospital-nebulizer-machine-oneb-9/,,home-healthcare-devices.html,301,1,,,
custom,,product/otica-hospital-nebulizer-machine-oneb-9/,,home-healthcare-devices.html,301,2,,,
custom,,product/otica-hospital-nebulizer-machine-oneb-9/,,home-healthcare-devices.html,301,3,,,
custom,,product/otica-hospital-nebulizer-machine-oneb-9/,,home-healthcare-devices.html,301,4,,,
custom,,product/otica-hospital-nebulizer-machine-oneb-9/,,home-healthcare-devices.html,301,5,,,
custom,,product/otica-hospital-nebulizer-machine-oneb-9/,,home-healthcare-devices.html,301,6,,,
custom,,product/otica-hospital-nebulizer-machine-oneb-9/,,home-healthcare-devices.html,301,7,,,
custom,,product/otica-humidifier-bottle-for-oxygen-concentrator/?add-to-cart=10270,,home-healthcare-devices/oxygen-concentrator.html,301,1,,,
custom,,product/otica-humidifier-bottle-for-oxygen-concentrator/?add-to-cart=10270,,home-healthcare-devices/oxygen-concentrator.html,301,2,,,
custom,,product/otica-humidifier-bottle-for-oxygen-concentrator/?add-to-cart=10270,,home-healthcare-devices/oxygen-concentrator.html,301,3,,,
custom,,product/otica-humidifier-bottle-for-oxygen-concentrator/?add-to-cart=10270,,home-healthcare-devices/oxygen-concentrator.html,301,4,,,
custom,,product/otica-humidifier-bottle-for-oxygen-concentrator/?add-to-cart=10270,,home-healthcare-devices/oxygen-concentrator.html,301,5,,,
custom,,product/otica-humidifier-bottle-for-oxygen-concentrator/?add-to-cart=10270,,home-healthcare-devices/oxygen-concentrator.html,301,6,,,
custom,,product/otica-humidifier-bottle-for-oxygen-concentrator/?add-to-cart=10270,,home-healthcare-devices/oxygen-concentrator.html,301,7,,,
custom,,product/otica-lancing-device-adjustable-depth/,,all-products.html,301,1,,,
custom,,product/otica-lancing-device-adjustable-depth/,,all-products.html,301,2,,,
custom,,product/otica-lancing-device-adjustable-depth/,,all-products.html,301,3,,,
custom,,product/otica-lancing-device-adjustable-depth/,,all-products.html,301,4,,,
custom,,product/otica-lancing-device-adjustable-depth/,,all-products.html,301,5,,,
custom,,product/otica-lancing-device-adjustable-depth/,,all-products.html,301,6,,,
custom,,product/otica-lancing-device-adjustable-depth/,,all-products.html,301,7,,,
custom,,product/otica-laryngoscope-with-set-of-4-macintosh-blade-adult/,,professional-diagnostic-equipment/product/laryngoscope.html,301,1,,,
custom,,product/otica-laryngoscope-with-set-of-4-macintosh-blade-adult/,,professional-diagnostic-equipment/product/laryngoscope.html,301,2,,,
custom,,product/otica-laryngoscope-with-set-of-4-macintosh-blade-adult/,,professional-diagnostic-equipment/product/laryngoscope.html,301,3,,,
custom,,product/otica-laryngoscope-with-set-of-4-macintosh-blade-adult/,,professional-diagnostic-equipment/product/laryngoscope.html,301,4,,,
custom,,product/otica-laryngoscope-with-set-of-4-macintosh-blade-adult/,,professional-diagnostic-equipment/product/laryngoscope.html,301,5,,,
custom,,product/otica-laryngoscope-with-set-of-4-macintosh-blade-adult/,,professional-diagnostic-equipment/product/laryngoscope.html,301,6,,,
custom,,product/otica-laryngoscope-with-set-of-4-macintosh-blade-adult/,,professional-diagnostic-equipment/product/laryngoscope.html,301,7,,,
custom,,product/otica-laryngoscope-with-set-of-4-macintosh-blade-adult/?add_to_wishlist=11174&_wpnonce=8f9f0fec33,,professional-diagnostic-equipment/product/laryngoscope.html,301,1,,,
custom,,product/otica-laryngoscope-with-set-of-4-macintosh-blade-adult/?add_to_wishlist=11174&_wpnonce=8f9f0fec33,,professional-diagnostic-equipment/product/laryngoscope.html,301,2,,,
custom,,product/otica-laryngoscope-with-set-of-4-macintosh-blade-adult/?add_to_wishlist=11174&_wpnonce=8f9f0fec33,,professional-diagnostic-equipment/product/laryngoscope.html,301,3,,,
custom,,product/otica-laryngoscope-with-set-of-4-macintosh-blade-adult/?add_to_wishlist=11174&_wpnonce=8f9f0fec33,,professional-diagnostic-equipment/product/laryngoscope.html,301,4,,,
custom,,product/otica-laryngoscope-with-set-of-4-macintosh-blade-adult/?add_to_wishlist=11174&_wpnonce=8f9f0fec33,,professional-diagnostic-equipment/product/laryngoscope.html,301,5,,,
custom,,product/otica-laryngoscope-with-set-of-4-macintosh-blade-adult/?add_to_wishlist=11174&_wpnonce=8f9f0fec33,,professional-diagnostic-equipment/product/laryngoscope.html,301,6,,,
custom,,product/otica-laryngoscope-with-set-of-4-macintosh-blade-adult/?add_to_wishlist=11174&_wpnonce=8f9f0fec33,,professional-diagnostic-equipment/product/laryngoscope.html,301,7,,,
custom,,product/otica-led-headlight-for-ent-surgery-5w/,,professional-diagnostic-equipment/product/exam-light.html,301,1,,,
custom,,product/otica-led-headlight-for-ent-surgery-5w/,,professional-diagnostic-equipment/product/exam-light.html,301,2,,,
custom,,product/otica-led-headlight-for-ent-surgery-5w/,,professional-diagnostic-equipment/product/exam-light.html,301,3,,,
custom,,product/otica-led-headlight-for-ent-surgery-5w/,,professional-diagnostic-equipment/product/exam-light.html,301,4,,,
custom,,product/otica-led-headlight-for-ent-surgery-5w/,,professional-diagnostic-equipment/product/exam-light.html,301,5,,,
custom,,product/otica-led-headlight-for-ent-surgery-5w/,,professional-diagnostic-equipment/product/exam-light.html,301,6,,,
custom,,product/otica-led-headlight-for-ent-surgery-5w/,,professional-diagnostic-equipment/product/exam-light.html,301,7,,,
custom,,product/otica-nebulizer-complete-compressor-nebuliser-system/,,home-healthcare-devices/allergy-sinus-asthma.html,301,1,,,
custom,,product/otica-nebulizer-complete-compressor-nebuliser-system/,,home-healthcare-devices/allergy-sinus-asthma.html,301,2,,,
custom,,product/otica-nebulizer-complete-compressor-nebuliser-system/,,home-healthcare-devices/allergy-sinus-asthma.html,301,3,,,
custom,,product/otica-nebulizer-complete-compressor-nebuliser-system/,,home-healthcare-devices/allergy-sinus-asthma.html,301,4,,,
custom,,product/otica-nebulizer-complete-compressor-nebuliser-system/,,home-healthcare-devices/allergy-sinus-asthma.html,301,5,,,
custom,,product/otica-nebulizer-complete-compressor-nebuliser-system/,,home-healthcare-devices/allergy-sinus-asthma.html,301,6,,,
custom,,product/otica-nebulizer-complete-compressor-nebuliser-system/,,home-healthcare-devices/allergy-sinus-asthma.html,301,7,,,
custom,,product/otica-oxygen-hood-for-children-new-born-baby/?add-to-cart=5457,,home-healthcare-devices/mother-and-child-care.html,301,1,,,
custom,,product/otica-oxygen-hood-for-children-new-born-baby/?add-to-cart=5457,,home-healthcare-devices/mother-and-child-care.html,301,2,,,
custom,,product/otica-oxygen-hood-for-children-new-born-baby/?add-to-cart=5457,,home-healthcare-devices/mother-and-child-care.html,301,3,,,
custom,,product/otica-oxygen-hood-for-children-new-born-baby/?add-to-cart=5457,,home-healthcare-devices/mother-and-child-care.html,301,4,,,
custom,,product/otica-oxygen-hood-for-children-new-born-baby/?add-to-cart=5457,,home-healthcare-devices/mother-and-child-care.html,301,5,,,
custom,,product/otica-oxygen-hood-for-children-new-born-baby/?add-to-cart=5457,,home-healthcare-devices/mother-and-child-care.html,301,6,,,
custom,,product/otica-oxygen-hood-for-children-new-born-baby/?add-to-cart=5457,,home-healthcare-devices/mother-and-child-care.html,301,7,,,
custom,,product/otica-oxygen-hood-for-children-new-born-baby/?add-to-cart=5537,,home-healthcare-devices/mother-and-child-care.html,301,1,,,
custom,,product/otica-oxygen-hood-for-children-new-born-baby/?add-to-cart=5537,,home-healthcare-devices/mother-and-child-care.html,301,2,,,
custom,,product/otica-oxygen-hood-for-children-new-born-baby/?add-to-cart=5537,,home-healthcare-devices/mother-and-child-care.html,301,3,,,
custom,,product/otica-oxygen-hood-for-children-new-born-baby/?add-to-cart=5537,,home-healthcare-devices/mother-and-child-care.html,301,4,,,
custom,,product/otica-oxygen-hood-for-children-new-born-baby/?add-to-cart=5537,,home-healthcare-devices/mother-and-child-care.html,301,5,,,
custom,,product/otica-oxygen-hood-for-children-new-born-baby/?add-to-cart=5537,,home-healthcare-devices/mother-and-child-care.html,301,6,,,
custom,,product/otica-oxygen-hood-for-children-new-born-baby/?add-to-cart=5537,,home-healthcare-devices/mother-and-child-care.html,301,7,,,
custom,,product/otica-pediatric-laryngoscope-miller-type-set-blade-size-00-0-and-1/?add-to-cart=10273,,professional-diagnostic-equipment/product/laryngoscope.html,301,1,,,
custom,,product/otica-pediatric-laryngoscope-miller-type-set-blade-size-00-0-and-1/?add-to-cart=10273,,professional-diagnostic-equipment/product/laryngoscope.html,301,2,,,
custom,,product/otica-pediatric-laryngoscope-miller-type-set-blade-size-00-0-and-1/?add-to-cart=10273,,professional-diagnostic-equipment/product/laryngoscope.html,301,3,,,
custom,,product/otica-pediatric-laryngoscope-miller-type-set-blade-size-00-0-and-1/?add-to-cart=10273,,professional-diagnostic-equipment/product/laryngoscope.html,301,4,,,
custom,,product/otica-pediatric-laryngoscope-miller-type-set-blade-size-00-0-and-1/?add-to-cart=10273,,professional-diagnostic-equipment/product/laryngoscope.html,301,5,,,
custom,,product/otica-pediatric-laryngoscope-miller-type-set-blade-size-00-0-and-1/?add-to-cart=10273,,professional-diagnostic-equipment/product/laryngoscope.html,301,6,,,
custom,,product/otica-pediatric-laryngoscope-miller-type-set-blade-size-00-0-and-1/?add-to-cart=10273,,professional-diagnostic-equipment/product/laryngoscope.html,301,7,,,
custom,,product/otica-pediatric-laryngoscope-miller-type-set-blade-size-00-0-and-1/?add-to-cart=10281,,professional-diagnostic-equipment/product/laryngoscope.html,301,1,,,
custom,,product/otica-pediatric-laryngoscope-miller-type-set-blade-size-00-0-and-1/?add-to-cart=10281,,professional-diagnostic-equipment/product/laryngoscope.html,301,2,,,
custom,,product/otica-pediatric-laryngoscope-miller-type-set-blade-size-00-0-and-1/?add-to-cart=10281,,professional-diagnostic-equipment/product/laryngoscope.html,301,3,,,
custom,,product/otica-pediatric-laryngoscope-miller-type-set-blade-size-00-0-and-1/?add-to-cart=10281,,professional-diagnostic-equipment/product/laryngoscope.html,301,4,,,
custom,,product/otica-pediatric-laryngoscope-miller-type-set-blade-size-00-0-and-1/?add-to-cart=10281,,professional-diagnostic-equipment/product/laryngoscope.html,301,5,,,
custom,,product/otica-pediatric-laryngoscope-miller-type-set-blade-size-00-0-and-1/?add-to-cart=10281,,professional-diagnostic-equipment/product/laryngoscope.html,301,6,,,
custom,,product/otica-pediatric-laryngoscope-miller-type-set-blade-size-00-0-and-1/?add-to-cart=10281,,professional-diagnostic-equipment/product/laryngoscope.html,301,7,,,
custom,,product/otica-pediatric-laryngoscope-miller-type-set-blade-size-00-0-and-1/?add-to-cart=10283,,professional-diagnostic-equipment/product/laryngoscope.html,301,1,,,
custom,,product/otica-pediatric-laryngoscope-miller-type-set-blade-size-00-0-and-1/?add-to-cart=10283,,professional-diagnostic-equipment/product/laryngoscope.html,301,2,,,
custom,,product/otica-pediatric-laryngoscope-miller-type-set-blade-size-00-0-and-1/?add-to-cart=10283,,professional-diagnostic-equipment/product/laryngoscope.html,301,3,,,
custom,,product/otica-pediatric-laryngoscope-miller-type-set-blade-size-00-0-and-1/?add-to-cart=10283,,professional-diagnostic-equipment/product/laryngoscope.html,301,4,,,
custom,,product/otica-pediatric-laryngoscope-miller-type-set-blade-size-00-0-and-1/?add-to-cart=10283,,professional-diagnostic-equipment/product/laryngoscope.html,301,5,,,
custom,,product/otica-pediatric-laryngoscope-miller-type-set-blade-size-00-0-and-1/?add-to-cart=10283,,professional-diagnostic-equipment/product/laryngoscope.html,301,6,,,
custom,,product/otica-pediatric-laryngoscope-miller-type-set-blade-size-00-0-and-1/?add-to-cart=10283,,professional-diagnostic-equipment/product/laryngoscope.html,301,7,,,
custom,,product/otica-pediatric-laryngoscope-miller-type-set-blade-size-00-0-and-1/?add-to-cart=5433,,professional-diagnostic-equipment/product/laryngoscope.html,301,1,,,
custom,,product/otica-pediatric-laryngoscope-miller-type-set-blade-size-00-0-and-1/?add-to-cart=5433,,professional-diagnostic-equipment/product/laryngoscope.html,301,2,,,
custom,,product/otica-pediatric-laryngoscope-miller-type-set-blade-size-00-0-and-1/?add-to-cart=5433,,professional-diagnostic-equipment/product/laryngoscope.html,301,3,,,
custom,,product/otica-pediatric-laryngoscope-miller-type-set-blade-size-00-0-and-1/?add-to-cart=5433,,professional-diagnostic-equipment/product/laryngoscope.html,301,4,,,
custom,,product/otica-pediatric-laryngoscope-miller-type-set-blade-size-00-0-and-1/?add-to-cart=5433,,professional-diagnostic-equipment/product/laryngoscope.html,301,5,,,
custom,,product/otica-pediatric-laryngoscope-miller-type-set-blade-size-00-0-and-1/?add-to-cart=5433,,professional-diagnostic-equipment/product/laryngoscope.html,301,6,,,
custom,,product/otica-pediatric-laryngoscope-miller-type-set-blade-size-00-0-and-1/?add-to-cart=5433,,professional-diagnostic-equipment/product/laryngoscope.html,301,7,,,
custom,,product/otica-pediatric-vein-finder/,,home-healthcare-devices/mother-and-child-care.html,301,1,,,
custom,,product/otica-pediatric-vein-finder/,,home-healthcare-devices/mother-and-child-care.html,301,2,,,
custom,,product/otica-pediatric-vein-finder/,,home-healthcare-devices/mother-and-child-care.html,301,3,,,
custom,,product/otica-pediatric-vein-finder/,,home-healthcare-devices/mother-and-child-care.html,301,4,,,
custom,,product/otica-pediatric-vein-finder/,,home-healthcare-devices/mother-and-child-care.html,301,5,,,
custom,,product/otica-pediatric-vein-finder/,,home-healthcare-devices/mother-and-child-care.html,301,6,,,
custom,,product/otica-pediatric-vein-finder/,,home-healthcare-devices/mother-and-child-care.html,301,7,,,
custom,,product/otica-plus-premium-i-v-cannula/,,home-healthcare-devices.html,301,1,,,
custom,,product/otica-plus-premium-i-v-cannula/,,home-healthcare-devices.html,301,2,,,
custom,,product/otica-plus-premium-i-v-cannula/,,home-healthcare-devices.html,301,3,,,
custom,,product/otica-plus-premium-i-v-cannula/,,home-healthcare-devices.html,301,4,,,
custom,,product/otica-plus-premium-i-v-cannula/,,home-healthcare-devices.html,301,5,,,
custom,,product/otica-plus-premium-i-v-cannula/,,home-healthcare-devices.html,301,6,,,
custom,,product/otica-plus-premium-i-v-cannula/,,home-healthcare-devices.html,301,7,,,
custom,,product/otica-reusable-nibp-adult-cuff-with-single-tube/?add-to-cart=10271,,medical-device/accessories/nibp.html,301,1,,,
custom,,product/otica-reusable-nibp-adult-cuff-with-single-tube/?add-to-cart=10271,,medical-device/accessories/nibp.html,301,2,,,
custom,,product/otica-reusable-nibp-adult-cuff-with-single-tube/?add-to-cart=10271,,medical-device/accessories/nibp.html,301,3,,,
custom,,product/otica-reusable-nibp-adult-cuff-with-single-tube/?add-to-cart=10271,,medical-device/accessories/nibp.html,301,4,,,
custom,,product/otica-reusable-nibp-adult-cuff-with-single-tube/?add-to-cart=10271,,medical-device/accessories/nibp.html,301,5,,,
custom,,product/otica-reusable-nibp-adult-cuff-with-single-tube/?add-to-cart=10271,,medical-device/accessories/nibp.html,301,6,,,
custom,,product/otica-reusable-nibp-adult-cuff-with-single-tube/?add-to-cart=10271,,medical-device/accessories/nibp.html,301,7,,,
custom,,product/otica-reusable-nibp-adult-cuff-with-single-tube/?attribute_pa_size=adult,,medical-device/accessories/nibp.html,301,1,,,
custom,,product/otica-reusable-nibp-adult-cuff-with-single-tube/?attribute_pa_size=adult,,medical-device/accessories/nibp.html,301,2,,,
custom,,product/otica-reusable-nibp-adult-cuff-with-single-tube/?attribute_pa_size=adult,,medical-device/accessories/nibp.html,301,3,,,
custom,,product/otica-reusable-nibp-adult-cuff-with-single-tube/?attribute_pa_size=adult,,medical-device/accessories/nibp.html,301,4,,,
custom,,product/otica-reusable-nibp-adult-cuff-with-single-tube/?attribute_pa_size=adult,,medical-device/accessories/nibp.html,301,5,,,
custom,,product/otica-reusable-nibp-adult-cuff-with-single-tube/?attribute_pa_size=adult,,medical-device/accessories/nibp.html,301,6,,,
custom,,product/otica-reusable-nibp-adult-cuff-with-single-tube/?attribute_pa_size=adult,,medical-device/accessories/nibp.html,301,7,,,
custom,,product/otica-steel-stand-wall-mount/,,medical-device.html,301,1,,,
custom,,product/otica-steel-stand-wall-mount/,,medical-device.html,301,2,,,
custom,,product/otica-steel-stand-wall-mount/,,medical-device.html,301,3,,,
custom,,product/otica-steel-stand-wall-mount/,,medical-device.html,301,4,,,
custom,,product/otica-steel-stand-wall-mount/,,medical-device.html,301,5,,,
custom,,product/otica-steel-stand-wall-mount/,,medical-device.html,301,6,,,
custom,,product/otica-steel-stand-wall-mount/,,medical-device.html,301,7,,,
custom,,product/otica-tablet-cutter/?add-to-cart=10282,,home-healthcare-devices/elderly-care/tablet-cutter-crusher.html,301,1,,,
custom,,product/otica-tablet-cutter/?add-to-cart=10282,,home-healthcare-devices/elderly-care/tablet-cutter-crusher.html,301,2,,,
custom,,product/otica-tablet-cutter/?add-to-cart=10282,,home-healthcare-devices/elderly-care/tablet-cutter-crusher.html,301,3,,,
custom,,product/otica-tablet-cutter/?add-to-cart=10282,,home-healthcare-devices/elderly-care/tablet-cutter-crusher.html,301,4,,,
custom,,product/otica-tablet-cutter/?add-to-cart=10282,,home-healthcare-devices/elderly-care/tablet-cutter-crusher.html,301,5,,,
custom,,product/otica-tablet-cutter/?add-to-cart=10282,,home-healthcare-devices/elderly-care/tablet-cutter-crusher.html,301,6,,,
custom,,product/otica-tablet-cutter/?add-to-cart=10282,,home-healthcare-devices/elderly-care/tablet-cutter-crusher.html,301,7,,,
custom,,product/otica-two-fold-stretcher-for-medical-emergency-with-patient-holding-strap-with-cover-ms/,,home-healthcare-devices/elderly-care/medical-stretcher.html,301,1,,,
custom,,product/otica-two-fold-stretcher-for-medical-emergency-with-patient-holding-strap-with-cover-ms/,,home-healthcare-devices/elderly-care/medical-stretcher.html,301,2,,,
custom,,product/otica-two-fold-stretcher-for-medical-emergency-with-patient-holding-strap-with-cover-ms/,,home-healthcare-devices/elderly-care/medical-stretcher.html,301,3,,,
custom,,product/otica-two-fold-stretcher-for-medical-emergency-with-patient-holding-strap-with-cover-ms/,,home-healthcare-devices/elderly-care/medical-stretcher.html,301,4,,,
custom,,product/otica-two-fold-stretcher-for-medical-emergency-with-patient-holding-strap-with-cover-ms/,,home-healthcare-devices/elderly-care/medical-stretcher.html,301,5,,,
custom,,product/otica-two-fold-stretcher-for-medical-emergency-with-patient-holding-strap-with-cover-ms/,,home-healthcare-devices/elderly-care/medical-stretcher.html,301,6,,,
custom,,product/otica-two-fold-stretcher-for-medical-emergency-with-patient-holding-strap-with-cover-ms/,,home-healthcare-devices/elderly-care/medical-stretcher.html,301,7,,,
custom,,product/otica-water-bed-owb-8/,,home-healthcare-devices.html,301,1,,,
custom,,product/otica-water-bed-owb-8/,,home-healthcare-devices.html,301,2,,,
custom,,product/otica-water-bed-owb-8/,,home-healthcare-devices.html,301,3,,,
custom,,product/otica-water-bed-owb-8/,,home-healthcare-devices.html,301,4,,,
custom,,product/otica-water-bed-owb-8/,,home-healthcare-devices.html,301,5,,,
custom,,product/otica-water-bed-owb-8/,,home-healthcare-devices.html,301,6,,,
custom,,product/otica-water-bed-owb-8/,,home-healthcare-devices.html,301,7,,,
custom,,product/otica-x-ray-view-box-led-film/,,professional-diagnostic-equipment/product/xray-viewer.html,301,1,,,
custom,,product/otica-x-ray-view-box-led-film/,,professional-diagnostic-equipment/product/xray-viewer.html,301,2,,,
custom,,product/otica-x-ray-view-box-led-film/,,professional-diagnostic-equipment/product/xray-viewer.html,301,3,,,
custom,,product/otica-x-ray-view-box-led-film/,,professional-diagnostic-equipment/product/xray-viewer.html,301,4,,,
custom,,product/otica-x-ray-view-box-led-film/,,professional-diagnostic-equipment/product/xray-viewer.html,301,5,,,
custom,,product/otica-x-ray-view-box-led-film/,,professional-diagnostic-equipment/product/xray-viewer.html,301,6,,,
custom,,product/otica-x-ray-view-box-led-film/,,professional-diagnostic-equipment/product/xray-viewer.html,301,7,,,
custom,,product/otica-y-connector/?add-to-cart=10279,,all-products.html,301,1,,,
custom,,product/otica-y-connector/?add-to-cart=10279,,all-products.html,301,2,,,
custom,,product/otica-y-connector/?add-to-cart=10279,,all-products.html,301,3,,,
custom,,product/otica-y-connector/?add-to-cart=10279,,all-products.html,301,4,,,
custom,,product/otica-y-connector/?add-to-cart=10279,,all-products.html,301,5,,,
custom,,product/otica-y-connector/?add-to-cart=10279,,all-products.html,301,6,,,
custom,,product/otica-y-connector/?add-to-cart=10279,,all-products.html,301,7,,,
custom,,product/ovum-forcep/?add-to-cart=11123,,all-products.html,301,1,,,
custom,,product/ovum-forcep/?add-to-cart=11123,,all-products.html,301,2,,,
custom,,product/ovum-forcep/?add-to-cart=11123,,all-products.html,301,3,,,
custom,,product/ovum-forcep/?add-to-cart=11123,,all-products.html,301,4,,,
custom,,product/ovum-forcep/?add-to-cart=11123,,all-products.html,301,5,,,
custom,,product/ovum-forcep/?add-to-cart=11123,,all-products.html,301,6,,,
custom,,product/ovum-forcep/?add-to-cart=11123,,all-products.html,301,7,,,
custom,,product/ovum-forcep/?add-to-cart=11134,,all-products.html,301,1,,,
custom,,product/ovum-forcep/?add-to-cart=11134,,all-products.html,301,2,,,
custom,,product/ovum-forcep/?add-to-cart=11134,,all-products.html,301,3,,,
custom,,product/ovum-forcep/?add-to-cart=11134,,all-products.html,301,4,,,
custom,,product/ovum-forcep/?add-to-cart=11134,,all-products.html,301,5,,,
custom,,product/ovum-forcep/?add-to-cart=11134,,all-products.html,301,6,,,
custom,,product/ovum-forcep/?add-to-cart=11134,,all-products.html,301,7,,,
custom,,product/ovum-forcep/?add-to-cart=11152,,all-products.html,301,1,,,
custom,,product/ovum-forcep/?add-to-cart=11152,,all-products.html,301,2,,,
custom,,product/ovum-forcep/?add-to-cart=11152,,all-products.html,301,3,,,
custom,,product/ovum-forcep/?add-to-cart=11152,,all-products.html,301,4,,,
custom,,product/ovum-forcep/?add-to-cart=11152,,all-products.html,301,5,,,
custom,,product/ovum-forcep/?add-to-cart=11152,,all-products.html,301,6,,,
custom,,product/ovum-forcep/?add-to-cart=11152,,all-products.html,301,7,,,
custom,,product/ovum-forcep/?add-to-cart=11158,,all-products.html,301,1,,,
custom,,product/ovum-forcep/?add-to-cart=11158,,all-products.html,301,2,,,
custom,,product/ovum-forcep/?add-to-cart=11158,,all-products.html,301,3,,,
custom,,product/ovum-forcep/?add-to-cart=11158,,all-products.html,301,4,,,
custom,,product/ovum-forcep/?add-to-cart=11158,,all-products.html,301,5,,,
custom,,product/ovum-forcep/?add-to-cart=11158,,all-products.html,301,6,,,
custom,,product/ovum-forcep/?add-to-cart=11158,,all-products.html,301,7,,,
custom,,product/oxymed-portable-oxygen-concentrator-indias-first-portable-oxygen-concentrator-lightest-ever-2kgpulse-mode-1-to-5-litre-per-min-us-fda-ce-approved-3-year-warranty/?add-to-cart=5451,,home-healthcare-devices/oxygen-concentrator.html,301,1,,,
custom,,product/oxymed-portable-oxygen-concentrator-indias-first-portable-oxygen-concentrator-lightest-ever-2kgpulse-mode-1-to-5-litre-per-min-us-fda-ce-approved-3-year-warranty/?add-to-cart=5451,,home-healthcare-devices/oxygen-concentrator.html,301,2,,,
custom,,product/oxymed-portable-oxygen-concentrator-indias-first-portable-oxygen-concentrator-lightest-ever-2kgpulse-mode-1-to-5-litre-per-min-us-fda-ce-approved-3-year-warranty/?add-to-cart=5451,,home-healthcare-devices/oxygen-concentrator.html,301,3,,,
custom,,product/oxymed-portable-oxygen-concentrator-indias-first-portable-oxygen-concentrator-lightest-ever-2kgpulse-mode-1-to-5-litre-per-min-us-fda-ce-approved-3-year-warranty/?add-to-cart=5451,,home-healthcare-devices/oxygen-concentrator.html,301,4,,,
custom,,product/oxymed-portable-oxygen-concentrator-indias-first-portable-oxygen-concentrator-lightest-ever-2kgpulse-mode-1-to-5-litre-per-min-us-fda-ce-approved-3-year-warranty/?add-to-cart=5451,,home-healthcare-devices/oxygen-concentrator.html,301,5,,,
custom,,product/oxymed-portable-oxygen-concentrator-indias-first-portable-oxygen-concentrator-lightest-ever-2kgpulse-mode-1-to-5-litre-per-min-us-fda-ce-approved-3-year-warranty/?add-to-cart=5451,,home-healthcare-devices/oxygen-concentrator.html,301,6,,,
custom,,product/oxymed-portable-oxygen-concentrator-indias-first-portable-oxygen-concentrator-lightest-ever-2kgpulse-mode-1-to-5-litre-per-min-us-fda-ce-approved-3-year-warranty/?add-to-cart=5451,,home-healthcare-devices/oxygen-concentrator.html,301,7,,,
custom,,product/oxymed-portable-oxygen-concentrator-indias-first-portable-oxygen-concentrator-lightest-ever-2kgpulse-mode-1-to-5-litre-per-min-us-fda-ce-approved-3-year-warranty/?add-to-cart=5531,,home-healthcare-devices/oxygen-concentrator.html,301,1,,,
custom,,product/oxymed-portable-oxygen-concentrator-indias-first-portable-oxygen-concentrator-lightest-ever-2kgpulse-mode-1-to-5-litre-per-min-us-fda-ce-approved-3-year-warranty/?add-to-cart=5531,,home-healthcare-devices/oxygen-concentrator.html,301,2,,,
custom,,product/oxymed-portable-oxygen-concentrator-indias-first-portable-oxygen-concentrator-lightest-ever-2kgpulse-mode-1-to-5-litre-per-min-us-fda-ce-approved-3-year-warranty/?add-to-cart=5531,,home-healthcare-devices/oxygen-concentrator.html,301,3,,,
custom,,product/oxymed-portable-oxygen-concentrator-indias-first-portable-oxygen-concentrator-lightest-ever-2kgpulse-mode-1-to-5-litre-per-min-us-fda-ce-approved-3-year-warranty/?add-to-cart=5531,,home-healthcare-devices/oxygen-concentrator.html,301,4,,,
custom,,product/oxymed-portable-oxygen-concentrator-indias-first-portable-oxygen-concentrator-lightest-ever-2kgpulse-mode-1-to-5-litre-per-min-us-fda-ce-approved-3-year-warranty/?add-to-cart=5531,,home-healthcare-devices/oxygen-concentrator.html,301,5,,,
custom,,product/oxymed-portable-oxygen-concentrator-indias-first-portable-oxygen-concentrator-lightest-ever-2kgpulse-mode-1-to-5-litre-per-min-us-fda-ce-approved-3-year-warranty/?add-to-cart=5531,,home-healthcare-devices/oxygen-concentrator.html,301,6,,,
custom,,product/oxymed-portable-oxygen-concentrator-indias-first-portable-oxygen-concentrator-lightest-ever-2kgpulse-mode-1-to-5-litre-per-min-us-fda-ce-approved-3-year-warranty/?add-to-cart=5531,,home-healthcare-devices/oxygen-concentrator.html,301,7,,,
custom,,product/oxymed-portable-oxygen-concentrator-indias-first-portable-oxygen-concentrator-lightest-ever-2kgpulse-mode-1-to-5-litre-per-min-us-fda-ce-approved-3-year-warranty/?add-to-cart=5554,,home-healthcare-devices/oxygen-concentrator.html,301,1,,,
custom,,product/oxymed-portable-oxygen-concentrator-indias-first-portable-oxygen-concentrator-lightest-ever-2kgpulse-mode-1-to-5-litre-per-min-us-fda-ce-approved-3-year-warranty/?add-to-cart=5554,,home-healthcare-devices/oxygen-concentrator.html,301,2,,,
custom,,product/oxymed-portable-oxygen-concentrator-indias-first-portable-oxygen-concentrator-lightest-ever-2kgpulse-mode-1-to-5-litre-per-min-us-fda-ce-approved-3-year-warranty/?add-to-cart=5554,,home-healthcare-devices/oxygen-concentrator.html,301,3,,,
custom,,product/oxymed-portable-oxygen-concentrator-indias-first-portable-oxygen-concentrator-lightest-ever-2kgpulse-mode-1-to-5-litre-per-min-us-fda-ce-approved-3-year-warranty/?add-to-cart=5554,,home-healthcare-devices/oxygen-concentrator.html,301,4,,,
custom,,product/oxymed-portable-oxygen-concentrator-indias-first-portable-oxygen-concentrator-lightest-ever-2kgpulse-mode-1-to-5-litre-per-min-us-fda-ce-approved-3-year-warranty/?add-to-cart=5554,,home-healthcare-devices/oxygen-concentrator.html,301,5,,,
custom,,product/oxymed-portable-oxygen-concentrator-indias-first-portable-oxygen-concentrator-lightest-ever-2kgpulse-mode-1-to-5-litre-per-min-us-fda-ce-approved-3-year-warranty/?add-to-cart=5554,,home-healthcare-devices/oxygen-concentrator.html,301,6,,,
custom,,product/oxymed-portable-oxygen-concentrator-indias-first-portable-oxygen-concentrator-lightest-ever-2kgpulse-mode-1-to-5-litre-per-min-us-fda-ce-approved-3-year-warranty/?add-to-cart=5554,,home-healthcare-devices/oxygen-concentrator.html,301,7,,,
custom,,product/philips-dreamstation-bipap-avaps/,,home-healthcare-devices/respiratory-mask/bipap-mask.html,301,1,,,
custom,,product/philips-dreamstation-bipap-avaps/,,home-healthcare-devices/respiratory-mask/bipap-mask.html,301,2,,,
custom,,product/philips-dreamstation-bipap-avaps/,,home-healthcare-devices/respiratory-mask/bipap-mask.html,301,3,,,
custom,,product/philips-dreamstation-bipap-avaps/,,home-healthcare-devices/respiratory-mask/bipap-mask.html,301,4,,,
custom,,product/philips-dreamstation-bipap-avaps/,,home-healthcare-devices/respiratory-mask/bipap-mask.html,301,5,,,
custom,,product/philips-dreamstation-bipap-avaps/,,home-healthcare-devices/respiratory-mask/bipap-mask.html,301,6,,,
custom,,product/philips-dreamstation-bipap-avaps/,,home-healthcare-devices/respiratory-mask/bipap-mask.html,301,7,,,
custom,,product/philips-respironics-dreamwear-under-the-nose-nasal-mask-ref-1116720/,,home-healthcare-devices/respiratory-mask.html,301,1,,,
custom,,product/philips-respironics-dreamwear-under-the-nose-nasal-mask-ref-1116720/,,home-healthcare-devices/respiratory-mask.html,301,2,,,
custom,,product/philips-respironics-dreamwear-under-the-nose-nasal-mask-ref-1116720/,,home-healthcare-devices/respiratory-mask.html,301,3,,,
custom,,product/philips-respironics-dreamwear-under-the-nose-nasal-mask-ref-1116720/,,home-healthcare-devices/respiratory-mask.html,301,4,,,
custom,,product/philips-respironics-dreamwear-under-the-nose-nasal-mask-ref-1116720/,,home-healthcare-devices/respiratory-mask.html,301,5,,,
custom,,product/philips-respironics-dreamwear-under-the-nose-nasal-mask-ref-1116720/,,home-healthcare-devices/respiratory-mask.html,301,6,,,
custom,,product/philips-respironics-dreamwear-under-the-nose-nasal-mask-ref-1116720/,,home-healthcare-devices/respiratory-mask.html,301,7,,,
custom,,product/portable-suction-machine/,,medical-device/product/suction-machine.html,301,1,,,
custom,,product/portable-suction-machine/,,medical-device/product/suction-machine.html,301,2,,,
custom,,product/portable-suction-machine/,,medical-device/product/suction-machine.html,301,3,,,
