entity_type,entity_id,request_path,new_request_path,target_path,redirect_type,store_id,description,is_autogenerated,metadata
custom,,product/portable-suction-machine/,,medical-device/product/suction-machine.html,301,4,,,
custom,,product/portable-suction-machine/,,medical-device/product/suction-machine.html,301,5,,,
custom,,product/portable-suction-machine/,,medical-device/product/suction-machine.html,301,6,,,
custom,,product/portable-suction-machine/,,medical-device/product/suction-machine.html,301,7,,,
custom,,product/semi-fowler-bed/?add-to-cart=11170,,all-products.html,301,1,,,
custom,,product/semi-fowler-bed/?add-to-cart=11170,,all-products.html,301,2,,,
custom,,product/semi-fowler-bed/?add-to-cart=11170,,all-products.html,301,3,,,
custom,,product/semi-fowler-bed/?add-to-cart=11170,,all-products.html,301,4,,,
custom,,product/semi-fowler-bed/?add-to-cart=11170,,all-products.html,301,5,,,
custom,,product/semi-fowler-bed/?add-to-cart=11170,,all-products.html,301,6,,,
custom,,product/semi-fowler-bed/?add-to-cart=11170,,all-products.html,301,7,,,
custom,,product/semi-fowler-bed/?add-to-cart=11180,,all-products.html,301,1,,,
custom,,product/semi-fowler-bed/?add-to-cart=11180,,all-products.html,301,2,,,
custom,,product/semi-fowler-bed/?add-to-cart=11180,,all-products.html,301,3,,,
custom,,product/semi-fowler-bed/?add-to-cart=11180,,all-products.html,301,4,,,
custom,,product/semi-fowler-bed/?add-to-cart=11180,,all-products.html,301,5,,,
custom,,product/semi-fowler-bed/?add-to-cart=11180,,all-products.html,301,6,,,
custom,,product/semi-fowler-bed/?add-to-cart=11180,,all-products.html,301,7,,,
custom,,product/semi-fowler-bed/?add-to-cart=11186,,all-products.html,301,1,,,
custom,,product/semi-fowler-bed/?add-to-cart=11186,,all-products.html,301,2,,,
custom,,product/semi-fowler-bed/?add-to-cart=11186,,all-products.html,301,3,,,
custom,,product/semi-fowler-bed/?add-to-cart=11186,,all-products.html,301,4,,,
custom,,product/semi-fowler-bed/?add-to-cart=11186,,all-products.html,301,5,,,
custom,,product/semi-fowler-bed/?add-to-cart=11186,,all-products.html,301,6,,,
custom,,product/semi-fowler-bed/?add-to-cart=11186,,all-products.html,301,7,,,
custom,,product/semi-fowler-bed/?add-to-cart=5433,,all-products.html,301,1,,,
custom,,product/semi-fowler-bed/?add-to-cart=5433,,all-products.html,301,2,,,
custom,,product/semi-fowler-bed/?add-to-cart=5433,,all-products.html,301,3,,,
custom,,product/semi-fowler-bed/?add-to-cart=5433,,all-products.html,301,4,,,
custom,,product/semi-fowler-bed/?add-to-cart=5433,,all-products.html,301,5,,,
custom,,product/semi-fowler-bed/?add-to-cart=5433,,all-products.html,301,6,,,
custom,,product/semi-fowler-bed/?add-to-cart=5433,,all-products.html,301,7,,,
custom,,product/semi-fowler-bed/?add-to-cart=9898,,all-products.html,301,1,,,
custom,,product/semi-fowler-bed/?add-to-cart=9898,,all-products.html,301,2,,,
custom,,product/semi-fowler-bed/?add-to-cart=9898,,all-products.html,301,3,,,
custom,,product/semi-fowler-bed/?add-to-cart=9898,,all-products.html,301,4,,,
custom,,product/semi-fowler-bed/?add-to-cart=9898,,all-products.html,301,5,,,
custom,,product/semi-fowler-bed/?add-to-cart=9898,,all-products.html,301,6,,,
custom,,product/semi-fowler-bed/?add-to-cart=9898,,all-products.html,301,7,,,
custom,,product/sponge-holding-forcep/?add_to_wishlist=5779&_wpnonce=8f9f0fec33,,all-products.html,301,1,,,
custom,,product/sponge-holding-forcep/?add_to_wishlist=5779&_wpnonce=8f9f0fec33,,all-products.html,301,2,,,
custom,,product/sponge-holding-forcep/?add_to_wishlist=5779&_wpnonce=8f9f0fec33,,all-products.html,301,3,,,
custom,,product/sponge-holding-forcep/?add_to_wishlist=5779&_wpnonce=8f9f0fec33,,all-products.html,301,4,,,
custom,,product/sponge-holding-forcep/?add_to_wishlist=5779&_wpnonce=8f9f0fec33,,all-products.html,301,5,,,
custom,,product/sponge-holding-forcep/?add_to_wishlist=5779&_wpnonce=8f9f0fec33,,all-products.html,301,6,,,
custom,,product/sponge-holding-forcep/?add_to_wishlist=5779&_wpnonce=8f9f0fec33,,all-products.html,301,7,,,
custom,,product/suture-cutting-scissor/?add-to-cart=11101,,all-products.html,301,1,,,
custom,,product/suture-cutting-scissor/?add-to-cart=11101,,all-products.html,301,2,,,
custom,,product/suture-cutting-scissor/?add-to-cart=11101,,all-products.html,301,3,,,
custom,,product/suture-cutting-scissor/?add-to-cart=11101,,all-products.html,301,4,,,
custom,,product/suture-cutting-scissor/?add-to-cart=11101,,all-products.html,301,5,,,
custom,,product/suture-cutting-scissor/?add-to-cart=11101,,all-products.html,301,6,,,
custom,,product/suture-cutting-scissor/?add-to-cart=11101,,all-products.html,301,7,,,
custom,,product/suture-cutting-scissor/?add-to-cart=11140,,all-products.html,301,1,,,
custom,,product/suture-cutting-scissor/?add-to-cart=11140,,all-products.html,301,2,,,
custom,,product/suture-cutting-scissor/?add-to-cart=11140,,all-products.html,301,3,,,
custom,,product/suture-cutting-scissor/?add-to-cart=11140,,all-products.html,301,4,,,
custom,,product/suture-cutting-scissor/?add-to-cart=11140,,all-products.html,301,5,,,
custom,,product/suture-cutting-scissor/?add-to-cart=11140,,all-products.html,301,6,,,
custom,,product/suture-cutting-scissor/?add-to-cart=11140,,all-products.html,301,7,,,
custom,,product/suture-cutting-scissor/?add-to-cart=11143,,all-products.html,301,1,,,
custom,,product/suture-cutting-scissor/?add-to-cart=11143,,all-products.html,301,2,,,
custom,,product/suture-cutting-scissor/?add-to-cart=11143,,all-products.html,301,3,,,
custom,,product/suture-cutting-scissor/?add-to-cart=11143,,all-products.html,301,4,,,
custom,,product/suture-cutting-scissor/?add-to-cart=11143,,all-products.html,301,5,,,
custom,,product/suture-cutting-scissor/?add-to-cart=11143,,all-products.html,301,6,,,
custom,,product/suture-cutting-scissor/?add-to-cart=11143,,all-products.html,301,7,,,
custom,,product/suture-cutting-scissor/?add-to-cart=11146,,all-products.html,301,1,,,
custom,,product/suture-cutting-scissor/?add-to-cart=11146,,all-products.html,301,2,,,
custom,,product/suture-cutting-scissor/?add-to-cart=11146,,all-products.html,301,3,,,
custom,,product/suture-cutting-scissor/?add-to-cart=11146,,all-products.html,301,4,,,
custom,,product/suture-cutting-scissor/?add-to-cart=11146,,all-products.html,301,5,,,
custom,,product/suture-cutting-scissor/?add-to-cart=11146,,all-products.html,301,6,,,
custom,,product/suture-cutting-scissor/?add-to-cart=11146,,all-products.html,301,7,,,
custom,,product/suture-cutting-scissor/?add-to-cart=11152,,all-products.html,301,1,,,
custom,,product/suture-cutting-scissor/?add-to-cart=11152,,all-products.html,301,2,,,
custom,,product/suture-cutting-scissor/?add-to-cart=11152,,all-products.html,301,3,,,
custom,,product/suture-cutting-scissor/?add-to-cart=11152,,all-products.html,301,4,,,
custom,,product/suture-cutting-scissor/?add-to-cart=11152,,all-products.html,301,5,,,
custom,,product/suture-cutting-scissor/?add-to-cart=11152,,all-products.html,301,6,,,
custom,,product/suture-cutting-scissor/?add-to-cart=11152,,all-products.html,301,7,,,
custom,,product/suture-cutting-scissor/?add-to-cart=11164,,all-products.html,301,1,,,
custom,,product/suture-cutting-scissor/?add-to-cart=11164,,all-products.html,301,2,,,
custom,,product/suture-cutting-scissor/?add-to-cart=11164,,all-products.html,301,3,,,
custom,,product/suture-cutting-scissor/?add-to-cart=11164,,all-products.html,301,4,,,
custom,,product/suture-cutting-scissor/?add-to-cart=11164,,all-products.html,301,5,,,
custom,,product/suture-cutting-scissor/?add-to-cart=11164,,all-products.html,301,6,,,
custom,,product/suture-cutting-scissor/?add-to-cart=11164,,all-products.html,301,7,,,
custom,,product/suture-cutting-scissor/?add-to-cart=6278,,all-products.html,301,1,,,
custom,,product/suture-cutting-scissor/?add-to-cart=6278,,all-products.html,301,2,,,
custom,,product/suture-cutting-scissor/?add-to-cart=6278,,all-products.html,301,3,,,
custom,,product/suture-cutting-scissor/?add-to-cart=6278,,all-products.html,301,4,,,
custom,,product/suture-cutting-scissor/?add-to-cart=6278,,all-products.html,301,5,,,
custom,,product/suture-cutting-scissor/?add-to-cart=6278,,all-products.html,301,6,,,
custom,,product/suture-cutting-scissor/?add-to-cart=6278,,all-products.html,301,7,,,
custom,,product/tooth-forcep/?add-to-cart=10283,,all-products.html,301,1,,,
custom,,product/tooth-forcep/?add-to-cart=10283,,all-products.html,301,2,,,
custom,,product/tooth-forcep/?add-to-cart=10283,,all-products.html,301,3,,,
custom,,product/tooth-forcep/?add-to-cart=10283,,all-products.html,301,4,,,
custom,,product/tooth-forcep/?add-to-cart=10283,,all-products.html,301,5,,,
custom,,product/tooth-forcep/?add-to-cart=10283,,all-products.html,301,6,,,
custom,,product/tooth-forcep/?add-to-cart=10283,,all-products.html,301,7,,,
custom,,product/tooth-forcep/?add-to-cart=11112,,all-products.html,301,1,,,
custom,,product/tooth-forcep/?add-to-cart=11112,,all-products.html,301,2,,,
custom,,product/tooth-forcep/?add-to-cart=11112,,all-products.html,301,3,,,
custom,,product/tooth-forcep/?add-to-cart=11112,,all-products.html,301,4,,,
custom,,product/tooth-forcep/?add-to-cart=11112,,all-products.html,301,5,,,
custom,,product/tooth-forcep/?add-to-cart=11112,,all-products.html,301,6,,,
custom,,product/tooth-forcep/?add-to-cart=11112,,all-products.html,301,7,,,
custom,,product/tooth-forcep/?add-to-cart=11134,,all-products.html,301,1,,,
custom,,product/tooth-forcep/?add-to-cart=11134,,all-products.html,301,2,,,
custom,,product/tooth-forcep/?add-to-cart=11134,,all-products.html,301,3,,,
custom,,product/tooth-forcep/?add-to-cart=11134,,all-products.html,301,4,,,
custom,,product/tooth-forcep/?add-to-cart=11134,,all-products.html,301,5,,,
custom,,product/tooth-forcep/?add-to-cart=11134,,all-products.html,301,6,,,
custom,,product/tooth-forcep/?add-to-cart=11134,,all-products.html,301,7,,,
custom,,product/tooth-forcep/?add-to-cart=11152,,all-products.html,301,1,,,
custom,,product/tooth-forcep/?add-to-cart=11152,,all-products.html,301,2,,,
custom,,product/tooth-forcep/?add-to-cart=11152,,all-products.html,301,3,,,
custom,,product/tooth-forcep/?add-to-cart=11152,,all-products.html,301,4,,,
custom,,product/tooth-forcep/?add-to-cart=11152,,all-products.html,301,5,,,
custom,,product/tooth-forcep/?add-to-cart=11152,,all-products.html,301,6,,,
custom,,product/tooth-forcep/?add-to-cart=11152,,all-products.html,301,7,,,
custom,,product/tourniquet-machine/?add-to-cart=5544,,all-products.html,301,1,,,
custom,,product/tourniquet-machine/?add-to-cart=5544,,all-products.html,301,2,,,
custom,,product/tourniquet-machine/?add-to-cart=5544,,all-products.html,301,3,,,
custom,,product/tourniquet-machine/?add-to-cart=5544,,all-products.html,301,4,,,
custom,,product/tourniquet-machine/?add-to-cart=5544,,all-products.html,301,5,,,
custom,,product/tourniquet-machine/?add-to-cart=5544,,all-products.html,301,6,,,
custom,,product/tourniquet-machine/?add-to-cart=5544,,all-products.html,301,7,,,
custom,,product/tourniquet-machine/?add-to-cart=5550,,all-products.html,301,1,,,
custom,,product/tourniquet-machine/?add-to-cart=5550,,all-products.html,301,2,,,
custom,,product/tourniquet-machine/?add-to-cart=5550,,all-products.html,301,3,,,
custom,,product/tourniquet-machine/?add-to-cart=5550,,all-products.html,301,4,,,
custom,,product/tourniquet-machine/?add-to-cart=5550,,all-products.html,301,5,,,
custom,,product/tourniquet-machine/?add-to-cart=5550,,all-products.html,301,6,,,
custom,,product/tourniquet-machine/?add-to-cart=5550,,all-products.html,301,7,,,
custom,,product/vcomin-fd-530d-fetal-doppler/,,all-products.html,301,1,,,
custom,,product/vcomin-fd-530d-fetal-doppler/,,all-products.html,301,2,,,
custom,,product/vcomin-fd-530d-fetal-doppler/,,all-products.html,301,3,,,
custom,,product/vcomin-fd-530d-fetal-doppler/,,all-products.html,301,4,,,
custom,,product/vcomin-fd-530d-fetal-doppler/,,all-products.html,301,5,,,
custom,,product/vcomin-fd-530d-fetal-doppler/,,all-products.html,301,6,,,
custom,,product/vcomin-fd-530d-fetal-doppler/,,all-products.html,301,7,,,
custom,,product/vein-hunter/,,all-products.html,301,1,,,
custom,,product/vein-hunter/,,all-products.html,301,2,,,
custom,,product/vein-hunter/,,all-products.html,301,3,,,
custom,,product/vein-hunter/,,all-products.html,301,4,,,
custom,,product/vein-hunter/,,all-products.html,301,5,,,
custom,,product/vein-hunter/,,all-products.html,301,6,,,
custom,,product/vein-hunter/,,all-products.html,301,7,,,
custom,,product/vein-hunter/?add-to-cart=5433,,all-products.html,301,1,,,
custom,,product/vein-hunter/?add-to-cart=5433,,all-products.html,301,2,,,
custom,,product/vein-hunter/?add-to-cart=5433,,all-products.html,301,3,,,
custom,,product/vein-hunter/?add-to-cart=5433,,all-products.html,301,4,,,
custom,,product/vein-hunter/?add-to-cart=5433,,all-products.html,301,5,,,
custom,,product/vein-hunter/?add-to-cart=5433,,all-products.html,301,6,,,
custom,,product/vein-hunter/?add-to-cart=5433,,all-products.html,301,7,,,
custom,,product/vulsellum-forceps/?add_to_wishlist=10277&_wpnonce=e1e8375e9d,,all-products.html,301,1,,,
custom,,product/vulsellum-forceps/?add_to_wishlist=10277&_wpnonce=e1e8375e9d,,all-products.html,301,2,,,
custom,,product/vulsellum-forceps/?add_to_wishlist=10277&_wpnonce=e1e8375e9d,,all-products.html,301,3,,,
custom,,product/vulsellum-forceps/?add_to_wishlist=10277&_wpnonce=e1e8375e9d,,all-products.html,301,4,,,
custom,,product/vulsellum-forceps/?add_to_wishlist=10277&_wpnonce=e1e8375e9d,,all-products.html,301,5,,,
custom,,product/vulsellum-forceps/?add_to_wishlist=10277&_wpnonce=e1e8375e9d,,all-products.html,301,6,,,
custom,,product/vulsellum-forceps/?add_to_wishlist=10277&_wpnonce=e1e8375e9d,,all-products.html,301,7,,,
custom,,product/vulsellum-forceps/?add_to_wishlist=11105&_wpnonce=e1e8375e9d,,all-products.html,301,1,,,
custom,,product/vulsellum-forceps/?add_to_wishlist=11105&_wpnonce=e1e8375e9d,,all-products.html,301,2,,,
custom,,product/vulsellum-forceps/?add_to_wishlist=11105&_wpnonce=e1e8375e9d,,all-products.html,301,3,,,
custom,,product/vulsellum-forceps/?add_to_wishlist=11105&_wpnonce=e1e8375e9d,,all-products.html,301,4,,,
custom,,product/vulsellum-forceps/?add_to_wishlist=11105&_wpnonce=e1e8375e9d,,all-products.html,301,5,,,
custom,,product/vulsellum-forceps/?add_to_wishlist=11105&_wpnonce=e1e8375e9d,,all-products.html,301,6,,,
custom,,product/vulsellum-forceps/?add_to_wishlist=11105&_wpnonce=e1e8375e9d,,all-products.html,301,7,,,
custom,,product/vulsellum-forceps/?add_to_wishlist=11146&_wpnonce=e1e8375e9d,,all-products.html,301,1,,,
custom,,product/vulsellum-forceps/?add_to_wishlist=11146&_wpnonce=e1e8375e9d,,all-products.html,301,2,,,
custom,,product/vulsellum-forceps/?add_to_wishlist=11146&_wpnonce=e1e8375e9d,,all-products.html,301,3,,,
custom,,product/vulsellum-forceps/?add_to_wishlist=11146&_wpnonce=e1e8375e9d,,all-products.html,301,4,,,
custom,,product/vulsellum-forceps/?add_to_wishlist=11146&_wpnonce=e1e8375e9d,,all-products.html,301,5,,,
custom,,product/vulsellum-forceps/?add_to_wishlist=11146&_wpnonce=e1e8375e9d,,all-products.html,301,6,,,
custom,,product/vulsellum-forceps/?add_to_wishlist=11146&_wpnonce=e1e8375e9d,,all-products.html,301,7,,,
custom,,product/vulsellum-forceps/?add_to_wishlist=11155&_wpnonce=e1e8375e9d,,all-products.html,301,1,,,
custom,,product/vulsellum-forceps/?add_to_wishlist=11155&_wpnonce=e1e8375e9d,,all-products.html,301,2,,,
custom,,product/vulsellum-forceps/?add_to_wishlist=11155&_wpnonce=e1e8375e9d,,all-products.html,301,3,,,
custom,,product/vulsellum-forceps/?add_to_wishlist=11155&_wpnonce=e1e8375e9d,,all-products.html,301,4,,,
custom,,product/vulsellum-forceps/?add_to_wishlist=11155&_wpnonce=e1e8375e9d,,all-products.html,301,5,,,
custom,,product/vulsellum-forceps/?add_to_wishlist=11155&_wpnonce=e1e8375e9d,,all-products.html,301,6,,,
custom,,product/vulsellum-forceps/?add_to_wishlist=11155&_wpnonce=e1e8375e9d,,all-products.html,301,7,,,
custom,,product/vulsellum-forceps/?add_to_wishlist=11164&_wpnonce=e1e8375e9d,,all-products.html,301,1,,,
custom,,product/vulsellum-forceps/?add_to_wishlist=11164&_wpnonce=e1e8375e9d,,all-products.html,301,2,,,
custom,,product/vulsellum-forceps/?add_to_wishlist=11164&_wpnonce=e1e8375e9d,,all-products.html,301,3,,,
custom,,product/vulsellum-forceps/?add_to_wishlist=11164&_wpnonce=e1e8375e9d,,all-products.html,301,4,,,
custom,,product/vulsellum-forceps/?add_to_wishlist=11164&_wpnonce=e1e8375e9d,,all-products.html,301,5,,,
custom,,product/vulsellum-forceps/?add_to_wishlist=11164&_wpnonce=e1e8375e9d,,all-products.html,301,6,,,
custom,,product/vulsellum-forceps/?add_to_wishlist=11164&_wpnonce=e1e8375e9d,,all-products.html,301,7,,,
custom,,product/vulsellum-forceps/?add-to-cart=11105,,all-products.html,301,1,,,
custom,,product/vulsellum-forceps/?add-to-cart=11105,,all-products.html,301,2,,,
custom,,product/vulsellum-forceps/?add-to-cart=11105,,all-products.html,301,3,,,
custom,,product/vulsellum-forceps/?add-to-cart=11105,,all-products.html,301,4,,,
custom,,product/vulsellum-forceps/?add-to-cart=11105,,all-products.html,301,5,,,
custom,,product/vulsellum-forceps/?add-to-cart=11105,,all-products.html,301,6,,,
custom,,product/vulsellum-forceps/?add-to-cart=11105,,all-products.html,301,7,,,
custom,,product/vulsellum-forceps/?add-to-cart=11150,,all-products.html,301,1,,,
custom,,product/vulsellum-forceps/?add-to-cart=11150,,all-products.html,301,2,,,
custom,,product/vulsellum-forceps/?add-to-cart=11150,,all-products.html,301,3,,,
custom,,product/vulsellum-forceps/?add-to-cart=11150,,all-products.html,301,4,,,
custom,,product/vulsellum-forceps/?add-to-cart=11150,,all-products.html,301,5,,,
custom,,product/vulsellum-forceps/?add-to-cart=11150,,all-products.html,301,6,,,
custom,,product/vulsellum-forceps/?add-to-cart=11150,,all-products.html,301,7,,,
custom,,product/vulsellum-forceps/?add-to-cart=11155,,all-products.html,301,1,,,
custom,,product/vulsellum-forceps/?add-to-cart=11155,,all-products.html,301,2,,,
custom,,product/vulsellum-forceps/?add-to-cart=11155,,all-products.html,301,3,,,
custom,,product/vulsellum-forceps/?add-to-cart=11155,,all-products.html,301,4,,,
custom,,product/vulsellum-forceps/?add-to-cart=11155,,all-products.html,301,5,,,
custom,,product/vulsellum-forceps/?add-to-cart=11155,,all-products.html,301,6,,,
custom,,product/vulsellum-forceps/?add-to-cart=11155,,all-products.html,301,7,,,
custom,,product/welch-allyn-3-5v-fibre-optic-led-otoscope-set-25282-cl-rechargeable/?add-to-cart=5431,,professional-diagnostic-equipment/product/otoscopes.html,301,1,,,
custom,,product/welch-allyn-3-5v-fibre-optic-led-otoscope-set-25282-cl-rechargeable/?add-to-cart=5431,,professional-diagnostic-equipment/product/otoscopes.html,301,2,,,
custom,,product/welch-allyn-3-5v-fibre-optic-led-otoscope-set-25282-cl-rechargeable/?add-to-cart=5431,,professional-diagnostic-equipment/product/otoscopes.html,301,3,,,
custom,,product/welch-allyn-3-5v-fibre-optic-led-otoscope-set-25282-cl-rechargeable/?add-to-cart=5431,,professional-diagnostic-equipment/product/otoscopes.html,301,4,,,
custom,,product/welch-allyn-3-5v-fibre-optic-led-otoscope-set-25282-cl-rechargeable/?add-to-cart=5431,,professional-diagnostic-equipment/product/otoscopes.html,301,5,,,
custom,,product/welch-allyn-3-5v-fibre-optic-led-otoscope-set-25282-cl-rechargeable/?add-to-cart=5431,,professional-diagnostic-equipment/product/otoscopes.html,301,6,,,
custom,,product/welch-allyn-3-5v-fibre-optic-led-otoscope-set-25282-cl-rechargeable/?add-to-cart=5431,,professional-diagnostic-equipment/product/otoscopes.html,301,7,,,
custom,,product/welch-allyn-3-5v-fibre-optic-led-otoscope-set-25282-cl-rechargeable/?add-to-cart=5441,,professional-diagnostic-equipment/product/otoscopes.html,301,1,,,
custom,,product/welch-allyn-3-5v-fibre-optic-led-otoscope-set-25282-cl-rechargeable/?add-to-cart=5441,,professional-diagnostic-equipment/product/otoscopes.html,301,2,,,
custom,,product/welch-allyn-3-5v-fibre-optic-led-otoscope-set-25282-cl-rechargeable/?add-to-cart=5441,,professional-diagnostic-equipment/product/otoscopes.html,301,3,,,
custom,,product/welch-allyn-3-5v-fibre-optic-led-otoscope-set-25282-cl-rechargeable/?add-to-cart=5441,,professional-diagnostic-equipment/product/otoscopes.html,301,4,,,
custom,,product/welch-allyn-3-5v-fibre-optic-led-otoscope-set-25282-cl-rechargeable/?add-to-cart=5441,,professional-diagnostic-equipment/product/otoscopes.html,301,5,,,
custom,,product/welch-allyn-3-5v-fibre-optic-led-otoscope-set-25282-cl-rechargeable/?add-to-cart=5441,,professional-diagnostic-equipment/product/otoscopes.html,301,6,,,
custom,,product/welch-allyn-3-5v-fibre-optic-led-otoscope-set-25282-cl-rechargeable/?add-to-cart=5441,,professional-diagnostic-equipment/product/otoscopes.html,301,7,,,
custom,,product/welch-allyn-3-5v-fibre-optic-led-otoscope-set-25282-cl-rechargeable/?add-to-cart=5521,,professional-diagnostic-equipment/product/otoscopes.html,301,1,,,
custom,,product/welch-allyn-3-5v-fibre-optic-led-otoscope-set-25282-cl-rechargeable/?add-to-cart=5521,,professional-diagnostic-equipment/product/otoscopes.html,301,2,,,
custom,,product/welch-allyn-3-5v-fibre-optic-led-otoscope-set-25282-cl-rechargeable/?add-to-cart=5521,,professional-diagnostic-equipment/product/otoscopes.html,301,3,,,
custom,,product/welch-allyn-3-5v-fibre-optic-led-otoscope-set-25282-cl-rechargeable/?add-to-cart=5521,,professional-diagnostic-equipment/product/otoscopes.html,301,4,,,
custom,,product/welch-allyn-3-5v-fibre-optic-led-otoscope-set-25282-cl-rechargeable/?add-to-cart=5521,,professional-diagnostic-equipment/product/otoscopes.html,301,5,,,
custom,,product/welch-allyn-3-5v-fibre-optic-led-otoscope-set-25282-cl-rechargeable/?add-to-cart=5521,,professional-diagnostic-equipment/product/otoscopes.html,301,6,,,
custom,,product/welch-allyn-3-5v-fibre-optic-led-otoscope-set-25282-cl-rechargeable/?add-to-cart=5521,,professional-diagnostic-equipment/product/otoscopes.html,301,7,,,
custom,,product/welch-allyn-3-5v-fibre-optic-led-otoscope-set-25282-cl-rechargeable/?add-to-cart=5541,,professional-diagnostic-equipment/product/otoscopes.html,301,1,,,
custom,,product/welch-allyn-3-5v-fibre-optic-led-otoscope-set-25282-cl-rechargeable/?add-to-cart=5541,,professional-diagnostic-equipment/product/otoscopes.html,301,2,,,
custom,,product/welch-allyn-3-5v-fibre-optic-led-otoscope-set-25282-cl-rechargeable/?add-to-cart=5541,,professional-diagnostic-equipment/product/otoscopes.html,301,3,,,
custom,,product/welch-allyn-3-5v-fibre-optic-led-otoscope-set-25282-cl-rechargeable/?add-to-cart=5541,,professional-diagnostic-equipment/product/otoscopes.html,301,4,,,
custom,,product/welch-allyn-3-5v-fibre-optic-led-otoscope-set-25282-cl-rechargeable/?add-to-cart=5541,,professional-diagnostic-equipment/product/otoscopes.html,301,5,,,
custom,,product/welch-allyn-3-5v-fibre-optic-led-otoscope-set-25282-cl-rechargeable/?add-to-cart=5541,,professional-diagnostic-equipment/product/otoscopes.html,301,6,,,
custom,,product/welch-allyn-3-5v-fibre-optic-led-otoscope-set-25282-cl-rechargeable/?add-to-cart=5541,,professional-diagnostic-equipment/product/otoscopes.html,301,7,,,
custom,,product/welch-allyn-3-5v-fibre-optic-led-otoscope-set-25282-cl-rechargeable/?add-to-cart=5542,,professional-diagnostic-equipment/product/otoscopes.html,301,1,,,
custom,,product/welch-allyn-3-5v-fibre-optic-led-otoscope-set-25282-cl-rechargeable/?add-to-cart=5542,,professional-diagnostic-equipment/product/otoscopes.html,301,2,,,
custom,,product/welch-allyn-3-5v-fibre-optic-led-otoscope-set-25282-cl-rechargeable/?add-to-cart=5542,,professional-diagnostic-equipment/product/otoscopes.html,301,3,,,
custom,,product/welch-allyn-3-5v-fibre-optic-led-otoscope-set-25282-cl-rechargeable/?add-to-cart=5542,,professional-diagnostic-equipment/product/otoscopes.html,301,4,,,
custom,,product/welch-allyn-3-5v-fibre-optic-led-otoscope-set-25282-cl-rechargeable/?add-to-cart=5542,,professional-diagnostic-equipment/product/otoscopes.html,301,5,,,
custom,,product/welch-allyn-3-5v-fibre-optic-led-otoscope-set-25282-cl-rechargeable/?add-to-cart=5542,,professional-diagnostic-equipment/product/otoscopes.html,301,6,,,
custom,,product/welch-allyn-3-5v-fibre-optic-led-otoscope-set-25282-cl-rechargeable/?add-to-cart=5542,,professional-diagnostic-equipment/product/otoscopes.html,301,7,,,
custom,,product/welch-allyn-92880-pur-pocketplus-led-diagnostic-set-otoscopeophthalmoscope-with-hard-case-by-otica-purple/?add_to_wishlist=5519&_wpnonce=ef95b38fda,,professional-diagnostic-equipment/product/otoscopes.html,301,1,,,
custom,,product/welch-allyn-92880-pur-pocketplus-led-diagnostic-set-otoscopeophthalmoscope-with-hard-case-by-otica-purple/?add_to_wishlist=5519&_wpnonce=ef95b38fda,,professional-diagnostic-equipment/product/otoscopes.html,301,2,,,
custom,,product/welch-allyn-92880-pur-pocketplus-led-diagnostic-set-otoscopeophthalmoscope-with-hard-case-by-otica-purple/?add_to_wishlist=5519&_wpnonce=ef95b38fda,,professional-diagnostic-equipment/product/otoscopes.html,301,3,,,
custom,,product/welch-allyn-92880-pur-pocketplus-led-diagnostic-set-otoscopeophthalmoscope-with-hard-case-by-otica-purple/?add_to_wishlist=5519&_wpnonce=ef95b38fda,,professional-diagnostic-equipment/product/otoscopes.html,301,4,,,
custom,,product/welch-allyn-92880-pur-pocketplus-led-diagnostic-set-otoscopeophthalmoscope-with-hard-case-by-otica-purple/?add_to_wishlist=5519&_wpnonce=ef95b38fda,,professional-diagnostic-equipment/product/otoscopes.html,301,5,,,
custom,,product/welch-allyn-92880-pur-pocketplus-led-diagnostic-set-otoscopeophthalmoscope-with-hard-case-by-otica-purple/?add_to_wishlist=5519&_wpnonce=ef95b38fda,,professional-diagnostic-equipment/product/otoscopes.html,301,6,,,
custom,,product/welch-allyn-92880-pur-pocketplus-led-diagnostic-set-otoscopeophthalmoscope-with-hard-case-by-otica-purple/?add_to_wishlist=5519&_wpnonce=ef95b38fda,,professional-diagnostic-equipment/product/otoscopes.html,301,7,,,
custom,,product/welch-allyn-92880-pur-pocketplus-led-diagnostic-set-otoscopeophthalmoscope-with-hard-case-by-otica-purple/?add_to_wishlist=5521&_wpnonce=ef95b38fda,,professional-diagnostic-equipment/product/otoscopes.html,301,1,,,
custom,,product/welch-allyn-92880-pur-pocketplus-led-diagnostic-set-otoscopeophthalmoscope-with-hard-case-by-otica-purple/?add_to_wishlist=5521&_wpnonce=ef95b38fda,,professional-diagnostic-equipment/product/otoscopes.html,301,2,,,
custom,,product/welch-allyn-92880-pur-pocketplus-led-diagnostic-set-otoscopeophthalmoscope-with-hard-case-by-otica-purple/?add_to_wishlist=5521&_wpnonce=ef95b38fda,,professional-diagnostic-equipment/product/otoscopes.html,301,3,,,
custom,,product/welch-allyn-92880-pur-pocketplus-led-diagnostic-set-otoscopeophthalmoscope-with-hard-case-by-otica-purple/?add_to_wishlist=5521&_wpnonce=ef95b38fda,,professional-diagnostic-equipment/product/otoscopes.html,301,4,,,
custom,,product/welch-allyn-92880-pur-pocketplus-led-diagnostic-set-otoscopeophthalmoscope-with-hard-case-by-otica-purple/?add_to_wishlist=5521&_wpnonce=ef95b38fda,,professional-diagnostic-equipment/product/otoscopes.html,301,5,,,
custom,,product/welch-allyn-92880-pur-pocketplus-led-diagnostic-set-otoscopeophthalmoscope-with-hard-case-by-otica-purple/?add_to_wishlist=5521&_wpnonce=ef95b38fda,,professional-diagnostic-equipment/product/otoscopes.html,301,6,,,
custom,,product/welch-allyn-92880-pur-pocketplus-led-diagnostic-set-otoscopeophthalmoscope-with-hard-case-by-otica-purple/?add_to_wishlist=5521&_wpnonce=ef95b38fda,,professional-diagnostic-equipment/product/otoscopes.html,301,7,,,
custom,,product/welch-allyn-92880-pur-pocketplus-led-diagnostic-set-otoscopeophthalmoscope-with-hard-case-by-otica-purple/?add_to_wishlist=5533&_wpnonce=ef95b38fda,,professional-diagnostic-equipment/product/otoscopes.html,301,1,,,
custom,,product/welch-allyn-92880-pur-pocketplus-led-diagnostic-set-otoscopeophthalmoscope-with-hard-case-by-otica-purple/?add_to_wishlist=5533&_wpnonce=ef95b38fda,,professional-diagnostic-equipment/product/otoscopes.html,301,2,,,
custom,,product/welch-allyn-92880-pur-pocketplus-led-diagnostic-set-otoscopeophthalmoscope-with-hard-case-by-otica-purple/?add_to_wishlist=5533&_wpnonce=ef95b38fda,,professional-diagnostic-equipment/product/otoscopes.html,301,3,,,
custom,,product/welch-allyn-92880-pur-pocketplus-led-diagnostic-set-otoscopeophthalmoscope-with-hard-case-by-otica-purple/?add_to_wishlist=5533&_wpnonce=ef95b38fda,,professional-diagnostic-equipment/product/otoscopes.html,301,4,,,
custom,,product/welch-allyn-92880-pur-pocketplus-led-diagnostic-set-otoscopeophthalmoscope-with-hard-case-by-otica-purple/?add_to_wishlist=5533&_wpnonce=ef95b38fda,,professional-diagnostic-equipment/product/otoscopes.html,301,5,,,
custom,,product/welch-allyn-92880-pur-pocketplus-led-diagnostic-set-otoscopeophthalmoscope-with-hard-case-by-otica-purple/?add_to_wishlist=5533&_wpnonce=ef95b38fda,,professional-diagnostic-equipment/product/otoscopes.html,301,6,,,
custom,,product/welch-allyn-92880-pur-pocketplus-led-diagnostic-set-otoscopeophthalmoscope-with-hard-case-by-otica-purple/?add_to_wishlist=5533&_wpnonce=ef95b38fda,,professional-diagnostic-equipment/product/otoscopes.html,301,7,,,
custom,,product/welch-allyn-92880-pur-pocketplus-led-diagnostic-set-otoscopeophthalmoscope-with-hard-case-by-otica-purple/?add_to_wishlist=5550&_wpnonce=ef95b38fda,,professional-diagnostic-equipment/product/otoscopes.html,301,1,,,
custom,,product/welch-allyn-92880-pur-pocketplus-led-diagnostic-set-otoscopeophthalmoscope-with-hard-case-by-otica-purple/?add_to_wishlist=5550&_wpnonce=ef95b38fda,,professional-diagnostic-equipment/product/otoscopes.html,301,2,,,
custom,,product/welch-allyn-92880-pur-pocketplus-led-diagnostic-set-otoscopeophthalmoscope-with-hard-case-by-otica-purple/?add_to_wishlist=5550&_wpnonce=ef95b38fda,,professional-diagnostic-equipment/product/otoscopes.html,301,3,,,
custom,,product/welch-allyn-92880-pur-pocketplus-led-diagnostic-set-otoscopeophthalmoscope-with-hard-case-by-otica-purple/?add_to_wishlist=5550&_wpnonce=ef95b38fda,,professional-diagnostic-equipment/product/otoscopes.html,301,4,,,
custom,,product/welch-allyn-92880-pur-pocketplus-led-diagnostic-set-otoscopeophthalmoscope-with-hard-case-by-otica-purple/?add_to_wishlist=5550&_wpnonce=ef95b38fda,,professional-diagnostic-equipment/product/otoscopes.html,301,5,,,
custom,,product/welch-allyn-92880-pur-pocketplus-led-diagnostic-set-otoscopeophthalmoscope-with-hard-case-by-otica-purple/?add_to_wishlist=5550&_wpnonce=ef95b38fda,,professional-diagnostic-equipment/product/otoscopes.html,301,6,,,
custom,,product/welch-allyn-92880-pur-pocketplus-led-diagnostic-set-otoscopeophthalmoscope-with-hard-case-by-otica-purple/?add_to_wishlist=5550&_wpnonce=ef95b38fda,,professional-diagnostic-equipment/product/otoscopes.html,301,7,,,
custom,,product/welch-allyn-92880-pur-pocketplus-led-diagnostic-set-otoscopeophthalmoscope-with-hard-case-by-otica-purple/?add_to_wishlist=5926&_wpnonce=ef95b38fda,,professional-diagnostic-equipment/product/otoscopes.html,301,1,,,
custom,,product/welch-allyn-92880-pur-pocketplus-led-diagnostic-set-otoscopeophthalmoscope-with-hard-case-by-otica-purple/?add_to_wishlist=5926&_wpnonce=ef95b38fda,,professional-diagnostic-equipment/product/otoscopes.html,301,2,,,
custom,,product/welch-allyn-92880-pur-pocketplus-led-diagnostic-set-otoscopeophthalmoscope-with-hard-case-by-otica-purple/?add_to_wishlist=5926&_wpnonce=ef95b38fda,,professional-diagnostic-equipment/product/otoscopes.html,301,3,,,
custom,,product/welch-allyn-92880-pur-pocketplus-led-diagnostic-set-otoscopeophthalmoscope-with-hard-case-by-otica-purple/?add_to_wishlist=5926&_wpnonce=ef95b38fda,,professional-diagnostic-equipment/product/otoscopes.html,301,4,,,
custom,,product/welch-allyn-92880-pur-pocketplus-led-diagnostic-set-otoscopeophthalmoscope-with-hard-case-by-otica-purple/?add_to_wishlist=5926&_wpnonce=ef95b38fda,,professional-diagnostic-equipment/product/otoscopes.html,301,5,,,
custom,,product/welch-allyn-92880-pur-pocketplus-led-diagnostic-set-otoscopeophthalmoscope-with-hard-case-by-otica-purple/?add_to_wishlist=5926&_wpnonce=ef95b38fda,,professional-diagnostic-equipment/product/otoscopes.html,301,6,,,
custom,,product/welch-allyn-92880-pur-pocketplus-led-diagnostic-set-otoscopeophthalmoscope-with-hard-case-by-otica-purple/?add_to_wishlist=5926&_wpnonce=ef95b38fda,,professional-diagnostic-equipment/product/otoscopes.html,301,7,,,
custom,,product/welch-allyn-92880-pur-pocketplus-led-diagnostic-set-otoscopeophthalmoscope-with-hard-case-by-otica-purple/?add-to-cart=5431,,professional-diagnostic-equipment/product/otoscopes.html,301,1,,,
custom,,product/welch-allyn-92880-pur-pocketplus-led-diagnostic-set-otoscopeophthalmoscope-with-hard-case-by-otica-purple/?add-to-cart=5431,,professional-diagnostic-equipment/product/otoscopes.html,301,2,,,
custom,,product/welch-allyn-92880-pur-pocketplus-led-diagnostic-set-otoscopeophthalmoscope-with-hard-case-by-otica-purple/?add-to-cart=5431,,professional-diagnostic-equipment/product/otoscopes.html,301,3,,,
custom,,product/welch-allyn-92880-pur-pocketplus-led-diagnostic-set-otoscopeophthalmoscope-with-hard-case-by-otica-purple/?add-to-cart=5431,,professional-diagnostic-equipment/product/otoscopes.html,301,4,,,
custom,,product/welch-allyn-92880-pur-pocketplus-led-diagnostic-set-otoscopeophthalmoscope-with-hard-case-by-otica-purple/?add-to-cart=5431,,professional-diagnostic-equipment/product/otoscopes.html,301,5,,,
custom,,product/welch-allyn-92880-pur-pocketplus-led-diagnostic-set-otoscopeophthalmoscope-with-hard-case-by-otica-purple/?add-to-cart=5431,,professional-diagnostic-equipment/product/otoscopes.html,301,6,,,
custom,,product/welch-allyn-92880-pur-pocketplus-led-diagnostic-set-otoscopeophthalmoscope-with-hard-case-by-otica-purple/?add-to-cart=5431,,professional-diagnostic-equipment/product/otoscopes.html,301,7,,,
custom,,product/welch-allyn-92880-pur-pocketplus-led-diagnostic-set-otoscopeophthalmoscope-with-hard-case-by-otica-purple/?add-to-cart=5433,,professional-diagnostic-equipment/product/otoscopes.html,301,1,,,
custom,,product/welch-allyn-92880-pur-pocketplus-led-diagnostic-set-otoscopeophthalmoscope-with-hard-case-by-otica-purple/?add-to-cart=5433,,professional-diagnostic-equipment/product/otoscopes.html,301,2,,,
custom,,product/welch-allyn-92880-pur-pocketplus-led-diagnostic-set-otoscopeophthalmoscope-with-hard-case-by-otica-purple/?add-to-cart=5433,,professional-diagnostic-equipment/product/otoscopes.html,301,3,,,
custom,,product/welch-allyn-92880-pur-pocketplus-led-diagnostic-set-otoscopeophthalmoscope-with-hard-case-by-otica-purple/?add-to-cart=5433,,professional-diagnostic-equipment/product/otoscopes.html,301,4,,,
custom,,product/welch-allyn-92880-pur-pocketplus-led-diagnostic-set-otoscopeophthalmoscope-with-hard-case-by-otica-purple/?add-to-cart=5433,,professional-diagnostic-equipment/product/otoscopes.html,301,5,,,
custom,,product/welch-allyn-92880-pur-pocketplus-led-diagnostic-set-otoscopeophthalmoscope-with-hard-case-by-otica-purple/?add-to-cart=5433,,professional-diagnostic-equipment/product/otoscopes.html,301,6,,,
custom,,product/welch-allyn-92880-pur-pocketplus-led-diagnostic-set-otoscopeophthalmoscope-with-hard-case-by-otica-purple/?add-to-cart=5433,,professional-diagnostic-equipment/product/otoscopes.html,301,7,,,
custom,,product/welch-allyn-92880-pur-pocketplus-led-diagnostic-set-otoscopeophthalmoscope-with-hard-case-by-otica-purple/?add-to-cart=5521,,professional-diagnostic-equipment/product/otoscopes.html,301,1,,,
custom,,product/welch-allyn-92880-pur-pocketplus-led-diagnostic-set-otoscopeophthalmoscope-with-hard-case-by-otica-purple/?add-to-cart=5521,,professional-diagnostic-equipment/product/otoscopes.html,301,2,,,
custom,,product/welch-allyn-92880-pur-pocketplus-led-diagnostic-set-otoscopeophthalmoscope-with-hard-case-by-otica-purple/?add-to-cart=5521,,professional-diagnostic-equipment/product/otoscopes.html,301,3,,,
custom,,product/welch-allyn-92880-pur-pocketplus-led-diagnostic-set-otoscopeophthalmoscope-with-hard-case-by-otica-purple/?add-to-cart=5521,,professional-diagnostic-equipment/product/otoscopes.html,301,4,,,
custom,,product/welch-allyn-92880-pur-pocketplus-led-diagnostic-set-otoscopeophthalmoscope-with-hard-case-by-otica-purple/?add-to-cart=5521,,professional-diagnostic-equipment/product/otoscopes.html,301,5,,,
custom,,product/welch-allyn-92880-pur-pocketplus-led-diagnostic-set-otoscopeophthalmoscope-with-hard-case-by-otica-purple/?add-to-cart=5521,,professional-diagnostic-equipment/product/otoscopes.html,301,6,,,
custom,,product/welch-allyn-92880-pur-pocketplus-led-diagnostic-set-otoscopeophthalmoscope-with-hard-case-by-otica-purple/?add-to-cart=5521,,professional-diagnostic-equipment/product/otoscopes.html,301,7,,,
custom,,product/welch-allyn-92880-pur-pocketplus-led-diagnostic-set-otoscopeophthalmoscope-with-hard-case-by-otica-purple/?add-to-cart=5533,,professional-diagnostic-equipment/product/otoscopes.html,301,1,,,
custom,,product/welch-allyn-92880-pur-pocketplus-led-diagnostic-set-otoscopeophthalmoscope-with-hard-case-by-otica-purple/?add-to-cart=5533,,professional-diagnostic-equipment/product/otoscopes.html,301,2,,,
custom,,product/welch-allyn-92880-pur-pocketplus-led-diagnostic-set-otoscopeophthalmoscope-with-hard-case-by-otica-purple/?add-to-cart=5533,,professional-diagnostic-equipment/product/otoscopes.html,301,3,,,
custom,,product/welch-allyn-92880-pur-pocketplus-led-diagnostic-set-otoscopeophthalmoscope-with-hard-case-by-otica-purple/?add-to-cart=5533,,professional-diagnostic-equipment/product/otoscopes.html,301,4,,,
custom,,product/welch-allyn-92880-pur-pocketplus-led-diagnostic-set-otoscopeophthalmoscope-with-hard-case-by-otica-purple/?add-to-cart=5533,,professional-diagnostic-equipment/product/otoscopes.html,301,5,,,
custom,,product/welch-allyn-92880-pur-pocketplus-led-diagnostic-set-otoscopeophthalmoscope-with-hard-case-by-otica-purple/?add-to-cart=5533,,professional-diagnostic-equipment/product/otoscopes.html,301,6,,,
custom,,product/welch-allyn-92880-pur-pocketplus-led-diagnostic-set-otoscopeophthalmoscope-with-hard-case-by-otica-purple/?add-to-cart=5533,,professional-diagnostic-equipment/product/otoscopes.html,301,7,,,
custom,,product/welch-allyn-92880-pur-pocketplus-led-diagnostic-set-otoscopeophthalmoscope-with-hard-case-by-otica-purple/?add-to-cart=5541,,professional-diagnostic-equipment/product/otoscopes.html,301,1,,,
custom,,product/welch-allyn-92880-pur-pocketplus-led-diagnostic-set-otoscopeophthalmoscope-with-hard-case-by-otica-purple/?add-to-cart=5541,,professional-diagnostic-equipment/product/otoscopes.html,301,2,,,
custom,,product/welch-allyn-92880-pur-pocketplus-led-diagnostic-set-otoscopeophthalmoscope-with-hard-case-by-otica-purple/?add-to-cart=5541,,professional-diagnostic-equipment/product/otoscopes.html,301,3,,,
custom,,product/welch-allyn-92880-pur-pocketplus-led-diagnostic-set-otoscopeophthalmoscope-with-hard-case-by-otica-purple/?add-to-cart=5541,,professional-diagnostic-equipment/product/otoscopes.html,301,4,,,
custom,,product/welch-allyn-92880-pur-pocketplus-led-diagnostic-set-otoscopeophthalmoscope-with-hard-case-by-otica-purple/?add-to-cart=5541,,professional-diagnostic-equipment/product/otoscopes.html,301,5,,,
custom,,product/welch-allyn-92880-pur-pocketplus-led-diagnostic-set-otoscopeophthalmoscope-with-hard-case-by-otica-purple/?add-to-cart=5541,,professional-diagnostic-equipment/product/otoscopes.html,301,6,,,
custom,,product/welch-allyn-92880-pur-pocketplus-led-diagnostic-set-otoscopeophthalmoscope-with-hard-case-by-otica-purple/?add-to-cart=5541,,professional-diagnostic-equipment/product/otoscopes.html,301,7,,,
custom,,product/welch-allyn-bulb-for-diagnostic-otoscope-2-5v-eapart-no-03400-u/?add_to_wishlist=5500&_wpnonce=e1e8375e9d,,professional-diagnostic-equipment/product/otoscopes.html,301,1,,,
custom,,product/welch-allyn-bulb-for-diagnostic-otoscope-2-5v-eapart-no-03400-u/?add_to_wishlist=5500&_wpnonce=e1e8375e9d,,professional-diagnostic-equipment/product/otoscopes.html,301,2,,,
custom,,product/welch-allyn-bulb-for-diagnostic-otoscope-2-5v-eapart-no-03400-u/?add_to_wishlist=5500&_wpnonce=e1e8375e9d,,professional-diagnostic-equipment/product/otoscopes.html,301,3,,,
custom,,product/welch-allyn-bulb-for-diagnostic-otoscope-2-5v-eapart-no-03400-u/?add_to_wishlist=5500&_wpnonce=e1e8375e9d,,professional-diagnostic-equipment/product/otoscopes.html,301,4,,,
custom,,product/welch-allyn-bulb-for-diagnostic-otoscope-2-5v-eapart-no-03400-u/?add_to_wishlist=5500&_wpnonce=e1e8375e9d,,professional-diagnostic-equipment/product/otoscopes.html,301,5,,,
custom,,product/welch-allyn-bulb-for-diagnostic-otoscope-2-5v-eapart-no-03400-u/?add_to_wishlist=5500&_wpnonce=e1e8375e9d,,professional-diagnostic-equipment/product/otoscopes.html,301,6,,,
custom,,product/welch-allyn-bulb-for-diagnostic-otoscope-2-5v-eapart-no-03400-u/?add_to_wishlist=5500&_wpnonce=e1e8375e9d,,professional-diagnostic-equipment/product/otoscopes.html,301,7,,,
custom,,product/welch-allyn-bulb-for-diagnostic-otoscope-2-5v-eapart-no-03400-u/?add_to_wishlist=6328&_wpnonce=e1e8375e9d,,professional-diagnostic-equipment/product/otoscopes.html,301,1,,,
custom,,product/welch-allyn-bulb-for-diagnostic-otoscope-2-5v-eapart-no-03400-u/?add_to_wishlist=6328&_wpnonce=e1e8375e9d,,professional-diagnostic-equipment/product/otoscopes.html,301,2,,,
custom,,product/welch-allyn-bulb-for-diagnostic-otoscope-2-5v-eapart-no-03400-u/?add_to_wishlist=6328&_wpnonce=e1e8375e9d,,professional-diagnostic-equipment/product/otoscopes.html,301,3,,,
custom,,product/welch-allyn-bulb-for-diagnostic-otoscope-2-5v-eapart-no-03400-u/?add_to_wishlist=6328&_wpnonce=e1e8375e9d,,professional-diagnostic-equipment/product/otoscopes.html,301,4,,,
custom,,product/welch-allyn-bulb-for-diagnostic-otoscope-2-5v-eapart-no-03400-u/?add_to_wishlist=6328&_wpnonce=e1e8375e9d,,professional-diagnostic-equipment/product/otoscopes.html,301,5,,,
custom,,product/welch-allyn-bulb-for-diagnostic-otoscope-2-5v-eapart-no-03400-u/?add_to_wishlist=6328&_wpnonce=e1e8375e9d,,professional-diagnostic-equipment/product/otoscopes.html,301,6,,,
custom,,product/welch-allyn-bulb-for-diagnostic-otoscope-2-5v-eapart-no-03400-u/?add_to_wishlist=6328&_wpnonce=e1e8375e9d,,professional-diagnostic-equipment/product/otoscopes.html,301,7,,,
custom,,product/welch-allyn-bulb-for-diagnostic-otoscope-2-5v-eapart-no-03400-u/?add-to-cart=5441,,professional-diagnostic-equipment/product/otoscopes.html,301,1,,,
custom,,product/welch-allyn-bulb-for-diagnostic-otoscope-2-5v-eapart-no-03400-u/?add-to-cart=5441,,professional-diagnostic-equipment/product/otoscopes.html,301,2,,,
custom,,product/welch-allyn-bulb-for-diagnostic-otoscope-2-5v-eapart-no-03400-u/?add-to-cart=5441,,professional-diagnostic-equipment/product/otoscopes.html,301,3,,,
custom,,product/welch-allyn-bulb-for-diagnostic-otoscope-2-5v-eapart-no-03400-u/?add-to-cart=5441,,professional-diagnostic-equipment/product/otoscopes.html,301,4,,,
custom,,product/welch-allyn-bulb-for-diagnostic-otoscope-2-5v-eapart-no-03400-u/?add-to-cart=5441,,professional-diagnostic-equipment/product/otoscopes.html,301,5,,,
custom,,product/welch-allyn-bulb-for-diagnostic-otoscope-2-5v-eapart-no-03400-u/?add-to-cart=5441,,professional-diagnostic-equipment/product/otoscopes.html,301,6,,,
custom,,product/welch-allyn-bulb-for-diagnostic-otoscope-2-5v-eapart-no-03400-u/?add-to-cart=5441,,professional-diagnostic-equipment/product/otoscopes.html,301,7,,,
custom,,product/welch-allyn-bulb-for-diagnostic-otoscope-2-5v-eapart-no-03400-u/?add-to-cart=5544,,professional-diagnostic-equipment/product/otoscopes.html,301,1,,,
custom,,product/welch-allyn-bulb-for-diagnostic-otoscope-2-5v-eapart-no-03400-u/?add-to-cart=5544,,professional-diagnostic-equipment/product/otoscopes.html,301,2,,,
custom,,product/welch-allyn-bulb-for-diagnostic-otoscope-2-5v-eapart-no-03400-u/?add-to-cart=5544,,professional-diagnostic-equipment/product/otoscopes.html,301,3,,,
custom,,product/welch-allyn-bulb-for-diagnostic-otoscope-2-5v-eapart-no-03400-u/?add-to-cart=5544,,professional-diagnostic-equipment/product/otoscopes.html,301,4,,,
custom,,product/welch-allyn-bulb-for-diagnostic-otoscope-2-5v-eapart-no-03400-u/?add-to-cart=5544,,professional-diagnostic-equipment/product/otoscopes.html,301,5,,,
custom,,product/welch-allyn-bulb-for-diagnostic-otoscope-2-5v-eapart-no-03400-u/?add-to-cart=5544,,professional-diagnostic-equipment/product/otoscopes.html,301,6,,,
custom,,product/welch-allyn-bulb-for-diagnostic-otoscope-2-5v-eapart-no-03400-u/?add-to-cart=5544,,professional-diagnostic-equipment/product/otoscopes.html,301,7,,,
custom,,product/welch-allyn-bulb-for-diagnostic-otoscope-2-5v-eapart-no-03400-u/?add-to-cart=5550,,professional-diagnostic-equipment/product/otoscopes.html,301,1,,,
custom,,product/welch-allyn-bulb-for-diagnostic-otoscope-2-5v-eapart-no-03400-u/?add-to-cart=5550,,professional-diagnostic-equipment/product/otoscopes.html,301,2,,,
custom,,product/welch-allyn-bulb-for-diagnostic-otoscope-2-5v-eapart-no-03400-u/?add-to-cart=5550,,professional-diagnostic-equipment/product/otoscopes.html,301,3,,,
custom,,product/welch-allyn-bulb-for-diagnostic-otoscope-2-5v-eapart-no-03400-u/?add-to-cart=5550,,professional-diagnostic-equipment/product/otoscopes.html,301,4,,,
custom,,product/welch-allyn-bulb-for-diagnostic-otoscope-2-5v-eapart-no-03400-u/?add-to-cart=5550,,professional-diagnostic-equipment/product/otoscopes.html,301,5,,,
custom,,product/welch-allyn-bulb-for-diagnostic-otoscope-2-5v-eapart-no-03400-u/?add-to-cart=5550,,professional-diagnostic-equipment/product/otoscopes.html,301,6,,,
custom,,product/welch-allyn-bulb-for-diagnostic-otoscope-2-5v-eapart-no-03400-u/?add-to-cart=5550,,professional-diagnostic-equipment/product/otoscopes.html,301,7,,,
custom,,product/welch-allyn-coaxial-ophthalmoscope-head-only-11720-l/?add_to_wishlist=5500&_wpnonce=c997d212ae,,professional-diagnostic-equipment/product/ophthalmoscope.html,301,1,,,
custom,,product/welch-allyn-coaxial-ophthalmoscope-head-only-11720-l/?add_to_wishlist=5500&_wpnonce=c997d212ae,,professional-diagnostic-equipment/product/ophthalmoscope.html,301,2,,,
custom,,product/welch-allyn-coaxial-ophthalmoscope-head-only-11720-l/?add_to_wishlist=5500&_wpnonce=c997d212ae,,professional-diagnostic-equipment/product/ophthalmoscope.html,301,3,,,
custom,,product/welch-allyn-coaxial-ophthalmoscope-head-only-11720-l/?add_to_wishlist=5500&_wpnonce=c997d212ae,,professional-diagnostic-equipment/product/ophthalmoscope.html,301,4,,,
custom,,product/welch-allyn-coaxial-ophthalmoscope-head-only-11720-l/?add_to_wishlist=5500&_wpnonce=c997d212ae,,professional-diagnostic-equipment/product/ophthalmoscope.html,301,5,,,
custom,,product/welch-allyn-coaxial-ophthalmoscope-head-only-11720-l/?add_to_wishlist=5500&_wpnonce=c997d212ae,,professional-diagnostic-equipment/product/ophthalmoscope.html,301,6,,,
custom,,product/welch-allyn-coaxial-ophthalmoscope-head-only-11720-l/?add_to_wishlist=5500&_wpnonce=c997d212ae,,professional-diagnostic-equipment/product/ophthalmoscope.html,301,7,,,
custom,,product/welch-allyn-coaxial-ophthalmoscope-head-only-11720-l/?add-to-cart=5433,,professional-diagnostic-equipment/product/ophthalmoscope.html,301,1,,,
custom,,product/welch-allyn-coaxial-ophthalmoscope-head-only-11720-l/?add-to-cart=5433,,professional-diagnostic-equipment/product/ophthalmoscope.html,301,2,,,
custom,,product/welch-allyn-coaxial-ophthalmoscope-head-only-11720-l/?add-to-cart=5433,,professional-diagnostic-equipment/product/ophthalmoscope.html,301,3,,,
custom,,product/welch-allyn-coaxial-ophthalmoscope-head-only-11720-l/?add-to-cart=5433,,professional-diagnostic-equipment/product/ophthalmoscope.html,301,4,,,
custom,,product/welch-allyn-coaxial-ophthalmoscope-head-only-11720-l/?add-to-cart=5433,,professional-diagnostic-equipment/product/ophthalmoscope.html,301,5,,,
custom,,product/welch-allyn-coaxial-ophthalmoscope-head-only-11720-l/?add-to-cart=5433,,professional-diagnostic-equipment/product/ophthalmoscope.html,301,6,,,
custom,,product/welch-allyn-coaxial-ophthalmoscope-head-only-11720-l/?add-to-cart=5433,,professional-diagnostic-equipment/product/ophthalmoscope.html,301,7,,,
custom,,product/welch-allyn-coaxial-ophthalmoscope-head-only-11720-l/?add-to-cart=5521,,professional-diagnostic-equipment/product/ophthalmoscope.html,301,1,,,
custom,,product/welch-allyn-coaxial-ophthalmoscope-head-only-11720-l/?add-to-cart=5521,,professional-diagnostic-equipment/product/ophthalmoscope.html,301,2,,,
custom,,product/welch-allyn-coaxial-ophthalmoscope-head-only-11720-l/?add-to-cart=5521,,professional-diagnostic-equipment/product/ophthalmoscope.html,301,3,,,
custom,,product/welch-allyn-coaxial-ophthalmoscope-head-only-11720-l/?add-to-cart=5521,,professional-diagnostic-equipment/product/ophthalmoscope.html,301,4,,,
custom,,product/welch-allyn-coaxial-ophthalmoscope-head-only-11720-l/?add-to-cart=5521,,professional-diagnostic-equipment/product/ophthalmoscope.html,301,5,,,
custom,,product/welch-allyn-coaxial-ophthalmoscope-head-only-11720-l/?add-to-cart=5521,,professional-diagnostic-equipment/product/ophthalmoscope.html,301,6,,,
custom,,product/welch-allyn-coaxial-ophthalmoscope-head-only-11720-l/?add-to-cart=5521,,professional-diagnostic-equipment/product/ophthalmoscope.html,301,7,,,
custom,,product/welch-allyn-coaxial-ophthalmoscope-head-only-11720-l/?add-to-cart=5537,,professional-diagnostic-equipment/product/ophthalmoscope.html,301,1,,,
custom,,product/welch-allyn-coaxial-ophthalmoscope-head-only-11720-l/?add-to-cart=5537,,professional-diagnostic-equipment/product/ophthalmoscope.html,301,2,,,
custom,,product/welch-allyn-coaxial-ophthalmoscope-head-only-11720-l/?add-to-cart=5537,,professional-diagnostic-equipment/product/ophthalmoscope.html,301,3,,,
custom,,product/welch-allyn-coaxial-ophthalmoscope-head-only-11720-l/?add-to-cart=5537,,professional-diagnostic-equipment/product/ophthalmoscope.html,301,4,,,
custom,,product/welch-allyn-coaxial-ophthalmoscope-head-only-11720-l/?add-to-cart=5537,,professional-diagnostic-equipment/product/ophthalmoscope.html,301,5,,,
custom,,product/welch-allyn-coaxial-ophthalmoscope-head-only-11720-l/?add-to-cart=5537,,professional-diagnostic-equipment/product/ophthalmoscope.html,301,6,,,
custom,,product/welch-allyn-coaxial-ophthalmoscope-head-only-11720-l/?add-to-cart=5537,,professional-diagnostic-equipment/product/ophthalmoscope.html,301,7,,,
custom,,product/welch-allyn-flexiport-reusable-blood-pressure-cuffs/?add_to_wishlist=6445,,home-healthcare-devices/elderly-care/bp-monitor-cuff.html,301,1,,,
custom,,product/welch-allyn-flexiport-reusable-blood-pressure-cuffs/?add_to_wishlist=6445,,home-healthcare-devices/elderly-care/bp-monitor-cuff.html,301,2,,,
custom,,product/welch-allyn-flexiport-reusable-blood-pressure-cuffs/?add_to_wishlist=6445,,home-healthcare-devices/elderly-care/bp-monitor-cuff.html,301,3,,,
custom,,product/welch-allyn-flexiport-reusable-blood-pressure-cuffs/?add_to_wishlist=6445,,home-healthcare-devices/elderly-care/bp-monitor-cuff.html,301,4,,,
custom,,product/welch-allyn-flexiport-reusable-blood-pressure-cuffs/?add_to_wishlist=6445,,home-healthcare-devices/elderly-care/bp-monitor-cuff.html,301,5,,,
custom,,product/welch-allyn-flexiport-reusable-blood-pressure-cuffs/?add_to_wishlist=6445,,home-healthcare-devices/elderly-care/bp-monitor-cuff.html,301,6,,,
custom,,product/welch-allyn-flexiport-reusable-blood-pressure-cuffs/?add_to_wishlist=6445,,home-healthcare-devices/elderly-care/bp-monitor-cuff.html,301,7,,,
custom,,product/welch-allyn-flexiport-reusable-blood-pressure-cuffs/?add_to_wishlist=6450,,home-healthcare-devices/elderly-care/bp-monitor-cuff.html,301,1,,,
custom,,product/welch-allyn-flexiport-reusable-blood-pressure-cuffs/?add_to_wishlist=6450,,home-healthcare-devices/elderly-care/bp-monitor-cuff.html,301,2,,,
custom,,product/welch-allyn-flexiport-reusable-blood-pressure-cuffs/?add_to_wishlist=6450,,home-healthcare-devices/elderly-care/bp-monitor-cuff.html,301,3,,,
custom,,product/welch-allyn-flexiport-reusable-blood-pressure-cuffs/?add_to_wishlist=6450,,home-healthcare-devices/elderly-care/bp-monitor-cuff.html,301,4,,,
custom,,product/welch-allyn-flexiport-reusable-blood-pressure-cuffs/?add_to_wishlist=6450,,home-healthcare-devices/elderly-care/bp-monitor-cuff.html,301,5,,,
custom,,product/welch-allyn-flexiport-reusable-blood-pressure-cuffs/?add_to_wishlist=6450,,home-healthcare-devices/elderly-care/bp-monitor-cuff.html,301,6,,,
custom,,product/welch-allyn-flexiport-reusable-blood-pressure-cuffs/?add_to_wishlist=6450,,home-healthcare-devices/elderly-care/bp-monitor-cuff.html,301,7,,,
custom,,product/welch-allyn-flexiport-reusable-blood-pressure-cuffs/?add_to_wishlist=6584,,home-healthcare-devices/elderly-care/bp-monitor-cuff.html,301,1,,,
custom,,product/welch-allyn-flexiport-reusable-blood-pressure-cuffs/?add_to_wishlist=6584,,home-healthcare-devices/elderly-care/bp-monitor-cuff.html,301,2,,,
custom,,product/welch-allyn-flexiport-reusable-blood-pressure-cuffs/?add_to_wishlist=6584,,home-healthcare-devices/elderly-care/bp-monitor-cuff.html,301,3,,,
custom,,product/welch-allyn-flexiport-reusable-blood-pressure-cuffs/?add_to_wishlist=6584,,home-healthcare-devices/elderly-care/bp-monitor-cuff.html,301,4,,,
custom,,product/welch-allyn-flexiport-reusable-blood-pressure-cuffs/?add_to_wishlist=6584,,home-healthcare-devices/elderly-care/bp-monitor-cuff.html,301,5,,,
custom,,product/welch-allyn-flexiport-reusable-blood-pressure-cuffs/?add_to_wishlist=6584,,home-healthcare-devices/elderly-care/bp-monitor-cuff.html,301,6,,,
custom,,product/welch-allyn-flexiport-reusable-blood-pressure-cuffs/?add_to_wishlist=6584,,home-healthcare-devices/elderly-care/bp-monitor-cuff.html,301,7,,,
custom,,product/welch-allyn-flexiport-reusable-blood-pressure-cuffs/?add-to-cart=5431,,home-healthcare-devices/elderly-care/bp-monitor-cuff.html,301,1,,,
custom,,product/welch-allyn-flexiport-reusable-blood-pressure-cuffs/?add-to-cart=5431,,home-healthcare-devices/elderly-care/bp-monitor-cuff.html,301,2,,,
custom,,product/welch-allyn-flexiport-reusable-blood-pressure-cuffs/?add-to-cart=5431,,home-healthcare-devices/elderly-care/bp-monitor-cuff.html,301,3,,,
custom,,product/welch-allyn-flexiport-reusable-blood-pressure-cuffs/?add-to-cart=5431,,home-healthcare-devices/elderly-care/bp-monitor-cuff.html,301,4,,,
custom,,product/welch-allyn-flexiport-reusable-blood-pressure-cuffs/?add-to-cart=5431,,home-healthcare-devices/elderly-care/bp-monitor-cuff.html,301,5,,,
custom,,product/welch-allyn-flexiport-reusable-blood-pressure-cuffs/?add-to-cart=5431,,home-healthcare-devices/elderly-care/bp-monitor-cuff.html,301,6,,,
custom,,product/welch-allyn-flexiport-reusable-blood-pressure-cuffs/?add-to-cart=5431,,home-healthcare-devices/elderly-care/bp-monitor-cuff.html,301,7,,,
custom,,product/welch-allyn-flexiport-reusable-blood-pressure-cuffs/?add-to-cart=5457,,home-healthcare-devices/elderly-care/bp-monitor-cuff.html,301,1,,,
custom,,product/welch-allyn-flexiport-reusable-blood-pressure-cuffs/?add-to-cart=5457,,home-healthcare-devices/elderly-care/bp-monitor-cuff.html,301,2,,,
custom,,product/welch-allyn-flexiport-reusable-blood-pressure-cuffs/?add-to-cart=5457,,home-healthcare-devices/elderly-care/bp-monitor-cuff.html,301,3,,,
custom,,product/welch-allyn-flexiport-reusable-blood-pressure-cuffs/?add-to-cart=5457,,home-healthcare-devices/elderly-care/bp-monitor-cuff.html,301,4,,,
custom,,product/welch-allyn-flexiport-reusable-blood-pressure-cuffs/?add-to-cart=5457,,home-healthcare-devices/elderly-care/bp-monitor-cuff.html,301,5,,,
custom,,product/welch-allyn-flexiport-reusable-blood-pressure-cuffs/?add-to-cart=5457,,home-healthcare-devices/elderly-care/bp-monitor-cuff.html,301,6,,,
custom,,product/welch-allyn-flexiport-reusable-blood-pressure-cuffs/?add-to-cart=5457,,home-healthcare-devices/elderly-care/bp-monitor-cuff.html,301,7,,,
custom,,product/welch-allyn-flexiport-reusable-blood-pressure-cuffs/?add-to-cart=5541,,home-healthcare-devices/elderly-care/bp-monitor-cuff.html,301,1,,,
custom,,product/welch-allyn-flexiport-reusable-blood-pressure-cuffs/?add-to-cart=5541,,home-healthcare-devices/elderly-care/bp-monitor-cuff.html,301,2,,,
custom,,product/welch-allyn-flexiport-reusable-blood-pressure-cuffs/?add-to-cart=5541,,home-healthcare-devices/elderly-care/bp-monitor-cuff.html,301,3,,,
custom,,product/welch-allyn-flexiport-reusable-blood-pressure-cuffs/?add-to-cart=5541,,home-healthcare-devices/elderly-care/bp-monitor-cuff.html,301,4,,,
custom,,product/welch-allyn-flexiport-reusable-blood-pressure-cuffs/?add-to-cart=5541,,home-healthcare-devices/elderly-care/bp-monitor-cuff.html,301,5,,,
custom,,product/welch-allyn-flexiport-reusable-blood-pressure-cuffs/?add-to-cart=5541,,home-healthcare-devices/elderly-care/bp-monitor-cuff.html,301,6,,,
custom,,product/welch-allyn-flexiport-reusable-blood-pressure-cuffs/?add-to-cart=5541,,home-healthcare-devices/elderly-care/bp-monitor-cuff.html,301,7,,,
custom,,product/welch-allyn-flexiport-reusable-blood-pressure-cuffs/?add-to-cart=5544,,home-healthcare-devices/elderly-care/bp-monitor-cuff.html,301,1,,,
custom,,product/welch-allyn-flexiport-reusable-blood-pressure-cuffs/?add-to-cart=5544,,home-healthcare-devices/elderly-care/bp-monitor-cuff.html,301,2,,,
custom,,product/welch-allyn-flexiport-reusable-blood-pressure-cuffs/?add-to-cart=5544,,home-healthcare-devices/elderly-care/bp-monitor-cuff.html,301,3,,,
custom,,product/welch-allyn-flexiport-reusable-blood-pressure-cuffs/?add-to-cart=5544,,home-healthcare-devices/elderly-care/bp-monitor-cuff.html,301,4,,,
custom,,product/welch-allyn-flexiport-reusable-blood-pressure-cuffs/?add-to-cart=5544,,home-healthcare-devices/elderly-care/bp-monitor-cuff.html,301,5,,,
custom,,product/welch-allyn-flexiport-reusable-blood-pressure-cuffs/?add-to-cart=5544,,home-healthcare-devices/elderly-care/bp-monitor-cuff.html,301,6,,,
custom,,product/welch-allyn-flexiport-reusable-blood-pressure-cuffs/?add-to-cart=5544,,home-healthcare-devices/elderly-care/bp-monitor-cuff.html,301,7,,,
custom,,product/welch-allyn-flexiport-reusable-blood-pressure-cuffs/?attribute_pa_size=adult-11,,home-healthcare-devices/elderly-care/bp-monitor-cuff.html,301,1,,,
custom,,product/welch-allyn-flexiport-reusable-blood-pressure-cuffs/?attribute_pa_size=adult-11,,home-healthcare-devices/elderly-care/bp-monitor-cuff.html,301,2,,,
custom,,product/welch-allyn-flexiport-reusable-blood-pressure-cuffs/?attribute_pa_size=adult-11,,home-healthcare-devices/elderly-care/bp-monitor-cuff.html,301,3,,,
custom,,product/welch-allyn-flexiport-reusable-blood-pressure-cuffs/?attribute_pa_size=adult-11,,home-healthcare-devices/elderly-care/bp-monitor-cuff.html,301,4,,,
custom,,product/welch-allyn-flexiport-reusable-blood-pressure-cuffs/?attribute_pa_size=adult-11,,home-healthcare-devices/elderly-care/bp-monitor-cuff.html,301,5,,,
custom,,product/welch-allyn-flexiport-reusable-blood-pressure-cuffs/?attribute_pa_size=adult-11,,home-healthcare-devices/elderly-care/bp-monitor-cuff.html,301,6,,,
custom,,product/welch-allyn-flexiport-reusable-blood-pressure-cuffs/?attribute_pa_size=adult-11,,home-healthcare-devices/elderly-care/bp-monitor-cuff.html,301,7,,,
custom,,product/welch-allyn-flexiport-reusable-blood-pressure-cuffs/?attribute_pa_size=child-9,,home-healthcare-devices/elderly-care/bp-monitor-cuff.html,301,1,,,
custom,,product/welch-allyn-flexiport-reusable-blood-pressure-cuffs/?attribute_pa_size=child-9,,home-healthcare-devices/elderly-care/bp-monitor-cuff.html,301,2,,,
custom,,product/welch-allyn-flexiport-reusable-blood-pressure-cuffs/?attribute_pa_size=child-9,,home-healthcare-devices/elderly-care/bp-monitor-cuff.html,301,3,,,
custom,,product/welch-allyn-flexiport-reusable-blood-pressure-cuffs/?attribute_pa_size=child-9,,home-healthcare-devices/elderly-care/bp-monitor-cuff.html,301,4,,,
custom,,product/welch-allyn-flexiport-reusable-blood-pressure-cuffs/?attribute_pa_size=child-9,,home-healthcare-devices/elderly-care/bp-monitor-cuff.html,301,5,,,
custom,,product/welch-allyn-flexiport-reusable-blood-pressure-cuffs/?attribute_pa_size=child-9,,home-healthcare-devices/elderly-care/bp-monitor-cuff.html,301,6,,,
custom,,product/welch-allyn-flexiport-reusable-blood-pressure-cuffs/?attribute_pa_size=child-9,,home-healthcare-devices/elderly-care/bp-monitor-cuff.html,301,7,,,
custom,,product/welch-allyn-flexiport-reusable-blood-pressure-cuffs/?attribute_pa_size=infant-7,,home-healthcare-devices/elderly-care/bp-monitor-cuff.html,301,1,,,
custom,,product/welch-allyn-flexiport-reusable-blood-pressure-cuffs/?attribute_pa_size=infant-7,,home-healthcare-devices/elderly-care/bp-monitor-cuff.html,301,2,,,
custom,,product/welch-allyn-flexiport-reusable-blood-pressure-cuffs/?attribute_pa_size=infant-7,,home-healthcare-devices/elderly-care/bp-monitor-cuff.html,301,3,,,
custom,,product/welch-allyn-flexiport-reusable-blood-pressure-cuffs/?attribute_pa_size=infant-7,,home-healthcare-devices/elderly-care/bp-monitor-cuff.html,301,4,,,
custom,,product/welch-allyn-flexiport-reusable-blood-pressure-cuffs/?attribute_pa_size=infant-7,,home-healthcare-devices/elderly-care/bp-monitor-cuff.html,301,5,,,
custom,,product/welch-allyn-flexiport-reusable-blood-pressure-cuffs/?attribute_pa_size=infant-7,,home-healthcare-devices/elderly-care/bp-monitor-cuff.html,301,6,,,
custom,,product/welch-allyn-flexiport-reusable-blood-pressure-cuffs/?attribute_pa_size=infant-7,,home-healthcare-devices/elderly-care/bp-monitor-cuff.html,301,7,,,
custom,,product/welch-allyn-flexiport-reusable-blood-pressure-cuffs/?attribute_pa_size=large-adult-12,,home-healthcare-devices/elderly-care/bp-monitor-cuff.html,301,1,,,
custom,,product/welch-allyn-flexiport-reusable-blood-pressure-cuffs/?attribute_pa_size=large-adult-12,,home-healthcare-devices/elderly-care/bp-monitor-cuff.html,301,2,,,
custom,,product/welch-allyn-flexiport-reusable-blood-pressure-cuffs/?attribute_pa_size=large-adult-12,,home-healthcare-devices/elderly-care/bp-monitor-cuff.html,301,3,,,
custom,,product/welch-allyn-flexiport-reusable-blood-pressure-cuffs/?attribute_pa_size=large-adult-12,,home-healthcare-devices/elderly-care/bp-monitor-cuff.html,301,4,,,
custom,,product/welch-allyn-flexiport-reusable-blood-pressure-cuffs/?attribute_pa_size=large-adult-12,,home-healthcare-devices/elderly-care/bp-monitor-cuff.html,301,5,,,
custom,,product/welch-allyn-flexiport-reusable-blood-pressure-cuffs/?attribute_pa_size=large-adult-12,,home-healthcare-devices/elderly-care/bp-monitor-cuff.html,301,6,,,
custom,,product/welch-allyn-flexiport-reusable-blood-pressure-cuffs/?attribute_pa_size=large-adult-12,,home-healthcare-devices/elderly-care/bp-monitor-cuff.html,301,7,,,
custom,,product/welch-allyn-flexiport-reusable-blood-pressure-cuffs/?attribute_pa_size=large-adult-long-12l,,home-healthcare-devices/elderly-care/bp-monitor-cuff.html,301,1,,,
custom,,product/welch-allyn-flexiport-reusable-blood-pressure-cuffs/?attribute_pa_size=large-adult-long-12l,,home-healthcare-devices/elderly-care/bp-monitor-cuff.html,301,2,,,
custom,,product/welch-allyn-flexiport-reusable-blood-pressure-cuffs/?attribute_pa_size=large-adult-long-12l,,home-healthcare-devices/elderly-care/bp-monitor-cuff.html,301,3,,,
custom,,product/welch-allyn-flexiport-reusable-blood-pressure-cuffs/?attribute_pa_size=large-adult-long-12l,,home-healthcare-devices/elderly-care/bp-monitor-cuff.html,301,4,,,
custom,,product/welch-allyn-flexiport-reusable-blood-pressure-cuffs/?attribute_pa_size=large-adult-long-12l,,home-healthcare-devices/elderly-care/bp-monitor-cuff.html,301,5,,,
custom,,product/welch-allyn-flexiport-reusable-blood-pressure-cuffs/?attribute_pa_size=large-adult-long-12l,,home-healthcare-devices/elderly-care/bp-monitor-cuff.html,301,6,,,
custom,,product/welch-allyn-flexiport-reusable-blood-pressure-cuffs/?attribute_pa_size=large-adult-long-12l,,home-healthcare-devices/elderly-care/bp-monitor-cuff.html,301,7,,,
custom,,product/welch-allyn-flexiport-reusable-blood-pressure-cuffs/?attribute_pa_size=small-adult-10,,home-healthcare-devices/elderly-care/bp-monitor-cuff.html,301,1,,,
custom,,product/welch-allyn-flexiport-reusable-blood-pressure-cuffs/?attribute_pa_size=small-adult-10,,home-healthcare-devices/elderly-care/bp-monitor-cuff.html,301,2,,,
custom,,product/welch-allyn-flexiport-reusable-blood-pressure-cuffs/?attribute_pa_size=small-adult-10,,home-healthcare-devices/elderly-care/bp-monitor-cuff.html,301,3,,,
custom,,product/welch-allyn-flexiport-reusable-blood-pressure-cuffs/?attribute_pa_size=small-adult-10,,home-healthcare-devices/elderly-care/bp-monitor-cuff.html,301,4,,,
custom,,product/welch-allyn-flexiport-reusable-blood-pressure-cuffs/?attribute_pa_size=small-adult-10,,home-healthcare-devices/elderly-care/bp-monitor-cuff.html,301,5,,,
custom,,product/welch-allyn-flexiport-reusable-blood-pressure-cuffs/?attribute_pa_size=small-adult-10,,home-healthcare-devices/elderly-care/bp-monitor-cuff.html,301,6,,,
custom,,product/welch-allyn-flexiport-reusable-blood-pressure-cuffs/?attribute_pa_size=small-adult-10,,home-healthcare-devices/elderly-care/bp-monitor-cuff.html,301,7,,,
custom,,product/welch-allyn-flexiport-reusable-blood-pressure-cuffs/?attribute_pa_size=small-child-8,,home-healthcare-devices/elderly-care/bp-monitor-cuff.html,301,1,,,
custom,,product/welch-allyn-flexiport-reusable-blood-pressure-cuffs/?attribute_pa_size=small-child-8,,home-healthcare-devices/elderly-care/bp-monitor-cuff.html,301,2,,,
custom,,product/welch-allyn-flexiport-reusable-blood-pressure-cuffs/?attribute_pa_size=small-child-8,,home-healthcare-devices/elderly-care/bp-monitor-cuff.html,301,3,,,
custom,,product/welch-allyn-flexiport-reusable-blood-pressure-cuffs/?attribute_pa_size=small-child-8,,home-healthcare-devices/elderly-care/bp-monitor-cuff.html,301,4,,,
custom,,product/welch-allyn-flexiport-reusable-blood-pressure-cuffs/?attribute_pa_size=small-child-8,,home-healthcare-devices/elderly-care/bp-monitor-cuff.html,301,5,,,
custom,,product/welch-allyn-flexiport-reusable-blood-pressure-cuffs/?attribute_pa_size=small-child-8,,home-healthcare-devices/elderly-care/bp-monitor-cuff.html,301,6,,,
custom,,product/welch-allyn-flexiport-reusable-blood-pressure-cuffs/?attribute_pa_size=small-child-8,,home-healthcare-devices/elderly-care/bp-monitor-cuff.html,301,7,,,
custom,,product/welch-allyn-flexiport-reusable-blood-pressure-cuffs/?attribute_pa_size=small-infant-6,,home-healthcare-devices/elderly-care/bp-monitor-cuff.html,301,1,,,
custom,,product/welch-allyn-flexiport-reusable-blood-pressure-cuffs/?attribute_pa_size=small-infant-6,,home-healthcare-devices/elderly-care/bp-monitor-cuff.html,301,2,,,
custom,,product/welch-allyn-flexiport-reusable-blood-pressure-cuffs/?attribute_pa_size=small-infant-6,,home-healthcare-devices/elderly-care/bp-monitor-cuff.html,301,3,,,
custom,,product/welch-allyn-flexiport-reusable-blood-pressure-cuffs/?attribute_pa_size=small-infant-6,,home-healthcare-devices/elderly-care/bp-monitor-cuff.html,301,4,,,
custom,,product/welch-allyn-flexiport-reusable-blood-pressure-cuffs/?attribute_pa_size=small-infant-6,,home-healthcare-devices/elderly-care/bp-monitor-cuff.html,301,5,,,
custom,,product/welch-allyn-flexiport-reusable-blood-pressure-cuffs/?attribute_pa_size=small-infant-6,,home-healthcare-devices/elderly-care/bp-monitor-cuff.html,301,6,,,
custom,,product/welch-allyn-flexiport-reusable-blood-pressure-cuffs/?attribute_pa_size=small-infant-6,,home-healthcare-devices/elderly-care/bp-monitor-cuff.html,301,7,,,
custom,,product/welch-allyn-led-coaxial-ophthalmoscope-11772-vcl-rechargeable/?add-to-cart=5521,,professional-diagnostic-equipment/product/ophthalmoscope.html,301,1,,,
custom,,product/welch-allyn-led-coaxial-ophthalmoscope-11772-vcl-rechargeable/?add-to-cart=5521,,professional-diagnostic-equipment/product/ophthalmoscope.html,301,2,,,
custom,,product/welch-allyn-led-coaxial-ophthalmoscope-11772-vcl-rechargeable/?add-to-cart=5521,,professional-diagnostic-equipment/product/ophthalmoscope.html,301,3,,,
custom,,product/welch-allyn-led-coaxial-ophthalmoscope-11772-vcl-rechargeable/?add-to-cart=5521,,professional-diagnostic-equipment/product/ophthalmoscope.html,301,4,,,
custom,,product/welch-allyn-led-coaxial-ophthalmoscope-11772-vcl-rechargeable/?add-to-cart=5521,,professional-diagnostic-equipment/product/ophthalmoscope.html,301,5,,,
custom,,product/welch-allyn-led-coaxial-ophthalmoscope-11772-vcl-rechargeable/?add-to-cart=5521,,professional-diagnostic-equipment/product/ophthalmoscope.html,301,6,,,
custom,,product/welch-allyn-led-coaxial-ophthalmoscope-11772-vcl-rechargeable/?add-to-cart=5521,,professional-diagnostic-equipment/product/ophthalmoscope.html,301,7,,,
custom,,product/welch-allyn-led-coaxial-ophthalmoscope-11772-vcl-rechargeable/?add-to-cart=5531,,professional-diagnostic-equipment/product/ophthalmoscope.html,301,1,,,
custom,,product/welch-allyn-led-coaxial-ophthalmoscope-11772-vcl-rechargeable/?add-to-cart=5531,,professional-diagnostic-equipment/product/ophthalmoscope.html,301,2,,,
custom,,product/welch-allyn-led-coaxial-ophthalmoscope-11772-vcl-rechargeable/?add-to-cart=5531,,professional-diagnostic-equipment/product/ophthalmoscope.html,301,3,,,
custom,,product/welch-allyn-led-coaxial-ophthalmoscope-11772-vcl-rechargeable/?add-to-cart=5531,,professional-diagnostic-equipment/product/ophthalmoscope.html,301,4,,,
custom,,product/welch-allyn-led-coaxial-ophthalmoscope-11772-vcl-rechargeable/?add-to-cart=5531,,professional-diagnostic-equipment/product/ophthalmoscope.html,301,5,,,
custom,,product/welch-allyn-led-coaxial-ophthalmoscope-11772-vcl-rechargeable/?add-to-cart=5531,,professional-diagnostic-equipment/product/ophthalmoscope.html,301,6,,,
custom,,product/welch-allyn-led-coaxial-ophthalmoscope-11772-vcl-rechargeable/?add-to-cart=5531,,professional-diagnostic-equipment/product/ophthalmoscope.html,301,7,,,
custom,,product/welch-allyn-led-coaxial-ophthalmoscope-11772-vcl-rechargeable/?add-to-cart=5541,,professional-diagnostic-equipment/product/ophthalmoscope.html,301,1,,,
custom,,product/welch-allyn-led-coaxial-ophthalmoscope-11772-vcl-rechargeable/?add-to-cart=5541,,professional-diagnostic-equipment/product/ophthalmoscope.html,301,2,,,
custom,,product/welch-allyn-led-coaxial-ophthalmoscope-11772-vcl-rechargeable/?add-to-cart=5541,,professional-diagnostic-equipment/product/ophthalmoscope.html,301,3,,,
custom,,product/welch-allyn-led-coaxial-ophthalmoscope-11772-vcl-rechargeable/?add-to-cart=5541,,professional-diagnostic-equipment/product/ophthalmoscope.html,301,4,,,
custom,,product/welch-allyn-led-coaxial-ophthalmoscope-11772-vcl-rechargeable/?add-to-cart=5541,,professional-diagnostic-equipment/product/ophthalmoscope.html,301,5,,,
custom,,product/welch-allyn-led-coaxial-ophthalmoscope-11772-vcl-rechargeable/?add-to-cart=5541,,professional-diagnostic-equipment/product/ophthalmoscope.html,301,6,,,
custom,,product/welch-allyn-led-coaxial-ophthalmoscope-11772-vcl-rechargeable/?add-to-cart=5541,,professional-diagnostic-equipment/product/ophthalmoscope.html,301,7,,,
custom,,product/welch-allyn-led-coaxial-ophthalmoscope-11772-vcl-rechargeable/?add-to-cart=5550,,professional-diagnostic-equipment/product/ophthalmoscope.html,301,1,,,
custom,,product/welch-allyn-led-coaxial-ophthalmoscope-11772-vcl-rechargeable/?add-to-cart=5550,,professional-diagnostic-equipment/product/ophthalmoscope.html,301,2,,,
custom,,product/welch-allyn-led-coaxial-ophthalmoscope-11772-vcl-rechargeable/?add-to-cart=5550,,professional-diagnostic-equipment/product/ophthalmoscope.html,301,3,,,
custom,,product/welch-allyn-led-coaxial-ophthalmoscope-11772-vcl-rechargeable/?add-to-cart=5550,,professional-diagnostic-equipment/product/ophthalmoscope.html,301,4,,,
custom,,product/welch-allyn-led-coaxial-ophthalmoscope-11772-vcl-rechargeable/?add-to-cart=5550,,professional-diagnostic-equipment/product/ophthalmoscope.html,301,5,,,
custom,,product/welch-allyn-led-coaxial-ophthalmoscope-11772-vcl-rechargeable/?add-to-cart=5550,,professional-diagnostic-equipment/product/ophthalmoscope.html,301,6,,,
custom,,product/welch-allyn-led-coaxial-ophthalmoscope-11772-vcl-rechargeable/?add-to-cart=5550,,professional-diagnostic-equipment/product/ophthalmoscope.html,301,7,,,
custom,,product/welch-allyn-led-coaxial-ophthalmoscope-11772-vcl-rechargeable/?add-to-cart=5554,,professional-diagnostic-equipment/product/ophthalmoscope.html,301,1,,,
custom,,product/welch-allyn-led-coaxial-ophthalmoscope-11772-vcl-rechargeable/?add-to-cart=5554,,professional-diagnostic-equipment/product/ophthalmoscope.html,301,2,,,
custom,,product/welch-allyn-led-coaxial-ophthalmoscope-11772-vcl-rechargeable/?add-to-cart=5554,,professional-diagnostic-equipment/product/ophthalmoscope.html,301,3,,,
custom,,product/welch-allyn-led-coaxial-ophthalmoscope-11772-vcl-rechargeable/?add-to-cart=5554,,professional-diagnostic-equipment/product/ophthalmoscope.html,301,4,,,
custom,,product/welch-allyn-led-coaxial-ophthalmoscope-11772-vcl-rechargeable/?add-to-cart=5554,,professional-diagnostic-equipment/product/ophthalmoscope.html,301,5,,,
custom,,product/welch-allyn-led-coaxial-ophthalmoscope-11772-vcl-rechargeable/?add-to-cart=5554,,professional-diagnostic-equipment/product/ophthalmoscope.html,301,6,,,
custom,,product/welch-allyn-led-coaxial-ophthalmoscope-11772-vcl-rechargeable/?add-to-cart=5554,,professional-diagnostic-equipment/product/ophthalmoscope.html,301,7,,,
custom,,product/welch-allyn-pocket-led-fiber-optic-otoscope-with-aa-battery-22870/,,professional-diagnostic-equipment/product/otoscopes.html,301,1,,,
custom,,product/welch-allyn-pocket-led-fiber-optic-otoscope-with-aa-battery-22870/,,professional-diagnostic-equipment/product/otoscopes.html,301,2,,,
custom,,product/welch-allyn-pocket-led-fiber-optic-otoscope-with-aa-battery-22870/,,professional-diagnostic-equipment/product/otoscopes.html,301,3,,,
custom,,product/welch-allyn-pocket-led-fiber-optic-otoscope-with-aa-battery-22870/,,professional-diagnostic-equipment/product/otoscopes.html,301,4,,,
custom,,product/welch-allyn-pocket-led-fiber-optic-otoscope-with-aa-battery-22870/,,professional-diagnostic-equipment/product/otoscopes.html,301,5,,,
custom,,product/welch-allyn-pocket-led-fiber-optic-otoscope-with-aa-battery-22870/,,professional-diagnostic-equipment/product/otoscopes.html,301,6,,,
custom,,product/welch-allyn-pocket-led-fiber-optic-otoscope-with-aa-battery-22870/,,professional-diagnostic-equipment/product/otoscopes.html,301,7,,,
custom,,product/welch-allyn-pocket-led-ophthalmoscope-with-aa-battery-handle-12870-white/?add_to_wishlist=5513&_wpnonce=f0144d146d,,professional-diagnostic-equipment/product/ophthalmoscope.html,301,1,,,
custom,,product/welch-allyn-pocket-led-ophthalmoscope-with-aa-battery-handle-12870-white/?add_to_wishlist=5513&_wpnonce=f0144d146d,,professional-diagnostic-equipment/product/ophthalmoscope.html,301,2,,,
custom,,product/welch-allyn-pocket-led-ophthalmoscope-with-aa-battery-handle-12870-white/?add_to_wishlist=5513&_wpnonce=f0144d146d,,professional-diagnostic-equipment/product/ophthalmoscope.html,301,3,,,
custom,,product/welch-allyn-pocket-led-ophthalmoscope-with-aa-battery-handle-12870-white/?add_to_wishlist=5513&_wpnonce=f0144d146d,,professional-diagnostic-equipment/product/ophthalmoscope.html,301,4,,,
custom,,product/welch-allyn-pocket-led-ophthalmoscope-with-aa-battery-handle-12870-white/?add_to_wishlist=5513&_wpnonce=f0144d146d,,professional-diagnostic-equipment/product/ophthalmoscope.html,301,5,,,
custom,,product/welch-allyn-pocket-led-ophthalmoscope-with-aa-battery-handle-12870-white/?add_to_wishlist=5513&_wpnonce=f0144d146d,,professional-diagnostic-equipment/product/ophthalmoscope.html,301,6,,,
custom,,product/welch-allyn-pocket-led-ophthalmoscope-with-aa-battery-handle-12870-white/?add_to_wishlist=5513&_wpnonce=f0144d146d,,professional-diagnostic-equipment/product/ophthalmoscope.html,301,7,,,
custom,,product/welch-allyn-pocket-led-ophthalmoscope-with-aa-battery-handle-12870-white/?add-to-cart=5521,,professional-diagnostic-equipment/product/ophthalmoscope.html,301,1,,,
custom,,product/welch-allyn-pocket-led-ophthalmoscope-with-aa-battery-handle-12870-white/?add-to-cart=5521,,professional-diagnostic-equipment/product/ophthalmoscope.html,301,2,,,
custom,,product/welch-allyn-pocket-led-ophthalmoscope-with-aa-battery-handle-12870-white/?add-to-cart=5521,,professional-diagnostic-equipment/product/ophthalmoscope.html,301,3,,,
custom,,product/welch-allyn-pocket-led-ophthalmoscope-with-aa-battery-handle-12870-white/?add-to-cart=5521,,professional-diagnostic-equipment/product/ophthalmoscope.html,301,4,,,
custom,,product/welch-allyn-pocket-led-ophthalmoscope-with-aa-battery-handle-12870-white/?add-to-cart=5521,,professional-diagnostic-equipment/product/ophthalmoscope.html,301,5,,,
custom,,product/welch-allyn-pocket-led-ophthalmoscope-with-aa-battery-handle-12870-white/?add-to-cart=5521,,professional-diagnostic-equipment/product/ophthalmoscope.html,301,6,,,
custom,,product/welch-allyn-pocket-led-ophthalmoscope-with-aa-battery-handle-12870-white/?add-to-cart=5521,,professional-diagnostic-equipment/product/ophthalmoscope.html,301,7,,,
custom,,product/welch-allyn-pocket-led-ophthalmoscope-with-aa-battery-handle-12870-white/?add-to-cart=5537,,professional-diagnostic-equipment/product/ophthalmoscope.html,301,1,,,
custom,,product/welch-allyn-pocket-led-ophthalmoscope-with-aa-battery-handle-12870-white/?add-to-cart=5537,,professional-diagnostic-equipment/product/ophthalmoscope.html,301,2,,,
custom,,product/welch-allyn-pocket-led-ophthalmoscope-with-aa-battery-handle-12870-white/?add-to-cart=5537,,professional-diagnostic-equipment/product/ophthalmoscope.html,301,3,,,
custom,,product/welch-allyn-pocket-led-ophthalmoscope-with-aa-battery-handle-12870-white/?add-to-cart=5537,,professional-diagnostic-equipment/product/ophthalmoscope.html,301,4,,,
custom,,product/welch-allyn-pocket-led-ophthalmoscope-with-aa-battery-handle-12870-white/?add-to-cart=5537,,professional-diagnostic-equipment/product/ophthalmoscope.html,301,5,,,
custom,,product/welch-allyn-pocket-led-ophthalmoscope-with-aa-battery-handle-12870-white/?add-to-cart=5537,,professional-diagnostic-equipment/product/ophthalmoscope.html,301,6,,,
custom,,product/welch-allyn-pocket-led-ophthalmoscope-with-aa-battery-handle-12870-white/?add-to-cart=5537,,professional-diagnostic-equipment/product/ophthalmoscope.html,301,7,,,
custom,,product/welch-allyn-pocket-led-ophthalmoscope-with-aa-battery-handle-12870-white/?add-to-cart=5550,,professional-diagnostic-equipment/product/ophthalmoscope.html,301,1,,,
custom,,product/welch-allyn-pocket-led-ophthalmoscope-with-aa-battery-handle-12870-white/?add-to-cart=5550,,professional-diagnostic-equipment/product/ophthalmoscope.html,301,2,,,
custom,,product/welch-allyn-pocket-led-ophthalmoscope-with-aa-battery-handle-12870-white/?add-to-cart=5550,,professional-diagnostic-equipment/product/ophthalmoscope.html,301,3,,,
custom,,product/welch-allyn-pocket-led-ophthalmoscope-with-aa-battery-handle-12870-white/?add-to-cart=5550,,professional-diagnostic-equipment/product/ophthalmoscope.html,301,4,,,
custom,,product/welch-allyn-pocket-led-ophthalmoscope-with-aa-battery-handle-12870-white/?add-to-cart=5550,,professional-diagnostic-equipment/product/ophthalmoscope.html,301,5,,,
custom,,product/welch-allyn-pocket-led-ophthalmoscope-with-aa-battery-handle-12870-white/?add-to-cart=5550,,professional-diagnostic-equipment/product/ophthalmoscope.html,301,6,,,
custom,,product/welch-allyn-pocket-led-ophthalmoscope-with-aa-battery-handle-12870-white/?add-to-cart=5550,,professional-diagnostic-equipment/product/ophthalmoscope.html,301,7,,,
custom,,product/welch-allyn-pocket-otoscope-with-halogen-bulb-and-fiber-optic-illumination-22860/?add-to-cart=5441,,professional-diagnostic-equipment/product/otoscopes.html,301,1,,,
custom,,product/welch-allyn-pocket-otoscope-with-halogen-bulb-and-fiber-optic-illumination-22860/?add-to-cart=5441,,professional-diagnostic-equipment/product/otoscopes.html,301,2,,,
custom,,product/welch-allyn-pocket-otoscope-with-halogen-bulb-and-fiber-optic-illumination-22860/?add-to-cart=5441,,professional-diagnostic-equipment/product/otoscopes.html,301,3,,,
custom,,product/welch-allyn-pocket-otoscope-with-halogen-bulb-and-fiber-optic-illumination-22860/?add-to-cart=5441,,professional-diagnostic-equipment/product/otoscopes.html,301,4,,,
custom,,product/welch-allyn-pocket-otoscope-with-halogen-bulb-and-fiber-optic-illumination-22860/?add-to-cart=5441,,professional-diagnostic-equipment/product/otoscopes.html,301,5,,,
custom,,product/welch-allyn-pocket-otoscope-with-halogen-bulb-and-fiber-optic-illumination-22860/?add-to-cart=5441,,professional-diagnostic-equipment/product/otoscopes.html,301,6,,,
custom,,product/welch-allyn-pocket-otoscope-with-halogen-bulb-and-fiber-optic-illumination-22860/?add-to-cart=5441,,professional-diagnostic-equipment/product/otoscopes.html,301,7,,,
custom,,product/welch-allyn-pocket-otoscope-with-halogen-bulb-and-fiber-optic-illumination-22860/?add-to-cart=5531,,professional-diagnostic-equipment/product/otoscopes.html,301,1,,,
custom,,product/welch-allyn-pocket-otoscope-with-halogen-bulb-and-fiber-optic-illumination-22860/?add-to-cart=5531,,professional-diagnostic-equipment/product/otoscopes.html,301,2,,,
custom,,product/welch-allyn-pocket-otoscope-with-halogen-bulb-and-fiber-optic-illumination-22860/?add-to-cart=5531,,professional-diagnostic-equipment/product/otoscopes.html,301,3,,,
custom,,product/welch-allyn-pocket-otoscope-with-halogen-bulb-and-fiber-optic-illumination-22860/?add-to-cart=5531,,professional-diagnostic-equipment/product/otoscopes.html,301,4,,,
custom,,product/welch-allyn-pocket-otoscope-with-halogen-bulb-and-fiber-optic-illumination-22860/?add-to-cart=5531,,professional-diagnostic-equipment/product/otoscopes.html,301,5,,,
custom,,product/welch-allyn-pocket-otoscope-with-halogen-bulb-and-fiber-optic-illumination-22860/?add-to-cart=5531,,professional-diagnostic-equipment/product/otoscopes.html,301,6,,,
custom,,product/welch-allyn-pocket-otoscope-with-halogen-bulb-and-fiber-optic-illumination-22860/?add-to-cart=5531,,professional-diagnostic-equipment/product/otoscopes.html,301,7,,,
custom,,product/welch-allyn-pocket-otoscope-with-halogen-bulb-and-fiber-optic-illumination-22860/?add-to-cart=5541,,professional-diagnostic-equipment/product/otoscopes.html,301,1,,,
custom,,product/welch-allyn-pocket-otoscope-with-halogen-bulb-and-fiber-optic-illumination-22860/?add-to-cart=5541,,professional-diagnostic-equipment/product/otoscopes.html,301,2,,,
custom,,product/welch-allyn-pocket-otoscope-with-halogen-bulb-and-fiber-optic-illumination-22860/?add-to-cart=5541,,professional-diagnostic-equipment/product/otoscopes.html,301,3,,,
custom,,product/welch-allyn-pocket-otoscope-with-halogen-bulb-and-fiber-optic-illumination-22860/?add-to-cart=5541,,professional-diagnostic-equipment/product/otoscopes.html,301,4,,,
custom,,product/welch-allyn-pocket-otoscope-with-halogen-bulb-and-fiber-optic-illumination-22860/?add-to-cart=5541,,professional-diagnostic-equipment/product/otoscopes.html,301,5,,,
custom,,product/welch-allyn-pocket-otoscope-with-halogen-bulb-and-fiber-optic-illumination-22860/?add-to-cart=5541,,professional-diagnostic-equipment/product/otoscopes.html,301,6,,,
custom,,product/welch-allyn-pocket-otoscope-with-halogen-bulb-and-fiber-optic-illumination-22860/?add-to-cart=5541,,professional-diagnostic-equipment/product/otoscopes.html,301,7,,,
custom,,product/yuwell-7a-23b-heavy-duty-double-bottle-electric-suction-apparatus-high-flow-40-lpm-2-x-2-5-liter-glass-jars/,,all-products.html,301,1,,,
custom,,product/yuwell-7a-23b-heavy-duty-double-bottle-electric-suction-apparatus-high-flow-40-lpm-2-x-2-5-liter-glass-jars/,,all-products.html,301,2,,,
custom,,product/yuwell-7a-23b-heavy-duty-double-bottle-electric-suction-apparatus-high-flow-40-lpm-2-x-2-5-liter-glass-jars/,,all-products.html,301,3,,,
custom,,product/yuwell-7a-23b-heavy-duty-double-bottle-electric-suction-apparatus-high-flow-40-lpm-2-x-2-5-liter-glass-jars/,,all-products.html,301,4,,,
custom,,product/yuwell-7a-23b-heavy-duty-double-bottle-electric-suction-apparatus-high-flow-40-lpm-2-x-2-5-liter-glass-jars/,,all-products.html,301,5,,,
custom,,product/yuwell-7a-23b-heavy-duty-double-bottle-electric-suction-apparatus-high-flow-40-lpm-2-x-2-5-liter-glass-jars/,,all-products.html,301,6,,,
custom,,product/yuwell-7a-23b-heavy-duty-double-bottle-electric-suction-apparatus-high-flow-40-lpm-2-x-2-5-liter-glass-jars/,,all-products.html,301,7,,,
custom,,product01-1/,,all-products.html,301,1,,,
custom,,product01-1/,,all-products.html,301,2,,,
custom,,product01-1/,,all-products.html,301,3,,,
custom,,product01-1/,,all-products.html,301,4,,,
custom,,product01-1/,,all-products.html,301,5,,,
custom,,product01-1/,,all-products.html,301,6,,,
custom,,product01-1/,,all-products.html,301,7,,,
custom,,product13-13/,,all-products.html,301,1,,,
custom,,product13-13/,,all-products.html,301,2,,,
custom,,product13-13/,,all-products.html,301,3,,,
custom,,product13-13/,,all-products.html,301,4,,,
custom,,product13-13/,,all-products.html,301,5,,,
custom,,product13-13/,,all-products.html,301,6,,,
custom,,product13-13/,,all-products.html,301,7,,,
custom,,product28-28/,,all-products.html,301,1,,,
custom,,product28-28/,,all-products.html,301,2,,,
custom,,product28-28/,,all-products.html,301,3,,,
custom,,product28-28/,,all-products.html,301,4,,,
custom,,product28-28/,,all-products.html,301,5,,,
custom,,product28-28/,,all-products.html,301,6,,,
custom,,product28-28/,,all-products.html,301,7,,,
custom,,product-category/a-z/?add_to_wishlist=10122&_wpnonce=ef95b38fda,,all-products.html,301,1,,,
custom,,product-category/a-z/?add_to_wishlist=10122&_wpnonce=ef95b38fda,,all-products.html,301,2,,,
custom,,product-category/a-z/?add_to_wishlist=10122&_wpnonce=ef95b38fda,,all-products.html,301,3,,,
custom,,product-category/a-z/?add_to_wishlist=10122&_wpnonce=ef95b38fda,,all-products.html,301,4,,,
custom,,product-category/a-z/?add_to_wishlist=10122&_wpnonce=ef95b38fda,,all-products.html,301,5,,,
custom,,product-category/a-z/?add_to_wishlist=10122&_wpnonce=ef95b38fda,,all-products.html,301,6,,,
custom,,product-category/a-z/?add_to_wishlist=10122&_wpnonce=ef95b38fda,,all-products.html,301,7,,,
custom,,product-category/a-z/?add_to_wishlist=5433&_wpnonce=ef95b38fda,,all-products.html,301,1,,,
custom,,product-category/a-z/?add_to_wishlist=5433&_wpnonce=ef95b38fda,,all-products.html,301,2,,,
custom,,product-category/a-z/?add_to_wishlist=5433&_wpnonce=ef95b38fda,,all-products.html,301,3,,,
custom,,product-category/a-z/?add_to_wishlist=5433&_wpnonce=ef95b38fda,,all-products.html,301,4,,,
custom,,product-category/a-z/?add_to_wishlist=5433&_wpnonce=ef95b38fda,,all-products.html,301,5,,,
custom,,product-category/a-z/?add_to_wishlist=5433&_wpnonce=ef95b38fda,,all-products.html,301,6,,,
custom,,product-category/a-z/?add_to_wishlist=5433&_wpnonce=ef95b38fda,,all-products.html,301,7,,,
custom,,product-category/a-z/?add_to_wishlist=5457&_wpnonce=ef95b38fda,,all-products.html,301,1,,,
custom,,product-category/a-z/?add_to_wishlist=5457&_wpnonce=ef95b38fda,,all-products.html,301,2,,,
custom,,product-category/a-z/?add_to_wishlist=5457&_wpnonce=ef95b38fda,,all-products.html,301,3,,,
custom,,product-category/a-z/?add_to_wishlist=5457&_wpnonce=ef95b38fda,,all-products.html,301,4,,,
custom,,product-category/a-z/?add_to_wishlist=5457&_wpnonce=ef95b38fda,,all-products.html,301,5,,,
custom,,product-category/a-z/?add_to_wishlist=5457&_wpnonce=ef95b38fda,,all-products.html,301,6,,,
custom,,product-category/a-z/?add_to_wishlist=5457&_wpnonce=ef95b38fda,,all-products.html,301,7,,,
custom,,product-category/a-z/?add_to_wishlist=5468&_wpnonce=ef95b38fda,,all-products.html,301,1,,,
custom,,product-category/a-z/?add_to_wishlist=5468&_wpnonce=ef95b38fda,,all-products.html,301,2,,,
custom,,product-category/a-z/?add_to_wishlist=5468&_wpnonce=ef95b38fda,,all-products.html,301,3,,,
custom,,product-category/a-z/?add_to_wishlist=5468&_wpnonce=ef95b38fda,,all-products.html,301,4,,,
custom,,product-category/a-z/?add_to_wishlist=5468&_wpnonce=ef95b38fda,,all-products.html,301,5,,,
custom,,product-category/a-z/?add_to_wishlist=5468&_wpnonce=ef95b38fda,,all-products.html,301,6,,,
custom,,product-category/a-z/?add_to_wishlist=5468&_wpnonce=ef95b38fda,,all-products.html,301,7,,,
custom,,product-category/a-z/?add_to_wishlist=5500&_wpnonce=ef95b38fda,,all-products.html,301,1,,,
custom,,product-category/a-z/?add_to_wishlist=5500&_wpnonce=ef95b38fda,,all-products.html,301,2,,,
custom,,product-category/a-z/?add_to_wishlist=5500&_wpnonce=ef95b38fda,,all-products.html,301,3,,,
custom,,product-category/a-z/?add_to_wishlist=5500&_wpnonce=ef95b38fda,,all-products.html,301,4,,,
custom,,product-category/a-z/?add_to_wishlist=5500&_wpnonce=ef95b38fda,,all-products.html,301,5,,,
custom,,product-category/a-z/?add_to_wishlist=5500&_wpnonce=ef95b38fda,,all-products.html,301,6,,,
custom,,product-category/a-z/?add_to_wishlist=5500&_wpnonce=ef95b38fda,,all-products.html,301,7,,,
custom,,product-category/a-z/?add_to_wishlist=5505&_wpnonce=ef95b38fda,,all-products.html,301,1,,,
custom,,product-category/a-z/?add_to_wishlist=5505&_wpnonce=ef95b38fda,,all-products.html,301,2,,,
custom,,product-category/a-z/?add_to_wishlist=5505&_wpnonce=ef95b38fda,,all-products.html,301,3,,,
custom,,product-category/a-z/?add_to_wishlist=5505&_wpnonce=ef95b38fda,,all-products.html,301,4,,,
custom,,product-category/a-z/?add_to_wishlist=5505&_wpnonce=ef95b38fda,,all-products.html,301,5,,,
custom,,product-category/a-z/?add_to_wishlist=5505&_wpnonce=ef95b38fda,,all-products.html,301,6,,,
custom,,product-category/a-z/?add_to_wishlist=5505&_wpnonce=ef95b38fda,,all-products.html,301,7,,,
custom,,product-category/a-z/?add_to_wishlist=5508&_wpnonce=ef95b38fda,,all-products.html,301,1,,,
custom,,product-category/a-z/?add_to_wishlist=5508&_wpnonce=ef95b38fda,,all-products.html,301,2,,,
custom,,product-category/a-z/?add_to_wishlist=5508&_wpnonce=ef95b38fda,,all-products.html,301,3,,,
custom,,product-category/a-z/?add_to_wishlist=5508&_wpnonce=ef95b38fda,,all-products.html,301,4,,,
custom,,product-category/a-z/?add_to_wishlist=5508&_wpnonce=ef95b38fda,,all-products.html,301,5,,,
custom,,product-category/a-z/?add_to_wishlist=5508&_wpnonce=ef95b38fda,,all-products.html,301,6,,,
custom,,product-category/a-z/?add_to_wishlist=5508&_wpnonce=ef95b38fda,,all-products.html,301,7,,,
custom,,product-category/a-z/?add_to_wishlist=5513&_wpnonce=ef95b38fda,,all-products.html,301,1,,,
custom,,product-category/a-z/?add_to_wishlist=5513&_wpnonce=ef95b38fda,,all-products.html,301,2,,,
custom,,product-category/a-z/?add_to_wishlist=5513&_wpnonce=ef95b38fda,,all-products.html,301,3,,,
custom,,product-category/a-z/?add_to_wishlist=5513&_wpnonce=ef95b38fda,,all-products.html,301,4,,,
custom,,product-category/a-z/?add_to_wishlist=5513&_wpnonce=ef95b38fda,,all-products.html,301,5,,,
custom,,product-category/a-z/?add_to_wishlist=5513&_wpnonce=ef95b38fda,,all-products.html,301,6,,,
custom,,product-category/a-z/?add_to_wishlist=5513&_wpnonce=ef95b38fda,,all-products.html,301,7,,,
custom,,product-category/a-z/?add_to_wishlist=5515&_wpnonce=ef95b38fda,,all-products.html,301,1,,,
custom,,product-category/a-z/?add_to_wishlist=5515&_wpnonce=ef95b38fda,,all-products.html,301,2,,,
custom,,product-category/a-z/?add_to_wishlist=5515&_wpnonce=ef95b38fda,,all-products.html,301,3,,,
custom,,product-category/a-z/?add_to_wishlist=5515&_wpnonce=ef95b38fda,,all-products.html,301,4,,,
custom,,product-category/a-z/?add_to_wishlist=5515&_wpnonce=ef95b38fda,,all-products.html,301,5,,,
custom,,product-category/a-z/?add_to_wishlist=5515&_wpnonce=ef95b38fda,,all-products.html,301,6,,,
custom,,product-category/a-z/?add_to_wishlist=5515&_wpnonce=ef95b38fda,,all-products.html,301,7,,,
custom,,product-category/a-z/?add_to_wishlist=5544&_wpnonce=ef95b38fda,,all-products.html,301,1,,,
custom,,product-category/a-z/?add_to_wishlist=5544&_wpnonce=ef95b38fda,,all-products.html,301,2,,,
custom,,product-category/a-z/?add_to_wishlist=5544&_wpnonce=ef95b38fda,,all-products.html,301,3,,,
custom,,product-category/a-z/?add_to_wishlist=5544&_wpnonce=ef95b38fda,,all-products.html,301,4,,,
custom,,product-category/a-z/?add_to_wishlist=5544&_wpnonce=ef95b38fda,,all-products.html,301,5,,,
custom,,product-category/a-z/?add_to_wishlist=5544&_wpnonce=ef95b38fda,,all-products.html,301,6,,,
custom,,product-category/a-z/?add_to_wishlist=5544&_wpnonce=ef95b38fda,,all-products.html,301,7,,,
custom,,product-category/a-z/?add_to_wishlist=5550&_wpnonce=ef95b38fda,,all-products.html,301,1,,,
custom,,product-category/a-z/?add_to_wishlist=5550&_wpnonce=ef95b38fda,,all-products.html,301,2,,,
custom,,product-category/a-z/?add_to_wishlist=5550&_wpnonce=ef95b38fda,,all-products.html,301,3,,,
custom,,product-category/a-z/?add_to_wishlist=5550&_wpnonce=ef95b38fda,,all-products.html,301,4,,,
custom,,product-category/a-z/?add_to_wishlist=5550&_wpnonce=ef95b38fda,,all-products.html,301,5,,,
custom,,product-category/a-z/?add_to_wishlist=5550&_wpnonce=ef95b38fda,,all-products.html,301,6,,,
custom,,product-category/a-z/?add_to_wishlist=5550&_wpnonce=ef95b38fda,,all-products.html,301,7,,,
custom,,product-category/a-z/?add_to_wishlist=5556&_wpnonce=ef95b38fda,,all-products.html,301,1,,,
custom,,product-category/a-z/?add_to_wishlist=5556&_wpnonce=ef95b38fda,,all-products.html,301,2,,,
custom,,product-category/a-z/?add_to_wishlist=5556&_wpnonce=ef95b38fda,,all-products.html,301,3,,,
custom,,product-category/a-z/?add_to_wishlist=5556&_wpnonce=ef95b38fda,,all-products.html,301,4,,,
custom,,product-category/a-z/?add_to_wishlist=5556&_wpnonce=ef95b38fda,,all-products.html,301,5,,,
custom,,product-category/a-z/?add_to_wishlist=5556&_wpnonce=ef95b38fda,,all-products.html,301,6,,,
custom,,product-category/a-z/?add_to_wishlist=5556&_wpnonce=ef95b38fda,,all-products.html,301,7,,,
custom,,product-category/a-z/?add_to_wishlist=5865&_wpnonce=c43aa55349,,all-products.html,301,1,,,
custom,,product-category/a-z/?add_to_wishlist=5865&_wpnonce=c43aa55349,,all-products.html,301,2,,,
custom,,product-category/a-z/?add_to_wishlist=5865&_wpnonce=c43aa55349,,all-products.html,301,3,,,
custom,,product-category/a-z/?add_to_wishlist=5865&_wpnonce=c43aa55349,,all-products.html,301,4,,,
custom,,product-category/a-z/?add_to_wishlist=5865&_wpnonce=c43aa55349,,all-products.html,301,5,,,
custom,,product-category/a-z/?add_to_wishlist=5865&_wpnonce=c43aa55349,,all-products.html,301,6,,,
custom,,product-category/a-z/?add_to_wishlist=5865&_wpnonce=c43aa55349,,all-products.html,301,7,,,
custom,,product-category/a-z/?add_to_wishlist=5865&_wpnonce=ef95b38fda,,all-products.html,301,1,,,
custom,,product-category/a-z/?add_to_wishlist=5865&_wpnonce=ef95b38fda,,all-products.html,301,2,,,
custom,,product-category/a-z/?add_to_wishlist=5865&_wpnonce=ef95b38fda,,all-products.html,301,3,,,
custom,,product-category/a-z/?add_to_wishlist=5865&_wpnonce=ef95b38fda,,all-products.html,301,4,,,
custom,,product-category/a-z/?add_to_wishlist=5865&_wpnonce=ef95b38fda,,all-products.html,301,5,,,
custom,,product-category/a-z/?add_to_wishlist=5865&_wpnonce=ef95b38fda,,all-products.html,301,6,,,
custom,,product-category/a-z/?add_to_wishlist=5865&_wpnonce=ef95b38fda,,all-products.html,301,7,,,
custom,,product-category/a-z/?add_to_wishlist=5880&_wpnonce=ef95b38fda,,all-products.html,301,1,,,
custom,,product-category/a-z/?add_to_wishlist=5880&_wpnonce=ef95b38fda,,all-products.html,301,2,,,
custom,,product-category/a-z/?add_to_wishlist=5880&_wpnonce=ef95b38fda,,all-products.html,301,3,,,
custom,,product-category/a-z/?add_to_wishlist=5880&_wpnonce=ef95b38fda,,all-products.html,301,4,,,
custom,,product-category/a-z/?add_to_wishlist=5880&_wpnonce=ef95b38fda,,all-products.html,301,5,,,
custom,,product-category/a-z/?add_to_wishlist=5880&_wpnonce=ef95b38fda,,all-products.html,301,6,,,
custom,,product-category/a-z/?add_to_wishlist=5880&_wpnonce=ef95b38fda,,all-products.html,301,7,,,
custom,,product-category/a-z/?add_to_wishlist=5926&_wpnonce=ef95b38fda,,all-products.html,301,1,,,
custom,,product-category/a-z/?add_to_wishlist=5926&_wpnonce=ef95b38fda,,all-products.html,301,2,,,
custom,,product-category/a-z/?add_to_wishlist=5926&_wpnonce=ef95b38fda,,all-products.html,301,3,,,
custom,,product-category/a-z/?add_to_wishlist=5926&_wpnonce=ef95b38fda,,all-products.html,301,4,,,
custom,,product-category/a-z/?add_to_wishlist=5926&_wpnonce=ef95b38fda,,all-products.html,301,5,,,
custom,,product-category/a-z/?add_to_wishlist=5926&_wpnonce=ef95b38fda,,all-products.html,301,6,,,
custom,,product-category/a-z/?add_to_wishlist=5926&_wpnonce=ef95b38fda,,all-products.html,301,7,,,
custom,,product-category/a-z/?add_to_wishlist=6328&_wpnonce=c43aa55349,,all-products.html,301,1,,,
custom,,product-category/a-z/?add_to_wishlist=6328&_wpnonce=c43aa55349,,all-products.html,301,2,,,
custom,,product-category/a-z/?add_to_wishlist=6328&_wpnonce=c43aa55349,,all-products.html,301,3,,,
custom,,product-category/a-z/?add_to_wishlist=6328&_wpnonce=c43aa55349,,all-products.html,301,4,,,
custom,,product-category/a-z/?add_to_wishlist=6328&_wpnonce=c43aa55349,,all-products.html,301,5,,,
custom,,product-category/a-z/?add_to_wishlist=6328&_wpnonce=c43aa55349,,all-products.html,301,6,,,
custom,,product-category/a-z/?add_to_wishlist=6328&_wpnonce=c43aa55349,,all-products.html,301,7,,,
custom,,product-category/a-z/?add_to_wishlist=6335&_wpnonce=ef95b38fda,,all-products.html,301,1,,,
custom,,product-category/a-z/?add_to_wishlist=6335&_wpnonce=ef95b38fda,,all-products.html,301,2,,,
custom,,product-category/a-z/?add_to_wishlist=6335&_wpnonce=ef95b38fda,,all-products.html,301,3,,,
custom,,product-category/a-z/?add_to_wishlist=6335&_wpnonce=ef95b38fda,,all-products.html,301,4,,,
custom,,product-category/a-z/?add_to_wishlist=6335&_wpnonce=ef95b38fda,,all-products.html,301,5,,,
custom,,product-category/a-z/?add_to_wishlist=6335&_wpnonce=ef95b38fda,,all-products.html,301,6,,,
custom,,product-category/a-z/?add_to_wishlist=6335&_wpnonce=ef95b38fda,,all-products.html,301,7,,,
custom,,product-category/a-z/?add_to_wishlist=6431&_wpnonce=ef95b38fda,,all-products.html,301,1,,,
custom,,product-category/a-z/?add_to_wishlist=6431&_wpnonce=ef95b38fda,,all-products.html,301,2,,,
custom,,product-category/a-z/?add_to_wishlist=6431&_wpnonce=ef95b38fda,,all-products.html,301,3,,,
custom,,product-category/a-z/?add_to_wishlist=6431&_wpnonce=ef95b38fda,,all-products.html,301,4,,,
custom,,product-category/a-z/?add_to_wishlist=6431&_wpnonce=ef95b38fda,,all-products.html,301,5,,,
custom,,product-category/a-z/?add_to_wishlist=6431&_wpnonce=ef95b38fda,,all-products.html,301,6,,,
custom,,product-category/a-z/?add_to_wishlist=6431&_wpnonce=ef95b38fda,,all-products.html,301,7,,,
custom,,product-category/a-z/?add_to_wishlist=9889&_wpnonce=ef95b38fda,,all-products.html,301,1,,,
custom,,product-category/a-z/?add_to_wishlist=9889&_wpnonce=ef95b38fda,,all-products.html,301,2,,,
custom,,product-category/a-z/?add_to_wishlist=9889&_wpnonce=ef95b38fda,,all-products.html,301,3,,,
custom,,product-category/a-z/?add_to_wishlist=9889&_wpnonce=ef95b38fda,,all-products.html,301,4,,,
custom,,product-category/a-z/?add_to_wishlist=9889&_wpnonce=ef95b38fda,,all-products.html,301,5,,,
custom,,product-category/a-z/?add_to_wishlist=9889&_wpnonce=ef95b38fda,,all-products.html,301,6,,,
custom,,product-category/a-z/?add_to_wishlist=9889&_wpnonce=ef95b38fda,,all-products.html,301,7,,,
custom,,product-category/a-z/?add_to_wishlist=9891&_wpnonce=ef95b38fda,,all-products.html,301,1,,,
custom,,product-category/a-z/?add_to_wishlist=9891&_wpnonce=ef95b38fda,,all-products.html,301,2,,,
custom,,product-category/a-z/?add_to_wishlist=9891&_wpnonce=ef95b38fda,,all-products.html,301,3,,,
custom,,product-category/a-z/?add_to_wishlist=9891&_wpnonce=ef95b38fda,,all-products.html,301,4,,,
custom,,product-category/a-z/?add_to_wishlist=9891&_wpnonce=ef95b38fda,,all-products.html,301,5,,,
custom,,product-category/a-z/?add_to_wishlist=9891&_wpnonce=ef95b38fda,,all-products.html,301,6,,,
custom,,product-category/a-z/?add_to_wishlist=9891&_wpnonce=ef95b38fda,,all-products.html,301,7,,,
custom,,product-category/a-z/?add_to_wishlist=9893&_wpnonce=ef95b38fda,,all-products.html,301,1,,,
custom,,product-category/a-z/?add_to_wishlist=9893&_wpnonce=ef95b38fda,,all-products.html,301,2,,,
custom,,product-category/a-z/?add_to_wishlist=9893&_wpnonce=ef95b38fda,,all-products.html,301,3,,,
custom,,product-category/a-z/?add_to_wishlist=9893&_wpnonce=ef95b38fda,,all-products.html,301,4,,,
custom,,product-category/a-z/?add_to_wishlist=9893&_wpnonce=ef95b38fda,,all-products.html,301,5,,,
custom,,product-category/a-z/?add_to_wishlist=9893&_wpnonce=ef95b38fda,,all-products.html,301,6,,,
custom,,product-category/a-z/?add_to_wishlist=9893&_wpnonce=ef95b38fda,,all-products.html,301,7,,,
custom,,product-category/a-z/?add_to_wishlist=9898&_wpnonce=ef95b38fda,,all-products.html,301,1,,,
custom,,product-category/a-z/?add_to_wishlist=9898&_wpnonce=ef95b38fda,,all-products.html,301,2,,,
custom,,product-category/a-z/?add_to_wishlist=9898&_wpnonce=ef95b38fda,,all-products.html,301,3,,,
custom,,product-category/a-z/?add_to_wishlist=9898&_wpnonce=ef95b38fda,,all-products.html,301,4,,,
custom,,product-category/a-z/?add_to_wishlist=9898&_wpnonce=ef95b38fda,,all-products.html,301,5,,,
custom,,product-category/a-z/?add_to_wishlist=9898&_wpnonce=ef95b38fda,,all-products.html,301,6,,,
custom,,product-category/a-z/?add_to_wishlist=9898&_wpnonce=ef95b38fda,,all-products.html,301,7,,,
custom,,product-category/a-z/?add-to-cart=5533,,all-products.html,301,1,,,
custom,,product-category/a-z/?add-to-cart=5533,,all-products.html,301,2,,,
custom,,product-category/a-z/?add-to-cart=5533,,all-products.html,301,3,,,
custom,,product-category/a-z/?add-to-cart=5533,,all-products.html,301,4,,,
custom,,product-category/a-z/?add-to-cart=5533,,all-products.html,301,5,,,
custom,,product-category/a-z/?add-to-cart=5533,,all-products.html,301,6,,,
custom,,product-category/a-z/?add-to-cart=5533,,all-products.html,301,7,,,
custom,,product-category/a-z/?add-to-cart=5541,,all-products.html,301,1,,,
custom,,product-category/a-z/?add-to-cart=5541,,all-products.html,301,2,,,
custom,,product-category/a-z/?add-to-cart=5541,,all-products.html,301,3,,,
custom,,product-category/a-z/?add-to-cart=5541,,all-products.html,301,4,,,
custom,,product-category/a-z/?add-to-cart=5541,,all-products.html,301,5,,,
custom,,product-category/a-z/?add-to-cart=5541,,all-products.html,301,6,,,
custom,,product-category/a-z/?add-to-cart=5541,,all-products.html,301,7,,,
custom,,product-category/a-z/?add-to-cart=5554,,all-products.html,301,1,,,
custom,,product-category/a-z/?add-to-cart=5554,,all-products.html,301,2,,,
custom,,product-category/a-z/?add-to-cart=5554,,all-products.html,301,3,,,
custom,,product-category/a-z/?add-to-cart=5554,,all-products.html,301,4,,,
custom,,product-category/a-z/?add-to-cart=5554,,all-products.html,301,5,,,
custom,,product-category/a-z/?add-to-cart=5554,,all-products.html,301,6,,,
custom,,product-category/a-z/?add-to-cart=5554,,all-products.html,301,7,,,
custom,,product-category/a-z/?add-to-cart=5861,,all-products.html,301,1,,,
custom,,product-category/a-z/?add-to-cart=5861,,all-products.html,301,2,,,
custom,,product-category/a-z/?add-to-cart=5861,,all-products.html,301,3,,,
custom,,product-category/a-z/?add-to-cart=5861,,all-products.html,301,4,,,
custom,,product-category/a-z/?add-to-cart=5861,,all-products.html,301,5,,,
custom,,product-category/a-z/?add-to-cart=5861,,all-products.html,301,6,,,
custom,,product-category/a-z/?add-to-cart=5861,,all-products.html,301,7,,,
custom,,product-category/a-z/?add-to-cart=5880,,all-products.html,301,1,,,
custom,,product-category/a-z/?add-to-cart=5880,,all-products.html,301,2,,,
custom,,product-category/a-z/?add-to-cart=5880,,all-products.html,301,3,,,
custom,,product-category/a-z/?add-to-cart=5880,,all-products.html,301,4,,,
custom,,product-category/a-z/?add-to-cart=5880,,all-products.html,301,5,,,
custom,,product-category/a-z/?add-to-cart=5880,,all-products.html,301,6,,,
custom,,product-category/a-z/?add-to-cart=5880,,all-products.html,301,7,,,
custom,,product-category/a-z/?add-to-cart=8558,,all-products.html,301,1,,,
custom,,product-category/a-z/?add-to-cart=8558,,all-products.html,301,2,,,
custom,,product-category/a-z/?add-to-cart=8558,,all-products.html,301,3,,,
custom,,product-category/a-z/?add-to-cart=8558,,all-products.html,301,4,,,
custom,,product-category/a-z/?add-to-cart=8558,,all-products.html,301,5,,,
custom,,product-category/a-z/?add-to-cart=8558,,all-products.html,301,6,,,
custom,,product-category/a-z/?add-to-cart=8558,,all-products.html,301,7,,,
custom,,product-category/a-z/?add-to-cart=8562,,all-products.html,301,1,,,
custom,,product-category/a-z/?add-to-cart=8562,,all-products.html,301,2,,,
custom,,product-category/a-z/?add-to-cart=8562,,all-products.html,301,3,,,
custom,,product-category/a-z/?add-to-cart=8562,,all-products.html,301,4,,,
custom,,product-category/a-z/?add-to-cart=8562,,all-products.html,301,5,,,
custom,,product-category/a-z/?add-to-cart=8562,,all-products.html,301,6,,,
custom,,product-category/a-z/?add-to-cart=8562,,all-products.html,301,7,,,
custom,,product-category/a-z/?add-to-cart=8570,,all-products.html,301,1,,,
custom,,product-category/a-z/?add-to-cart=8570,,all-products.html,301,2,,,
custom,,product-category/a-z/?add-to-cart=8570,,all-products.html,301,3,,,
custom,,product-category/a-z/?add-to-cart=8570,,all-products.html,301,4,,,
custom,,product-category/a-z/?add-to-cart=8570,,all-products.html,301,5,,,
custom,,product-category/a-z/?add-to-cart=8570,,all-products.html,301,6,,,
custom,,product-category/a-z/?add-to-cart=8570,,all-products.html,301,7,,,
custom,,product-category/a-z/?add-to-cart=8578,,all-products.html,301,1,,,
custom,,product-category/a-z/?add-to-cart=8578,,all-products.html,301,2,,,
custom,,product-category/a-z/?add-to-cart=8578,,all-products.html,301,3,,,
custom,,product-category/a-z/?add-to-cart=8578,,all-products.html,301,4,,,
custom,,product-category/a-z/?add-to-cart=8578,,all-products.html,301,5,,,
custom,,product-category/a-z/?add-to-cart=8578,,all-products.html,301,6,,,
custom,,product-category/a-z/?add-to-cart=8578,,all-products.html,301,7,,,
custom,,product-category/a-z/?add-to-cart=8598,,all-products.html,301,1,,,
custom,,product-category/a-z/?add-to-cart=8598,,all-products.html,301,2,,,
custom,,product-category/a-z/?add-to-cart=8598,,all-products.html,301,3,,,
custom,,product-category/a-z/?add-to-cart=8598,,all-products.html,301,4,,,
custom,,product-category/a-z/?add-to-cart=8598,,all-products.html,301,5,,,
custom,,product-category/a-z/?add-to-cart=8598,,all-products.html,301,6,,,
custom,,product-category/a-z/?add-to-cart=8598,,all-products.html,301,7,,,
custom,,product-category/a-z/?add-to-cart=9891,,all-products.html,301,1,,,
custom,,product-category/a-z/?add-to-cart=9891,,all-products.html,301,2,,,
custom,,product-category/a-z/?add-to-cart=9891,,all-products.html,301,3,,,
custom,,product-category/a-z/?add-to-cart=9891,,all-products.html,301,4,,,
custom,,product-category/a-z/?add-to-cart=9891,,all-products.html,301,5,,,
custom,,product-category/a-z/?add-to-cart=9891,,all-products.html,301,6,,,
custom,,product-category/a-z/?add-to-cart=9891,,all-products.html,301,7,,,
custom,,product-category/a-z/?add-to-cart=9893,,all-products.html,301,1,,,
custom,,product-category/a-z/?add-to-cart=9893,,all-products.html,301,2,,,
custom,,product-category/a-z/?add-to-cart=9893,,all-products.html,301,3,,,
custom,,product-category/a-z/?add-to-cart=9893,,all-products.html,301,4,,,
custom,,product-category/a-z/?add-to-cart=9893,,all-products.html,301,5,,,
custom,,product-category/a-z/?add-to-cart=9893,,all-products.html,301,6,,,
custom,,product-category/a-z/?add-to-cart=9893,,all-products.html,301,7,,,
custom,,product-category/a-z/?add-to-cart=9895,,all-products.html,301,1,,,
custom,,product-category/a-z/?add-to-cart=9895,,all-products.html,301,2,,,
custom,,product-category/a-z/?add-to-cart=9895,,all-products.html,301,3,,,
custom,,product-category/a-z/?add-to-cart=9895,,all-products.html,301,4,,,
custom,,product-category/a-z/?add-to-cart=9895,,all-products.html,301,5,,,
custom,,product-category/a-z/?add-to-cart=9895,,all-products.html,301,6,,,
custom,,product-category/a-z/?add-to-cart=9895,,all-products.html,301,7,,,
custom,,product-category/contac/,,all-products.html,301,1,,,
custom,,product-category/contac/,,all-products.html,301,2,,,
custom,,product-category/contac/,,all-products.html,301,3,,,
custom,,product-category/contac/,,all-products.html,301,4,,,
custom,,product-category/contac/,,all-products.html,301,5,,,
custom,,product-category/contac/,,all-products.html,301,6,,,
custom,,product-category/contac/,,all-products.html,301,7,,,
custom,,product-category/devilbiss/,,all-products.html,301,1,,,
custom,,product-category/devilbiss/,,all-products.html,301,2,,,
custom,,product-category/devilbiss/,,all-products.html,301,3,,,
custom,,product-category/devilbiss/,,all-products.html,301,4,,,
custom,,product-category/devilbiss/,,all-products.html,301,5,,,
custom,,product-category/devilbiss/,,all-products.html,301,6,,,
custom,,product-category/devilbiss/,,all-products.html,301,7,,,
custom,,product-category/dimond/?add-to-cart=11210,,all-products.html,301,1,,,
custom,,product-category/dimond/?add-to-cart=11210,,all-products.html,301,2,,,
custom,,product-category/dimond/?add-to-cart=11210,,all-products.html,301,3,,,
custom,,product-category/dimond/?add-to-cart=11210,,all-products.html,301,4,,,
custom,,product-category/dimond/?add-to-cart=11210,,all-products.html,301,5,,,
custom,,product-category/dimond/?add-to-cart=11210,,all-products.html,301,6,,,
custom,,product-category/dimond/?add-to-cart=11210,,all-products.html,301,7,,,
custom,,product-category/dimond/?add-to-cart=11218,,all-products.html,301,1,,,
custom,,product-category/dimond/?add-to-cart=11218,,all-products.html,301,2,,,
custom,,product-category/dimond/?add-to-cart=11218,,all-products.html,301,3,,,
custom,,product-category/dimond/?add-to-cart=11218,,all-products.html,301,4,,,
custom,,product-category/dimond/?add-to-cart=11218,,all-products.html,301,5,,,
custom,,product-category/dimond/?add-to-cart=11218,,all-products.html,301,6,,,
custom,,product-category/dimond/?add-to-cart=11218,,all-products.html,301,7,,,
custom,,product-category/ending-offers/,,all-products.html,301,1,,,
custom,,product-category/ending-offers/,,all-products.html,301,2,,,
custom,,product-category/ending-offers/,,all-products.html,301,3,,,
custom,,product-category/ending-offers/,,all-products.html,301,4,,,
custom,,product-category/ending-offers/,,all-products.html,301,5,,,
custom,,product-category/ending-offers/,,all-products.html,301,6,,,
custom,,product-category/ending-offers/,,all-products.html,301,7,,,
custom,,product-category/health-touch/,,all-products.html,301,1,,,
custom,,product-category/health-touch/,,all-products.html,301,2,,,
custom,,product-category/health-touch/,,all-products.html,301,3,,,
custom,,product-category/health-touch/,,all-products.html,301,4,,,
custom,,product-category/health-touch/,,all-products.html,301,5,,,
custom,,product-category/health-touch/,,all-products.html,301,6,,,
custom,,product-category/health-touch/,,all-products.html,301,7,,,
custom,,product-category/heart-rate-monitor/,,all-products.html,301,1,,,
custom,,product-category/heart-rate-monitor/,,all-products.html,301,2,,,
custom,,product-category/heart-rate-monitor/,,all-products.html,301,3,,,
custom,,product-category/heart-rate-monitor/,,all-products.html,301,4,,,
custom,,product-category/heart-rate-monitor/,,all-products.html,301,5,,,
custom,,product-category/heart-rate-monitor/,,all-products.html,301,6,,,
custom,,product-category/heart-rate-monitor/,,all-products.html,301,7,,,
custom,,product-category/hicks/,,all-products.html,301,1,,,
custom,,product-category/hicks/,,all-products.html,301,2,,,
custom,,product-category/hicks/,,all-products.html,301,3,,,
custom,,product-category/hicks/,,all-products.html,301,4,,,
custom,,product-category/hicks/,,all-products.html,301,5,,,
custom,,product-category/hicks/,,all-products.html,301,6,,,
custom,,product-category/hicks/,,all-products.html,301,7,,,
custom,,product-category/hospital-equipment/,,medical-device.html,301,1,,,
custom,,product-category/hospital-equipment/,,medical-device.html,301,2,,,
custom,,product-category/hospital-equipment/,,medical-device.html,301,3,,,
custom,,product-category/hospital-equipment/,,medical-device.html,301,4,,,
custom,,product-category/hospital-equipment/,,medical-device.html,301,5,,,
custom,,product-category/hospital-equipment/,,medical-device.html,301,6,,,
custom,,product-category/hospital-equipment/,,medical-device.html,301,7,,,
custom,,product-category/hospital-linen/,,hospital-consumables/hospital-linen.html,301,1,,,
custom,,product-category/hospital-linen/,,hospital-consumables/hospital-linen.html,301,2,,,
custom,,product-category/hospital-linen/,,hospital-consumables/hospital-linen.html,301,3,,,
custom,,product-category/hospital-linen/,,hospital-consumables/hospital-linen.html,301,4,,,
custom,,product-category/hospital-linen/,,hospital-consumables/hospital-linen.html,301,5,,,
custom,,product-category/hospital-linen/,,hospital-consumables/hospital-linen.html,301,6,,,
custom,,product-category/hospital-linen/,,hospital-consumables/hospital-linen.html,301,7,,,
custom,,product-category/klife/,,all-products.html,301,1,,,
custom,,product-category/klife/,,all-products.html,301,2,,,
custom,,product-category/klife/,,all-products.html,301,3,,,
custom,,product-category/klife/,,all-products.html,301,4,,,
custom,,product-category/klife/,,all-products.html,301,5,,,
custom,,product-category/klife/,,all-products.html,301,6,,,
custom,,product-category/klife/,,all-products.html,301,7,,,
custom,,product-category/latex-gloves/,,hospital-consumables/apparel-gloves.html,301,1,,,
custom,,product-category/latex-gloves/,,hospital-consumables/apparel-gloves.html,301,2,,,
custom,,product-category/latex-gloves/,,hospital-consumables/apparel-gloves.html,301,3,,,
custom,,product-category/latex-gloves/,,hospital-consumables/apparel-gloves.html,301,4,,,
custom,,product-category/latex-gloves/,,hospital-consumables/apparel-gloves.html,301,5,,,
custom,,product-category/latex-gloves/,,hospital-consumables/apparel-gloves.html,301,6,,,
custom,,product-category/latex-gloves/,,hospital-consumables/apparel-gloves.html,301,7,,,
custom,,product-category/littmann/,,all-products.html,301,1,,,
custom,,product-category/littmann/,,all-products.html,301,2,,,
custom,,product-category/littmann/,,all-products.html,301,3,,,
custom,,product-category/littmann/,,all-products.html,301,4,,,
custom,,product-category/littmann/,,all-products.html,301,5,,,
custom,,product-category/littmann/,,all-products.html,301,6,,,
custom,,product-category/littmann/,,all-products.html,301,7,,,
custom,,product-category/medical-equipment/,,professional-diagnostic-equipment.html,301,1,,,
custom,,product-category/medical-equipment/,,professional-diagnostic-equipment.html,301,2,,,
custom,,product-category/medical-equipment/,,professional-diagnostic-equipment.html,301,3,,,
custom,,product-category/medical-equipment/,,professional-diagnostic-equipment.html,301,4,,,
custom,,product-category/medical-equipment/,,professional-diagnostic-equipment.html,301,5,,,
custom,,product-category/medical-equipment/,,professional-diagnostic-equipment.html,301,6,,,
custom,,product-category/medical-equipment/,,professional-diagnostic-equipment.html,301,7,,,
custom,,product-category/medical-equipment/?add_to_wishlist=11206&_wpnonce=6bfe09af95,,professional-diagnostic-equipment.html,301,1,,,
custom,,product-category/medical-equipment/?add_to_wishlist=11206&_wpnonce=6bfe09af95,,professional-diagnostic-equipment.html,301,2,,,
custom,,product-category/medical-equipment/?add_to_wishlist=11206&_wpnonce=6bfe09af95,,professional-diagnostic-equipment.html,301,3,,,
custom,,product-category/medical-equipment/?add_to_wishlist=11206&_wpnonce=6bfe09af95,,professional-diagnostic-equipment.html,301,4,,,
custom,,product-category/medical-equipment/?add_to_wishlist=11206&_wpnonce=6bfe09af95,,professional-diagnostic-equipment.html,301,5,,,
custom,,product-category/medical-equipment/?add_to_wishlist=11206&_wpnonce=6bfe09af95,,professional-diagnostic-equipment.html,301,6,,,
custom,,product-category/medical-equipment/?add_to_wishlist=11206&_wpnonce=6bfe09af95,,professional-diagnostic-equipment.html,301,7,,,
custom,,product-category/medical-equipment/?add_to_wishlist=11210&_wpnonce=6bfe09af95,,professional-diagnostic-equipment.html,301,1,,,
custom,,product-category/medical-equipment/?add_to_wishlist=11210&_wpnonce=6bfe09af95,,professional-diagnostic-equipment.html,301,2,,,
custom,,product-category/medical-equipment/?add_to_wishlist=11210&_wpnonce=6bfe09af95,,professional-diagnostic-equipment.html,301,3,,,
custom,,product-category/medical-equipment/?add_to_wishlist=11210&_wpnonce=6bfe09af95,,professional-diagnostic-equipment.html,301,4,,,
custom,,product-category/medical-equipment/?add_to_wishlist=11210&_wpnonce=6bfe09af95,,professional-diagnostic-equipment.html,301,5,,,
custom,,product-category/medical-equipment/?add_to_wishlist=11210&_wpnonce=6bfe09af95,,professional-diagnostic-equipment.html,301,6,,,
custom,,product-category/medical-equipment/?add_to_wishlist=11210&_wpnonce=6bfe09af95,,professional-diagnostic-equipment.html,301,7,,,
custom,,product-category/medical-equipment/?add_to_wishlist=11212&_wpnonce=6bfe09af95,,professional-diagnostic-equipment.html,301,1,,,
custom,,product-category/medical-equipment/?add_to_wishlist=11212&_wpnonce=6bfe09af95,,professional-diagnostic-equipment.html,301,2,,,
custom,,product-category/medical-equipment/?add_to_wishlist=11212&_wpnonce=6bfe09af95,,professional-diagnostic-equipment.html,301,3,,,
custom,,product-category/medical-equipment/?add_to_wishlist=11212&_wpnonce=6bfe09af95,,professional-diagnostic-equipment.html,301,4,,,
custom,,product-category/medical-equipment/?add_to_wishlist=11212&_wpnonce=6bfe09af95,,professional-diagnostic-equipment.html,301,5,,,
custom,,product-category/medical-equipment/?add_to_wishlist=11212&_wpnonce=6bfe09af95,,professional-diagnostic-equipment.html,301,6,,,
custom,,product-category/medical-equipment/?add_to_wishlist=11212&_wpnonce=6bfe09af95,,professional-diagnostic-equipment.html,301,7,,,
custom,,product-category/medical-equipment/?add_to_wishlist=11216&_wpnonce=6bfe09af95,,professional-diagnostic-equipment.html,301,1,,,
custom,,product-category/medical-equipment/?add_to_wishlist=11216&_wpnonce=6bfe09af95,,professional-diagnostic-equipment.html,301,2,,,
custom,,product-category/medical-equipment/?add_to_wishlist=11216&_wpnonce=6bfe09af95,,professional-diagnostic-equipment.html,301,3,,,
custom,,product-category/medical-equipment/?add_to_wishlist=11216&_wpnonce=6bfe09af95,,professional-diagnostic-equipment.html,301,4,,,
custom,,product-category/medical-equipment/?add_to_wishlist=11216&_wpnonce=6bfe09af95,,professional-diagnostic-equipment.html,301,5,,,
custom,,product-category/medical-equipment/?add_to_wishlist=11216&_wpnonce=6bfe09af95,,professional-diagnostic-equipment.html,301,6,,,
custom,,product-category/medical-equipment/?add_to_wishlist=11216&_wpnonce=6bfe09af95,,professional-diagnostic-equipment.html,301,7,,,
custom,,product-category/medical-equipment/?add_to_wishlist=11226&_wpnonce=6bfe09af95,,professional-diagnostic-equipment.html,301,1,,,
custom,,product-category/medical-equipment/?add_to_wishlist=11226&_wpnonce=6bfe09af95,,professional-diagnostic-equipment.html,301,2,,,
custom,,product-category/medical-equipment/?add_to_wishlist=11226&_wpnonce=6bfe09af95,,professional-diagnostic-equipment.html,301,3,,,
custom,,product-category/medical-equipment/?add_to_wishlist=11226&_wpnonce=6bfe09af95,,professional-diagnostic-equipment.html,301,4,,,
custom,,product-category/medical-equipment/?add_to_wishlist=11226&_wpnonce=6bfe09af95,,professional-diagnostic-equipment.html,301,5,,,
custom,,product-category/medical-equipment/?add_to_wishlist=11226&_wpnonce=6bfe09af95,,professional-diagnostic-equipment.html,301,6,,,
custom,,product-category/medical-equipment/?add_to_wishlist=11226&_wpnonce=6bfe09af95,,professional-diagnostic-equipment.html,301,7,,,
custom,,product-category/medical-equipment/?add_to_wishlist=11228&_wpnonce=6bfe09af95,,professional-diagnostic-equipment.html,301,1,,,
custom,,product-category/medical-equipment/?add_to_wishlist=11228&_wpnonce=6bfe09af95,,professional-diagnostic-equipment.html,301,2,,,
custom,,product-category/medical-equipment/?add_to_wishlist=11228&_wpnonce=6bfe09af95,,professional-diagnostic-equipment.html,301,3,,,
custom,,product-category/medical-equipment/?add_to_wishlist=11228&_wpnonce=6bfe09af95,,professional-diagnostic-equipment.html,301,4,,,
custom,,product-category/medical-equipment/?add_to_wishlist=11228&_wpnonce=6bfe09af95,,professional-diagnostic-equipment.html,301,5,,,
custom,,product-category/medical-equipment/?add_to_wishlist=11228&_wpnonce=6bfe09af95,,professional-diagnostic-equipment.html,301,6,,,
custom,,product-category/medical-equipment/?add_to_wishlist=11228&_wpnonce=6bfe09af95,,professional-diagnostic-equipment.html,301,7,,,
