entity_type,entity_id,request_path,new_request_path,target_path,redirect_type,store_id,description,is_autogenerated,metadata
custom,,04f07729-c713-456f-a332-f9e299a96cd7/,,all-products.html,301,1,,,
custom,,04f07729-c713-456f-a332-f9e299a96cd7/,,all-products.html,301,2,,,
custom,,04f07729-c713-456f-a332-f9e299a96cd7/,,all-products.html,301,3,,,
custom,,04f07729-c713-456f-a332-f9e299a96cd7/,,all-products.html,301,4,,,
custom,,04f07729-c713-456f-a332-f9e299a96cd7/,,all-products.html,301,5,,,
custom,,04f07729-c713-456f-a332-f9e299a96cd7/,,all-products.html,301,6,,,
custom,,04f07729-c713-456f-a332-f9e299a96cd7/,,all-products.html,301,7,,,
custom,,0fd7bf5a-cba6-4438-896b-c9a8ce663ba4/,,all-products.html,301,1,,,
custom,,0fd7bf5a-cba6-4438-896b-c9a8ce663ba4/,,all-products.html,301,2,,,
custom,,0fd7bf5a-cba6-4438-896b-c9a8ce663ba4/,,all-products.html,301,3,,,
custom,,0fd7bf5a-cba6-4438-896b-c9a8ce663ba4/,,all-products.html,301,4,,,
custom,,0fd7bf5a-cba6-4438-896b-c9a8ce663ba4/,,all-products.html,301,5,,,
custom,,0fd7bf5a-cba6-4438-896b-c9a8ce663ba4/,,all-products.html,301,6,,,
custom,,0fd7bf5a-cba6-4438-896b-c9a8ce663ba4/,,all-products.html,301,7,,,
custom,,1-109/,,all-products.html,301,1,,,
custom,,1-109/,,all-products.html,301,2,,,
custom,,1-109/,,all-products.html,301,3,,,
custom,,1-109/,,all-products.html,301,4,,,
custom,,1-109/,,all-products.html,301,5,,,
custom,,1-109/,,all-products.html,301,6,,,
custom,,1-109/,,all-products.html,301,7,,,
custom,,1-121/,,all-products.html,301,1,,,
custom,,1-121/,,all-products.html,301,2,,,
custom,,1-121/,,all-products.html,301,3,,,
custom,,1-121/,,all-products.html,301,4,,,
custom,,1-121/,,all-products.html,301,5,,,
custom,,1-121/,,all-products.html,301,6,,,
custom,,1-121/,,all-products.html,301,7,,,
custom,,1-135/,,all-products.html,301,1,,,
custom,,1-135/,,all-products.html,301,2,,,
custom,,1-135/,,all-products.html,301,3,,,
custom,,1-135/,,all-products.html,301,4,,,
custom,,1-135/,,all-products.html,301,5,,,
custom,,1-135/,,all-products.html,301,6,,,
custom,,1-135/,,all-products.html,301,7,,,
custom,,1-143/,,all-products.html,301,1,,,
custom,,1-143/,,all-products.html,301,2,,,
custom,,1-143/,,all-products.html,301,3,,,
custom,,1-143/,,all-products.html,301,4,,,
custom,,1-143/,,all-products.html,301,5,,,
custom,,1-143/,,all-products.html,301,6,,,
custom,,1-143/,,all-products.html,301,7,,,
custom,,1-151/,,all-products.html,301,1,,,
custom,,1-151/,,all-products.html,301,2,,,
custom,,1-151/,,all-products.html,301,3,,,
custom,,1-151/,,all-products.html,301,4,,,
custom,,1-151/,,all-products.html,301,5,,,
custom,,1-151/,,all-products.html,301,6,,,
custom,,1-151/,,all-products.html,301,7,,,
custom,,1-152/,,all-products.html,301,1,,,
custom,,1-152/,,all-products.html,301,2,,,
custom,,1-152/,,all-products.html,301,3,,,
custom,,1-152/,,all-products.html,301,4,,,
custom,,1-152/,,all-products.html,301,5,,,
custom,,1-152/,,all-products.html,301,6,,,
custom,,1-152/,,all-products.html,301,7,,,
custom,,1-154/,,all-products.html,301,1,,,
custom,,1-154/,,all-products.html,301,2,,,
custom,,1-154/,,all-products.html,301,3,,,
custom,,1-154/,,all-products.html,301,4,,,
custom,,1-154/,,all-products.html,301,5,,,
custom,,1-154/,,all-products.html,301,6,,,
custom,,1-154/,,all-products.html,301,7,,,
custom,,1-156/,,all-products.html,301,1,,,
custom,,1-156/,,all-products.html,301,2,,,
custom,,1-156/,,all-products.html,301,3,,,
custom,,1-156/,,all-products.html,301,4,,,
custom,,1-156/,,all-products.html,301,5,,,
custom,,1-156/,,all-products.html,301,6,,,
custom,,1-156/,,all-products.html,301,7,,,
custom,,1-159/,,all-products.html,301,1,,,
custom,,1-159/,,all-products.html,301,2,,,
custom,,1-159/,,all-products.html,301,3,,,
custom,,1-159/,,all-products.html,301,4,,,
custom,,1-159/,,all-products.html,301,5,,,
custom,,1-159/,,all-products.html,301,6,,,
custom,,1-159/,,all-products.html,301,7,,,
custom,,1-180/,,all-products.html,301,1,,,
custom,,1-180/,,all-products.html,301,2,,,
custom,,1-180/,,all-products.html,301,3,,,
custom,,1-180/,,all-products.html,301,4,,,
custom,,1-180/,,all-products.html,301,5,,,
custom,,1-180/,,all-products.html,301,6,,,
custom,,1-180/,,all-products.html,301,7,,,
custom,,1-195/,,all-products.html,301,1,,,
custom,,1-195/,,all-products.html,301,2,,,
custom,,1-195/,,all-products.html,301,3,,,
custom,,1-195/,,all-products.html,301,4,,,
custom,,1-195/,,all-products.html,301,5,,,
custom,,1-195/,,all-products.html,301,6,,,
custom,,1-195/,,all-products.html,301,7,,,
custom,,1-205/,,all-products.html,301,1,,,
custom,,1-205/,,all-products.html,301,2,,,
custom,,1-205/,,all-products.html,301,3,,,
custom,,1-205/,,all-products.html,301,4,,,
custom,,1-205/,,all-products.html,301,5,,,
custom,,1-205/,,all-products.html,301,6,,,
custom,,1-205/,,all-products.html,301,7,,,
custom,,120-80-b17-bpl-png/,,all-products.html,301,1,,,
custom,,120-80-b17-bpl-png/,,all-products.html,301,2,,,
custom,,120-80-b17-bpl-png/,,all-products.html,301,3,,,
custom,,120-80-b17-bpl-png/,,all-products.html,301,4,,,
custom,,120-80-b17-bpl-png/,,all-products.html,301,5,,,
custom,,120-80-b17-bpl-png/,,all-products.html,301,6,,,
custom,,120-80-b17-bpl-png/,,all-products.html,301,7,,,
custom,,12112/,,all-products.html,301,1,,,
custom,,12112/,,all-products.html,301,2,,,
custom,,12112/,,all-products.html,301,3,,,
custom,,12112/,,all-products.html,301,4,,,
custom,,12112/,,all-products.html,301,5,,,
custom,,12112/,,all-products.html,301,6,,,
custom,,12112/,,all-products.html,301,7,,,
custom,,1-215/,,all-products.html,301,1,,,
custom,,1-215/,,all-products.html,301,2,,,
custom,,1-215/,,all-products.html,301,3,,,
custom,,1-215/,,all-products.html,301,4,,,
custom,,1-215/,,all-products.html,301,5,,,
custom,,1-215/,,all-products.html,301,6,,,
custom,,1-215/,,all-products.html,301,7,,,
custom,,1-2-150x150/,,all-products.html,301,1,,,
custom,,1-2-150x150/,,all-products.html,301,2,,,
custom,,1-2-150x150/,,all-products.html,301,3,,,
custom,,1-2-150x150/,,all-products.html,301,4,,,
custom,,1-2-150x150/,,all-products.html,301,5,,,
custom,,1-2-150x150/,,all-products.html,301,6,,,
custom,,1-2-150x150/,,all-products.html,301,7,,,
custom,,1-216/,,all-products.html,301,1,,,
custom,,1-216/,,all-products.html,301,2,,,
custom,,1-216/,,all-products.html,301,3,,,
custom,,1-216/,,all-products.html,301,4,,,
custom,,1-216/,,all-products.html,301,5,,,
custom,,1-216/,,all-products.html,301,6,,,
custom,,1-216/,,all-products.html,301,7,,,
custom,,1-217/,,all-products.html,301,1,,,
custom,,1-217/,,all-products.html,301,2,,,
custom,,1-217/,,all-products.html,301,3,,,
custom,,1-217/,,all-products.html,301,4,,,
custom,,1-217/,,all-products.html,301,5,,,
custom,,1-217/,,all-products.html,301,6,,,
custom,,1-217/,,all-products.html,301,7,,,
custom,,1-23/,,all-products.html,301,1,,,
custom,,1-23/,,all-products.html,301,2,,,
custom,,1-23/,,all-products.html,301,3,,,
custom,,1-23/,,all-products.html,301,4,,,
custom,,1-23/,,all-products.html,301,5,,,
custom,,1-23/,,all-products.html,301,6,,,
custom,,1-23/,,all-products.html,301,7,,,
custom,,1-273/,,all-products.html,301,1,,,
custom,,1-273/,,all-products.html,301,2,,,
custom,,1-273/,,all-products.html,301,3,,,
custom,,1-273/,,all-products.html,301,4,,,
custom,,1-273/,,all-products.html,301,5,,,
custom,,1-273/,,all-products.html,301,6,,,
custom,,1-273/,,all-products.html,301,7,,,
custom,,1-275/,,all-products.html,301,1,,,
custom,,1-275/,,all-products.html,301,2,,,
custom,,1-275/,,all-products.html,301,3,,,
custom,,1-275/,,all-products.html,301,4,,,
custom,,1-275/,,all-products.html,301,5,,,
custom,,1-275/,,all-products.html,301,6,,,
custom,,1-275/,,all-products.html,301,7,,,
custom,,1-280/,,all-products.html,301,1,,,
custom,,1-280/,,all-products.html,301,2,,,
custom,,1-280/,,all-products.html,301,3,,,
custom,,1-280/,,all-products.html,301,4,,,
custom,,1-280/,,all-products.html,301,5,,,
custom,,1-280/,,all-products.html,301,6,,,
custom,,1-280/,,all-products.html,301,7,,,
custom,,1-284/,,all-products.html,301,1,,,
custom,,1-284/,,all-products.html,301,2,,,
custom,,1-284/,,all-products.html,301,3,,,
custom,,1-284/,,all-products.html,301,4,,,
custom,,1-284/,,all-products.html,301,5,,,
custom,,1-284/,,all-products.html,301,6,,,
custom,,1-284/,,all-products.html,301,7,,,
custom,,1-291/,,all-products.html,301,1,,,
custom,,1-291/,,all-products.html,301,2,,,
custom,,1-291/,,all-products.html,301,3,,,
custom,,1-291/,,all-products.html,301,4,,,
custom,,1-291/,,all-products.html,301,5,,,
custom,,1-291/,,all-products.html,301,6,,,
custom,,1-291/,,all-products.html,301,7,,,
custom,,1-292/,,all-products.html,301,1,,,
custom,,1-292/,,all-products.html,301,2,,,
custom,,1-292/,,all-products.html,301,3,,,
custom,,1-292/,,all-products.html,301,4,,,
custom,,1-292/,,all-products.html,301,5,,,
custom,,1-292/,,all-products.html,301,6,,,
custom,,1-292/,,all-products.html,301,7,,,
custom,,1-298/,,all-products.html,301,1,,,
custom,,1-298/,,all-products.html,301,2,,,
custom,,1-298/,,all-products.html,301,3,,,
custom,,1-298/,,all-products.html,301,4,,,
custom,,1-298/,,all-products.html,301,5,,,
custom,,1-298/,,all-products.html,301,6,,,
custom,,1-298/,,all-products.html,301,7,,,
custom,,1-301/,,all-products.html,301,1,,,
custom,,1-301/,,all-products.html,301,2,,,
custom,,1-301/,,all-products.html,301,3,,,
custom,,1-301/,,all-products.html,301,4,,,
custom,,1-301/,,all-products.html,301,5,,,
custom,,1-301/,,all-products.html,301,6,,,
custom,,1-301/,,all-products.html,301,7,,,
custom,,1-312/,,all-products.html,301,1,,,
custom,,1-312/,,all-products.html,301,2,,,
custom,,1-312/,,all-products.html,301,3,,,
custom,,1-312/,,all-products.html,301,4,,,
custom,,1-312/,,all-products.html,301,5,,,
custom,,1-312/,,all-products.html,301,6,,,
custom,,1-312/,,all-products.html,301,7,,,
custom,,1-331/,,all-products.html,301,1,,,
custom,,1-331/,,all-products.html,301,2,,,
custom,,1-331/,,all-products.html,301,3,,,
custom,,1-331/,,all-products.html,301,4,,,
custom,,1-331/,,all-products.html,301,5,,,
custom,,1-331/,,all-products.html,301,6,,,
custom,,1-331/,,all-products.html,301,7,,,
custom,,1-334/,,all-products.html,301,1,,,
custom,,1-334/,,all-products.html,301,2,,,
custom,,1-334/,,all-products.html,301,3,,,
custom,,1-334/,,all-products.html,301,4,,,
custom,,1-334/,,all-products.html,301,5,,,
custom,,1-334/,,all-products.html,301,6,,,
custom,,1-334/,,all-products.html,301,7,,,
custom,,1-335/,,all-products.html,301,1,,,
custom,,1-335/,,all-products.html,301,2,,,
custom,,1-335/,,all-products.html,301,3,,,
custom,,1-335/,,all-products.html,301,4,,,
custom,,1-335/,,all-products.html,301,5,,,
custom,,1-335/,,all-products.html,301,6,,,
custom,,1-335/,,all-products.html,301,7,,,
custom,,1-352/,,all-products.html,301,1,,,
custom,,1-352/,,all-products.html,301,2,,,
custom,,1-352/,,all-products.html,301,3,,,
custom,,1-352/,,all-products.html,301,4,,,
custom,,1-352/,,all-products.html,301,5,,,
custom,,1-352/,,all-products.html,301,6,,,
custom,,1-352/,,all-products.html,301,7,,,
custom,,1-360/,,all-products.html,301,1,,,
custom,,1-360/,,all-products.html,301,2,,,
custom,,1-360/,,all-products.html,301,3,,,
custom,,1-360/,,all-products.html,301,4,,,
custom,,1-360/,,all-products.html,301,5,,,
custom,,1-360/,,all-products.html,301,6,,,
custom,,1-360/,,all-products.html,301,7,,,
custom,,1-372/,,all-products.html,301,1,,,
custom,,1-372/,,all-products.html,301,2,,,
custom,,1-372/,,all-products.html,301,3,,,
custom,,1-372/,,all-products.html,301,4,,,
custom,,1-372/,,all-products.html,301,5,,,
custom,,1-372/,,all-products.html,301,6,,,
custom,,1-372/,,all-products.html,301,7,,,
custom,,14e4d176-a959-414e-bc8d-f74d264e893d/,,all-products.html,301,1,,,
custom,,14e4d176-a959-414e-bc8d-f74d264e893d/,,all-products.html,301,2,,,
custom,,14e4d176-a959-414e-bc8d-f74d264e893d/,,all-products.html,301,3,,,
custom,,14e4d176-a959-414e-bc8d-f74d264e893d/,,all-products.html,301,4,,,
custom,,14e4d176-a959-414e-bc8d-f74d264e893d/,,all-products.html,301,5,,,
custom,,14e4d176-a959-414e-bc8d-f74d264e893d/,,all-products.html,301,6,,,
custom,,14e4d176-a959-414e-bc8d-f74d264e893d/,,all-products.html,301,7,,,
custom,,1-86/,,all-products.html,301,1,,,
custom,,1-86/,,all-products.html,301,2,,,
custom,,1-86/,,all-products.html,301,3,,,
custom,,1-86/,,all-products.html,301,4,,,
custom,,1-86/,,all-products.html,301,5,,,
custom,,1-86/,,all-products.html,301,6,,,
custom,,1-86/,,all-products.html,301,7,,,
custom,,1c7d9154-10e7-476d-b3c9-e40c15a65d22/,,all-products.html,301,1,,,
custom,,1c7d9154-10e7-476d-b3c9-e40c15a65d22/,,all-products.html,301,2,,,
custom,,1c7d9154-10e7-476d-b3c9-e40c15a65d22/,,all-products.html,301,3,,,
custom,,1c7d9154-10e7-476d-b3c9-e40c15a65d22/,,all-products.html,301,4,,,
custom,,1c7d9154-10e7-476d-b3c9-e40c15a65d22/,,all-products.html,301,5,,,
custom,,1c7d9154-10e7-476d-b3c9-e40c15a65d22/,,all-products.html,301,6,,,
custom,,1c7d9154-10e7-476d-b3c9-e40c15a65d22/,,all-products.html,301,7,,,
custom,,2-25/,,all-products.html,301,1,,,
custom,,2-25/,,all-products.html,301,2,,,
custom,,2-25/,,all-products.html,301,3,,,
custom,,2-25/,,all-products.html,301,4,,,
custom,,2-25/,,all-products.html,301,5,,,
custom,,2-25/,,all-products.html,301,6,,,
custom,,2-25/,,all-products.html,301,7,,,
custom,,2-3-150x150/,,all-products.html,301,1,,,
custom,,2-3-150x150/,,all-products.html,301,2,,,
custom,,2-3-150x150/,,all-products.html,301,3,,,
custom,,2-3-150x150/,,all-products.html,301,4,,,
custom,,2-3-150x150/,,all-products.html,301,5,,,
custom,,2-3-150x150/,,all-products.html,301,6,,,
custom,,2-3-150x150/,,all-products.html,301,7,,,
custom,,2-49/,,all-products.html,301,1,,,
custom,,2-49/,,all-products.html,301,2,,,
custom,,2-49/,,all-products.html,301,3,,,
custom,,2-49/,,all-products.html,301,4,,,
custom,,2-49/,,all-products.html,301,5,,,
custom,,2-49/,,all-products.html,301,6,,,
custom,,2-49/,,all-products.html,301,7,,,
custom,,2-87/,,all-products.html,301,1,,,
custom,,2-87/,,all-products.html,301,2,,,
custom,,2-87/,,all-products.html,301,3,,,
custom,,2-87/,,all-products.html,301,4,,,
custom,,2-87/,,all-products.html,301,5,,,
custom,,2-87/,,all-products.html,301,6,,,
custom,,2-87/,,all-products.html,301,7,,,
custom,,31gsunn-tl/,,all-products.html,301,1,,,
custom,,31gsunn-tl/,,all-products.html,301,2,,,
custom,,31gsunn-tl/,,all-products.html,301,3,,,
custom,,31gsunn-tl/,,all-products.html,301,4,,,
custom,,31gsunn-tl/,,all-products.html,301,5,,,
custom,,31gsunn-tl/,,all-products.html,301,6,,,
custom,,31gsunn-tl/,,all-products.html,301,7,,,
custom,,31mpzyrygdl/,,all-products.html,301,1,,,
custom,,31mpzyrygdl/,,all-products.html,301,2,,,
custom,,31mpzyrygdl/,,all-products.html,301,3,,,
custom,,31mpzyrygdl/,,all-products.html,301,4,,,
custom,,31mpzyrygdl/,,all-products.html,301,5,,,
custom,,31mpzyrygdl/,,all-products.html,301,6,,,
custom,,31mpzyrygdl/,,all-products.html,301,7,,,
custom,,31o3czkmbml/,,all-products.html,301,1,,,
custom,,31o3czkmbml/,,all-products.html,301,2,,,
custom,,31o3czkmbml/,,all-products.html,301,3,,,
custom,,31o3czkmbml/,,all-products.html,301,4,,,
custom,,31o3czkmbml/,,all-products.html,301,5,,,
custom,,31o3czkmbml/,,all-products.html,301,6,,,
custom,,31o3czkmbml/,,all-products.html,301,7,,,
custom,,3-20/,,all-products.html,301,1,,,
custom,,3-20/,,all-products.html,301,2,,,
custom,,3-20/,,all-products.html,301,3,,,
custom,,3-20/,,all-products.html,301,4,,,
custom,,3-20/,,all-products.html,301,5,,,
custom,,3-20/,,all-products.html,301,6,,,
custom,,3-20/,,all-products.html,301,7,,,
custom,,32ec9f45-343d-42fc-b832-b2abedf645e7/,,all-products.html,301,1,,,
custom,,32ec9f45-343d-42fc-b832-b2abedf645e7/,,all-products.html,301,2,,,
custom,,32ec9f45-343d-42fc-b832-b2abedf645e7/,,all-products.html,301,3,,,
custom,,32ec9f45-343d-42fc-b832-b2abedf645e7/,,all-products.html,301,4,,,
custom,,32ec9f45-343d-42fc-b832-b2abedf645e7/,,all-products.html,301,5,,,
custom,,32ec9f45-343d-42fc-b832-b2abedf645e7/,,all-products.html,301,6,,,
custom,,32ec9f45-343d-42fc-b832-b2abedf645e7/,,all-products.html,301,7,,,
custom,,35/,,all-products.html,301,1,,,
custom,,35/,,all-products.html,301,2,,,
custom,,35/,,all-products.html,301,3,,,
custom,,35/,,all-products.html,301,4,,,
custom,,35/,,all-products.html,301,5,,,
custom,,35/,,all-products.html,301,6,,,
custom,,35/,,all-products.html,301,7,,,
custom,,3-78/,,all-products.html,301,1,,,
custom,,3-78/,,all-products.html,301,2,,,
custom,,3-78/,,all-products.html,301,3,,,
custom,,3-78/,,all-products.html,301,4,,,
custom,,3-78/,,all-products.html,301,5,,,
custom,,3-78/,,all-products.html,301,6,,,
custom,,3-78/,,all-products.html,301,7,,,
custom,,41cfjc7bul-_sx679_/,,all-products.html,301,1,,,
custom,,41cfjc7bul-_sx679_/,,all-products.html,301,2,,,
custom,,41cfjc7bul-_sx679_/,,all-products.html,301,3,,,
custom,,41cfjc7bul-_sx679_/,,all-products.html,301,4,,,
custom,,41cfjc7bul-_sx679_/,,all-products.html,301,5,,,
custom,,41cfjc7bul-_sx679_/,,all-products.html,301,6,,,
custom,,41cfjc7bul-_sx679_/,,all-products.html,301,7,,,
custom,,41hi4-bruvl-_sl1000_/,,all-products.html,301,1,,,
custom,,41hi4-bruvl-_sl1000_/,,all-products.html,301,2,,,
custom,,41hi4-bruvl-_sl1000_/,,all-products.html,301,3,,,
custom,,41hi4-bruvl-_sl1000_/,,all-products.html,301,4,,,
custom,,41hi4-bruvl-_sl1000_/,,all-products.html,301,5,,,
custom,,41hi4-bruvl-_sl1000_/,,all-products.html,301,6,,,
custom,,41hi4-bruvl-_sl1000_/,,all-products.html,301,7,,,
custom,,41izr04sijl-4/,,all-products.html,301,1,,,
custom,,41izr04sijl-4/,,all-products.html,301,2,,,
custom,,41izr04sijl-4/,,all-products.html,301,3,,,
custom,,41izr04sijl-4/,,all-products.html,301,4,,,
custom,,41izr04sijl-4/,,all-products.html,301,5,,,
custom,,41izr04sijl-4/,,all-products.html,301,6,,,
custom,,41izr04sijl-4/,,all-products.html,301,7,,,
custom,,41nnlliqfdl-_sl1500_/,,all-products.html,301,1,,,
custom,,41nnlliqfdl-_sl1500_/,,all-products.html,301,2,,,
custom,,41nnlliqfdl-_sl1500_/,,all-products.html,301,3,,,
custom,,41nnlliqfdl-_sl1500_/,,all-products.html,301,4,,,
custom,,41nnlliqfdl-_sl1500_/,,all-products.html,301,5,,,
custom,,41nnlliqfdl-_sl1500_/,,all-products.html,301,6,,,
custom,,41nnlliqfdl-_sl1500_/,,all-products.html,301,7,,,
custom,,41pp2ensw2l/,,all-products.html,301,1,,,
custom,,41pp2ensw2l/,,all-products.html,301,2,,,
custom,,41pp2ensw2l/,,all-products.html,301,3,,,
custom,,41pp2ensw2l/,,all-products.html,301,4,,,
custom,,41pp2ensw2l/,,all-products.html,301,5,,,
custom,,41pp2ensw2l/,,all-products.html,301,6,,,
custom,,41pp2ensw2l/,,all-products.html,301,7,,,
custom,,41re3-mfpl/,,all-products.html,301,1,,,
custom,,41re3-mfpl/,,all-products.html,301,2,,,
custom,,41re3-mfpl/,,all-products.html,301,3,,,
custom,,41re3-mfpl/,,all-products.html,301,4,,,
custom,,41re3-mfpl/,,all-products.html,301,5,,,
custom,,41re3-mfpl/,,all-products.html,301,6,,,
custom,,41re3-mfpl/,,all-products.html,301,7,,,
custom,,41rscp9cnpl-_sx522_/,,all-products.html,301,1,,,
custom,,41rscp9cnpl-_sx522_/,,all-products.html,301,2,,,
custom,,41rscp9cnpl-_sx522_/,,all-products.html,301,3,,,
custom,,41rscp9cnpl-_sx522_/,,all-products.html,301,4,,,
custom,,41rscp9cnpl-_sx522_/,,all-products.html,301,5,,,
custom,,41rscp9cnpl-_sx522_/,,all-products.html,301,6,,,
custom,,41rscp9cnpl-_sx522_/,,all-products.html,301,7,,,
custom,,41wg8thmnl/,,all-products.html,301,1,,,
custom,,41wg8thmnl/,,all-products.html,301,2,,,
custom,,41wg8thmnl/,,all-products.html,301,3,,,
custom,,41wg8thmnl/,,all-products.html,301,4,,,
custom,,41wg8thmnl/,,all-products.html,301,5,,,
custom,,41wg8thmnl/,,all-products.html,301,6,,,
custom,,41wg8thmnl/,,all-products.html,301,7,,,
custom,,46a78542-7ac7-4a27-9a8b-dd6f0310e591/,,all-products.html,301,1,,,
custom,,46a78542-7ac7-4a27-9a8b-dd6f0310e591/,,all-products.html,301,2,,,
custom,,46a78542-7ac7-4a27-9a8b-dd6f0310e591/,,all-products.html,301,3,,,
custom,,46a78542-7ac7-4a27-9a8b-dd6f0310e591/,,all-products.html,301,4,,,
custom,,46a78542-7ac7-4a27-9a8b-dd6f0310e591/,,all-products.html,301,5,,,
custom,,46a78542-7ac7-4a27-9a8b-dd6f0310e591/,,all-products.html,301,6,,,
custom,,46a78542-7ac7-4a27-9a8b-dd6f0310e591/,,all-products.html,301,7,,,
custom,,4-94/,,all-products.html,301,1,,,
custom,,4-94/,,all-products.html,301,2,,,
custom,,4-94/,,all-products.html,301,3,,,
custom,,4-94/,,all-products.html,301,4,,,
custom,,4-94/,,all-products.html,301,5,,,
custom,,4-94/,,all-products.html,301,6,,,
custom,,4-94/,,all-products.html,301,7,,,
custom,,513xfoluwyl-_sl1100_/,,all-products.html,301,1,,,
custom,,513xfoluwyl-_sl1100_/,,all-products.html,301,2,,,
custom,,513xfoluwyl-_sl1100_/,,all-products.html,301,3,,,
custom,,513xfoluwyl-_sl1100_/,,all-products.html,301,4,,,
custom,,513xfoluwyl-_sl1100_/,,all-products.html,301,5,,,
custom,,513xfoluwyl-_sl1100_/,,all-products.html,301,6,,,
custom,,513xfoluwyl-_sl1100_/,,all-products.html,301,7,,,
custom,,51d-bdasmel-_sl1000_/,,all-products.html,301,1,,,
custom,,51d-bdasmel-_sl1000_/,,all-products.html,301,2,,,
custom,,51d-bdasmel-_sl1000_/,,all-products.html,301,3,,,
custom,,51d-bdasmel-_sl1000_/,,all-products.html,301,4,,,
custom,,51d-bdasmel-_sl1000_/,,all-products.html,301,5,,,
custom,,51d-bdasmel-_sl1000_/,,all-products.html,301,6,,,
custom,,51d-bdasmel-_sl1000_/,,all-products.html,301,7,,,
custom,,51m9dvdtbdl/,,all-products.html,301,1,,,
custom,,51m9dvdtbdl/,,all-products.html,301,2,,,
custom,,51m9dvdtbdl/,,all-products.html,301,3,,,
custom,,51m9dvdtbdl/,,all-products.html,301,4,,,
custom,,51m9dvdtbdl/,,all-products.html,301,5,,,
custom,,51m9dvdtbdl/,,all-products.html,301,6,,,
custom,,51m9dvdtbdl/,,all-products.html,301,7,,,
custom,,51rztmrxl-_sx679_/,,all-products.html,301,1,,,
custom,,51rztmrxl-_sx679_/,,all-products.html,301,2,,,
custom,,51rztmrxl-_sx679_/,,all-products.html,301,3,,,
custom,,51rztmrxl-_sx679_/,,all-products.html,301,4,,,
custom,,51rztmrxl-_sx679_/,,all-products.html,301,5,,,
custom,,51rztmrxl-_sx679_/,,all-products.html,301,6,,,
custom,,51rztmrxl-_sx679_/,,all-products.html,301,7,,,
custom,,5-8/,,all-products.html,301,1,,,
custom,,5-8/,,all-products.html,301,2,,,
custom,,5-8/,,all-products.html,301,3,,,
custom,,5-8/,,all-products.html,301,4,,,
custom,,5-8/,,all-products.html,301,5,,,
custom,,5-8/,,all-products.html,301,6,,,
custom,,5-8/,,all-products.html,301,7,,,
custom,,6102ytdyv0l-_sl1500_/,,all-products.html,301,1,,,
custom,,6102ytdyv0l-_sl1500_/,,all-products.html,301,2,,,
custom,,6102ytdyv0l-_sl1500_/,,all-products.html,301,3,,,
custom,,6102ytdyv0l-_sl1500_/,,all-products.html,301,4,,,
custom,,6102ytdyv0l-_sl1500_/,,all-products.html,301,5,,,
custom,,6102ytdyv0l-_sl1500_/,,all-products.html,301,6,,,
custom,,6102ytdyv0l-_sl1500_/,,all-products.html,301,7,,,
custom,,6-13/,,all-products.html,301,1,,,
custom,,6-13/,,all-products.html,301,2,,,
custom,,6-13/,,all-products.html,301,3,,,
custom,,6-13/,,all-products.html,301,4,,,
custom,,6-13/,,all-products.html,301,5,,,
custom,,6-13/,,all-products.html,301,6,,,
custom,,6-13/,,all-products.html,301,7,,,
custom,,61dfbybrzkl-_sl1500_/,,all-products.html,301,1,,,
custom,,61dfbybrzkl-_sl1500_/,,all-products.html,301,2,,,
custom,,61dfbybrzkl-_sl1500_/,,all-products.html,301,3,,,
custom,,61dfbybrzkl-_sl1500_/,,all-products.html,301,4,,,
custom,,61dfbybrzkl-_sl1500_/,,all-products.html,301,5,,,
custom,,61dfbybrzkl-_sl1500_/,,all-products.html,301,6,,,
custom,,61dfbybrzkl-_sl1500_/,,all-products.html,301,7,,,
custom,,61ewoq-zprl-_sl1500_/,,all-products.html,301,1,,,
custom,,61ewoq-zprl-_sl1500_/,,all-products.html,301,2,,,
custom,,61ewoq-zprl-_sl1500_/,,all-products.html,301,3,,,
custom,,61ewoq-zprl-_sl1500_/,,all-products.html,301,4,,,
custom,,61ewoq-zprl-_sl1500_/,,all-products.html,301,5,,,
custom,,61ewoq-zprl-_sl1500_/,,all-products.html,301,6,,,
custom,,61ewoq-zprl-_sl1500_/,,all-products.html,301,7,,,
custom,,61hxunwnykl-_sl1000_/,,all-products.html,301,1,,,
custom,,61hxunwnykl-_sl1000_/,,all-products.html,301,2,,,
custom,,61hxunwnykl-_sl1000_/,,all-products.html,301,3,,,
custom,,61hxunwnykl-_sl1000_/,,all-products.html,301,4,,,
custom,,61hxunwnykl-_sl1000_/,,all-products.html,301,5,,,
custom,,61hxunwnykl-_sl1000_/,,all-products.html,301,6,,,
custom,,61hxunwnykl-_sl1000_/,,all-products.html,301,7,,,
custom,,61lger0sul-_sl1308_/,,all-products.html,301,1,,,
custom,,61lger0sul-_sl1308_/,,all-products.html,301,2,,,
custom,,61lger0sul-_sl1308_/,,all-products.html,301,3,,,
custom,,61lger0sul-_sl1308_/,,all-products.html,301,4,,,
custom,,61lger0sul-_sl1308_/,,all-products.html,301,5,,,
custom,,61lger0sul-_sl1308_/,,all-products.html,301,6,,,
custom,,61lger0sul-_sl1308_/,,all-products.html,301,7,,,
custom,,61-r7ahpxll-_sl1387_/,,all-products.html,301,1,,,
custom,,61-r7ahpxll-_sl1387_/,,all-products.html,301,2,,,
custom,,61-r7ahpxll-_sl1387_/,,all-products.html,301,3,,,
custom,,61-r7ahpxll-_sl1387_/,,all-products.html,301,4,,,
custom,,61-r7ahpxll-_sl1387_/,,all-products.html,301,5,,,
custom,,61-r7ahpxll-_sl1387_/,,all-products.html,301,6,,,
custom,,61-r7ahpxll-_sl1387_/,,all-products.html,301,7,,,
custom,,61vclpksinl-_sx679_/,,all-products.html,301,1,,,
custom,,61vclpksinl-_sx679_/,,all-products.html,301,2,,,
custom,,61vclpksinl-_sx679_/,,all-products.html,301,3,,,
custom,,61vclpksinl-_sx679_/,,all-products.html,301,4,,,
custom,,61vclpksinl-_sx679_/,,all-products.html,301,5,,,
custom,,61vclpksinl-_sx679_/,,all-products.html,301,6,,,
custom,,61vclpksinl-_sx679_/,,all-products.html,301,7,,,
custom,,61vsdtr3al-_sl1400_/,,all-products.html,301,1,,,
custom,,61vsdtr3al-_sl1400_/,,all-products.html,301,2,,,
custom,,61vsdtr3al-_sl1400_/,,all-products.html,301,3,,,
custom,,61vsdtr3al-_sl1400_/,,all-products.html,301,4,,,
custom,,61vsdtr3al-_sl1400_/,,all-products.html,301,5,,,
custom,,61vsdtr3al-_sl1400_/,,all-products.html,301,6,,,
custom,,61vsdtr3al-_sl1400_/,,all-products.html,301,7,,,
custom,,6-33/,,all-products.html,301,1,,,
custom,,6-33/,,all-products.html,301,2,,,
custom,,6-33/,,all-products.html,301,3,,,
custom,,6-33/,,all-products.html,301,4,,,
custom,,6-33/,,all-products.html,301,5,,,
custom,,6-33/,,all-products.html,301,6,,,
custom,,6-33/,,all-products.html,301,7,,,
custom,,719zlajs4xl-_sl1500_-2/,,all-products.html,301,1,,,
custom,,719zlajs4xl-_sl1500_-2/,,all-products.html,301,2,,,
custom,,719zlajs4xl-_sl1500_-2/,,all-products.html,301,3,,,
custom,,719zlajs4xl-_sl1500_-2/,,all-products.html,301,4,,,
custom,,719zlajs4xl-_sl1500_-2/,,all-products.html,301,5,,,
custom,,719zlajs4xl-_sl1500_-2/,,all-products.html,301,6,,,
custom,,719zlajs4xl-_sl1500_-2/,,all-products.html,301,7,,,
custom,,71eworhi4hl-_sl1280_/,,all-products.html,301,1,,,
custom,,71eworhi4hl-_sl1280_/,,all-products.html,301,2,,,
custom,,71eworhi4hl-_sl1280_/,,all-products.html,301,3,,,
custom,,71eworhi4hl-_sl1280_/,,all-products.html,301,4,,,
custom,,71eworhi4hl-_sl1280_/,,all-products.html,301,5,,,
custom,,71eworhi4hl-_sl1280_/,,all-products.html,301,6,,,
custom,,71eworhi4hl-_sl1280_/,,all-products.html,301,7,,,
custom,,71gz3wiqul-_sl1500_/,,all-products.html,301,1,,,
custom,,71gz3wiqul-_sl1500_/,,all-products.html,301,2,,,
custom,,71gz3wiqul-_sl1500_/,,all-products.html,301,3,,,
custom,,71gz3wiqul-_sl1500_/,,all-products.html,301,4,,,
custom,,71gz3wiqul-_sl1500_/,,all-products.html,301,5,,,
custom,,71gz3wiqul-_sl1500_/,,all-products.html,301,6,,,
custom,,71gz3wiqul-_sl1500_/,,all-products.html,301,7,,,
custom,,71pyqvggjl-_sl1500_/,,all-products.html,301,1,,,
custom,,71pyqvggjl-_sl1500_/,,all-products.html,301,2,,,
custom,,71pyqvggjl-_sl1500_/,,all-products.html,301,3,,,
custom,,71pyqvggjl-_sl1500_/,,all-products.html,301,4,,,
custom,,71pyqvggjl-_sl1500_/,,all-products.html,301,5,,,
custom,,71pyqvggjl-_sl1500_/,,all-products.html,301,6,,,
custom,,71pyqvggjl-_sl1500_/,,all-products.html,301,7,,,
custom,,71xdblr0l-_sl1280_/,,all-products.html,301,1,,,
custom,,71xdblr0l-_sl1280_/,,all-products.html,301,2,,,
custom,,71xdblr0l-_sl1280_/,,all-products.html,301,3,,,
custom,,71xdblr0l-_sl1280_/,,all-products.html,301,4,,,
custom,,71xdblr0l-_sl1280_/,,all-products.html,301,5,,,
custom,,71xdblr0l-_sl1280_/,,all-products.html,301,6,,,
custom,,71xdblr0l-_sl1280_/,,all-products.html,301,7,,,
custom,,77e9b200-1f75-4196-bdf0-e59660e93a4c/,,all-products.html,301,1,,,
custom,,77e9b200-1f75-4196-bdf0-e59660e93a4c/,,all-products.html,301,2,,,
custom,,77e9b200-1f75-4196-bdf0-e59660e93a4c/,,all-products.html,301,3,,,
custom,,77e9b200-1f75-4196-bdf0-e59660e93a4c/,,all-products.html,301,4,,,
custom,,77e9b200-1f75-4196-bdf0-e59660e93a4c/,,all-products.html,301,5,,,
custom,,77e9b200-1f75-4196-bdf0-e59660e93a4c/,,all-products.html,301,6,,,
custom,,77e9b200-1f75-4196-bdf0-e59660e93a4c/,,all-products.html,301,7,,,
custom,,7d437d97-ea2e-4a64-acca-31a432435e17-1/,,all-products.html,301,1,,,
custom,,7d437d97-ea2e-4a64-acca-31a432435e17-1/,,all-products.html,301,2,,,
custom,,7d437d97-ea2e-4a64-acca-31a432435e17-1/,,all-products.html,301,3,,,
custom,,7d437d97-ea2e-4a64-acca-31a432435e17-1/,,all-products.html,301,4,,,
custom,,7d437d97-ea2e-4a64-acca-31a432435e17-1/,,all-products.html,301,5,,,
custom,,7d437d97-ea2e-4a64-acca-31a432435e17-1/,,all-products.html,301,6,,,
custom,,7d437d97-ea2e-4a64-acca-31a432435e17-1/,,all-products.html,301,7,,,
custom,,81q4kjfaal-_sl1500_/,,all-products.html,301,1,,,
custom,,81q4kjfaal-_sl1500_/,,all-products.html,301,2,,,
custom,,81q4kjfaal-_sl1500_/,,all-products.html,301,3,,,
custom,,81q4kjfaal-_sl1500_/,,all-products.html,301,4,,,
custom,,81q4kjfaal-_sl1500_/,,all-products.html,301,5,,,
custom,,81q4kjfaal-_sl1500_/,,all-products.html,301,6,,,
custom,,81q4kjfaal-_sl1500_/,,all-products.html,301,7,,,
custom,,8fdda415-6e50-40fe-ad5d-11ca2064aa28/,,all-products.html,301,1,,,
custom,,8fdda415-6e50-40fe-ad5d-11ca2064aa28/,,all-products.html,301,2,,,
custom,,8fdda415-6e50-40fe-ad5d-11ca2064aa28/,,all-products.html,301,3,,,
custom,,8fdda415-6e50-40fe-ad5d-11ca2064aa28/,,all-products.html,301,4,,,
custom,,8fdda415-6e50-40fe-ad5d-11ca2064aa28/,,all-products.html,301,5,,,
custom,,8fdda415-6e50-40fe-ad5d-11ca2064aa28/,,all-products.html,301,6,,,
custom,,8fdda415-6e50-40fe-ad5d-11ca2064aa28/,,all-products.html,301,7,,,
custom,,9e39beb9-66a7-4429-b0c3-0f89e2b553d1/,,all-products.html,301,1,,,
custom,,9e39beb9-66a7-4429-b0c3-0f89e2b553d1/,,all-products.html,301,2,,,
custom,,9e39beb9-66a7-4429-b0c3-0f89e2b553d1/,,all-products.html,301,3,,,
custom,,9e39beb9-66a7-4429-b0c3-0f89e2b553d1/,,all-products.html,301,4,,,
custom,,9e39beb9-66a7-4429-b0c3-0f89e2b553d1/,,all-products.html,301,5,,,
custom,,9e39beb9-66a7-4429-b0c3-0f89e2b553d1/,,all-products.html,301,6,,,
custom,,9e39beb9-66a7-4429-b0c3-0f89e2b553d1/,,all-products.html,301,7,,,
custom,,a6/,,all-products.html,301,1,,,
custom,,a6/,,all-products.html,301,2,,,
custom,,a6/,,all-products.html,301,3,,,
custom,,a6/,,all-products.html,301,4,,,
custom,,a6/,,all-products.html,301,5,,,
custom,,a6/,,all-products.html,301,6,,,
custom,,a6/,,all-products.html,301,7,,,
custom,,about/,,about-us,301,1,,,
custom,,about/,,about-us,301,2,,,
custom,,about/,,about-us,301,3,,,
custom,,about/,,about-us,301,4,,,
custom,,about/,,about-us,301,5,,,
custom,,about/,,about-us,301,6,,,
custom,,about/,,about-us,301,7,,,
custom,,asdasdsa/,,all-products.html,301,1,,,
custom,,asdasdsa/,,all-products.html,301,2,,,
custom,,asdasdsa/,,all-products.html,301,3,,,
custom,,asdasdsa/,,all-products.html,301,4,,,
custom,,asdasdsa/,,all-products.html,301,5,,,
custom,,asdasdsa/,,all-products.html,301,6,,,
custom,,asdasdsa/,,all-products.html,301,7,,,
custom,,assa/,,all-products.html,301,1,,,
custom,,assa/,,all-products.html,301,2,,,
custom,,assa/,,all-products.html,301,3,,,
custom,,assa/,,all-products.html,301,4,,,
custom,,assa/,,all-products.html,301,5,,,
custom,,assa/,,all-products.html,301,6,,,
custom,,assa/,,all-products.html,301,7,,,
custom,,backup_of_backup_of_otica-symbol-logo-coral/,,all-products.html,301,1,,,
custom,,backup_of_backup_of_otica-symbol-logo-coral/,,all-products.html,301,2,,,
custom,,backup_of_backup_of_otica-symbol-logo-coral/,,all-products.html,301,3,,,
custom,,backup_of_backup_of_otica-symbol-logo-coral/,,all-products.html,301,4,,,
custom,,backup_of_backup_of_otica-symbol-logo-coral/,,all-products.html,301,5,,,
custom,,backup_of_backup_of_otica-symbol-logo-coral/,,all-products.html,301,6,,,
custom,,backup_of_backup_of_otica-symbol-logo-coral/,,all-products.html,301,7,,,
custom,,blog-2/,,blog,301,1,,,
custom,,blog-2/,,blog,301,2,,,
custom,,blog-2/,,blog,301,3,,,
custom,,blog-2/,,blog,301,4,,,
custom,,blog-2/,,blog,301,5,,,
custom,,blog-2/,,blog,301,6,,,
custom,,blog-2/,,blog,301,7,,,
custom,,blog-image-post/,,blog,301,1,,,
custom,,blog-image-post/,,blog,301,2,,,
custom,,blog-image-post/,,blog,301,3,,,
custom,,blog-image-post/,,blog,301,4,,,
custom,,blog-image-post/,,blog,301,5,,,
custom,,blog-image-post/,,blog,301,6,,,
custom,,blog-image-post/,,blog,301,7,,,
custom,,bpl-medical-technologies-smart-oxy-04-original-imaftkzz4hzs2byz/,,all-products.html,301,1,,,
custom,,bpl-medical-technologies-smart-oxy-04-original-imaftkzz4hzs2byz/,,all-products.html,301,2,,,
custom,,bpl-medical-technologies-smart-oxy-04-original-imaftkzz4hzs2byz/,,all-products.html,301,3,,,
custom,,bpl-medical-technologies-smart-oxy-04-original-imaftkzz4hzs2byz/,,all-products.html,301,4,,,
custom,,bpl-medical-technologies-smart-oxy-04-original-imaftkzz4hzs2byz/,,all-products.html,301,5,,,
custom,,bpl-medical-technologies-smart-oxy-04-original-imaftkzz4hzs2byz/,,all-products.html,301,6,,,
custom,,bpl-medical-technologies-smart-oxy-04-original-imaftkzz4hzs2byz/,,all-products.html,301,7,,,
custom,,cart-2/?remove_item=055e31fa43e652cb4ab6c0ee845c8d36&_wpnonce=0b73c47bf6,,all-products.html,301,1,,,
custom,,cart-2/?remove_item=055e31fa43e652cb4ab6c0ee845c8d36&_wpnonce=0b73c47bf6,,all-products.html,301,2,,,
custom,,cart-2/?remove_item=055e31fa43e652cb4ab6c0ee845c8d36&_wpnonce=0b73c47bf6,,all-products.html,301,3,,,
custom,,cart-2/?remove_item=055e31fa43e652cb4ab6c0ee845c8d36&_wpnonce=0b73c47bf6,,all-products.html,301,4,,,
custom,,cart-2/?remove_item=055e31fa43e652cb4ab6c0ee845c8d36&_wpnonce=0b73c47bf6,,all-products.html,301,5,,,
custom,,cart-2/?remove_item=055e31fa43e652cb4ab6c0ee845c8d36&_wpnonce=0b73c47bf6,,all-products.html,301,6,,,
custom,,cart-2/?remove_item=055e31fa43e652cb4ab6c0ee845c8d36&_wpnonce=0b73c47bf6,,all-products.html,301,7,,,
custom,,cart-2/?remove_item=055e31fa43e652cb4ab6c0ee845c8d36&_wpnonce=92cfced985,,all-products.html,301,1,,,
custom,,cart-2/?remove_item=055e31fa43e652cb4ab6c0ee845c8d36&_wpnonce=92cfced985,,all-products.html,301,2,,,
custom,,cart-2/?remove_item=055e31fa43e652cb4ab6c0ee845c8d36&_wpnonce=92cfced985,,all-products.html,301,3,,,
custom,,cart-2/?remove_item=055e31fa43e652cb4ab6c0ee845c8d36&_wpnonce=92cfced985,,all-products.html,301,4,,,
custom,,cart-2/?remove_item=055e31fa43e652cb4ab6c0ee845c8d36&_wpnonce=92cfced985,,all-products.html,301,5,,,
custom,,cart-2/?remove_item=055e31fa43e652cb4ab6c0ee845c8d36&_wpnonce=92cfced985,,all-products.html,301,6,,,
custom,,cart-2/?remove_item=055e31fa43e652cb4ab6c0ee845c8d36&_wpnonce=92cfced985,,all-products.html,301,7,,,
custom,,cart-2/?remove_item=055e31fa43e652cb4ab6c0ee845c8d36&_wpnonce=93a45450cd,,all-products.html,301,1,,,
custom,,cart-2/?remove_item=055e31fa43e652cb4ab6c0ee845c8d36&_wpnonce=93a45450cd,,all-products.html,301,2,,,
custom,,cart-2/?remove_item=055e31fa43e652cb4ab6c0ee845c8d36&_wpnonce=93a45450cd,,all-products.html,301,3,,,
custom,,cart-2/?remove_item=055e31fa43e652cb4ab6c0ee845c8d36&_wpnonce=93a45450cd,,all-products.html,301,4,,,
custom,,cart-2/?remove_item=055e31fa43e652cb4ab6c0ee845c8d36&_wpnonce=93a45450cd,,all-products.html,301,5,,,
custom,,cart-2/?remove_item=055e31fa43e652cb4ab6c0ee845c8d36&_wpnonce=93a45450cd,,all-products.html,301,6,,,
custom,,cart-2/?remove_item=055e31fa43e652cb4ab6c0ee845c8d36&_wpnonce=93a45450cd,,all-products.html,301,7,,,
custom,,cart-2/?remove_item=1c63926ebcabda26b5cdb31b5cc91efb&_wpnonce=2779c4242d,,all-products.html,301,1,,,
custom,,cart-2/?remove_item=1c63926ebcabda26b5cdb31b5cc91efb&_wpnonce=2779c4242d,,all-products.html,301,2,,,
custom,,cart-2/?remove_item=1c63926ebcabda26b5cdb31b5cc91efb&_wpnonce=2779c4242d,,all-products.html,301,3,,,
custom,,cart-2/?remove_item=1c63926ebcabda26b5cdb31b5cc91efb&_wpnonce=2779c4242d,,all-products.html,301,4,,,
custom,,cart-2/?remove_item=1c63926ebcabda26b5cdb31b5cc91efb&_wpnonce=2779c4242d,,all-products.html,301,5,,,
custom,,cart-2/?remove_item=1c63926ebcabda26b5cdb31b5cc91efb&_wpnonce=2779c4242d,,all-products.html,301,6,,,
custom,,cart-2/?remove_item=1c63926ebcabda26b5cdb31b5cc91efb&_wpnonce=2779c4242d,,all-products.html,301,7,,,
custom,,cart-2/?remove_item=8fe6833df81e224e08ce9be4abfa89a0&_wpnonce=b6fca1809d,,all-products.html,301,1,,,
custom,,cart-2/?remove_item=8fe6833df81e224e08ce9be4abfa89a0&_wpnonce=b6fca1809d,,all-products.html,301,2,,,
custom,,cart-2/?remove_item=8fe6833df81e224e08ce9be4abfa89a0&_wpnonce=b6fca1809d,,all-products.html,301,3,,,
custom,,cart-2/?remove_item=8fe6833df81e224e08ce9be4abfa89a0&_wpnonce=b6fca1809d,,all-products.html,301,4,,,
custom,,cart-2/?remove_item=8fe6833df81e224e08ce9be4abfa89a0&_wpnonce=b6fca1809d,,all-products.html,301,5,,,
custom,,cart-2/?remove_item=8fe6833df81e224e08ce9be4abfa89a0&_wpnonce=b6fca1809d,,all-products.html,301,6,,,
custom,,cart-2/?remove_item=8fe6833df81e224e08ce9be4abfa89a0&_wpnonce=b6fca1809d,,all-products.html,301,7,,,
custom,,cart-2/?remove_item=97785e0500ad16c18574c64189ccf4b4&_wpnonce=ae69c6a45a,,all-products.html,301,1,,,
custom,,cart-2/?remove_item=97785e0500ad16c18574c64189ccf4b4&_wpnonce=ae69c6a45a,,all-products.html,301,2,,,
custom,,cart-2/?remove_item=97785e0500ad16c18574c64189ccf4b4&_wpnonce=ae69c6a45a,,all-products.html,301,3,,,
custom,,cart-2/?remove_item=97785e0500ad16c18574c64189ccf4b4&_wpnonce=ae69c6a45a,,all-products.html,301,4,,,
custom,,cart-2/?remove_item=97785e0500ad16c18574c64189ccf4b4&_wpnonce=ae69c6a45a,,all-products.html,301,5,,,
custom,,cart-2/?remove_item=97785e0500ad16c18574c64189ccf4b4&_wpnonce=ae69c6a45a,,all-products.html,301,6,,,
custom,,cart-2/?remove_item=97785e0500ad16c18574c64189ccf4b4&_wpnonce=ae69c6a45a,,all-products.html,301,7,,,
custom,,cart-2/?remove_item=accfa1212a61b379ba0b009549113863&_wpnonce=6fe40974fa,,all-products.html,301,1,,,
custom,,cart-2/?remove_item=accfa1212a61b379ba0b009549113863&_wpnonce=6fe40974fa,,all-products.html,301,2,,,
custom,,cart-2/?remove_item=accfa1212a61b379ba0b009549113863&_wpnonce=6fe40974fa,,all-products.html,301,3,,,
custom,,cart-2/?remove_item=accfa1212a61b379ba0b009549113863&_wpnonce=6fe40974fa,,all-products.html,301,4,,,
custom,,cart-2/?remove_item=accfa1212a61b379ba0b009549113863&_wpnonce=6fe40974fa,,all-products.html,301,5,,,
custom,,cart-2/?remove_item=accfa1212a61b379ba0b009549113863&_wpnonce=6fe40974fa,,all-products.html,301,6,,,
custom,,cart-2/?remove_item=accfa1212a61b379ba0b009549113863&_wpnonce=6fe40974fa,,all-products.html,301,7,,,
custom,,cart-2/?remove_item=accfa1212a61b379ba0b009549113863&_wpnonce=bc34cc34ff,,all-products.html,301,1,,,
custom,,cart-2/?remove_item=accfa1212a61b379ba0b009549113863&_wpnonce=bc34cc34ff,,all-products.html,301,2,,,
custom,,cart-2/?remove_item=accfa1212a61b379ba0b009549113863&_wpnonce=bc34cc34ff,,all-products.html,301,3,,,
custom,,cart-2/?remove_item=accfa1212a61b379ba0b009549113863&_wpnonce=bc34cc34ff,,all-products.html,301,4,,,
custom,,cart-2/?remove_item=accfa1212a61b379ba0b009549113863&_wpnonce=bc34cc34ff,,all-products.html,301,5,,,
custom,,cart-2/?remove_item=accfa1212a61b379ba0b009549113863&_wpnonce=bc34cc34ff,,all-products.html,301,6,,,
custom,,cart-2/?remove_item=accfa1212a61b379ba0b009549113863&_wpnonce=bc34cc34ff,,all-products.html,301,7,,,
custom,,cart-2/?remove_item=dc2ff5f1be7effb525b145bed225e336&_wpnonce=8196cabdac,,all-products.html,301,1,,,
custom,,cart-2/?remove_item=dc2ff5f1be7effb525b145bed225e336&_wpnonce=8196cabdac,,all-products.html,301,2,,,
custom,,cart-2/?remove_item=dc2ff5f1be7effb525b145bed225e336&_wpnonce=8196cabdac,,all-products.html,301,3,,,
custom,,cart-2/?remove_item=dc2ff5f1be7effb525b145bed225e336&_wpnonce=8196cabdac,,all-products.html,301,4,,,
custom,,cart-2/?remove_item=dc2ff5f1be7effb525b145bed225e336&_wpnonce=8196cabdac,,all-products.html,301,5,,,
custom,,cart-2/?remove_item=dc2ff5f1be7effb525b145bed225e336&_wpnonce=8196cabdac,,all-products.html,301,6,,,
custom,,cart-2/?remove_item=dc2ff5f1be7effb525b145bed225e336&_wpnonce=8196cabdac,,all-products.html,301,7,,,
custom,,default/industrial-scientific.html,,all-products.html,301,1,,,
custom,,default/industrial-scientific.html,,all-products.html,301,2,,,
custom,,default/industrial-scientific.html,,all-products.html,301,3,,,
custom,,default/industrial-scientific.html,,all-products.html,301,4,,,
custom,,default/industrial-scientific.html,,all-products.html,301,5,,,
custom,,default/industrial-scientific.html,,all-products.html,301,6,,,
custom,,default/industrial-scientific.html,,all-products.html,301,7,,,
custom,,description_image_nasal_cannula_easyoxygen/,,all-products.html,301,1,,,
custom,,description_image_nasal_cannula_easyoxygen/,,all-products.html,301,2,,,
custom,,description_image_nasal_cannula_easyoxygen/,,all-products.html,301,3,,,
custom,,description_image_nasal_cannula_easyoxygen/,,all-products.html,301,4,,,
custom,,description_image_nasal_cannula_easyoxygen/,,all-products.html,301,5,,,
custom,,description_image_nasal_cannula_easyoxygen/,,all-products.html,301,6,,,
custom,,description_image_nasal_cannula_easyoxygen/,,all-products.html,301,7,,,
custom,,download/,,all-products.html,301,1,,,
custom,,download/,,all-products.html,301,2,,,
custom,,download/,,all-products.html,301,3,,,
custom,,download/,,all-products.html,301,4,,,
custom,,download/,,all-products.html,301,5,,,
custom,,download/,,all-products.html,301,6,,,
custom,,download/,,all-products.html,301,7,,,
custom,,ds44-d/,,all-products.html,301,1,,,
custom,,ds44-d/,,all-products.html,301,2,,,
custom,,ds44-d/,,all-products.html,301,3,,,
custom,,ds44-d/,,all-products.html,301,4,,,
custom,,ds44-d/,,all-products.html,301,5,,,
custom,,ds44-d/,,all-products.html,301,6,,,
custom,,ds44-d/,,all-products.html,301,7,,,
custom,,ds44-e/,,all-products.html,301,1,,,
custom,,ds44-e/,,all-products.html,301,2,,,
custom,,ds44-e/,,all-products.html,301,3,,,
custom,,ds44-e/,,all-products.html,301,4,,,
custom,,ds44-e/,,all-products.html,301,5,,,
custom,,ds44-e/,,all-products.html,301,6,,,
custom,,ds44-e/,,all-products.html,301,7,,,
custom,,electro-description-placeholder-3/,,all-products.html,301,1,,,
custom,,electro-description-placeholder-3/,,all-products.html,301,2,,,
custom,,electro-description-placeholder-3/,,all-products.html,301,3,,,
custom,,electro-description-placeholder-3/,,all-products.html,301,4,,,
custom,,electro-description-placeholder-3/,,all-products.html,301,5,,,
custom,,electro-description-placeholder-3/,,all-products.html,301,6,,,
custom,,electro-description-placeholder-3/,,all-products.html,301,7,,,
custom,,electro-slider-placeholder/,,all-products.html,301,1,,,
custom,,electro-slider-placeholder/,,all-products.html,301,2,,,
custom,,electro-slider-placeholder/,,all-products.html,301,3,,,
custom,,electro-slider-placeholder/,,all-products.html,301,4,,,
custom,,electro-slider-placeholder/,,all-products.html,301,5,,,
custom,,electro-slider-placeholder/,,all-products.html,301,6,,,
custom,,electro-slider-placeholder/,,all-products.html,301,7,,,
custom,,feed/?attachment_id=7730,,all-products.html,301,1,,,
custom,,feed/?attachment_id=7730,,all-products.html,301,2,,,
custom,,feed/?attachment_id=7730,,all-products.html,301,3,,,
custom,,feed/?attachment_id=7730,,all-products.html,301,4,,,
custom,,feed/?attachment_id=7730,,all-products.html,301,5,,,
custom,,feed/?attachment_id=7730,,all-products.html,301,6,,,
custom,,feed/?attachment_id=7730,,all-products.html,301,7,,,
custom,,hello-world/,,all-products.html,301,1,,,
custom,,hello-world/,,all-products.html,301,2,,,
custom,,hello-world/,,all-products.html,301,3,,,
custom,,hello-world/,,all-products.html,301,4,,,
custom,,hello-world/,,all-products.html,301,5,,,
custom,,hello-world/,,all-products.html,301,6,,,
custom,,hello-world/,,all-products.html,301,7,,,
custom,,home-healthcare-devices/cat-allergy_sinus_asthma_1-large-medium.html,,home-healthcare-devices/allergy-sinus-asthma.html,301,1,,,
custom,,home-healthcare-devices/cat-allergy_sinus_asthma_1-large-medium.html,,home-healthcare-devices/allergy-sinus-asthma.html,301,2,,,
custom,,home-healthcare-devices/cat-allergy_sinus_asthma_1-large-medium.html,,home-healthcare-devices/allergy-sinus-asthma.html,301,3,,,
custom,,home-healthcare-devices/cat-allergy_sinus_asthma_1-large-medium.html,,home-healthcare-devices/allergy-sinus-asthma.html,301,4,,,
custom,,home-healthcare-devices/cat-allergy_sinus_asthma_1-large-medium.html,,home-healthcare-devices/allergy-sinus-asthma.html,301,5,,,
custom,,home-healthcare-devices/cat-allergy_sinus_asthma_1-large-medium.html,,home-healthcare-devices/allergy-sinus-asthma.html,301,6,,,
custom,,home-healthcare-devices/cat-allergy_sinus_asthma_1-large-medium.html,,home-healthcare-devices/allergy-sinus-asthma.html,301,7,,,
custom,,home-healthcare-devices/cat-allergy_sinus_asthma_1-small-medium.html,,home-healthcare-devices/allergy-sinus-asthma.html,301,1,,,
custom,,home-healthcare-devices/cat-allergy_sinus_asthma_1-small-medium.html,,home-healthcare-devices/allergy-sinus-asthma.html,301,2,,,
custom,,home-healthcare-devices/cat-allergy_sinus_asthma_1-small-medium.html,,home-healthcare-devices/allergy-sinus-asthma.html,301,3,,,
custom,,home-healthcare-devices/cat-allergy_sinus_asthma_1-small-medium.html,,home-healthcare-devices/allergy-sinus-asthma.html,301,4,,,
custom,,home-healthcare-devices/cat-allergy_sinus_asthma_1-small-medium.html,,home-healthcare-devices/allergy-sinus-asthma.html,301,5,,,
custom,,home-healthcare-devices/cat-allergy_sinus_asthma_1-small-medium.html,,home-healthcare-devices/allergy-sinus-asthma.html,301,6,,,
custom,,home-healthcare-devices/cat-allergy_sinus_asthma_1-small-medium.html,,home-healthcare-devices/allergy-sinus-asthma.html,301,7,,,
custom,,home-healthcare-devices/cat-respiratory_mask-allergy_sinus_asthma_1.html?price=0.00-1000.00,,home-healthcare-devices/allergy-sinus-asthma.html,301,1,,,
custom,,home-healthcare-devices/cat-respiratory_mask-allergy_sinus_asthma_1.html?price=0.00-1000.00,,home-healthcare-devices/allergy-sinus-asthma.html,301,2,,,
custom,,home-healthcare-devices/cat-respiratory_mask-allergy_sinus_asthma_1.html?price=0.00-1000.00,,home-healthcare-devices/allergy-sinus-asthma.html,301,3,,,
custom,,home-healthcare-devices/cat-respiratory_mask-allergy_sinus_asthma_1.html?price=0.00-1000.00,,home-healthcare-devices/allergy-sinus-asthma.html,301,4,,,
custom,,home-healthcare-devices/cat-respiratory_mask-allergy_sinus_asthma_1.html?price=0.00-1000.00,,home-healthcare-devices/allergy-sinus-asthma.html,301,5,,,
custom,,home-healthcare-devices/cat-respiratory_mask-allergy_sinus_asthma_1.html?price=0.00-1000.00,,home-healthcare-devices/allergy-sinus-asthma.html,301,6,,,
custom,,home-healthcare-devices/cat-respiratory_mask-allergy_sinus_asthma_1.html?price=0.00-1000.00,,home-healthcare-devices/allergy-sinus-asthma.html,301,7,,,
custom,,home-healthcare-devices/cat-respiratory_mask-allergy_sinus_asthma_1-medium.html?price=1000.00-2000.00,,home-healthcare-devices/allergy-sinus-asthma.html,301,1,,,
custom,,home-healthcare-devices/cat-respiratory_mask-allergy_sinus_asthma_1-medium.html?price=1000.00-2000.00,,home-healthcare-devices/allergy-sinus-asthma.html,301,2,,,
custom,,home-healthcare-devices/cat-respiratory_mask-allergy_sinus_asthma_1-medium.html?price=1000.00-2000.00,,home-healthcare-devices/allergy-sinus-asthma.html,301,3,,,
custom,,home-healthcare-devices/cat-respiratory_mask-allergy_sinus_asthma_1-medium.html?price=1000.00-2000.00,,home-healthcare-devices/allergy-sinus-asthma.html,301,4,,,
custom,,home-healthcare-devices/cat-respiratory_mask-allergy_sinus_asthma_1-medium.html?price=1000.00-2000.00,,home-healthcare-devices/allergy-sinus-asthma.html,301,5,,,
custom,,home-healthcare-devices/cat-respiratory_mask-allergy_sinus_asthma_1-medium.html?price=1000.00-2000.00,,home-healthcare-devices/allergy-sinus-asthma.html,301,6,,,
custom,,home-healthcare-devices/cat-respiratory_mask-allergy_sinus_asthma_1-medium.html?price=1000.00-2000.00,,home-healthcare-devices/allergy-sinus-asthma.html,301,7,,,
custom,,home-healthcare-devices/cat-respiratory_mask-allergy_sinus_asthma_1-otica-large-medium.html,,home-healthcare-devices/allergy-sinus-asthma.html,301,1,,,
custom,,home-healthcare-devices/cat-respiratory_mask-allergy_sinus_asthma_1-otica-large-medium.html,,home-healthcare-devices/allergy-sinus-asthma.html,301,2,,,
custom,,home-healthcare-devices/cat-respiratory_mask-allergy_sinus_asthma_1-otica-large-medium.html,,home-healthcare-devices/allergy-sinus-asthma.html,301,3,,,
custom,,home-healthcare-devices/cat-respiratory_mask-allergy_sinus_asthma_1-otica-large-medium.html,,home-healthcare-devices/allergy-sinus-asthma.html,301,4,,,
custom,,home-healthcare-devices/cat-respiratory_mask-allergy_sinus_asthma_1-otica-large-medium.html,,home-healthcare-devices/allergy-sinus-asthma.html,301,5,,,
custom,,home-healthcare-devices/cat-respiratory_mask-allergy_sinus_asthma_1-otica-large-medium.html,,home-healthcare-devices/allergy-sinus-asthma.html,301,6,,,
custom,,home-healthcare-devices/cat-respiratory_mask-allergy_sinus_asthma_1-otica-large-medium.html,,home-healthcare-devices/allergy-sinus-asthma.html,301,7,,,
custom,,home-healthcare-devices/cat-respiratory_mask-allergy_sinus_asthma_1-small.html,,home-healthcare-devices/allergy-sinus-asthma.html,301,1,,,
custom,,home-healthcare-devices/cat-respiratory_mask-allergy_sinus_asthma_1-small.html,,home-healthcare-devices/allergy-sinus-asthma.html,301,2,,,
custom,,home-healthcare-devices/cat-respiratory_mask-allergy_sinus_asthma_1-small.html,,home-healthcare-devices/allergy-sinus-asthma.html,301,3,,,
custom,,home-healthcare-devices/cat-respiratory_mask-allergy_sinus_asthma_1-small.html,,home-healthcare-devices/allergy-sinus-asthma.html,301,4,,,
custom,,home-healthcare-devices/cat-respiratory_mask-allergy_sinus_asthma_1-small.html,,home-healthcare-devices/allergy-sinus-asthma.html,301,5,,,
custom,,home-healthcare-devices/cat-respiratory_mask-allergy_sinus_asthma_1-small.html,,home-healthcare-devices/allergy-sinus-asthma.html,301,6,,,
custom,,home-healthcare-devices/cat-respiratory_mask-allergy_sinus_asthma_1-small.html,,home-healthcare-devices/allergy-sinus-asthma.html,301,7,,,
custom,,home-healthcare-devices/elderly-care/all-products.html,,home-healthcare-devices/elderly-care.html,301,1,,,
custom,,home-healthcare-devices/elderly-care/all-products.html,,home-healthcare-devices/elderly-care.html,301,2,,,
custom,,home-healthcare-devices/elderly-care/all-products.html,,home-healthcare-devices/elderly-care.html,301,3,,,
custom,,home-healthcare-devices/elderly-care/all-products.html,,home-healthcare-devices/elderly-care.html,301,4,,,
custom,,home-healthcare-devices/elderly-care/all-products.html,,home-healthcare-devices/elderly-care.html,301,5,,,
custom,,home-healthcare-devices/elderly-care/all-products.html,,home-healthcare-devices/elderly-care.html,301,6,,,
custom,,home-healthcare-devices/elderly-care/all-products.html,,home-healthcare-devices/elderly-care.html,301,7,,,
custom,,home-healthcare-devices/home-healthcare-devices.html,,home-healthcare-devices.html,301,1,,,
custom,,home-healthcare-devices/home-healthcare-devices.html,,home-healthcare-devices.html,301,2,,,
custom,,home-healthcare-devices/home-healthcare-devices.html,,home-healthcare-devices.html,301,3,,,
custom,,home-healthcare-devices/home-healthcare-devices.html,,home-healthcare-devices.html,301,4,,,
custom,,home-healthcare-devices/home-healthcare-devices.html,,home-healthcare-devices.html,301,5,,,
custom,,home-healthcare-devices/home-healthcare-devices.html,,home-healthcare-devices.html,301,6,,,
custom,,home-healthcare-devices/home-healthcare-devices.html,,home-healthcare-devices.html,301,7,,,
custom,,home-healthcare-devices/medical-equipment.html,,home-healthcare-devices.html,301,1,,,
custom,,home-healthcare-devices/medical-equipment.html,,home-healthcare-devices.html,301,2,,,
custom,,home-healthcare-devices/medical-equipment.html,,home-healthcare-devices.html,301,3,,,
custom,,home-healthcare-devices/medical-equipment.html,,home-healthcare-devices.html,301,4,,,
custom,,home-healthcare-devices/medical-equipment.html,,home-healthcare-devices.html,301,5,,,
custom,,home-healthcare-devices/medical-equipment.html,,home-healthcare-devices.html,301,6,,,
custom,,home-healthcare-devices/medical-equipment.html,,home-healthcare-devices.html,301,7,,,
custom,,home-v7/,,all-products.html,301,1,,,
custom,,home-v7/,,all-products.html,301,2,,,
custom,,home-v7/,,all-products.html,301,3,,,
custom,,home-v7/,,all-products.html,301,4,,,
custom,,home-v7/,,all-products.html,301,5,,,
custom,,home-v7/,,all-products.html,301,6,,,
custom,,home-v7/,,all-products.html,301,7,,,
custom,,i,,all-products.html,301,1,,,
custom,,i,,all-products.html,301,2,,,
custom,,i,,all-products.html,301,3,,,
custom,,i,,all-products.html,301,4,,,
custom,,i,,all-products.html,301,5,,,
custom,,i,,all-products.html,301,6,,,
custom,,i,,all-products.html,301,7,,,
custom,,img_20200728_112932/,,all-products.html,301,1,,,
custom,,img_20200728_112932/,,all-products.html,301,2,,,
custom,,img_20200728_112932/,,all-products.html,301,3,,,
custom,,img_20200728_112932/,,all-products.html,301,4,,,
custom,,img_20200728_112932/,,all-products.html,301,5,,,
custom,,img_20200728_112932/,,all-products.html,301,6,,,
custom,,img_20200728_112932/,,all-products.html,301,7,,,
custom,,img_20200728_121045/,,all-products.html,301,1,,,
custom,,img_20200728_121045/,,all-products.html,301,2,,,
custom,,img_20200728_121045/,,all-products.html,301,3,,,
custom,,img_20200728_121045/,,all-products.html,301,4,,,
custom,,img_20200728_121045/,,all-products.html,301,5,,,
custom,,img_20200728_121045/,,all-products.html,301,6,,,
custom,,img_20200728_121045/,,all-products.html,301,7,,,
custom,,img_20200728_143631/,,all-products.html,301,1,,,
custom,,img_20200728_143631/,,all-products.html,301,2,,,
custom,,img_20200728_143631/,,all-products.html,301,3,,,
custom,,img_20200728_143631/,,all-products.html,301,4,,,
custom,,img_20200728_143631/,,all-products.html,301,5,,,
custom,,img_20200728_143631/,,all-products.html,301,6,,,
custom,,img_20200728_143631/,,all-products.html,301,7,,,
custom,,img_20200728_143952/,,all-products.html,301,1,,,
custom,,img_20200728_143952/,,all-products.html,301,2,,,
custom,,img_20200728_143952/,,all-products.html,301,3,,,
custom,,img_20200728_143952/,,all-products.html,301,4,,,
custom,,img_20200728_143952/,,all-products.html,301,5,,,
custom,,img_20200728_143952/,,all-products.html,301,6,,,
custom,,img_20200728_143952/,,all-products.html,301,7,,,
custom,,img_20200728_161318/,,all-products.html,301,1,,,
custom,,img_20200728_161318/,,all-products.html,301,2,,,
custom,,img_20200728_161318/,,all-products.html,301,3,,,
custom,,img_20200728_161318/,,all-products.html,301,4,,,
custom,,img_20200728_161318/,,all-products.html,301,5,,,
custom,,img_20200728_161318/,,all-products.html,301,6,,,
custom,,img_20200728_161318/,,all-products.html,301,7,,,
custom,,img_20210107_110634/,,all-products.html,301,1,,,
custom,,img_20210107_110634/,,all-products.html,301,2,,,
custom,,img_20210107_110634/,,all-products.html,301,3,,,
custom,,img_20210107_110634/,,all-products.html,301,4,,,
custom,,img_20210107_110634/,,all-products.html,301,5,,,
custom,,img_20210107_110634/,,all-products.html,301,6,,,
custom,,img_20210107_110634/,,all-products.html,301,7,,,
custom,,in/in/thermoscan-ear-thermometer-lens-filters-pack-of-20-disposable-covers-hygienic-protection-for-accurate-readings.html,,all-products.html,301,7,,,
custom,,in/products-grid-2,,all-products.html,301,7,,,
custom,,jumper-jpd-100b-fetal-portable-sdl508595100-1-a463b/,,all-products.html,301,1,,,
custom,,jumper-jpd-100b-fetal-portable-sdl508595100-1-a463b/,,all-products.html,301,2,,,
custom,,jumper-jpd-100b-fetal-portable-sdl508595100-1-a463b/,,all-products.html,301,3,,,
custom,,jumper-jpd-100b-fetal-portable-sdl508595100-1-a463b/,,all-products.html,301,4,,,
custom,,jumper-jpd-100b-fetal-portable-sdl508595100-1-a463b/,,all-products.html,301,5,,,
custom,,jumper-jpd-100b-fetal-portable-sdl508595100-1-a463b/,,all-products.html,301,6,,,
custom,,jumper-jpd-100b-fetal-portable-sdl508595100-1-a463b/,,all-products.html,301,7,,,
custom,,kkkkk/,,all-products.html,301,1,,,
custom,,kkkkk/,,all-products.html,301,2,,,
custom,,kkkkk/,,all-products.html,301,3,,,
custom,,kkkkk/,,all-products.html,301,4,,,
custom,,kkkkk/,,all-products.html,301,5,,,
custom,,kkkkk/,,all-products.html,301,6,,,
custom,,kkkkk/,,all-products.html,301,7,,,
custom,,libero-lorem/,,all-products.html,301,1,,,
custom,,libero-lorem/,,all-products.html,301,2,,,
custom,,libero-lorem/,,all-products.html,301,3,,,
custom,,libero-lorem/,,all-products.html,301,4,,,
custom,,libero-lorem/,,all-products.html,301,5,,,
custom,,libero-lorem/,,all-products.html,301,6,,,
custom,,libero-lorem/,,all-products.html,301,7,,,
custom,,maecenas-ultricies/,,all-products.html,301,1,,,
custom,,maecenas-ultricies/,,all-products.html,301,2,,,
custom,,maecenas-ultricies/,,all-products.html,301,3,,,
custom,,maecenas-ultricies/,,all-products.html,301,4,,,
custom,,maecenas-ultricies/,,all-products.html,301,5,,,
custom,,maecenas-ultricies/,,all-products.html,301,6,,,
custom,,maecenas-ultricies/,,all-products.html,301,7,,,
custom,,mede-move-sln-red/,,all-products.html,301,1,,,
custom,,mede-move-sln-red/,,all-products.html,301,2,,,
custom,,mede-move-sln-red/,,all-products.html,301,3,,,
custom,,mede-move-sln-red/,,all-products.html,301,4,,,
custom,,mede-move-sln-red/,,all-products.html,301,5,,,
custom,,mede-move-sln-red/,,all-products.html,301,6,,,
custom,,mede-move-sln-red/,,all-products.html,301,7,,,
custom,,mede-move-sln-red-2/,,all-products.html,301,1,,,
custom,,mede-move-sln-red-2/,,all-products.html,301,2,,,
custom,,mede-move-sln-red-2/,,all-products.html,301,3,,,
custom,,mede-move-sln-red-2/,,all-products.html,301,4,,,
custom,,mede-move-sln-red-2/,,all-products.html,301,5,,,
custom,,mede-move-sln-red-2/,,all-products.html,301,6,,,
custom,,mede-move-sln-red-2/,,all-products.html,301,7,,,
custom,,medical-device/medical-equipment.html,,medical-device.html,301,1,,,
custom,,medical-device/medical-equipment.html,,medical-device.html,301,2,,,
custom,,medical-device/medical-equipment.html,,medical-device.html,301,3,,,
custom,,medical-device/medical-equipment.html,,medical-device.html,301,4,,,
custom,,medical-device/medical-equipment.html,,medical-device.html,301,5,,,
custom,,medical-device/medical-equipment.html,,medical-device.html,301,6,,,
custom,,medical-device/medical-equipment.html,,medical-device.html,301,7,,,
custom,,medical-device/speciality/gp.html,,medical-device.html,301,1,,,
custom,,medical-device/speciality/gp.html,,medical-device.html,301,2,,,
custom,,medical-device/speciality/gp.html,,medical-device.html,301,3,,,
custom,,medical-device/speciality/gp.html,,medical-device.html,301,4,,,
custom,,medical-device/speciality/gp.html,,medical-device.html,301,5,,,
custom,,medical-device/speciality/gp.html,,medical-device.html,301,6,,,
custom,,medical-device/speciality/gp.html,,medical-device.html,301,7,,,
custom,,mps_6477/,,all-products.html,301,1,,,
custom,,mps_6477/,,all-products.html,301,2,,,
custom,,mps_6477/,,all-products.html,301,3,,,
custom,,mps_6477/,,all-products.html,301,4,,,
custom,,mps_6477/,,all-products.html,301,5,,,
custom,,mps_6477/,,all-products.html,301,6,,,
custom,,mps_6477/,,all-products.html,301,7,,,
custom,,newittmann-cardiology-iv-stethoscope-plum-6156-109/,,professional-diagnostic-equipment/product/stethoscope.html,301,1,,,
custom,,newittmann-cardiology-iv-stethoscope-plum-6156-109/,,professional-diagnostic-equipment/product/stethoscope.html,301,2,,,
custom,,newittmann-cardiology-iv-stethoscope-plum-6156-109/,,professional-diagnostic-equipment/product/stethoscope.html,301,3,,,
custom,,newittmann-cardiology-iv-stethoscope-plum-6156-109/,,professional-diagnostic-equipment/product/stethoscope.html,301,4,,,
custom,,newittmann-cardiology-iv-stethoscope-plum-6156-109/,,professional-diagnostic-equipment/product/stethoscope.html,301,5,,,
custom,,newittmann-cardiology-iv-stethoscope-plum-6156-109/,,professional-diagnostic-equipment/product/stethoscope.html,301,6,,,
custom,,newittmann-cardiology-iv-stethoscope-plum-6156-109/,,professional-diagnostic-equipment/product/stethoscope.html,301,7,,,
custom,,otica-air-mattress-blue-new-10-custom/,,home-healthcare-devices/elderly-care/medical-mattress.html,301,1,,,
custom,,otica-air-mattress-blue-new-10-custom/,,home-healthcare-devices/elderly-care/medical-mattress.html,301,2,,,
custom,,otica-air-mattress-blue-new-10-custom/,,home-healthcare-devices/elderly-care/medical-mattress.html,301,3,,,
custom,,otica-air-mattress-blue-new-10-custom/,,home-healthcare-devices/elderly-care/medical-mattress.html,301,4,,,
custom,,otica-air-mattress-blue-new-10-custom/,,home-healthcare-devices/elderly-care/medical-mattress.html,301,5,,,
custom,,otica-air-mattress-blue-new-10-custom/,,home-healthcare-devices/elderly-care/medical-mattress.html,301,6,,,
custom,,otica-air-mattress-blue-new-10-custom/,,home-healthcare-devices/elderly-care/medical-mattress.html,301,7,,,
custom,,otica-air-mattress-blue-new-5-custom/,,home-healthcare-devices/elderly-care/medical-mattress.html,301,1,,,
custom,,otica-air-mattress-blue-new-5-custom/,,home-healthcare-devices/elderly-care/medical-mattress.html,301,2,,,
custom,,otica-air-mattress-blue-new-5-custom/,,home-healthcare-devices/elderly-care/medical-mattress.html,301,3,,,
custom,,otica-air-mattress-blue-new-5-custom/,,home-healthcare-devices/elderly-care/medical-mattress.html,301,4,,,
custom,,otica-air-mattress-blue-new-5-custom/,,home-healthcare-devices/elderly-care/medical-mattress.html,301,5,,,
custom,,otica-air-mattress-blue-new-5-custom/,,home-healthcare-devices/elderly-care/medical-mattress.html,301,6,,,
custom,,otica-air-mattress-blue-new-5-custom/,,home-healthcare-devices/elderly-care/medical-mattress.html,301,7,,,
custom,,otica-website-banner/,,all-products.html,301,1,,,
custom,,otica-website-banner/,,all-products.html,301,2,,,
custom,,otica-website-banner/,,all-products.html,301,3,,,
custom,,otica-website-banner/,,all-products.html,301,4,,,
custom,,otica-website-banner/,,all-products.html,301,5,,,
custom,,otica-website-banner/,,all-products.html,301,6,,,
custom,,otica-website-banner/,,all-products.html,301,7,,,
custom,,post-with-audio/,,all-products.html,301,1,,,
custom,,post-with-audio/,,all-products.html,301,2,,,
custom,,post-with-audio/,,all-products.html,301,3,,,
custom,,post-with-audio/,,all-products.html,301,4,,,
custom,,post-with-audio/,,all-products.html,301,5,,,
custom,,post-with-audio/,,all-products.html,301,6,,,
custom,,post-with-audio/,,all-products.html,301,7,,,
custom,,post-with-gallery/,,all-products.html,301,1,,,
custom,,post-with-gallery/,,all-products.html,301,2,,,
custom,,post-with-gallery/,,all-products.html,301,3,,,
custom,,post-with-gallery/,,all-products.html,301,4,,,
,,,,,,,,,
,,,,,,,,,
,,,,,,,,,
,,,,,,,,,
,,,,,,,,,
,,,,,,,,,
,,,,,,,,,
,,,,,,,,,
,,,,,,,,,
,,,,,,,,,
,,,,,,,,,
,,,,,,,,,
,,,,,,,,,
,,,,,,,,,
,,,,,,,,,
,,,,,,,,,
,,,,,,,,,
,,,,,,,,,
,,,,,,,,,
,,,,,,,,,
,,,,,,,,,
,,,,,,,,,
,,,,,,,,,
,,,,,,,,,
,,,,,,,,,
,,,,,,,,,
,,,,,,,,,
,,,,,,,,,
,,,,,,,,,
,,,,,,,,,
,,,,,,,,,
,,,,,,,,,
,,,,,,,,,
,,,,,,,,,
,,,,,,,,,
,,,,,,,,,
,,,,,,,,,
,,,,,,,,,
,,,,,,,,,
,,,,,,,,,
,,,,,,,,,
,,,,,,,,,
,,,,,,,,,
,,,,,,,,,
,,,,,,,,,
,,,,,,,,,
,,,,,,,,,
,,,,,,,,,
,,,,,,,,,
,,,,,,,,,
,,,,,,,,,
,,,,,,,,,
,,,,,,,,,
,,,,,,,,,
,,,,,,,,,
,,,,,,,,,
,,,,,,,,,
,,,,,,,,,
,,,,,,,,,
,,,,,,,,,
,,,,,,,,,
,,,,,,,,,
,,,,,,,,,
,,,,,,,,,
,,,,,,,,,
,,,,,,,,,
,,,,,,,,,
,,,,,,,,,
,,,,,,,,,
,,,,,,,,,
,,,,,,,,,
,,,,,,,,,
,,,,,,,,,
,,,,,,,,,
,,,,,,,,,
,,,,,,,,,
,,,,,,,,,
,,,,,,,,,
,,,,,,,,,
,,,,,,,,,
,,,,,,,,,
,,,,,,,,,
,,,,,,,,,
,,,,,,,,,
,,,,,,,,,
,,,,,,,,,
,,,,,,,,,
,,,,,,,,,
,,,,,,,,,
,,,,,,,,,
,,,,,,,,,
,,,,,,,,,
,,,,,,,,,
,,,,,,,,,
,,,,,,,,,
,,,,,,,,,
,,,,,,,,,
,,,,,,,,,
,,,,,,,,,
,,,,,,,,,
,,,,,,,,,
,,,,,,,,,
,,,,,,,,,
,,,,,,,,,
,,,,,,,,,
,,,,,,,,,
,,,,,,,,,
,,,,,,,,,
,,,,,,,,,
,,,,,,,,,
,,,,,,,,,
,,,,,,,,,
,,,,,,,,,
,,,,,,,,,
,,,,,,,,,
,,,,,,,,,
,,,,,,,,,
,,,,,,,,,
,,,,,,,,,
,,,,,,,,,
,,,,,,,,,
,,,,,,,,,
,,,,,,,,,
,,,,,,,,,
,,,,,,,,,
,,,,,,,,,
,,,,,,,,,
,,,,,,,,,
,,,,,,,,,
,,,,,,,,,
,,,,,,,,,
,,,,,,,,,
,,,,,,,,,
,,,,,,,,,
,,,,,,,,,
,,,,,,,,,
,,,,,,,,,
,,,,,,,,,
,,,,,,,,,
,,,,,,,,,
,,,,,,,,,
,,,,,,,,,
,,,,,,,,,
,,,,,,,,,
,,,,,,,,,
,,,,,,,,,
,,,,,,,,,
,,,,,,,,,
,,,,,,,,,
,,,,,,,,,
,,,,,,,,,
,,,,,,,,,
,,,,,,,,,
,,,,,,,,,
,,,,,,,,,
,,,,,,,,,
,,,,,,,,,
,,,,,,,,,
,,,,,,,,,
,,,,,,,,,
,,,,,,,,,
,,,,,,,,,
,,,,,,,,,
,,,,,,,,,
,,,,,,,,,
,,,,,,,,,
,,,,,,,,,
,,,,,,,,,
,,,,,,,,,
,,,,,,,,,
,,,,,,,,,
,,,,,,,,,
,,,,,,,,,
,,,,,,,,,
,,,,,,,,,
,,,,,,,,,
,,,,,,,,,
,,,,,,,,,
,,,,,,,,,
,,,,,,,,,
,,,,,,,,,
,,,,,,,,,
,,,,,,,,,
,,,,,,,,,
,,,,,,,,,
,,,,,,,,,
,,,,,,,,,
,,,,,,,,,
,,,,,,,,,
,,,,,,,,,
,,,,,,,,,
,,,,,,,,,
,,,,,,,,,
,,,,,,,,,
,,,,,,,,,
,,,,,,,,,
,,,,,,,,,
,,,,,,,,,
,,,,,,,,,
,,,,,,,,,
,,,,,,,,,
,,,,,,,,,
,,,,,,,,,
,,,,,,,,,
,,,,,,,,,
,,,,,,,,,
,,,,,,,,,
,,,,,,,,,
,,,,,,,,,
,,,,,,,,,
,,,,,,,,,
,,,,,,,,,
,,,,,,,,,
,,,,,,,,,
,,,,,,,,,
,,,,,,,,,
,,,,,,,,,
,,,,,,,,,
,,,,,,,,,
,,,,,,,,,
,,,,,,,,,
,,,,,,,,,
,,,,,,,,,
,,,,,,,,,
,,,,,,,,,
,,,,,,,,,
,,,,,,,,,
,,,,,,,,,
,,,,,,,,,
,,,,,,,,,
,,,,,,,,,
,,,,,,,,,
,,,,,,,,,
,,,,,,,,,
,,,,,,,,,
,,,,,,,,,
,,,,,,,,,
,,,,,,,,,
,,,,,,,,,
,,,,,,,,,
,,,,,,,,,
,,,,,,,,,
,,,,,,,,,
,,,,,,,,,
,,,,,,,,,
,,,,,,,,,
,,,,,,,,,
,,,,,,,,,
,,,,,,,,,
,,,,,,,,,
,,,,,,,,,
,,,,,,,,,
,,,,,,,,,
,,,,,,,,,
,,,,,,,,,
,,,,,,,,,
,,,,,,,,,
,,,,,,,,,
,,,,,,,,,
,,,,,,,,,
,,,,,,,,,
,,,,,,,,,
,,,,,,,,,
,,,,,,,,,
,,,,,,,,,
,,,,,,,,,
,,,,,,,,,
,,,,,,,,,
,,,,,,,,,
,,,,,,,,,
,,,,,,,,,
,,,,,,,,,
,,,,,,,,,
,,,,,,,,,
,,,,,,,,,
,,,,,,,,,
,,,,,,,,,
,,,,,,,,,
,,,,,,,,,
,,,,,,,,,
,,,,,,,,,
,,,,,,,,,
,,,,,,,,,
,,,,,,,,,
,,,,,,,,,
,,,,,,,,,
,,,,,,,,,
,,,,,,,,,
,,,,,,,,,
,,,,,,,,,
,,,,,,,,,
,,,,,,,,,
,,,,,,,,,
,,,,,,,,,
,,,,,,,,,
,,,,,,,,,
,,,,,,,,,
,,,,,,,,,
,,,,,,,,,
,,,,,,,,,
,,,,,,,,,
,,,,,,,,,
,,,,,,,,,
,,,,,,,,,
,,,,,,,,,
,,,,,,,,,
,,,,,,,,,
,,,,,,,,,
,,,,,,,,,
,,,,,,,,,
,,,,,,,,,
,,,,,,,,,
,,,,,,,,,
,,,,,,,,,
,,,,,,,,,
,,,,,,,,,
,,,,,,,,,
,,,,,,,,,
,,,,,,,,,
,,,,,,,,,
,,,,,,,,,
,,,,,,,,,
,,,,,,,,,
,,,,,,,,,
,,,,,,,,,
,,,,,,,,,
,,,,,,,,,
,,,,,,,,,
,,,,,,,,,
,,,,,,,,,
,,,,,,,,,
,,,,,,,,,
,,,,,,,,,
,,,,,,,,,
,,,,,,,,,
,,,,,,,,,
,,,,,,,,,
,,,,,,,,,
,,,,,,,,,
,,,,,,,,,
,,,,,,,,,
,,,,,,,,,
,,,,,,,,,
,,,,,,,,,
,,,,,,,,,
,,,,,,,,,
,,,,,,,,,
,,,,,,,,,
,,,,,,,,,
,,,,,,,,,
,,,,,,,,,
,,,,,,,,,
,,,,,,,,,
,,,,,,,,,
,,,,,,,,,
,,,,,,,,,
,,,,,,,,,
,,,,,,,,,
,,,,,,,,,
,,,,,,,,,
,,,,,,,,,
,,,,,,,,,
,,,,,,,,,
,,,,,,,,,
,,,,,,,,,
,,,,,,,,,
,,,,,,,,,
,,,,,,,,,
,,,,,,,,,
,,,,,,,,,
,,,,,,,,,
,,,,,,,,,
,,,,,,,,,
,,,,,,,,,
,,,,,,,,,
,,,,,,,,,
,,,,,,,,,
,,,,,,,,,
,,,,,,,,,
,,,,,,,,,
,,,,,,,,,
,,,,,,,,,
,,,,,,,,,
,,,,,,,,,
,,,,,,,,,
,,,,,,,,,
,,,,,,,,,
,,,,,,,,,
,,,,,,,,,
,,,,,,,,,
,,,,,,,,,
,,,,,,,,,
,,,,,,,,,
,,,,,,,,,
,,,,,,,,,
,,,,,,,,,
,,,,,,,,,
,,,,,,,,,
,,,,,,,,,
,,,,,,,,,
,,,,,,,,,
,,,,,,,,,
,,,,,,,,,
,,,,,,,,,
,,,,,,,,,
,,,,,,,,,
,,,,,,,,,
,,,,,,,,,
,,,,,,,,,
,,,,,,,,,
,,,,,,,,,
,,,,,,,,,
,,,,,,,,,
,,,,,,,,,
,,,,,,,,,
,,,,,,,,,
,,,,,,,,,
,,,,,,,,,
,,,,,,,,,
,,,,,,,,,
,,,,,,,,,
,,,,,,,,,
,,,,,,,,,
,,,,,,,,,
,,,,,,,,,
,,,,,,,,,
,,,,,,,,,
,,,,,,,,,
,,,,,,,,,
,,,,,,,,,
,,,,,,,,,
,,,,,,,,,
,,,,,,,,,
,,,,,,,,,
,,,,,,,,,
,,,,,,,,,
,,,,,,,,,
,,,,,,,,,
,,,,,,,,,
,,,,,,,,,
,,,,,,,,,
,,,,,,,,,
,,,,,,,,,
,,,,,,,,,
,,,,,,,,,
,,,,,,,,,
,,,,,,,,,
,,,,,,,,,
,,,,,,,,,
,,,,,,,,,
,,,,,,,,,
,,,,,,,,,
,,,,,,,,,
,,,,,,,,,
,,,,,,,,,
,,,,,,,,,
,,,,,,,,,
,,,,,,,,,
,,,,,,,,,
,,,,,,,,,
,,,,,,,,,
,,,,,,,,,
,,,,,,,,,
,,,,,,,,,
,,,,,,,,,
,,,,,,,,,
,,,,,,,,,
,,,,,,,,,
,,,,,,,,,
,,,,,,,,,
,,,,,,,,,
,,,,,,,,,
,,,,,,,,,
,,,,,,,,,
,,,,,,,,,
,,,,,,,,,
,,,,,,,,,
,,,,,,,,,
,,,,,,,,,
,,,,,,,,,
,,,,,,,,,
,,,,,,,,,
,,,,,,,,,
,,,,,,,,,
,,,,,,,,,
,,,,,,,,,
,,,,,,,,,
,,,,,,,,,
,,,,,,,,,
,,,,,,,,,
,,,,,,,,,
,,,,,,,,,
,,,,,,,,,
,,,,,,,,,
,,,,,,,,,
,,,,,,,,,
,,,,,,,,,
,,,,,,,,,
,,,,,,,,,
,,,,,,,,,
,,,,,,,,,
,,,,,,,,,
,,,,,,,,,
,,,,,,,,,
,,,,,,,,,
,,,,,,,,,
,,,,,,,,,
,,,,,,,,,
,,,,,,,,,
,,,,,,,,,
,,,,,,,,,
,,,,,,,,,
,,,,,,,,,
,,,,,,,,,
,,,,,,,,,
,,,,,,,,,
,,,,,,,,,
,,,,,,,,,
,,,,,,,,,
,,,,,,,,,
,,,,,,,,,
,,,,,,,,,
,,,,,,,,,
,,,,,,,,,
,,,,,,,,,
,,,,,,,,,
,,,,,,,,,
,,,,,,,,,
,,,,,,,,,
,,,,,,,,,
,,,,,,,,,
,,,,,,,,,
,,,,,,,,,
,,,,,,,,,
,,,,,,,,,
,,,,,,,,,
,,,,,,,,,
,,,,,,,,,
,,,,,,,,,
,,,,,,,,,
,,,,,,,,,
,,,,,,,,,
,,,,,,,,,
,,,,,,,,,
,,,,,,,,,
,,,,,,,,,
,,,,,,,,,
,,,,,,,,,
,,,,,,,,,
,,,,,,,,,
,,,,,,,,,
,,,,,,,,,
,,,,,,,,,
,,,,,,,,,
,,,,,,,,,
,,,,,,,,,
,,,,,,,,,
,,,,,,,,,
,,,,,,,,,
,,,,,,,,,
,,,,,,,,,
,,,,,,,,,
,,,,,,,,,
,,,,,,,,,
,,,,,,,,,
,,,,,,,,,
,,,,,,,,,
,,,,,,,,,
,,,,,,,,,
,,,,,,,,,
,,,,,,,,,
,,,,,,,,,
,,,,,,,,,
,,,,,,,,,
,,,,,,,,,
,,,,,,,,,
,,,,,,,,,
,,,,,,,,,
,,,,,,,,,
,,,,,,,,,
,,,,,,,,,
,,,,,,,,,
,,,,,,,,,
,,,,,,,,,
,,,,,,,,,
,,,,,,,,,
,,,,,,,,,
,,,,,,,,,
,,,,,,,,,
,,,,,,,,,
,,,,,,,,,
,,,,,,,,,
,,,,,,,,,
,,,,,,,,,
,,,,,,,,,
,,,,,,,,,
,,,,,,,,,
,,,,,,,,,
,,,,,,,,,
,,,,,,,,,
,,,,,,,,,
,,,,,,,,,
,,,,,,,,,
,,,,,,,,,
,,,,,,,,,
,,,,,,,,,
,,,,,,,,,
,,,,,,,,,
,,,,,,,,,
,,,,,,,,,
,,,,,,,,,
,,,,,,,,,
,,,,,,,,,
,,,,,,,,,
,,,,,,,,,
,,,,,,,,,
,,,,,,,,,
,,,,,,,,,
,,,,,,,,,
,,,,,,,,,
,,,,,,,,,
,,,,,,,,,
,,,,,,,,,
,,,,,,,,,
,,,,,,,,,
,,,,,,,,,
,,,,,,,,,
,,,,,,,,,
,,,,,,,,,
,,,,,,,,,
,,,,,,,,,
,,,,,,,,,
,,,,,,,,,
,,,,,,,,,
,,,,,,,,,
,,,,,,,,,
,,,,,,,,,
,,,,,,,,,
,,,,,,,,,
,,,,,,,,,
,,,,,,,,,
,,,,,,,,,
,,,,,,,,,
,,,,,,,,,
,,,,,,,,,
,,,,,,,,,
,,,,,,,,,
,,,,,,,,,
,,,,,,,,,
,,,,,,,,,
,,,,,,,,,
,,,,,,,,,
,,,,,,,,,
,,,,,,,,,
,,,,,,,,,
,,,,,,,,,
,,,,,,,,,
,,,,,,,,,
,,,,,,,,,
,,,,,,,,,
,,,,,,,,,
,,,,,,,,,
,,,,,,,,,
,,,,,,,,,
,,,,,,,,,
,,,,,,,,,
,,,,,,,,,
,,,,,,,,,
,,,,,,,,,
,,,,,,,,,
,,,,,,,,,
,,,,,,,,,
,,,,,,,,,
,,,,,,,,,
,,,,,,,,,
,,,,,,,,,
,,,,,,,,,
,,,,,,,,,
,,,,,,,,,
,,,,,,,,,
,,,,,,,,,
,,,,,,,,,
,,,,,,,,,
,,,,,,,,,
,,,,,,,,,
,,,,,,,,,
,,,,,,,,,
,,,,,,,,,
,,,,,,,,,
,,,,,,,,,
,,,,,,,,,
,,,,,,,,,
,,,,,,,,,
,,,,,,,,,
,,,,,,,,,
,,,,,,,,,
,,,,,,,,,
,,,,,,,,,
,,,,,,,,,
,,,,,,,,,
,,,,,,,,,
,,,,,,,,,
,,,,,,,,,
,,,,,,,,,
,,,,,,,,,
,,,,,,,,,
,,,,,,,,,
,,,,,,,,,
,,,,,,,,,
,,,,,,,,,
,,,,,,,,,
,,,,,,,,,
,,,,,,,,,
,,,,,,,,,
,,,,,,,,,
,,,,,,,,,
,,,,,,,,,
,,,,,,,,,
,,,,,,,,,
,,,,,,,,,
,,,,,,,,,
,,,,,,,,,
,,,,,,,,,
,,,,,,,,,
,,,,,,,,,
,,,,,,,,,
,,,,,,,,,
,,,,,,,,,
,,,,,,,,,
,,,,,,,,,
,,,,,,,,,
,,,,,,,,,
,,,,,,,,,
,,,,,,,,,
,,,,,,,,,
,,,,,,,,,
,,,,,,,,,
,,,,,,,,,
,,,,,,,,,
,,,,,,,,,
,,,,,,,,,
,,,,,,,,,
,,,,,,,,,
,,,,,,,,,
,,,,,,,,,
,,,,,,,,,
,,,,,,,,,
,,,,,,,,,
,,,,,,,,,
,,,,,,,,,
,,,,,,,,,
,,,,,,,,,
,,,,,,,,,
,,,,,,,,,
,,,,,,,,,
,,,,,,,,,
,,,,,,,,,
,,,,,,,,,
,,,,,,,,,
,,,,,,,,,
,,,,,,,,,
,,,,,,,,,
,,,,,,,,,
,,,,,,,,,
,,,,,,,,,
,,,,,,,,,
,,,,,,,,,
,,,,,,,,,
,,,,,,,,,
,,,,,,,,,
,,,,,,,,,
,,,,,,,,,
,,,,,,,,,
,,,,,,,,,
,,,,,,,,,
,,,,,,,,,
,,,,,,,,,
,,,,,,,,,
,,,,,,,,,
,,,,,,,,,
,,,,,,,,,
,,,,,,,,,
,,,,,,,,,
,,,,,,,,,
,,,,,,,,,
,,,,,,,,,
,,,,,,,,,
,,,,,,,,,
,,,,,,,,,
,,,,,,,,,
,,,,,,,,,
,,,,,,,,,
,,,,,,,,,
,,,,,,,,,
,,,,,,,,,
,,,,,,,,,
,,,,,,,,,
,,,,,,,,,
,,,,,,,,,
,,,,,,,,,
,,,,,,,,,
,,,,,,,,,
,,,,,,,,,
,,,,,,,,,
,,,,,,,,,
,,,,,,,,,
,,,,,,,,,
,,,,,,,,,
,,,,,,,,,
,,,,,,,,,
,,,,,,,,,
,,,,,,,,,
,,,,,,,,,
,,,,,,,,,
,,,,,,,,,
,,,,,,,,,
,,,,,,,,,
,,,,,,,,,
,,,,,,,,,
,,,,,,,,,
,,,,,,,,,
,,,,,,,,,
,,,,,,,,,
,,,,,,,,,
,,,,,,,,,
,,,,,,,,,
,,,,,,,,,
,,,,,,,,,
,,,,,,,,,
,,,,,,,,,
,,,,,,,,,
,,,,,,,,,
,,,,,,,,,
,,,,,,,,,
,,,,,,,,,
,,,,,,,,,
,,,,,,,,,
,,,,,,,,,
,,,,,,,,,
,,,,,,,,,
,,,,,,,,,
,,,,,,,,,
,,,,,,,,,
,,,,,,,,,
,,,,,,,,,
,,,,,,,,,
,,,,,,,,,
,,,,,,,,,
,,,,,,,,,
,,,,,,,,,
,,,,,,,,,
,,,,,,,,,
,,,,,,,,,
,,,,,,,,,
,,,,,,,,,
,,,,,,,,,
,,,,,,,,,
,,,,,,,,,
,,,,,,,,,
,,,,,,,,,
,,,,,,,,,
,,,,,,,,,
,,,,,,,,,
,,,,,,,,,
,,,,,,,,,
,,,,,,,,,
,,,,,,,,,
,,,,,,,,,
,,,,,,,,,
,,,,,,,,,
,,,,,,,,,
,,,,,,,,,
,,,,,,,,,
,,,,,,,,,
,,,,,,,,,
,,,,,,,,,
,,,,,,,,,
,,,,,,,,,
,,,,,,,,,
,,,,,,,,,
,,,,,,,,,
,,,,,,,,,
,,,,,,,,,
,,,,,,,,,
,,,,,,,,,
,,,,,,,,,
,,,,,,,,,
,,,,,,,,,
,,,,,,,,,
,,,,,,,,,
,,,,,,,,,
,,,,,,,,,
,,,,,,,,,
,,,,,,,,,
,,,,,,,,,
,,,,,,,,,
,,,,,,,,,
,,,,,,,,,
,,,,,,,,,
,,,,,,,,,
,,,,,,,,,
,,,,,,,,,
,,,,,,,,,
,,,,,,,,,
,,,,,,,,,
,,,,,,,,,
,,,,,,,,,
,,,,,,,,,
,,,,,,,,,
,,,,,,,,,
,,,,,,,,,
,,,,,,,,,
,,,,,,,,,
,,,,,,,,,
,,,,,,,,,
,,,,,,,,,
,,,,,,,,,
,,,,,,,,,
,,,,,,,,,
,,,,,,,,,
,,,,,,,,,
,,,,,,,,,
,,,,,,,,,
,,,,,,,,,
,,,,,,,,,
,,,,,,,,,
,,,,,,,,,
,,,,,,,,,
,,,,,,,,,
,,,,,,,,,
,,,,,,,,,
,,,,,,,,,
,,,,,,,,,
,,,,,,,,,
,,,,,,,,,
,,,,,,,,,
,,,,,,,,,
,,,,,,,,,
,,,,,,,,,
,,,,,,,,,
,,,,,,,,,
,,,,,,,,,
,,,,,,,,,
,,,,,,,,,
,,,,,,,,,
,,,,,,,,,
,,,,,,,,,
,,,,,,,,,
,,,,,,,,,
,,,,,,,,,
,,,,,,,,,
,,,,,,,,,
,,,,,,,,,
,,,,,,,,,
,,,,,,,,,
,,,,,,,,,
,,,,,,,,,
,,,,,,,,,
,,,,,,,,,
,,,,,,,,,
,,,,,,,,,
,,,,,,,,,
,,,,,,,,,
,,,,,,,,,
,,,,,,,,,
,,,,,,,,,
,,,,,,,,,
,,,,,,,,,
,,,,,,,,,
,,,,,,,,,
,,,,,,,,,
,,,,,,,,,
,,,,,,,,,
,,,,,,,,,
,,,,,,,,,
,,,,,,,,,
,,,,,,,,,
,,,,,,,,,
,,,,,,,,,
,,,,,,,,,
,,,,,,,,,
,,,,,,,,,
,,,,,,,,,
,,,,,,,,,
,,,,,,,,,
,,,,,,,,,
,,,,,,,,,
,,,,,,,,,
,,,,,,,,,
,,,,,,,,,
,,,,,,,,,
,,,,,,,,,
,,,,,,,,,
,,,,,,,,,
,,,,,,,,,
,,,,,,,,,
,,,,,,,,,
,,,,,,,,,
,,,,,,,,,
,,,,,,,,,
,,,,,,,,,
,,,,,,,,,
,,,,,,,,,
,,,,,,,,,
,,,,,,,,,
,,,,,,,,,
,,,,,,,,,
,,,,,,,,,
,,,,,,,,,
,,,,,,,,,
,,,,,,,,,
,,,,,,,,,
,,,,,,,,,
,,,,,,,,,
,,,,,,,,,
,,,,,,,,,
,,,,,,,,,
,,,,,,,,,
,,,,,,,,,
,,,,,,,,,
,,,,,,,,,
,,,,,,,,,
,,,,,,,,,
,,,,,,,,,
,,,,,,,,,
,,,,,,,,,
,,,,,,,,,
,,,,,,,,,
,,,,,,,,,
,,,,,,,,,
,,,,,,,,,
,,,,,,,,,
,,,,,,,,,
,,,,,,,,,
,,,,,,,,,
,,,,,,,,,
,,,,,,,,,
,,,,,,,,,
,,,,,,,,,
,,,,,,,,,
,,,,,,,,,
,,,,,,,,,
,,,,,,,,,
,,,,,,,,,
,,,,,,,,,
,,,,,,,,,
,,,,,,,,,
,,,,,,,,,
,,,,,,,,,
,,,,,,,,,
,,,,,,,,,
,,,,,,,,,
,,,,,,,,,
,,,,,,,,,
,,,,,,,,,
,,,,,,,,,
,,,,,,,,,
,,,,,,,,,
,,,,,,,,,
,,,,,,,,,
,,,,,,,,,
,,,,,,,,,
,,,,,,,,,
,,,,,,,,,
,,,,,,,,,
,,,,,,,,,
,,,,,,,,,
,,,,,,,,,
,,,,,,,,,
,,,,,,,,,
,,,,,,,,,
,,,,,,,,,
,,,,,,,,,
,,,,,,,,,
,,,,,,,,,
,,,,,,,,,
,,,,,,,,,
,,,,,,,,,
,,,,,,,,,
,,,,,,,,,
,,,,,,,,,
,,,,,,,,,
,,,,,,,,,
,,,,,,,,,
,,,,,,,,,
,,,,,,,,,
,,,,,,,,,
,,,,,,,,,
,,,,,,,,,
,,,,,,,,,
,,,,,,,,,
,,,,,,,,,
,,,,,,,,,
,,,,,,,,,
,,,,,,,,,
,,,,,,,,,
,,,,,,,,,
,,,,,,,,,
,,,,,,,,,
,,,,,,,,,
,,,,,,,,,
,,,,,,,,,
,,,,,,,,,
,,,,,,,,,
,,,,,,,,,
,,,,,,,,,
,,,,,,,,,
,,,,,,,,,
,,,,,,,,,
,,,,,,,,,
,,,,,,,,,
,,,,,,,,,
,,,,,,,,,
,,,,,,,,,
,,,,,,,,,
,,,,,,,,,
,,,,,,,,,
,,,,,,,,,
,,,,,,,,,
,,,,,,,,,
,,,,,,,,,
,,,,,,,,,
,,,,,,,,,
,,,,,,,,,
,,,,,,,,,
,,,,,,,,,
,,,,,,,,,
,,,,,,,,,
,,,,,,,,,
,,,,,,,,,
,,,,,,,,,
,,,,,,,,,
,,,,,,,,,
,,,,,,,,,
,,,,,,,,,
,,,,,,,,,
,,,,,,,,,
,,,,,,,,,
,,,,,,,,,
,,,,,,,,,
,,,,,,,,,
,,,,,,,,,
,,,,,,,,,
,,,,,,,,,
,,,,,,,,,
,,,,,,,,,
,,,,,,,,,
,,,,,,,,,
,,,,,,,,,
,,,,,,,,,
,,,,,,,,,
,,,,,,,,,
,,,,,,,,,
,,,,,,,,,
,,,,,,,,,
,,,,,,,,,
,,,,,,,,,
,,,,,,,,,
,,,,,,,,,
,,,,,,,,,
,,,,,,,,,
,,,,,,,,,
,,,,,,,,,
,,,,,,,,,
,,,,,,,,,
,,,,,,,,,
,,,,,,,,,
,,,,,,,,,
,,,,,,,,,
,,,,,,,,,
,,,,,,,,,
,,,,,,,,,
,,,,,,,,,
,,,,,,,,,
,,,,,,,,,
,,,,,,,,,
,,,,,,,,,
,,,,,,,,,
,,,,,,,,,
,,,,,,,,,
,,,,,,,,,
,,,,,,,,,
,,,,,,,,,
,,,,,,,,,
,,,,,,,,,
,,,,,,,,,
,,,,,,,,,
,,,,,,,,,
,,,,,,,,,
,,,,,,,,,
,,,,,,,,,
,,,,,,,,,
,,,,,,,,,
,,,,,,,,,
,,,,,,,,,
,,,,,,,,,
,,,,,,,,,
,,,,,,,,,
,,,,,,,,,
,,,,,,,,,
,,,,,,,,,
,,,,,,,,,
,,,,,,,,,
,,,,,,,,,
,,,,,,,,,
,,,,,,,,,
,,,,,,,,,
,,,,,,,,,
,,,,,,,,,
,,,,,,,,,
,,,,,,,,,
,,,,,,,,,
,,,,,,,,,
,,,,,,,,,
,,,,,,,,,
,,,,,,,,,
,,,,,,,,,
,,,,,,,,,
,,,,,,,,,
,,,,,,,,,
,,,,,,,,,
,,,,,,,,,
,,,,,,,,,
,,,,,,,,,
,,,,,,,,,
,,,,,,,,,
,,,,,,,,,
,,,,,,,,,
,,,,,,,,,
,,,,,,,,,
,,,,,,,,,
,,,,,,,,,
,,,,,,,,,
,,,,,,,,,
,,,,,,,,,
,,,,,,,,,
,,,,,,,,,
,,,,,,,,,
,,,,,,,,,
,,,,,,,,,
,,,,,,,,,
,,,,,,,,,
,,,,,,,,,
,,,,,,,,,
,,,,,,,,,
,,,,,,,,,
,,,,,,,,,
,,,,,,,,,
,,,,,,,,,
,,,,,,,,,
,,,,,,,,,
,,,,,,,,,
,,,,,,,,,
,,,,,,,,,
,,,,,,,,,
,,,,,,,,,
,,,,,,,,,
,,,,,,,,,
,,,,,,,,,
,,,,,,,,,
,,,,,,,,,
,,,,,,,,,
,,,,,,,,,
,,,,,,,,,
,,,,,,,,,
,,,,,,,,,
,,,,,,,,,
,,,,,,,,,
,,,,,,,,,
,,,,,,,,,
,,,,,,,,,
,,,,,,,,,
,,,,,,,,,
,,,,,,,,,
,,,,,,,,,
,,,,,,,,,
,,,,,,,,,
,,,,,,,,,
,,,,,,,,,
,,,,,,,,,
,,,,,,,,,
,,,,,,,,,
,,,,,,,,,
,,,,,,,,,
,,,,,,,,,
,,,,,,,,,
,,,,,,,,,
,,,,,,,,,
,,,,,,,,,
,,,,,,,,,
,,,,,,,,,
,,,,,,,,,
,,,,,,,,,
,,,,,,,,,
,,,,,,,,,
,,,,,,,,,
,,,,,,,,,
,,,,,,,,,
,,,,,,,,,
,,,,,,,,,
,,,,,,,,,
,,,,,,,,,
,,,,,,,,,
,,,,,,,,,
,,,,,,,,,
,,,,,,,,,
,,,,,,,,,
,,,,,,,,,
,,,,,,,,,
,,,,,,,,,
,,,,,,,,,
,,,,,,,,,
,,,,,,,,,
,,,,,,,,,
,,,,,,,,,
,,,,,,,,,
,,,,,,,,,
,,,,,,,,,
,,,,,,,,,
,,,,,,,,,
,,,,,,,,,
,,,,,,,,,
,,,,,,,,,
,,,,,,,,,
,,,,,,,,,
,,,,,,,,,
,,,,,,,,,
,,,,,,,,,
,,,,,,,,,
,,,,,,,,,
,,,,,,,,,
,,,,,,,,,
,,,,,,,,,
,,,,,,,,,
,,,,,,,,,
,,,,,,,,,
,,,,,,,,,
,,,,,,,,,
,,,,,,,,,
,,,,,,,,,
,,,,,,,,,
,,,,,,,,,
,,,,,,,,,
,,,,,,,,,
,,,,,,,,,
,,,,,,,,,
,,,,,,,,,
,,,,,,,,,
,,,,,,,,,
,,,,,,,,,
,,,,,,,,,
,,,,,,,,,
,,,,,,,,,
,,,,,,,,,
,,,,,,,,,
,,,,,,,,,
,,,,,,,,,
,,,,,,,,,
,,,,,,,,,
,,,,,,,,,
,,,,,,,,,
,,,,,,,,,
,,,,,,,,,
,,,,,,,,,
,,,,,,,,,
,,,,,,,,,
,,,,,,,,,
,,,,,,,,,
,,,,,,,,,
,,,,,,,,,
,,,,,,,,,
,,,,,,,,,
,,,,,,,,,
,,,,,,,,,
,,,,,,,,,
,,,,,,,,,
,,,,,,,,,
,,,,,,,,,
,,,,,,,,,
,,,,,,,,,
,,,,,,,,,
,,,,,,,,,
,,,,,,,,,
,,,,,,,,,
,,,,,,,,,
,,,,,,,,,
,,,,,,,,,
,,,,,,,,,
,,,,,,,,,
,,,,,,,,,
,,,,,,,,,
,,,,,,,,,
,,,,,,,,,
,,,,,,,,,
,,,,,,,,,
,,,,,,,,,
,,,,,,,,,
,,,,,,,,,
,,,,,,,,,
,,,,,,,,,
,,,,,,,,,
,,,,,,,,,
,,,,,,,,,
,,,,,,,,,
,,,,,,,,,
,,,,,,,,,
,,,,,,,,,
,,,,,,,,,
,,,,,,,,,
,,,,,,,,,
,,,,,,,,,
,,,,,,,,,
,,,,,,,,,
,,,,,,,,,
,,,,,,,,,
,,,,,,,,,
,,,,,,,,,
,,,,,,,,,
,,,,,,,,,
,,,,,,,,,
,,,,,,,,,
,,,,,,,,,
,,,,,,,,,
,,,,,,,,,
,,,,,,,,,
,,,,,,,,,
,,,,,,,,,
,,,,,,,,,
,,,,,,,,,
,,,,,,,,,
,,,,,,,,,
,,,,,,,,,
,,,,,,,,,
,,,,,,,,,
,,,,,,,,,
,,,,,,,,,
,,,,,,,,,
,,,,,,,,,
,,,,,,,,,
,,,,,,,,,
,,,,,,,,,
,,,,,,,,,
,,,,,,,,,
,,,,,,,,,
,,,,,,,,,
,,,,,,,,,
,,,,,,,,,
,,,,,,,,,
,,,,,,,,,
,,,,,,,,,
,,,,,,,,,
,,,,,,,,,
,,,,,,,,,
,,,,,,,,,
,,,,,,,,,
,,,,,,,,,
,,,,,,,,,
,,,,,,,,,
,,,,,,,,,
,,,,,,,,,
,,,,,,,,,
,,,,,,,,,
,,,,,,,,,
,,,,,,,,,
,,,,,,,,,
,,,,,,,,,
,,,,,,,,,
,,,,,,,,,
,,,,,,,,,
,,,,,,,,,
,,,,,,,,,
,,,,,,,,,
,,,,,,,,,
,,,,,,,,,
,,,,,,,,,
,,,,,,,,,
,,,,,,,,,
,,,,,,,,,
,,,,,,,,,
,,,,,,,,,
,,,,,,,,,
,,,,,,,,,
,,,,,,,,,
,,,,,,,,,
,,,,,,,,,
,,,,,,,,,
,,,,,,,,,
,,,,,,,,,
,,,,,,,,,
,,,,,,,,,
,,,,,,,,,
,,,,,,,,,
,,,,,,,,,
,,,,,,,,,
,,,,,,,,,
,,,,,,,,,
,,,,,,,,,
,,,,,,,,,
,,,,,,,,,
,,,,,,,,,
,,,,,,,,,
,,,,,,,,,
,,,,,,,,,
,,,,,,,,,
,,,,,,,,,
,,,,,,,,,
,,,,,,,,,
,,,,,,,,,
,,,,,,,,,
,,,,,,,,,
,,,,,,,,,
,,,,,,,,,
,,,,,,,,,
,,,,,,,,,
,,,,,,,,,
,,,,,,,,,
,,,,,,,,,
,,,,,,,,,
,,,,,,,,,
,,,,,,,,,
,,,,,,,,,
,,,,,,,,,
,,,,,,,,,
,,,,,,,,,
,,,,,,,,,
,,,,,,,,,
,,,,,,,,,
,,,,,,,,,
,,,,,,,,,
,,,,,,,,,
,,,,,,,,,
,,,,,,,,,
,,,,,,,,,
,,,,,,,,,
,,,,,,,,,
,,,,,,,,,
,,,,,,,,,
,,,,,,,,,
,,,,,,,,,
,,,,,,,,,
,,,,,,,,,
,,,,,,,,,
,,,,,,,,,
,,,,,,,,,
,,,,,,,,,
,,,,,,,,,
,,,,,,,,,
,,,,,,,,,
,,,,,,,,,
,,,,,,,,,
,,,,,,,,,
,,,,,,,,,
,,,,,,,,,
,,,,,,,,,
,,,,,,,,,
,,,,,,,,,
,,,,,,,,,
,,,,,,,,,
,,,,,,,,,
,,,,,,,,,
,,,,,,,,,
,,,,,,,,,
,,,,,,,,,
,,,,,,,,,
,,,,,,,,,
,,,,,,,,,
,,,,,,,,,
,,,,,,,,,
,,,,,,,,,
,,,,,,,,,
,,,,,,,,,
,,,,,,,,,
,,,,,,,,,
,,,,,,,,,
,,,,,,,,,
,,,,,,,,,
,,,,,,,,,
,,,,,,,,,
,,,,,,,,,
,,,,,,,,,
,,,,,,,,,
,,,,,,,,,
,,,,,,,,,
,,,,,,,,,
,,,,,,,,,
,,,,,,,,,
,,,,,,,,,
,,,,,,,,,
,,,,,,,,,
,,,,,,,,,
,,,,,,,,,
,,,,,,,,,
,,,,,,,,,
,,,,,,,,,
,,,,,,,,,
,,,,,,,,,
,,,,,,,,,
,,,,,,,,,
,,,,,,,,,
,,,,,,,,,
,,,,,,,,,
,,,,,,,,,
,,,,,,,,,
,,,,,,,,,
,,,,,,,,,
,,,,,,,,,
,,,,,,,,,
,,,,,,,,,
,,,,,,,,,
,,,,,,,,,
,,,,,,,,,
,,,,,,,,,
,,,,,,,,,
,,,,,,,,,
,,,,,,,,,
,,,,,,,,,
,,,,,,,,,
,,,,,,,,,
,,,,,,,,,
,,,,,,,,,
,,,,,,,,,
,,,,,,,,,
,,,,,,,,,
,,,,,,,,,
,,,,,,,,,
,,,,,,,,,
,,,,,,,,,
,,,,,,,,,
,,,,,,,,,
,,,,,,,,,
,,,,,,,,,
,,,,,,,,,
,,,,,,,,,
,,,,,,,,,
,,,,,,,,,
,,,,,,,,,
,,,,,,,,,
,,,,,,,,,
,,,,,,,,,
,,,,,,,,,
,,,,,,,,,
,,,,,,,,,
,,,,,,,,,
,,,,,,,,,
,,,,,,,,,
,,,,,,,,,
,,,,,,,,,
,,,,,,,,,
,,,,,,,,,
,,,,,,,,,
,,,,,,,,,
,,,,,,,,,
,,,,,,,,,
,,,,,,,,,
,,,,,,,,,
,,,,,,,,,
,,,,,,,,,
,,,,,,,,,
,,,,,,,,,
,,,,,,,,,
,,,,,,,,,
,,,,,,,,,
,,,,,,,,,
,,,,,,,,,
,,,,,,,,,
,,,,,,,,,
,,,,,,,,,
,,,,,,,,,
,,,,,,,,,
,,,,,,,,,
,,,,,,,,,
,,,,,,,,,
,,,,,,,,,
,,,,,,,,,
,,,,,,,,,
,,,,,,,,,
,,,,,,,,,
,,,,,,,,,
,,,,,,,,,
,,,,,,,,,
,,,,,,,,,
,,,,,,,,,
,,,,,,,,,
,,,,,,,,,
,,,,,,,,,
,,,,,,,,,
,,,,,,,,,
,,,,,,,,,
,,,,,,,,,
,,,,,,,,,
,,,,,,,,,
,,,,,,,,,
,,,,,,,,,
,,,,,,,,,
,,,,,,,,,
,,,,,,,,,
,,,,,,,,,
,,,,,,,,,
,,,,,,,,,
,,,,,,,,,
,,,,,,,,,
,,,,,,,,,
,,,,,,,,,
,,,,,,,,,
,,,,,,,,,
,,,,,,,,,
,,,,,,,,,
,,,,,,,,,
,,,,,,,,,
,,,,,,,,,
,,,,,,,,,
,,,,,,,,,
,,,,,,,,,
,,,,,,,,,
,,,,,,,,,
,,,,,,,,,
,,,,,,,,,
,,,,,,,,,
,,,,,,,,,
,,,,,,,,,
,,,,,,,,,
,,,,,,,,,
,,,,,,,,,
,,,,,,,,,
,,,,,,,,,
,,,,,,,,,
,,,,,,,,,
,,,,,,,,,
,,,,,,,,,
,,,,,,,,,
,,,,,,,,,
,,,,,,,,,
,,,,,,,,,
,,,,,,,,,
,,,,,,,,,
,,,,,,,,,
,,,,,,,,,
,,,,,,,,,
,,,,,,,,,
,,,,,,,,,
,,,,,,,,,
,,,,,,,,,
,,,,,,,,,
,,,,,,,,,
,,,,,,,,,
,,,,,,,,,
,,,,,,,,,
,,,,,,,,,
,,,,,,,,,
,,,,,,,,,
,,,,,,,,,
,,,,,,,,,
,,,,,,,,,
,,,,,,,,,
,,,,,,,,,
,,,,,,,,,
,,,,,,,,,
,,,,,,,,,
,,,,,,,,,
,,,,,,,,,
,,,,,,,,,
,,,,,,,,,
,,,,,,,,,
,,,,,,,,,
,,,,,,,,,
,,,,,,,,,
,,,,,,,,,
,,,,,,,,,
,,,,,,,,,
,,,,,,,,,
,,,,,,,,,
,,,,,,,,,
,,,,,,,,,
,,,,,,,,,
,,,,,,,,,
,,,,,,,,,
,,,,,,,,,
,,,,,,,,,
,,,,,,,,,
,,,,,,,,,
,,,,,,,,,
,,,,,,,,,
,,,,,,,,,
,,,,,,,,,
,,,,,,,,,
,,,,,,,,,
,,,,,,,,,
,,,,,,,,,
,,,,,,,,,
,,,,,,,,,
,,,,,,,,,
,,,,,,,,,
,,,,,,,,,
,,,,,,,,,
,,,,,,,,,
,,,,,,,,,
,,,,,,,,,
,,,,,,,,,
,,,,,,,,,
,,,,,,,,,
,,,,,,,,,
,,,,,,,,,
,,,,,,,,,
,,,,,,,,,
,,,,,,,,,
,,,,,,,,,
,,,,,,,,,
,,,,,,,,,
,,,,,,,,,
,,,,,,,,,
,,,,,,,,,
,,,,,,,,,
,,,,,,,,,
,,,,,,,,,
,,,,,,,,,
,,,,,,,,,
,,,,,,,,,
,,,,,,,,,
,,,,,,,,,
,,,,,,,,,
,,,,,,,,,
,,,,,,,,,
,,,,,,,,,
,,,,,,,,,
,,,,,,,,,
,,,,,,,,,
,,,,,,,,,
,,,,,,,,,
,,,,,,,,,
,,,,,,,,,
,,,,,,,,,
,,,,,,,,,
,,,,,,,,,
,,,,,,,,,
,,,,,,,,,
,,,,,,,,,
,,,,,,,,,
,,,,,,,,,
,,,,,,,,,
,,,,,,,,,
,,,,,,,,,
,,,,,,,,,
,,,,,,,,,
,,,,,,,,,
,,,,,,,,,
,,,,,,,,,
,,,,,,,,,
,,,,,,,,,
,,,,,,,,,
,,,,,,,,,
,,,,,,,,,
,,,,,,,,,
,,,,,,,,,
,,,,,,,,,
,,,,,,,,,
,,,,,,,,,
,,,,,,,,,
,,,,,,,,,
,,,,,,,,,
,,,,,,,,,
,,,,,,,,,
,,,,,,,,,
,,,,,,,,,
,,,,,,,,,
,,,,,,,,,
,,,,,,,,,
,,,,,,,,,
,,,,,,,,,
,,,,,,,,,
,,,,,,,,,
,,,,,,,,,
,,,,,,,,,
,,,,,,,,,
,,,,,,,,,
,,,,,,,,,
,,,,,,,,,
,,,,,,,,,
,,,,,,,,,
,,,,,,,,,
,,,,,,,,,
,,,,,,,,,
,,,,,,,,,
,,,,,,,,,
,,,,,,,,,
,,,,,,,,,
,,,,,,,,,
,,,,,,,,,
,,,,,,,,,
,,,,,,,,,
,,,,,,,,,
,,,,,,,,,
,,,,,,,,,
,,,,,,,,,
,,,,,,,,,
,,,,,,,,,
,,,,,,,,,
,,,,,,,,,
,,,,,,,,,
,,,,,,,,,
,,,,,,,,,
,,,,,,,,,
,,,,,,,,,
,,,,,,,,,
,,,,,,,,,
,,,,,,,,,
,,,,,,,,,
,,,,,,,,,
,,,,,,,,,
,,,,,,,,,
,,,,,,,,,
,,,,,,,,,
,,,,,,,,,
,,,,,,,,,
,,,,,,,,,
,,,,,,,,,
,,,,,,,,,
,,,,,,,,,
,,,,,,,,,
,,,,,,,,,
,,,,,,,,,
,,,,,,,,,
,,,,,,,,,
,,,,,,,,,
,,,,,,,,,
,,,,,,,,,
,,,,,,,,,
,,,,,,,,,
,,,,,,,,,
,,,,,,,,,
,,,,,,,,,
,,,,,,,,,
,,,,,,,,,
,,,,,,,,,
,,,,,,,,,
,,,,,,,,,
,,,,,,,,,
,,,,,,,,,
,,,,,,,,,
,,,,,,,,,
,,,,,,,,,
,,,,,,,,,
,,,,,,,,,
,,,,,,,,,
,,,,,,,,,
,,,,,,,,,
,,,,,,,,,
,,,,,,,,,
,,,,,,,,,
,,,,,,,,,
,,,,,,,,,
,,,,,,,,,
,,,,,,,,,
,,,,,,,,,
,,,,,,,,,
,,,,,,,,,
,,,,,,,,,
,,,,,,,,,
,,,,,,,,,
,,,,,,,,,
,,,,,,,,,
,,,,,,,,,
,,,,,,,,,
,,,,,,,,,
,,,,,,,,,
,,,,,,,,,
,,,,,,,,,
,,,,,,,,,
,,,,,,,,,
,,,,,,,,,
,,,,,,,,,
,,,,,,,,,
,,,,,,,,,
,,,,,,,,,
,,,,,,,,,
,,,,,,,,,
,,,,,,,,,
,,,,,,,,,
,,,,,,,,,
,,,,,,,,,
,,,,,,,,,
,,,,,,,,,
,,,,,,,,,
,,,,,,,,,
,,,,,,,,,
,,,,,,,,,
,,,,,,,,,
,,,,,,,,,
,,,,,,,,,
,,,,,,,,,
,,,,,,,,,
,,,,,,,,,
,,,,,,,,,
,,,,,,,,,
,,,,,,,,,
,,,,,,,,,
,,,,,,,,,
,,,,,,,,,
,,,,,,,,,
,,,,,,,,,
,,,,,,,,,
,,,,,,,,,
,,,,,,,,,
,,,,,,,,,
,,,,,,,,,
,,,,,,,,,
,,,,,,,,,
,,,,,,,,,
,,,,,,,,,
,,,,,,,,,
,,,,,,,,,
,,,,,,,,,
,,,,,,,,,
,,,,,,,,,
,,,,,,,,,
,,,,,,,,,
,,,,,,,,,
,,,,,,,,,
,,,,,,,,,
,,,,,,,,,
,,,,,,,,,
,,,,,,,,,
,,,,,,,,,
,,,,,,,,,
,,,,,,,,,
,,,,,,,,,
,,,,,,,,,
,,,,,,,,,
,,,,,,,,,
,,,,,,,,,
,,,,,,,,,
,,,,,,,,,
,,,,,,,,,
,,,,,,,,,
,,,,,,,,,
,,,,,,,,,
,,,,,,,,,
,,,,,,,,,
,,,,,,,,,
,,,,,,,,,
,,,,,,,,,
,,,,,,,,,
,,,,,,,,,
,,,,,,,,,
,,,,,,,,,
,,,,,,,,,
,,,,,,,,,
,,,,,,,,,
,,,,,,,,,
,,,,,,,,,
,,,,,,,,,
,,,,,,,,,
,,,,,,,,,
,,,,,,,,,
,,,,,,,,,
,,,,,,,,,
,,,,,,,,,
,,,,,,,,,
,,,,,,,,,
,,,,,,,,,
,,,,,,,,,
,,,,,,,,,
,,,,,,,,,
,,,,,,,,,
,,,,,,,,,
,,,,,,,,,
,,,,,,,,,
,,,,,,,,,
,,,,,,,,,
,,,,,,,,,
,,,,,,,,,
,,,,,,,,,
,,,,,,,,,
,,,,,,,,,
,,,,,,,,,
,,,,,,,,,
,,,,,,,,,
,,,,,,,,,
,,,,,,,,,
,,,,,,,,,
,,,,,,,,,
,,,,,,,,,
,,,,,,,,,
,,,,,,,,,
,,,,,,,,,
,,,,,,,,,
,,,,,,,,,
,,,,,,,,,
,,,,,,,,,
,,,,,,,,,
,,,,,,,,,
,,,,,,,,,
,,,,,,,,,
,,,,,,,,,
,,,,,,,,,
,,,,,,,,,
,,,,,,,,,
,,,,,,,,,
,,,,,,,,,
,,,,,,,,,
,,,,,,,,,
,,,,,,,,,
,,,,,,,,,
,,,,,,,,,
,,,,,,,,,
,,,,,,,,,
,,,,,,,,,
,,,,,,,,,
,,,,,,,,,
,,,,,,,,,
,,,,,,,,,
,,,,,,,,,
,,,,,,,,,
,,,,,,,,,
,,,,,,,,,
,,,,,,,,,
,,,,,,,,,
,,,,,,,,,
,,,,,,,,,
,,,,,,,,,
,,,,,,,,,
,,,,,,,,,
,,,,,,,,,
,,,,,,,,,
,,,,,,,,,
,,,,,,,,,
,,,,,,,,,
,,,,,,,,,
,,,,,,,,,
,,,,,,,,,
,,,,,,,,,
,,,,,,,,,
,,,,,,,,,
,,,,,,,,,
,,,,,,,,,
,,,,,,,,,
,,,,,,,,,
,,,,,,,,,
,,,,,,,,,
,,,,,,,,,
,,,,,,,,,
,,,,,,,,,
,,,,,,,,,
,,,,,,,,,
,,,,,,,,,
,,,,,,,,,
,,,,,,,,,
,,,,,,,,,
,,,,,,,,,
,,,,,,,,,
,,,,,,,,,
,,,,,,,,,
,,,,,,,,,
,,,,,,,,,
,,,,,,,,,
,,,,,,,,,
,,,,,,,,,
,,,,,,,,,
,,,,,,,,,
,,,,,,,,,
,,,,,,,,,
,,,,,,,,,
,,,,,,,,,
,,,,,,,,,
,,,,,,,,,
,,,,,,,,,
,,,,,,,,,
,,,,,,,,,
,,,,,,,,,
,,,,,,,,,
,,,,,,,,,
,,,,,,,,,
,,,,,,,,,
,,,,,,,,,
,,,,,,,,,
,,,,,,,,,
,,,,,,,,,
,,,,,,,,,
,,,,,,,,,
,,,,,,,,,
,,,,,,,,,
,,,,,,,,,
,,,,,,,,,
,,,,,,,,,
,,,,,,,,,
,,,,,,,,,
,,,,,,,,,
,,,,,,,,,
,,,,,,,,,
,,,,,,,,,
,,,,,,,,,
,,,,,,,,,
,,,,,,,,,
,,,,,,,,,
,,,,,,,,,
,,,,,,,,,
,,,,,,,,,
,,,,,,,,,
,,,,,,,,,
,,,,,,,,,
,,,,,,,,,
,,,,,,,,,
,,,,,,,,,
,,,,,,,,,
,,,,,,,,,
,,,,,,,,,
,,,,,,,,,
,,,,,,,,,
,,,,,,,,,
,,,,,,,,,
,,,,,,,,,
,,,,,,,,,
,,,,,,,,,
,,,,,,,,,
,,,,,,,,,
,,,,,,,,,
,,,,,,,,,
,,,,,,,,,
,,,,,,,,,
,,,,,,,,,
,,,,,,,,,
,,,,,,,,,
,,,,,,,,,
,,,,,,,,,
,,,,,,,,,
,,,,,,,,,
,,,,,,,,,
,,,,,,,,,
,,,,,,,,,
,,,,,,,,,
,,,,,,,,,
,,,,,,,,,
,,,,,,,,,
,,,,,,,,,
,,,,,,,,,
,,,,,,,,,
,,,,,,,,,
,,,,,,,,,
,,,,,,,,,
,,,,,,,,,
,,,,,,,,,
,,,,,,,,,
,,,,,,,,,
,,,,,,,,,
,,,,,,,,,
,,,,,,,,,
,,,,,,,,,
,,,,,,,,,
,,,,,,,,,
,,,,,,,,,
,,,,,,,,,
,,,,,,,,,
,,,,,,,,,
,,,,,,,,,
,,,,,,,,,
,,,,,,,,,
,,,,,,,,,
,,,,,,,,,
,,,,,,,,,
,,,,,,,,,
,,,,,,,,,
,,,,,,,,,
,,,,,,,,,
,,,,,,,,,
,,,,,,,,,
,,,,,,,,,
,,,,,,,,,
,,,,,,,,,
,,,,,,,,,
,,,,,,,,,
,,,,,,,,,
,,,,,,,,,
,,,,,,,,,
,,,,,,,,,
,,,,,,,,,
,,,,,,,,,
,,,,,,,,,
,,,,,,,,,
,,,,,,,,,
,,,,,,,,,
,,,,,,,,,
,,,,,,,,,
,,,,,,,,,
,,,,,,,,,
,,,,,,,,,
,,,,,,,,,
,,,,,,,,,
,,,,,,,,,
,,,,,,,,,
,,,,,,,,,
,,,,,,,,,
,,,,,,,,,
,,,,,,,,,
,,,,,,,,,
,,,,,,,,,
,,,,,,,,,
,,,,,,,,,
,,,,,,,,,
,,,,,,,,,
,,,,,,,,,
,,,,,,,,,
,,,,,,,,,
,,,,,,,,,
,,,,,,,,,
,,,,,,,,,
,,,,,,,,,
,,,,,,,,,
,,,,,,,,,
,,,,,,,,,
,,,,,,,,,
,,,,,,,,,
,,,,,,,,,
,,,,,,,,,
,,,,,,,,,
,,,,,,,,,
,,,,,,,,,
,,,,,,,,,
,,,,,,,,,
,,,,,,,,,
,,,,,,,,,
,,,,,,,,,
,,,,,,,,,
,,,,,,,,,
,,,,,,,,,
,,,,,,,,,
,,,,,,,,,
,,,,,,,,,
,,,,,,,,,
,,,,,,,,,
,,,,,,,,,
,,,,,,,,,
,,,,,,,,,
,,,,,,,,,
,,,,,,,,,
,,,,,,,,,
,,,,,,,,,
,,,,,,,,,
,,,,,,,,,
,,,,,,,,,
,,,,,,,,,
,,,,,,,,,
,,,,,,,,,
,,,,,,,,,
,,,,,,,,,
,,,,,,,,,
,,,,,,,,,
,,,,,,,,,
,,,,,,,,,
,,,,,,,,,
,,,,,,,,,
,,,,,,,,,
,,,,,,,,,
,,,,,,,,,
,,,,,,,,,
,,,,,,,,,
,,,,,,,,,
,,,,,,,,,
,,,,,,,,,
,,,,,,,,,
,,,,,,,,,
,,,,,,,,,
,,,,,,,,,
,,,,,,,,,
,,,,,,,,,
,,,,,,,,,
,,,,,,,,,
,,,,,,,,,
,,,,,,,,,
,,,,,,,,,
,,,,,,,,,
,,,,,,,,,
,,,,,,,,,
,,,,,,,,,
,,,,,,,,,
,,,,,,,,,
,,,,,,,,,
,,,,,,,,,
,,,,,,,,,
,,,,,,,,,
,,,,,,,,,
,,,,,,,,,
,,,,,,,,,
,,,,,,,,,
,,,,,,,,,
,,,,,,,,,
,,,,,,,,,
,,,,,,,,,
,,,,,,,,,
,,,,,,,,,
,,,,,,,,,
,,,,,,,,,
,,,,,,,,,
,,,,,,,,,
,,,,,,,,,
,,,,,,,,,
,,,,,,,,,
,,,,,,,,,
,,,,,,,,,
,,,,,,,,,
,,,,,,,,,
,,,,,,,,,
,,,,,,,,,
,,,,,,,,,
,,,,,,,,,
,,,,,,,,,
,,,,,,,,,
,,,,,,,,,
,,,,,,,,,
,,,,,,,,,
,,,,,,,,,
,,,,,,,,,
,,,,,,,,,
,,,,,,,,,
,,,,,,,,,
,,,,,,,,,
,,,,,,,,,
,,,,,,,,,
,,,,,,,,,
,,,,,,,,,
,,,,,,,,,
,,,,,,,,,
,,,,,,,,,
,,,,,,,,,
,,,,,,,,,
,,,,,,,,,
,,,,,,,,,
,,,,,,,,,
,,,,,,,,,
,,,,,,,,,
,,,,,,,,,
,,,,,,,,,
,,,,,,,,,
,,,,,,,,,
,,,,,,,,,
,,,,,,,,,
,,,,,,,,,
,,,,,,,,,
,,,,,,,,,
,,,,,,,,,
,,,,,,,,,
,,,,,,,,,
,,,,,,,,,
,,,,,,,,,
,,,,,,,,,
,,,,,,,,,
,,,,,,,,,
,,,,,,,,,
,,,,,,,,,
,,,,,,,,,
,,,,,,,,,
,,,,,,,,,
,,,,,,,,,
,,,,,,,,,
,,,,,,,,,
,,,,,,,,,
,,,,,,,,,
,,,,,,,,,
,,,,,,,,,
,,,,,,,,,
,,,,,,,,,
,,,,,,,,,
,,,,,,,,,
,,,,,,,,,
,,,,,,,,,
,,,,,,,,,
,,,,,,,,,
,,,,,,,,,
,,,,,,,,,
,,,,,,,,,
,,,,,,,,,
,,,,,,,,,
,,,,,,,,,
,,,,,,,,,
,,,,,,,,,
,,,,,,,,,
,,,,,,,,,
,,,,,,,,,
,,,,,,,,,
,,,,,,,,,
,,,,,,,,,
,,,,,,,,,
,,,,,,,,,
,,,,,,,,,
,,,,,,,,,
,,,,,,,,,
,,,,,,,,,
,,,,,,,,,
,,,,,,,,,
,,,,,,,,,
,,,,,,,,,
,,,,,,,,,
,,,,,,,,,
,,,,,,,,,
,,,,,,,,,
,,,,,,,,,
,,,,,,,,,
,,,,,,,,,
,,,,,,,,,
,,,,,,,,,
,,,,,,,,,
,,,,,,,,,
,,,,,,,,,
,,,,,,,,,
,,,,,,,,,
,,,,,,,,,
,,,,,,,,,
,,,,,,,,,
,,,,,,,,,
,,,,,,,,,
,,,,,,,,,
,,,,,,,,,
,,,,,,,,,
,,,,,,,,,
,,,,,,,,,
,,,,,,,,,
,,,,,,,,,
,,,,,,,,,
,,,,,,,,,
,,,,,,,,,
,,,,,,,,,
,,,,,,,,,
,,,,,,,,,
,,,,,,,,,
,,,,,,,,,
,,,,,,,,,
,,,,,,,,,
,,,,,,,,,
,,,,,,,,,
,,,,,,,,,
,,,,,,,,,
,,,,,,,,,
,,,,,,,,,
,,,,,,,,,
,,,,,,,,,
,,,,,,,,,
,,,,,,,,,
,,,,,,,,,
,,,,,,,,,
,,,,,,,,,
,,,,,,,,,
,,,,,,,,,
,,,,,,,,,
,,,,,,,,,
,,,,,,,,,
,,,,,,,,,
,,,,,,,,,
,,,,,,,,,
,,,,,,,,,
,,,,,,,,,
,,,,,,,,,
,,,,,,,,,
,,,,,,,,,
,,,,,,,,,
,,,,,,,,,
,,,,,,,,,
,,,,,,,,,
,,,,,,,,,
,,,,,,,,,
,,,,,,,,,
,,,,,,,,,
,,,,,,,,,
,,,,,,,,,
,,,,,,,,,
,,,,,,,,,
,,,,,,,,,
,,,,,,,,,
,,,,,,,,,
,,,,,,,,,
,,,,,,,,,
,,,,,,,,,
,,,,,,,,,
,,,,,,,,,
,,,,,,,,,
,,,,,,,,,
,,,,,,,,,
,,,,,,,,,
,,,,,,,,,
,,,,,,,,,
,,,,,,,,,
,,,,,,,,,
,,,,,,,,,
,,,,,,,,,
,,,,,,,,,
,,,,,,,,,
,,,,,,,,,
,,,,,,,,,
,,,,,,,,,
,,,,,,,,,
,,,,,,,,,
,,,,,,,,,
,,,,,,,,,
,,,,,,,,,
,,,,,,,,,
,,,,,,,,,
,,,,,,,,,
,,,,,,,,,
,,,,,,,,,
,,,,,,,,,
,,,,,,,,,
,,,,,,,,,
,,,,,,,,,
,,,,,,,,,
,,,,,,,,,
,,,,,,,,,
,,,,,,,,,
,,,,,,,,,
,,,,,,,,,
,,,,,,,,,
,,,,,,,,,
,,,,,,,,,
,,,,,,,,,
,,,,,,,,,
,,,,,,,,,
,,,,,,,,,
,,,,,,,,,
,,,,,,,,,
,,,,,,,,,
,,,,,,,,,
,,,,,,,,,
,,,,,,,,,
,,,,,,,,,
,,,,,,,,,
,,,,,,,,,
,,,,,,,,,
,,,,,,,,,
,,,,,,,,,
,,,,,,,,,
,,,,,,,,,
,,,,,,,,,
,,,,,,,,,
,,,,,,,,,
,,,,,,,,,
,,,,,,,,,
,,,,,,,,,
,,,,,,,,,
,,,,,,,,,
,,,,,,,,,
,,,,,,,,,
,,,,,,,,,
,,,,,,,,,
,,,,,,,,,
,,,,,,,,,
,,,,,,,,,
,,,,,,,,,
,,,,,,,,,
,,,,,,,,,
,,,,,,,,,
,,,,,,,,,
,,,,,,,,,
,,,,,,,,,
,,,,,,,,,
,,,,,,,,,
,,,,,,,,,
,,,,,,,,,
,,,,,,,,,
,,,,,,,,,
,,,,,,,,,
,,,,,,,,,
,,,,,,,,,
,,,,,,,,,
,,,,,,,,,
,,,,,,,,,
,,,,,,,,,
,,,,,,,,,
,,,,,,,,,
,,,,,,,,,
,,,,,,,,,
,,,,,,,,,
,,,,,,,,,
,,,,,,,,,
,,,,,,,,,
,,,,,,,,,
,,,,,,,,,
,,,,,,,,,
,,,,,,,,,
,,,,,,,,,
,,,,,,,,,
,,,,,,,,,
,,,,,,,,,
,,,,,,,,,
,,,,,,,,,
,,,,,,,,,
,,,,,,,,,
,,,,,,,,,
,,,,,,,,,
,,,,,,,,,
,,,,,,,,,
,,,,,,,,,
,,,,,,,,,
,,,,,,,,,
,,,,,,,,,
,,,,,,,,,
,,,,,,,,,
,,,,,,,,,
,,,,,,,,,
,,,,,,,,,
,,,,,,,,,
,,,,,,,,,
,,,,,,,,,
,,,,,,,,,
,,,,,,,,,
,,,,,,,,,
,,,,,,,,,
,,,,,,,,,
,,,,,,,,,
,,,,,,,,,
,,,,,,,,,
,,,,,,,,,
,,,,,,,,,
,,,,,,,,,
,,,,,,,,,
,,,,,,,,,
,,,,,,,,,
,,,,,,,,,
,,,,,,,,,
,,,,,,,,,
,,,,,,,,,
,,,,,,,,,
,,,,,,,,,
,,,,,,,,,
,,,,,,,,,
,,,,,,,,,
,,,,,,,,,
,,,,,,,,,
,,,,,,,,,
,,,,,,,,,
,,,,,,,,,
,,,,,,,,,
,,,,,,,,,
,,,,,,,,,
,,,,,,,,,
,,,,,,,,,
,,,,,,,,,
,,,,,,,,,
,,,,,,,,,
,,,,,,,,,
,,,,,,,,,
,,,,,,,,,
,,,,,,,,,
,,,,,,,,,
,,,,,,,,,
,,,,,,,,,
,,,,,,,,,
,,,,,,,,,
,,,,,,,,,
,,,,,,,,,
,,,,,,,,,
,,,,,,,,,
,,,,,,,,,
,,,,,,,,,
,,,,,,,,,
,,,,,,,,,
,,,,,,,,,
,,,,,,,,,
,,,,,,,,,
,,,,,,,,,
,,,,,,,,,
,,,,,,,,,
,,,,,,,,,
,,,,,,,,,
,,,,,,,,,
,,,,,,,,,
,,,,,,,,,
,,,,,,,,,
,,,,,,,,,
,,,,,,,,,
,,,,,,,,,
,,,,,,,,,
,,,,,,,,,
,,,,,,,,,
,,,,,,,,,
,,,,,,,,,
,,,,,,,,,
,,,,,,,,,
,,,,,,,,,
,,,,,,,,,
,,,,,,,,,
,,,,,,,,,
,,,,,,,,,
,,,,,,,,,
,,,,,,,,,
,,,,,,,,,
,,,,,,,,,
,,,,,,,,,
,,,,,,,,,
,,,,,,,,,
,,,,,,,,,
,,,,,,,,,
,,,,,,,,,
,,,,,,,,,
,,,,,,,,,
,,,,,,,,,
,,,,,,,,,
,,,,,,,,,
,,,,,,,,,
,,,,,,,,,
,,,,,,,,,
,,,,,,,,,
,,,,,,,,,
,,,,,,,,,
,,,,,,,,,
,,,,,,,,,
,,,,,,,,,
,,,,,,,,,
,,,,,,,,,
,,,,,,,,,
,,,,,,,,,
,,,,,,,,,
,,,,,,,,,
,,,,,,,,,
,,,,,,,,,
,,,,,,,,,
,,,,,,,,,
,,,,,,,,,
,,,,,,,,,
,,,,,,,,,
,,,,,,,,,
,,,,,,,,,
,,,,,,,,,
,,,,,,,,,
,,,,,,,,,
,,,,,,,,,
,,,,,,,,,
,,,,,,,,,
,,,,,,,,,
,,,,,,,,,
,,,,,,,,,
,,,,,,,,,
,,,,,,,,,
,,,,,,,,,
,,,,,,,,,
,,,,,,,,,
,,,,,,,,,
,,,,,,,,,
,,,,,,,,,
,,,,,,,,,
,,,,,,,,,
,,,,,,,,,
,,,,,,,,,
,,,,,,,,,
,,,,,,,,,
,,,,,,,,,
,,,,,,,,,
,,,,,,,,,
,,,,,,,,,
,,,,,,,,,
,,,,,,,,,
,,,,,,,,,
,,,,,,,,,
,,,,,,,,,
,,,,,,,,,
,,,,,,,,,
,,,,,,,,,
,,,,,,,,,
,,,,,,,,,
,,,,,,,,,
,,,,,,,,,
,,,,,,,,,
,,,,,,,,,
,,,,,,,,,
,,,,,,,,,
,,,,,,,,,
,,,,,,,,,
,,,,,,,,,
,,,,,,,,,
,,,,,,,,,
,,,,,,,,,
,,,,,,,,,
,,,,,,,,,
,,,,,,,,,
,,,,,,,,,
,,,,,,,,,
,,,,,,,,,
,,,,,,,,,
,,,,,,,,,
,,,,,,,,,
,,,,,,,,,
,,,,,,,,,
,,,,,,,,,
,,,,,,,,,
,,,,,,,,,
,,,,,,,,,
,,,,,,,,,
,,,,,,,,,
,,,,,,,,,
,,,,,,,,,
,,,,,,,,,
,,,,,,,,,
,,,,,,,,,
,,,,,,,,,
,,,,,,,,,
,,,,,,,,,
,,,,,,,,,
,,,,,,,,,
,,,,,,,,,
,,,,,,,,,
,,,,,,,,,
,,,,,,,,,
,,,,,,,,,
,,,,,,,,,
,,,,,,,,,
,,,,,,,,,
,,,,,,,,,
,,,,,,,,,
,,,,,,,,,
,,,,,,,,,
,,,,,,,,,
,,,,,,,,,
,,,,,,,,,
,,,,,,,,,
,,,,,,,,,
,,,,,,,,,
,,,,,,,,,
,,,,,,,,,
,,,,,,,,,
,,,,,,,,,
,,,,,,,,,
,,,,,,,,,
,,,,,,,,,
,,,,,,,,,
,,,,,,,,,
,,,,,,,,,
,,,,,,,,,
,,,,,,,,,
,,,,,,,,,
,,,,,,,,,
,,,,,,,,,
,,,,,,,,,
,,,,,,,,,
,,,,,,,,,
,,,,,,,,,
,,,,,,,,,
,,,,,,,,,
,,,,,,,,,
,,,,,,,,,
,,,,,,,,,
,,,,,,,,,
,,,,,,,,,
,,,,,,,,,
,,,,,,,,,
,,,,,,,,,
,,,,,,,,,
,,,,,,,,,
,,,,,,,,,
,,,,,,,,,
,,,,,,,,,
,,,,,,,,,
,,,,,,,,,
,,,,,,,,,
,,,,,,,,,
,,,,,,,,,
,,,,,,,,,
,,,,,,,,,
,,,,,,,,,
,,,,,,,,,
,,,,,,,,,
,,,,,,,,,
,,,,,,,,,
,,,,,,,,,
,,,,,,,,,
,,,,,,,,,
,,,,,,,,,
,,,,,,,,,
,,,,,,,,,
,,,,,,,,,
,,,,,,,,,
,,,,,,,,,
,,,,,,,,,
,,,,,,,,,
,,,,,,,,,
,,,,,,,,,
,,,,,,,,,
,,,,,,,,,
,,,,,,,,,
,,,,,,,,,
,,,,,,,,,
,,,,,,,,,
,,,,,,,,,
,,,,,,,,,
,,,,,,,,,
,,,,,,,,,
,,,,,,,,,
,,,,,,,,,
,,,,,,,,,
,,,,,,,,,
,,,,,,,,,
,,,,,,,,,
,,,,,,,,,
,,,,,,,,,
,,,,,,,,,
,,,,,,,,,
,,,,,,,,,
,,,,,,,,,
,,,,,,,,,
,,,,,,,,,
,,,,,,,,,
,,,,,,,,,
,,,,,,,,,
,,,,,,,,,
,,,,,,,,,
,,,,,,,,,
,,,,,,,,,
,,,,,,,,,
,,,,,,,,,
,,,,,,,,,
,,,,,,,,,
,,,,,,,,,
,,,,,,,,,
,,,,,,,,,
,,,,,,,,,
,,,,,,,,,
,,,,,,,,,
,,,,,,,,,
,,,,,,,,,
,,,,,,,,,
,,,,,,,,,
,,,,,,,,,
,,,,,,,,,
,,,,,,,,,
,,,,,,,,,
,,,,,,,,,
,,,,,,,,,
,,,,,,,,,
,,,,,,,,,
,,,,,,,,,
,,,,,,,,,
,,,,,,,,,
,,,,,,,,,
,,,,,,,,,
,,,,,,,,,
,,,,,,,,,
,,,,,,,,,
,,,,,,,,,
,,,,,,,,,
,,,,,,,,,
,,,,,,,,,
,,,,,,,,,
,,,,,,,,,
,,,,,,,,,
,,,,,,,,,
,,,,,,,,,
,,,,,,,,,
,,,,,,,,,
,,,,,,,,,
,,,,,,,,,
,,,,,,,,,
,,,,,,,,,
,,,,,,,,,
,,,,,,,,,
,,,,,,,,,
,,,,,,,,,
,,,,,,,,,
,,,,,,,,,
,,,,,,,,,
,,,,,,,,,
,,,,,,,,,
,,,,,,,,,
,,,,,,,,,
,,,,,,,,,
,,,,,,,,,
,,,,,,,,,
,,,,,,,,,
,,,,,,,,,
,,,,,,,,,
,,,,,,,,,
,,,,,,,,,
,,,,,,,,,
,,,,,,,,,
,,,,,,,,,
,,,,,,,,,
,,,,,,,,,
,,,,,,,,,
,,,,,,,,,
,,,,,,,,,
,,,,,,,,,
,,,,,,,,,
,,,,,,,,,
,,,,,,,,,
,,,,,,,,,
,,,,,,,,,
,,,,,,,,,
,,,,,,,,,
,,,,,,,,,
,,,,,,,,,
,,,,,,,,,
,,,,,,,,,
,,,,,,,,,
,,,,,,,,,
,,,,,,,,,
,,,,,,,,,
,,,,,,,,,
,,,,,,,,,
,,,,,,,,,
,,,,,,,,,
,,,,,,,,,
,,,,,,,,,
,,,,,,,,,
,,,,,,,,,
,,,,,,,,,
,,,,,,,,,
,,,,,,,,,
,,,,,,,,,
,,,,,,,,,
,,,,,,,,,
,,,,,,,,,
,,,,,,,,,
,,,,,,,,,
,,,,,,,,,
,,,,,,,,,
,,,,,,,,,
,,,,,,,,,
,,,,,,,,,
,,,,,,,,,
,,,,,,,,,
,,,,,,,,,
,,,,,,,,,
,,,,,,,,,
,,,,,,,,,
,,,,,,,,,
,,,,,,,,,
,,,,,,,,,
,,,,,,,,,
,,,,,,,,,
,,,,,,,,,
,,,,,,,,,
,,,,,,,,,
,,,,,,,,,
,,,,,,,,,
,,,,,,,,,
,,,,,,,,,
,,,,,,,,,
,,,,,,,,,
,,,,,,,,,
,,,,,,,,,
,,,,,,,,,
,,,,,,,,,
,,,,,,,,,
,,,,,,,,,
,,,,,,,,,
,,,,,,,,,
,,,,,,,,,
,,,,,,,,,
,,,,,,,,,
,,,,,,,,,
,,,,,,,,,
,,,,,,,,,
,,,,,,,,,
,,,,,,,,,
,,,,,,,,,
,,,,,,,,,
,,,,,,,,,
,,,,,,,,,
,,,,,,,,,
,,,,,,,,,
,,,,,,,,,
,,,,,,,,,
,,,,,,,,,
,,,,,,,,,
,,,,,,,,,
,,,,,,,,,
,,,,,,,,,
,,,,,,,,,
,,,,,,,,,
,,,,,,,,,
,,,,,,,,,
,,,,,,,,,
,,,,,,,,,
,,,,,,,,,
,,,,,,,,,
,,,,,,,,,
,,,,,,,,,
,,,,,,,,,
,,,,,,,,,
,,,,,,,,,
,,,,,,,,,
,,,,,,,,,
,,,,,,,,,
,,,,,,,,,
,,,,,,,,,
,,,,,,,,,
,,,,,,,,,
,,,,,,,,,
,,,,,,,,,
,,,,,,,,,
,,,,,,,,,
,,,,,,,,,
,,,,,,,,,
,,,,,,,,,
,,,,,,,,,
,,,,,,,,,
,,,,,,,,,
,,,,,,,,,
,,,,,,,,,
,,,,,,,,,
,,,,,,,,,
,,,,,,,,,
,,,,,,,,,
,,,,,,,,,
,,,,,,,,,
,,,,,,,,,
,,,,,,,,,
,,,,,,,,,
,,,,,,,,,
,,,,,,,,,
,,,,,,,,,
,,,,,,,,,
,,,,,,,,,
,,,,,,,,,
,,,,,,,,,
,,,,,,,,,
,,,,,,,,,
,,,,,,,,,
,,,,,,,,,
,,,,,,,,,
,,,,,,,,,
,,,,,,,,,
,,,,,,,,,
,,,,,,,,,
,,,,,,,,,
,,,,,,,,,
,,,,,,,,,
,,,,,,,,,
,,,,,,,,,
,,,,,,,,,
,,,,,,,,,
,,,,,,,,,
,,,,,,,,,
,,,,,,,,,
,,,,,,,,,
,,,,,,,,,
,,,,,,,,,
,,,,,,,,,
,,,,,,,,,
,,,,,,,,,
,,,,,,,,,
,,,,,,,,,
,,,,,,,,,
,,,,,,,,,
,,,,,,,,,
,,,,,,,,,
,,,,,,,,,
,,,,,,,,,
,,,,,,,,,
,,,,,,,,,
,,,,,,,,,
,,,,,,,,,
,,,,,,,,,
,,,,,,,,,
,,,,,,,,,
,,,,,,,,,
,,,,,,,,,
,,,,,,,,,
,,,,,,,,,
,,,,,,,,,
,,,,,,,,,
,,,,,,,,,
,,,,,,,,,
,,,,,,,,,
,,,,,,,,,
,,,,,,,,,
,,,,,,,,,
,,,,,,,,,
,,,,,,,,,
,,,,,,,,,
,,,,,,,,,
,,,,,,,,,
,,,,,,,,,
,,,,,,,,,
,,,,,,,,,
,,,,,,,,,
,,,,,,,,,
,,,,,,,,,
,,,,,,,,,
,,,,,,,,,
,,,,,,,,,
,,,,,,,,,
,,,,,,,,,
,,,,,,,,,
,,,,,,,,,
,,,,,,,,,
,,,,,,,,,
,,,,,,,,,
,,,,,,,,,
,,,,,,,,,
,,,,,,,,,
,,,,,,,,,
,,,,,,,,,
,,,,,,,,,
,,,,,,,,,
,,,,,,,,,
,,,,,,,,,
,,,,,,,,,
,,,,,,,,,
,,,,,,,,,
,,,,,,,,,
,,,,,,,,,
,,,,,,,,,
,,,,,,,,,
,,,,,,,,,
,,,,,,,,,
,,,,,,,,,
,,,,,,,,,
,,,,,,,,,
,,,,,,,,,
,,,,,,,,,
,,,,,,,,,
,,,,,,,,,
,,,,,,,,,
,,,,,,,,,
,,,,,,,,,
,,,,,,,,,
,,,,,,,,,
,,,,,,,,,
,,,,,,,,,
,,,,,,,,,
,,,,,,,,,
,,,,,,,,,
,,,,,,,,,
,,,,,,,,,
,,,,,,,,,
,,,,,,,,,
,,,,,,,,,
,,,,,,,,,
,,,,,,,,,
,,,,,,,,,
,,,,,,,,,
,,,,,,,,,
,,,,,,,,,
,,,,,,,,,
,,,,,,,,,
,,,,,,,,,
,,,,,,,,,
,,,,,,,,,
,,,,,,,,,
,,,,,,,,,
,,,,,,,,,
,,,,,,,,,
,,,,,,,,,
,,,,,,,,,
,,,,,,,,,
,,,,,,,,,
,,,,,,,,,
,,,,,,,,,
,,,,,,,,,
,,,,,,,,,
,,,,,,,,,
,,,,,,,,,
,,,,,,,,,
,,,,,,,,,
,,,,,,,,,
,,,,,,,,,
,,,,,,,,,
,,,,,,,,,
,,,,,,,,,
,,,,,,,,,
,,,,,,,,,
,,,,,,,,,
,,,,,,,,,
,,,,,,,,,
,,,,,,,,,
,,,,,,,,,
,,,,,,,,,
,,,,,,,,,
,,,,,,,,,
,,,,,,,,,
,,,,,,,,,
,,,,,,,,,
,,,,,,,,,
,,,,,,,,,
,,,,,,,,,
,,,,,,,,,
,,,,,,,,,
,,,,,,,,,
,,,,,,,,,
,,,,,,,,,
,,,,,,,,,
,,,,,,,,,
,,,,,,,,,
,,,,,,,,,
,,,,,,,,,
,,,,,,,,,
,,,,,,,,,
,,,,,,,,,
,,,,,,,,,
,,,,,,,,,
,,,,,,,,,
,,,,,,,,,
,,,,,,,,,
,,,,,,,,,
,,,,,,,,,
,,,,,,,,,
,,,,,,,,,
,,,,,,,,,
,,,,,,,,,
,,,,,,,,,
,,,,,,,,,
,,,,,,,,,
,,,,,,,,,
,,,,,,,,,
,,,,,,,,,
,,,,,,,,,
,,,,,,,,,
,,,,,,,,,
,,,,,,,,,
,,,,,,,,,
,,,,,,,,,
,,,,,,,,,
,,,,,,,,,
,,,,,,,,,
,,,,,,,,,
,,,,,,,,,
,,,,,,,,,
,,,,,,,,,
,,,,,,,,,
,,,,,,,,,
,,,,,,,,,
,,,,,,,,,
,,,,,,,,,
,,,,,,,,,
,,,,,,,,,
,,,,,,,,,
,,,,,,,,,
,,,,,,,,,
,,,,,,,,,
,,,,,,,,,
,,,,,,,,,
,,,,,,,,,
,,,,,,,,,
,,,,,,,,,
,,,,,,,,,
,,,,,,,,,
,,,,,,,,,
,,,,,,,,,
,,,,,,,,,
,,,,,,,,,
,,,,,,,,,
,,,,,,,,,
,,,,,,,,,
,,,,,,,,,
,,,,,,,,,
,,,,,,,,,
,,,,,,,,,
,,,,,,,,,
,,,,,,,,,
,,,,,,,,,
,,,,,,,,,
,,,,,,,,,
,,,,,,,,,
,,,,,,,,,
,,,,,,,,,
,,,,,,,,,
,,,,,,,,,
,,,,,,,,,
,,,,,,,,,
,,,,,,,,,
,,,,,,,,,
,,,,,,,,,
,,,,,,,,,
,,,,,,,,,
,,,,,,,,,
,,,,,,,,,
,,,,,,,,,
,,,,,,,,,
,,,,,,,,,
,,,,,,,,,
,,,,,,,,,
,,,,,,,,,
,,,,,,,,,
,,,,,,,,,
,,,,,,,,,
,,,,,,,,,
,,,,,,,,,
,,,,,,,,,
,,,,,,,,,
,,,,,,,,,
,,,,,,,,,
,,,,,,,,,
,,,,,,,,,
,,,,,,,,,
,,,,,,,,,
,,,,,,,,,
,,,,,,,,,
,,,,,,,,,
,,,,,,,,,
,,,,,,,,,
,,,,,,,,,
,,,,,,,,,
,,,,,,,,,
,,,,,,,,,
,,,,,,,,,
,,,,,,,,,
,,,,,,,,,
,,,,,,,,,
,,,,,,,,,
,,,,,,,,,
,,,,,,,,,
,,,,,,,,,
,,,,,,,,,
,,,,,,,,,
,,,,,,,,,
,,,,,,,,,
,,,,,,,,,
,,,,,,,,,
,,,,,,,,,
,,,,,,,,,
,,,,,,,,,
,,,,,,,,,
,,,,,,,,,
,,,,,,,,,
,,,,,,,,,
,,,,,,,,,
,,,,,,,,,
,,,,,,,,,
,,,,,,,,,
,,,,,,,,,
,,,,,,,,,
,,,,,,,,,
,,,,,,,,,
,,,,,,,,,
,,,,,,,,,
,,,,,,,,,
,,,,,,,,,
,,,,,,,,,
,,,,,,,,,
,,,,,,,,,
,,,,,,,,,
,,,,,,,,,
,,,,,,,,,
,,,,,,,,,
,,,,,,,,,
,,,,,,,,,
,,,,,,,,,
,,,,,,,,,
,,,,,,,,,
,,,,,,,,,
,,,,,,,,,
,,,,,,,,,
,,,,,,,,,
,,,,,,,,,
,,,,,,,,,
,,,,,,,,,
,,,,,,,,,
,,,,,,,,,
,,,,,,,,,
,,,,,,,,,
,,,,,,,,,
,,,,,,,,,
,,,,,,,,,
,,,,,,,,,
,,,,,,,,,
,,,,,,,,,
,,,,,,,,,
,,,,,,,,,
,,,,,,,,,
,,,,,,,,,
,,,,,,,,,
,,,,,,,,,
,,,,,,,,,
,,,,,,,,,
,,,,,,,,,
,,,,,,,,,
,,,,,,,,,
,,,,,,,,,
,,,,,,,,,
,,,,,,,,,
,,,,,,,,,
,,,,,,,,,
,,,,,,,,,
,,,,,,,,,
,,,,,,,,,
,,,,,,,,,
,,,,,,,,,
,,,,,,,,,
,,,,,,,,,
,,,,,,,,,
,,,,,,,,,
,,,,,,,,,
,,,,,,,,,
,,,,,,,,,
,,,,,,,,,
,,,,,,,,,
,,,,,,,,,
,,,,,,,,,
,,,,,,,,,
,,,,,,,,,
,,,,,,,,,
,,,,,,,,,
,,,,,,,,,
,,,,,,,,,
,,,,,,,,,
,,,,,,,,,
,,,,,,,,,
,,,,,,,,,
,,,,,,,,,
,,,,,,,,,
,,,,,,,,,
,,,,,,,,,
,,,,,,,,,
,,,,,,,,,
,,,,,,,,,
,,,,,,,,,
,,,,,,,,,
,,,,,,,,,
,,,,,,,,,
,,,,,,,,,
,,,,,,,,,
,,,,,,,,,
,,,,,,,,,
,,,,,,,,,
,,,,,,,,,
,,,,,,,,,
,,,,,,,,,
,,,,,,,,,
,,,,,,,,,
,,,,,,,,,
,,,,,,,,,
,,,,,,,,,
,,,,,,,,,
,,,,,,,,,
,,,,,,,,,
,,,,,,,,,
,,,,,,,,,
,,,,,,,,,
,,,,,,,,,
,,,,,,,,,
,,,,,,,,,
,,,,,,,,,
,,,,,,,,,
,,,,,,,,,
,,,,,,,,,
,,,,,,,,,
,,,,,,,,,
,,,,,,,,,
,,,,,,,,,
,,,,,,,,,
,,,,,,,,,
,,,,,,,,,
,,,,,,,,,
,,,,,,,,,
,,,,,,,,,
,,,,,,,,,
,,,,,,,,,
,,,,,,,,,
,,,,,,,,,
,,,,,,,,,
,,,,,,,,,
,,,,,,,,,
,,,,,,,,,
,,,,,,,,,
,,,,,,,,,
,,,,,,,,,
,,,,,,,,,
,,,,,,,,,
,,,,,,,,,
,,,,,,,,,
,,,,,,,,,
,,,,,,,,,
,,,,,,,,,
,,,,,,,,,
,,,,,,,,,
,,,,,,,,,
,,,,,,,,,
,,,,,,,,,
,,,,,,,,,
,,,,,,,,,
,,,,,,,,,
,,,,,,,,,
,,,,,,,,,
,,,,,,,,,
,,,,,,,,,
,,,,,,,,,
,,,,,,,,,
,,,,,,,,,
,,,,,,,,,
,,,,,,,,,
,,,,,,,,,
,,,,,,,,,
,,,,,,,,,
,,,,,,,,,
,,,,,,,,,
,,,,,,,,,
,,,,,,,,,
,,,,,,,,,
,,,,,,,,,
,,,,,,,,,
,,,,,,,,,
,,,,,,,,,
,,,,,,,,,
,,,,,,,,,
,,,,,,,,,
,,,,,,,,,
,,,,,,,,,
,,,,,,,,,
,,,,,,,,,
,,,,,,,,,
,,,,,,,,,
,,,,,,,,,
,,,,,,,,,
,,,,,,,,,
,,,,,,,,,
,,,,,,,,,
,,,,,,,,,
,,,,,,,,,
,,,,,,,,,
,,,,,,,,,
,,,,,,,,,
,,,,,,,,,
,,,,,,,,,
,,,,,,,,,
,,,,,,,,,
,,,,,,,,,
,,,,,,,,,
,,,,,,,,,
,,,,,,,,,
,,,,,,,,,
,,,,,,,,,
,,,,,,,,,
,,,,,,,,,
,,,,,,,,,
,,,,,,,,,
,,,,,,,,,
,,,,,,,,,
,,,,,,,,,
,,,,,,,,,
,,,,,,,,,
,,,,,,,,,
,,,,,,,,,
,,,,,,,,,
,,,,,,,,,
,,,,,,,,,
,,,,,,,,,
,,,,,,,,,
,,,,,,,,,
,,,,,,,,,
,,,,,,,,,
,,,,,,,,,
,,,,,,,,,
,,,,,,,,,
,,,,,,,,,
,,,,,,,,,
,,,,,,,,,
,,,,,,,,,
,,,,,,,,,
,,,,,,,,,
,,,,,,,,,
,,,,,,,,,
,,,,,,,,,
,,,,,,,,,
,,,,,,,,,
,,,,,,,,,
,,,,,,,,,
,,,,,,,,,
,,,,,,,,,
,,,,,,,,,
,,,,,,,,,
,,,,,,,,,
,,,,,,,,,
,,,,,,,,,
,,,,,,,,,
,,,,,,,,,
,,,,,,,,,
,,,,,,,,,
,,,,,,,,,
,,,,,,,,,
,,,,,,,,,
,,,,,,,,,
,,,,,,,,,
,,,,,,,,,
,,,,,,,,,
,,,,,,,,,
,,,,,,,,,
,,,,,,,,,
,,,,,,,,,
,,,,,,,,,
,,,,,,,,,
,,,,,,,,,
,,,,,,,,,
,,,,,,,,,
,,,,,,,,,
,,,,,,,,,
,,,,,,,,,
,,,,,,,,,
,,,,,,,,,
,,,,,,,,,
,,,,,,,,,
,,,,,,,,,
,,,,,,,,,
,,,,,,,,,
,,,,,,,,,
,,,,,,,,,
,,,,,,,,,
,,,,,,,,,
,,,,,,,,,
,,,,,,,,,
,,,,,,,,,
,,,,,,,,,
,,,,,,,,,
,,,,,,,,,
,,,,,,,,,
,,,,,,,,,
,,,,,,,,,
,,,,,,,,,
,,,,,,,,,
,,,,,,,,,
,,,,,,,,,
,,,,,,,,,
,,,,,,,,,
,,,,,,,,,
,,,,,,,,,
,,,,,,,,,
,,,,,,,,,
,,,,,,,,,
,,,,,,,,,
,,,,,,,,,
,,,,,,,,,
,,,,,,,,,
,,,,,,,,,
,,,,,,,,,
,,,,,,,,,
,,,,,,,,,
,,,,,,,,,
,,,,,,,,,
,,,,,,,,,
,,,,,,,,,
,,,,,,,,,
,,,,,,,,,
,,,,,,,,,
,,,,,,,,,
,,,,,,,,,
,,,,,,,,,
,,,,,,,,,
,,,,,,,,,
,,,,,,,,,
,,,,,,,,,
,,,,,,,,,
,,,,,,,,,
,,,,,,,,,
,,,,,,,,,
,,,,,,,,,
,,,,,,,,,
,,,,,,,,,
,,,,,,,,,
,,,,,,,,,
,,,,,,,,,
,,,,,,,,,
,,,,,,,,,
,,,,,,,,,
,,,,,,,,,
,,,,,,,,,
,,,,,,,,,
,,,,,,,,,
,,,,,,,,,
,,,,,,,,,
,,,,,,,,,
,,,,,,,,,
,,,,,,,,,
,,,,,,,,,
,,,,,,,,,
,,,,,,,,,
,,,,,,,,,
,,,,,,,,,
,,,,,,,,,
,,,,,,,,,
,,,,,,,,,
,,,,,,,,,
,,,,,,,,,
,,,,,,,,,
,,,,,,,,,
,,,,,,,,,
,,,,,,,,,
,,,,,,,,,
,,,,,,,,,
,,,,,,,,,
,,,,,,,,,
,,,,,,,,,
,,,,,,,,,
,,,,,,,,,
,,,,,,,,,
,,,,,,,,,
,,,,,,,,,
,,,,,,,,,
,,,,,,,,,
,,,,,,,,,
,,,,,,,,,
,,,,,,,,,
,,,,,,,,,
,,,,,,,,,
,,,,,,,,,
,,,,,,,,,
,,,,,,,,,
,,,,,,,,,
,,,,,,,,,
,,,,,,,,,
,,,,,,,,,
,,,,,,,,,
,,,,,,,,,
,,,,,,,,,
,,,,,,,,,
,,,,,,,,,
,,,,,,,,,
,,,,,,,,,
,,,,,,,,,
,,,,,,,,,
,,,,,,,,,
,,,,,,,,,
,,,,,,,,,
,,,,,,,,,
,,,,,,,,,
,,,,,,,,,
,,,,,,,,,
,,,,,,,,,
,,,,,,,,,
,,,,,,,,,
,,,,,,,,,
,,,,,,,,,
,,,,,,,,,
,,,,,,,,,
,,,,,,,,,
,,,,,,,,,
,,,,,,,,,
,,,,,,,,,
,,,,,,,,,
,,,,,,,,,
,,,,,,,,,
,,,,,,,,,
,,,,,,,,,
,,,,,,,,,
,,,,,,,,,
,,,,,,,,,
,,,,,,,,,
,,,,,,,,,
,,,,,,,,,
,,,,,,,,,
,,,,,,,,,
,,,,,,,,,
,,,,,,,,,
,,,,,,,,,
,,,,,,,,,
,,,,,,,,,
,,,,,,,,,
,,,,,,,,,
,,,,,,,,,
,,,,,,,,,
,,,,,,,,,
,,,,,,,,,
,,,,,,,,,
,,,,,,,,,
,,,,,,,,,
,,,,,,,,,
,,,,,,,,,
,,,,,,,,,
,,,,,,,,,
,,,,,,,,,
,,,,,,,,,
,,,,,,,,,
,,,,,,,,,
,,,,,,,,,
,,,,,,,,,
,,,,,,,,,
,,,,,,,,,
,,,,,,,,,
,,,,,,,,,
,,,,,,,,,
,,,,,,,,,
,,,,,,,,,
,,,,,,,,,
,,,,,,,,,
,,,,,,,,,
,,,,,,,,,
,,,,,,,,,
,,,,,,,,,
,,,,,,,,,
,,,,,,,,,
,,,,,,,,,
,,,,,,,,,
,,,,,,,,,
,,,,,,,,,
,,,,,,,,,
,,,,,,,,,
,,,,,,,,,
,,,,,,,,,
,,,,,,,,,
,,,,,,,,,
,,,,,,,,,
,,,,,,,,,
,,,,,,,,,
,,,,,,,,,
,,,,,,,,,
,,,,,,,,,
,,,,,,,,,
,,,,,,,,,
,,,,,,,,,
,,,,,,,,,
,,,,,,,,,
,,,,,,,,,
,,,,,,,,,
,,,,,,,,,
,,,,,,,,,
,,,,,,,,,
,,,,,,,,,
,,,,,,,,,
,,,,,,,,,
,,,,,,,,,
,,,,,,,,,
,,,,,,,,,
,,,,,,,,,
,,,,,,,,,
,,,,,,,,,
,,,,,,,,,
,,,,,,,,,
,,,,,,,,,
,,,,,,,,,
,,,,,,,,,
,,,,,,,,,
,,,,,,,,,
,,,,,,,,,
,,,,,,,,,
,,,,,,,,,
,,,,,,,,,
,,,,,,,,,
,,,,,,,,,
,,,,,,,,,
,,,,,,,,,
,,,,,,,,,
,,,,,,,,,
,,,,,,,,,
,,,,,,,,,
,,,,,,,,,
,,,,,,,,,
,,,,,,,,,
,,,,,,,,,
,,,,,,,,,
,,,,,,,,,
,,,,,,,,,
,,,,,,,,,
,,,,,,,,,
,,,,,,,,,
,,,,,,,,,
,,,,,,,,,
,,,,,,,,,
,,,,,,,,,
,,,,,,,,,
,,,,,,,,,
,,,,,,,,,
,,,,,,,,,
,,,,,,,,,
,,,,,,,,,
,,,,,,,,,
,,,,,,,,,
,,,,,,,,,
,,,,,,,,,
,,,,,,,,,
,,,,,,,,,
,,,,,,,,,
,,,,,,,,,
,,,,,,,,,
,,,,,,,,,
,,,,,,,,,
,,,,,,,,,
,,,,,,,,,
,,,,,,,,,
,,,,,,,,,
,,,,,,,,,
,,,,,,,,,
,,,,,,,,,
,,,,,,,,,
,,,,,,,,,
,,,,,,,,,
,,,,,,,,,
,,,,,,,,,
,,,,,,,,,
,,,,,,,,,
,,,,,,,,,
,,,,,,,,,
,,,,,,,,,
,,,,,,,,,
,,,,,,,,,
,,,,,,,,,
,,,,,,,,,
,,,,,,,,,
,,,,,,,,,
,,,,,,,,,
,,,,,,,,,
,,,,,,,,,
,,,,,,,,,
,,,,,,,,,
,,,,,,,,,
,,,,,,,,,
,,,,,,,,,
,,,,,,,,,
,,,,,,,,,
,,,,,,,,,
,,,,,,,,,
,,,,,,,,,
,,,,,,,,,
,,,,,,,,,
,,,,,,,,,
,,,,,,,,,
,,,,,,,,,
,,,,,,,,,
,,,,,,,,,
,,,,,,,,,
,,,,,,,,,
,,,,,,,,,
,,,,,,,,,
,,,,,,,,,
,,,,,,,,,
,,,,,,,,,
,,,,,,,,,
,,,,,,,,,
,,,,,,,,,
,,,,,,,,,
,,,,,,,,,
,,,,,,,,,
,,,,,,,,,
,,,,,,,,,
,,,,,,,,,
,,,,,,,,,
,,,,,,,,,
,,,,,,,,,
,,,,,,,,,
,,,,,,,,,
,,,,,,,,,
,,,,,,,,,
,,,,,,,,,
,,,,,,,,,
,,,,,,,,,
,,,,,,,,,
,,,,,,,,,
,,,,,,,,,
,,,,,,,,,
,,,,,,,,,
,,,,,,,,,
,,,,,,,,,
,,,,,,,,,
,,,,,,,,,
,,,,,,,,,
,,,,,,,,,
,,,,,,,,,
,,,,,,,,,
,,,,,,,,,
,,,,,,,,,
,,,,,,,,,
,,,,,,,,,
,,,,,,,,,
,,,,,,,,,
,,,,,,,,,
,,,,,,,,,
,,,,,,,,,
,,,,,,,,,
,,,,,,,,,
,,,,,,,,,
,,,,,,,,,
,,,,,,,,,
,,,,,,,,,
,,,,,,,,,
,,,,,,,,,
,,,,,,,,,
,,,,,,,,,
,,,,,,,,,
,,,,,,,,,
,,,,,,,,,
,,,,,,,,,
,,,,,,,,,
,,,,,,,,,
,,,,,,,,,
,,,,,,,,,
,,,,,,,,,
,,,,,,,,,
,,,,,,,,,
,,,,,,,,,
,,,,,,,,,
,,,,,,,,,
,,,,,,,,,
,,,,,,,,,
,,,,,,,,,
,,,,,,,,,
,,,,,,,,,
,,,,,,,,,
,,,,,,,,,
,,,,,,,,,
,,,,,,,,,
,,,,,,,,,
,,,,,,,,,
,,,,,,,,,
,,,,,,,,,
,,,,,,,,,
,,,,,,,,,
,,,,,,,,,
,,,,,,,,,
,,,,,,,,,
,,,,,,,,,
,,,,,,,,,
,,,,,,,,,
,,,,,,,,,
,,,,,,,,,
,,,,,,,,,
,,,,,,,,,
,,,,,,,,,
,,,,,,,,,
,,,,,,,,,
,,,,,,,,,
,,,,,,,,,
,,,,,,,,,
,,,,,,,,,
,,,,,,,,,
,,,,,,,,,
,,,,,,,,,
,,,,,,,,,
,,,,,,,,,
,,,,,,,,,
,,,,,,,,,
,,,,,,,,,
,,,,,,,,,
,,,,,,,,,
,,,,,,,,,
,,,,,,,,,
,,,,,,,,,
,,,,,,,,,
,,,,,,,,,
,,,,,,,,,
,,,,,,,,,
,,,,,,,,,
,,,,,,,,,
,,,,,,,,,
,,,,,,,,,
,,,,,,,,,
,,,,,,,,,
,,,,,,,,,
,,,,,,,,,
,,,,,,,,,
,,,,,,,,,
,,,,,,,,,
,,,,,,,,,
,,,,,,,,,
,,,,,,,,,
,,,,,,,,,
,,,,,,,,,
,,,,,,,,,
,,,,,,,,,
,,,,,,,,,
,,,,,,,,,
,,,,,,,,,
,,,,,,,,,
,,,,,,,,,
,,,,,,,,,
,,,,,,,,,
,,,,,,,,,
,,,,,,,,,
,,,,,,,,,
,,,,,,,,,
,,,,,,,,,
,,,,,,,,,
,,,,,,,,,
,,,,,,,,,
,,,,,,,,,
,,,,,,,,,
,,,,,,,,,
,,,,,,,,,
,,,,,,,,,
,,,,,,,,,
,,,,,,,,,
,,,,,,,,,
,,,,,,,,,
,,,,,,,,,
,,,,,,,,,
,,,,,,,,,
,,,,,,,,,
,,,,,,,,,
,,,,,,,,,
,,,,,,,,,
,,,,,,,,,
,,,,,,,,,
,,,,,,,,,
,,,,,,,,,
,,,,,,,,,
,,,,,,,,,
,,,,,,,,,
,,,,,,,,,
,,,,,,,,,
,,,,,,,,,
,,,,,,,,,
,,,,,,,,,
,,,,,,,,,
,,,,,,,,,
,,,,,,,,,
,,,,,,,,,
,,,,,,,,,
,,,,,,,,,
,,,,,,,,,
,,,,,,,,,
,,,,,,,,,
,,,,,,,,,
,,,,,,,,,
,,,,,,,,,
,,,,,,,,,
,,,,,,,,,
,,,,,,,,,
,,,,,,,,,
,,,,,,,,,
,,,,,,,,,
,,,,,,,,,
,,,,,,,,,
,,,,,,,,,
,,,,,,,,,
,,,,,,,,,
,,,,,,,,,
,,,,,,,,,
,,,,,,,,,
,,,,,,,,,
,,,,,,,,,
,,,,,,,,,
,,,,,,,,,
,,,,,,,,,
,,,,,,,,,
,,,,,,,,,
,,,,,,,,,
,,,,,,,,,
,,,,,,,,,
,,,,,,,,,
,,,,,,,,,
,,,,,,,,,
,,,,,,,,,
,,,,,,,,,
,,,,,,,,,
,,,,,,,,,
,,,,,,,,,
,,,,,,,,,
,,,,,,,,,
,,,,,,,,,
,,,,,,,,,
,,,,,,,,,
,,,,,,,,,
,,,,,,,,,
,,,,,,,,,
,,,,,,,,,
,,,,,,,,,
,,,,,,,,,
,,,,,,,,,
,,,,,,,,,
,,,,,,,,,
,,,,,,,,,
,,,,,,,,,
,,,,,,,,,
,,,,,,,,,
,,,,,,,,,
,,,,,,,,,
,,,,,,,,,
,,,,,,,,,
,,,,,,,,,
,,,,,,,,,
,,,,,,,,,
,,,,,,,,,
,,,,,,,,,
,,,,,,,,,
,,,,,,,,,
,,,,,,,,,
,,,,,,,,,
,,,,,,,,,
,,,,,,,,,
,,,,,,,,,
,,,,,,,,,
,,,,,,,,,
,,,,,,,,,
,,,,,,,,,
,,,,,,,,,
,,,,,,,,,
,,,,,,,,,
,,,,,,,,,
,,,,,,,,,
,,,,,,,,,
,,,,,,,,,
,,,,,,,,,
,,,,,,,,,
,,,,,,,,,
,,,,,,,,,
,,,,,,,,,
,,,,,,,,,
,,,,,,,,,
,,,,,,,,,
,,,,,,,,,
,,,,,,,,,
,,,,,,,,,
,,,,,,,,,
,,,,,,,,,
,,,,,,,,,
,,,,,,,,,
,,,,,,,,,
,,,,,,,,,
,,,,,,,,,
,,,,,,,,,
,,,,,,,,,
,,,,,,,,,
,,,,,,,,,
,,,,,,,,,
,,,,,,,,,
,,,,,,,,,
,,,,,,,,,
,,,,,,,,,
,,,,,,,,,
,,,,,,,,,
,,,,,,,,,
,,,,,,,,,
,,,,,,,,,
,,,,,,,,,
,,,,,,,,,
,,,,,,,,,
,,,,,,,,,
,,,,,,,,,
,,,,,,,,,
,,,,,,,,,
,,,,,,,,,
,,,,,,,,,
,,,,,,,,,
,,,,,,,,,
,,,,,,,,,
,,,,,,,,,
,,,,,,,,,
,,,,,,,,,
,,,,,,,,,
,,,,,,,,,
,,,,,,,,,
,,,,,,,,,
,,,,,,,,,
,,,,,,,,,
,,,,,,,,,
,,,,,,,,,
,,,,,,,,,
,,,,,,,,,
,,,,,,,,,
,,,,,,,,,
,,,,,,,,,
,,,,,,,,,
,,,,,,,,,
,,,,,,,,,
,,,,,,,,,
,,,,,,,,,
,,,,,,,,,
,,,,,,,,,
,,,,,,,,,
,,,,,,,,,
,,,,,,,,,
,,,,,,,,,
,,,,,,,,,
,,,,,,,,,
,,,,,,,,,
,,,,,,,,,
,,,,,,,,,
,,,,,,,,,
,,,,,,,,,
,,,,,,,,,
,,,,,,,,,
,,,,,,,,,
,,,,,,,,,
,,,,,,,,,
,,,,,,,,,
,,,,,,,,,
,,,,,,,,,
,,,,,,,,,
,,,,,,,,,
,,,,,,,,,
,,,,,,,,,
,,,,,,,,,
,,,,,,,,,
,,,,,,,,,
,,,,,,,,,
,,,,,,,,,
,,,,,,,,,
,,,,,,,,,
,,,,,,,,,
,,,,,,,,,
,,,,,,,,,
,,,,,,,,,
,,,,,,,,,
,,,,,,,,,
,,,,,,,,,
,,,,,,,,,
,,,,,,,,,
,,,,,,,,,
,,,,,,,,,
,,,,,,,,,
,,,,,,,,,
,,,,,,,,,
,,,,,,,,,
,,,,,,,,,
,,,,,,,,,
,,,,,,,,,
,,,,,,,,,
,,,,,,,,,
,,,,,,,,,
,,,,,,,,,
,,,,,,,,,
,,,,,,,,,
,,,,,,,,,
,,,,,,,,,
,,,,,,,,,
,,,,,,,,,
,,,,,,,,,
,,,,,,,,,
,,,,,,,,,
,,,,,,,,,
,,,,,,,,,
,,,,,,,,,
,,,,,,,,,
,,,,,,,,,
,,,,,,,,,
,,,,,,,,,
,,,,,,,,,
,,,,,,,,,
,,,,,,,,,
,,,,,,,,,
,,,,,,,,,
,,,,,,,,,
,,,,,,,,,
,,,,,,,,,
,,,,,,,,,
,,,,,,,,,
,,,,,,,,,
,,,,,,,,,
,,,,,,,,,
,,,,,,,,,
,,,,,,,,,
,,,,,,,,,
,,,,,,,,,
,,,,,,,,,
,,,,,,,,,
,,,,,,,,,
,,,,,,,,,
,,,,,,,,,
,,,,,,,,,
,,,,,,,,,
,,,,,,,,,
,,,,,,,,,
,,,,,,,,,
,,,,,,,,,
,,,,,,,,,
,,,,,,,,,
,,,,,,,,,
,,,,,,,,,
,,,,,,,,,
,,,,,,,,,
,,,,,,,,,
,,,,,,,,,
,,,,,,,,,
,,,,,,,,,
,,,,,,,,,
,,,,,,,,,
,,,,,,,,,
,,,,,,,,,
,,,,,,,,,
,,,,,,,,,
,,,,,,,,,
,,,,,,,,,
,,,,,,,,,
,,,,,,,,,
,,,,,,,,,
,,,,,,,,,
,,,,,,,,,
,,,,,,,,,
,,,,,,,,,
,,,,,,,,,
,,,,,,,,,
,,,,,,,,,
,,,,,,,,,
,,,,,,,,,
,,,,,,,,,
,,,,,,,,,
,,,,,,,,,
,,,,,,,,,
,,,,,,,,,
,,,,,,,,,
,,,,,,,,,
,,,,,,,,,
,,,,,,,,,
,,,,,,,,,
,,,,,,,,,
,,,,,,,,,
,,,,,,,,,
,,,,,,,,,
,,,,,,,,,
,,,,,,,,,
,,,,,,,,,
,,,,,,,,,
,,,,,,,,,
,,,,,,,,,
,,,,,,,,,
,,,,,,,,,
,,,,,,,,,
,,,,,,,,,
,,,,,,,,,
,,,,,,,,,
,,,,,,,,,
,,,,,,,,,
,,,,,,,,,
,,,,,,,,,
,,,,,,,,,
,,,,,,,,,
,,,,,,,,,
,,,,,,,,,
,,,,,,,,,
,,,,,,,,,
,,,,,,,,,
,,,,,,,,,
,,,,,,,,,
,,,,,,,,,
,,,,,,,,,
,,,,,,,,,
,,,,,,,,,
,,,,,,,,,
,,,,,,,,,
,,,,,,,,,
,,,,,,,,,
,,,,,,,,,
,,,,,,,,,
,,,,,,,,,
,,,,,,,,,
,,,,,,,,,
,,,,,,,,,
,,,,,,,,,
,,,,,,,,,
,,,,,,,,,
,,,,,,,,,
,,,,,,,,,
,,,,,,,,,
,,,,,,,,,
,,,,,,,,,
,,,,,,,,,
,,,,,,,,,
,,,,,,,,,
,,,,,,,,,
,,,,,,,,,
,,,,,,,,,
,,,,,,,,,
,,,,,,,,,
,,,,,,,,,
,,,,,,,,,
,,,,,,,,,
,,,,,,,,,
,,,,,,,,,
,,,,,,,,,
,,,,,,,,,
,,,,,,,,,
,,,,,,,,,
,,,,,,,,,
,,,,,,,,,
,,,,,,,,,
,,,,,,,,,
,,,,,,,,,
,,,,,,,,,
,,,,,,,,,
,,,,,,,,,
,,,,,,,,,
,,,,,,,,,
,,,,,,,,,
,,,,,,,,,
,,,,,,,,,
,,,,,,,,,
,,,,,,,,,
,,,,,,,,,
,,,,,,,,,
,,,,,,,,,
,,,,,,,,,
,,,,,,,,,
,,,,,,,,,
,,,,,,,,,
,,,,,,,,,
,,,,,,,,,
,,,,,,,,,
,,,,,,,,,
,,,,,,,,,
,,,,,,,,,
,,,,,,,,,
,,,,,,,,,
,,,,,,,,,
,,,,,,,,,
,,,,,,,,,
,,,,,,,,,
,,,,,,,,,
,,,,,,,,,
,,,,,,,,,
,,,,,,,,,
,,,,,,,,,
,,,,,,,,,
,,,,,,,,,
,,,,,,,,,
,,,,,,,,,
,,,,,,,,,
,,,,,,,,,
,,,,,,,,,
,,,,,,,,,
,,,,,,,,,
,,,,,,,,,
,,,,,,,,,
,,,,,,,,,
,,,,,,,,,
,,,,,,,,,
,,,,,,,,,
,,,,,,,,,
,,,,,,,,,
,,,,,,,,,
,,,,,,,,,
,,,,,,,,,
,,,,,,,,,
,,,,,,,,,
,,,,,,,,,
,,,,,,,,,
,,,,,,,,,
,,,,,,,,,
,,,,,,,,,
,,,,,,,,,
,,,,,,,,,
,,,,,,,,,
,,,,,,,,,
,,,,,,,,,
,,,,,,,,,
,,,,,,,,,
,,,,,,,,,
,,,,,,,,,
,,,,,,,,,
,,,,,,,,,
,,,,,,,,,
,,,,,,,,,
,,,,,,,,,
,,,,,,,,,
,,,,,,,,,
,,,,,,,,,
,,,,,,,,,
,,,,,,,,,
,,,,,,,,,
,,,,,,,,,
,,,,,,,,,
,,,,,,,,,
,,,,,,,,,
,,,,,,,,,
,,,,,,,,,
,,,,,,,,,
,,,,,,,,,
,,,,,,,,,
,,,,,,,,,
,,,,,,,,,
,,,,,,,,,
,,,,,,,,,
,,,,,,,,,
,,,,,,,,,
,,,,,,,,,
,,,,,,,,,
,,,,,,,,,
,,,,,,,,,
,,,,,,,,,
,,,,,,,,,
,,,,,,,,,
,,,,,,,,,
,,,,,,,,,
,,,,,,,,,
,,,,,,,,,
,,,,,,,,,
,,,,,,,,,
,,,,,,,,,
,,,,,,,,,
,,,,,,,,,
,,,,,,,,,
,,,,,,,,,
,,,,,,,,,
,,,,,,,,,
,,,,,,,,,
,,,,,,,,,
,,,,,,,,,
,,,,,,,,,
,,,,,,,,,
,,,,,,,,,
,,,,,,,,,
,,,,,,,,,
,,,,,,,,,
,,,,,,,,,
,,,,,,,,,
,,,,,,,,,
,,,,,,,,,
,,,,,,,,,
,,,,,,,,,
,,,,,,,,,
,,,,,,,,,
,,,,,,,,,
,,,,,,,,,
,,,,,,,,,
,,,,,,,,,
,,,,,,,,,
,,,,,,,,,
,,,,,,,,,
,,,,,,,,,
,,,,,,,,,
,,,,,,,,,
,,,,,,,,,
,,,,,,,,,
,,,,,,,,,
,,,,,,,,,
,,,,,,,,,
,,,,,,,,,
,,,,,,,,,
,,,,,,,,,
,,,,,,,,,
,,,,,,,,,
,,,,,,,,,
,,,,,,,,,
,,,,,,,,,
,,,,,,,,,
,,,,,,,,,
,,,,,,,,,
,,,,,,,,,
,,,,,,,,,
,,,,,,,,,
,,,,,,,,,
,,,,,,,,,
,,,,,,,,,
,,,,,,,,,
,,,,,,,,,
,,,,,,,,,
,,,,,,,,,
,,,,,,,,,
,,,,,,,,,
,,,,,,,,,
,,,,,,,,,
,,,,,,,,,
,,,,,,,,,
,,,,,,,,,
,,,,,,,,,
,,,,,,,,,
,,,,,,,,,
,,,,,,,,,
,,,,,,,,,
,,,,,,,,,
,,,,,,,,,
,,,,,,,,,
,,,,,,,,,
,,,,,,,,,
,,,,,,,,,
,,,,,,,,,
,,,,,,,,,
,,,,,,,,,
,,,,,,,,,
,,,,,,,,,
,,,,,,,,,
,,,,,,,,,
,,,,,,,,,
,,,,,,,,,
,,,,,,,,,
,,,,,,,,,
,,,,,,,,,
,,,,,,,,,
,,,,,,,,,
,,,,,,,,,
,,,,,,,,,
,,,,,,,,,
,,,,,,,,,
,,,,,,,,,
,,,,,,,,,
,,,,,,,,,
,,,,,,,,,
,,,,,,,,,
,,,,,,,,,
,,,,,,,,,
,,,,,,,,,
,,,,,,,,,
,,,,,,,,,
,,,,,,,,,
,,,,,,,,,
,,,,,,,,,
,,,,,,,,,
,,,,,,,,,
,,,,,,,,,
,,,,,,,,,
,,,,,,,,,
,,,,,,,,,
,,,,,,,,,
,,,,,,,,,
,,,,,,,,,
,,,,,,,,,
,,,,,,,,,
,,,,,,,,,
,,,,,,,,,
,,,,,,,,,
,,,,,,,,,
,,,,,,,,,
,,,,,,,,,
,,,,,,,,,
,,,,,,,,,
,,,,,,,,,
,,,,,,,,,
,,,,,,,,,
,,,,,,,,,
,,,,,,,,,
,,,,,,,,,
,,,,,,,,,
,,,,,,,,,
,,,,,,,,,
,,,,,,,,,
,,,,,,,,,
,,,,,,,,,
,,,,,,,,,
,,,,,,,,,
,,,,,,,,,
,,,,,,,,,
,,,,,,,,,
,,,,,,,,,
,,,,,,,,,
,,,,,,,,,
,,,,,,,,,
,,,,,,,,,
,,,,,,,,,
,,,,,,,,,
,,,,,,,,,
,,,,,,,,,
,,,,,,,,,
,,,,,,,,,
,,,,,,,,,
,,,,,,,,,
,,,,,,,,,
,,,,,,,,,
,,,,,,,,,
,,,,,,,,,
,,,,,,,,,
,,,,,,,,,
,,,,,,,,,
,,,,,,,,,
,,,,,,,,,
,,,,,,,,,
,,,,,,,,,
,,,,,,,,,
,,,,,,,,,
,,,,,,,,,
,,,,,,,,,
,,,,,,,,,
,,,,,,,,,
,,,,,,,,,
,,,,,,,,,
,,,,,,,,,
,,,,,,,,,
,,,,,,,,,
,,,,,,,,,
,,,,,,,,,
,,,,,,,,,
,,,,,,,,,
,,,,,,,,,
,,,,,,,,,
,,,,,,,,,
,,,,,,,,,
,,,,,,,,,
,,,,,,,,,
,,,,,,,,,
,,,,,,,,,
,,,,,,,,,
,,,,,,,,,
,,,,,,,,,
,,,,,,,,,
,,,,,,,,,
,,,,,,,,,
,,,,,,,,,
,,,,,,,,,
,,,,,,,,,
,,,,,,,,,
,,,,,,,,,
,,,,,,,,,
,,,,,,,,,
,,,,,,,,,
,,,,,,,,,
,,,,,,,,,
,,,,,,,,,
,,,,,,,,,
,,,,,,,,,
,,,,,,,,,
,,,,,,,,,
,,,,,,,,,
,,,,,,,,,
,,,,,,,,,
,,,,,,,,,
,,,,,,,,,
,,,,,,,,,
,,,,,,,,,
,,,,,,,,,
,,,,,,,,,
,,,,,,,,,
,,,,,,,,,
,,,,,,,,,
,,,,,,,,,
,,,,,,,,,
,,,,,,,,,
,,,,,,,,,
,,,,,,,,,
,,,,,,,,,
,,,,,,,,,
,,,,,,,,,
,,,,,,,,,
,,,,,,,,,
,,,,,,,,,
,,,,,,,,,
,,,,,,,,,
,,,,,,,,,
,,,,,,,,,
,,,,,,,,,
,,,,,,,,,
,,,,,,,,,
,,,,,,,,,
,,,,,,,,,
,,,,,,,,,
,,,,,,,,,
,,,,,,,,,
,,,,,,,,,
,,,,,,,,,
,,,,,,,,,
,,,,,,,,,
,,,,,,,,,
,,,,,,,,,
,,,,,,,,,
,,,,,,,,,
,,,,,,,,,
,,,,,,,,,
,,,,,,,,,
,,,,,,,,,
,,,,,,,,,
,,,,,,,,,
,,,,,,,,,
,,,,,,,,,
,,,,,,,,,
,,,,,,,,,
,,,,,,,,,
,,,,,,,,,
,,,,,,,,,
,,,,,,,,,
,,,,,,,,,
,,,,,,,,,
,,,,,,,,,
,,,,,,,,,
,,,,,,,,,
,,,,,,,,,
,,,,,,,,,
,,,,,,,,,
,,,,,,,,,
,,,,,,,,,
,,,,,,,,,
,,,,,,,,,
,,,,,,,,,
,,,,,,,,,
,,,,,,,,,
,,,,,,,,,
,,,,,,,,,
,,,,,,,,,
,,,,,,,,,
,,,,,,,,,
,,,,,,,,,
,,,,,,,,,
,,,,,,,,,
,,,,,,,,,
,,,,,,,,,
,,,,,,,,,
,,,,,,,,,
,,,,,,,,,
,,,,,,,,,
,,,,,,,,,
,,,,,,,,,
,,,,,,,,,
,,,,,,,,,
,,,,,,,,,
,,,,,,,,,
,,,,,,,,,
,,,,,,,,,
,,,,,,,,,
,,,,,,,,,
,,,,,,,,,
,,,,,,,,,
,,,,,,,,,
,,,,,,,,,
,,,,,,,,,
,,,,,,,,,
,,,,,,,,,
,,,,,,,,,
,,,,,,,,,
,,,,,,,,,
,,,,,,,,,
,,,,,,,,,
,,,,,,,,,
,,,,,,,,,
,,,,,,,,,
,,,,,,,,,
,,,,,,,,,
,,,,,,,,,
,,,,,,,,,
,,,,,,,,,
,,,,,,,,,
,,,,,,,,,
,,,,,,,,,
,,,,,,,,,
,,,,,,,,,
,,,,,,,,,
,,,,,,,,,
,,,,,,,,,
,,,,,,,,,
,,,,,,,,,
,,,,,,,,,
,,,,,,,,,
,,,,,,,,,
,,,,,,,,,
,,,,,,,,,
,,,,,,,,,
,,,,,,,,,
,,,,,,,,,
,,,,,,,,,
,,,,,,,,,
,,,,,,,,,
,,,,,,,,,
,,,,,,,,,
,,,,,,,,,
,,,,,,,,,
,,,,,,,,,
,,,,,,,,,
,,,,,,,,,
,,,,,,,,,
,,,,,,,,,
,,,,,,,,,
,,,,,,,,,
,,,,,,,,,
,,,,,,,,,
,,,,,,,,,
,,,,,,,,,
,,,,,,,,,
,,,,,,,,,
,,,,,,,,,
,,,,,,,,,
,,,,,,,,,
,,,,,,,,,
,,,,,,,,,
,,,,,,,,,
,,,,,,,,,
,,,,,,,,,
,,,,,,,,,
,,,,,,,,,
,,,,,,,,,
,,,,,,,,,
,,,,,,,,,
,,,,,,,,,
,,,,,,,,,
,,,,,,,,,
,,,,,,,,,
,,,,,,,,,
,,,,,,,,,
,,,,,,,,,
,,,,,,,,,
,,,,,,,,,
,,,,,,,,,
,,,,,,,,,
,,,,,,,,,
,,,,,,,,,
,,,,,,,,,
,,,,,,,,,
,,,,,,,,,
,,,,,,,,,
,,,,,,,,,
,,,,,,,,,
,,,,,,,,,
,,,,,,,,,
,,,,,,,,,
,,,,,,,,,
,,,,,,,,,
,,,,,,,,,
,,,,,,,,,
,,,,,,,,,
,,,,,,,,,
,,,,,,,,,
,,,,,,,,,
,,,,,,,,,
,,,,,,,,,
,,,,,,,,,
,,,,,,,,,
,,,,,,,,,
,,,,,,,,,
,,,,,,,,,
,,,,,,,,,
,,,,,,,,,
,,,,,,,,,
,,,,,,,,,
,,,,,,,,,
,,,,,,,,,
,,,,,,,,,
,,,,,,,,,
,,,,,,,,,
,,,,,,,,,
,,,,,,,,,
,,,,,,,,,
,,,,,,,,,
,,,,,,,,,
,,,,,,,,,
,,,,,,,,,
,,,,,,,,,
,,,,,,,,,
,,,,,,,,,
,,,,,,,,,
,,,,,,,,,
,,,,,,,,,
,,,,,,,,,
,,,,,,,,,
,,,,,,,,,
,,,,,,,,,
,,,,,,,,,
,,,,,,,,,
,,,,,,,,,
,,,,,,,,,
,,,,,,,,,
,,,,,,,,,
,,,,,,,,,
,,,,,,,,,
,,,,,,,,,
,,,,,,,,,
,,,,,,,,,
,,,,,,,,,
,,,,,,,,,
,,,,,,,,,
,,,,,,,,,
,,,,,,,,,
,,,,,,,,,
,,,,,,,,,
,,,,,,,,,
,,,,,,,,,
,,,,,,,,,
,,,,,,,,,
,,,,,,,,,
,,,,,,,,,
,,,,,,,,,
,,,,,,,,,
,,,,,,,,,
,,,,,,,,,
,,,,,,,,,
,,,,,,,,,
,,,,,,,,,
,,,,,,,,,
,,,,,,,,,
,,,,,,,,,
,,,,,,,,,
,,,,,,,,,
,,,,,,,,,
,,,,,,,,,
,,,,,,,,,
,,,,,,,,,
,,,,,,,,,
,,,,,,,,,
,,,,,,,,,
,,,,,,,,,
,,,,,,,,,
,,,,,,,,,
,,,,,,,,,
,,,,,,,,,
,,,,,,,,,
,,,,,,,,,
,,,,,,,,,
,,,,,,,,,
,,,,,,,,,
,,,,,,,,,
,,,,,,,,,
,,,,,,,,,
,,,,,,,,,
,,,,,,,,,
,,,,,,,,,
,,,,,,,,,
,,,,,,,,,
,,,,,,,,,
,,,,,,,,,
,,,,,,,,,
,,,,,,,,,
,,,,,,,,,
,,,,,,,,,
,,,,,,,,,
,,,,,,,,,
,,,,,,,,,
,,,,,,,,,
,,,,,,,,,
,,,,,,,,,
,,,,,,,,,
,,,,,,,,,
,,,,,,,,,
,,,,,,,,,
,,,,,,,,,
,,,,,,,,,
,,,,,,,,,
,,,,,,,,,
,,,,,,,,,
,,,,,,,,,
,,,,,,,,,
,,,,,,,,,
,,,,,,,,,
,,,,,,,,,
,,,,,,,,,
,,,,,,,,,
,,,,,,,,,
,,,,,,,,,
,,,,,,,,,
,,,,,,,,,
,,,,,,,,,
,,,,,,,,,
,,,,,,,,,
,,,,,,,,,
,,,,,,,,,
,,,,,,,,,
,,,,,,,,,
,,,,,,,,,
,,,,,,,,,
,,,,,,,,,
,,,,,,,,,
,,,,,,,,,
,,,,,,,,,
,,,,,,,,,
,,,,,,,,,
,,,,,,,,,
,,,,,,,,,
,,,,,,,,,
,,,,,,,,,
,,,,,,,,,
,,,,,,,,,
,,,,,,,,,
,,,,,,,,,
,,,,,,,,,
,,,,,,,,,
,,,,,,,,,
,,,,,,,,,
,,,,,,,,,
,,,,,,,,,
,,,,,,,,,
,,,,,,,,,
,,,,,,,,,
,,,,,,,,,
,,,,,,,,,
,,,,,,,,,
,,,,,,,,,
,,,,,,,,,
,,,,,,,,,
,,,,,,,,,
,,,,,,,,,
,,,,,,,,,
,,,,,,,,,
,,,,,,,,,
,,,,,,,,,
,,,,,,,,,
,,,,,,,,,
,,,,,,,,,
,,,,,,,,,
,,,,,,,,,
,,,,,,,,,
,,,,,,,,,
,,,,,,,,,
,,,,,,,,,
,,,,,,,,,
,,,,,,,,,
,,,,,,,,,
,,,,,,,,,
,,,,,,,,,
,,,,,,,,,
,,,,,,,,,
,,,,,,,,,
,,,,,,,,,
,,,,,,,,,
,,,,,,,,,
,,,,,,,,,
,,,,,,,,,
,,,,,,,,,
,,,,,,,,,
,,,,,,,,,
,,,,,,,,,
,,,,,,,,,
,,,,,,,,,
,,,,,,,,,
,,,,,,,,,
,,,,,,,,,
,,,,,,,,,
,,,,,,,,,
,,,,,,,,,
,,,,,,,,,
,,,,,,,,,
,,,,,,,,,
,,,,,,,,,
,,,,,,,,,
,,,,,,,,,
,,,,,,,,,
,,,,,,,,,
,,,,,,,,,
,,,,,,,,,
,,,,,,,,,
,,,,,,,,,
,,,,,,,,,
,,,,,,,,,
,,,,,,,,,
,,,,,,,,,
,,,,,,,,,
,,,,,,,,,
,,,,,,,,,
,,,,,,,,,
,,,,,,,,,
,,,,,,,,,
,,,,,,,,,
,,,,,,,,,
,,,,,,,,,
,,,,,,,,,
,,,,,,,,,
,,,,,,,,,
,,,,,,,,,
,,,,,,,,,
,,,,,,,,,
,,,,,,,,,
,,,,,,,,,
,,,,,,,,,
,,,,,,,,,
,,,,,,,,,
,,,,,,,,,
,,,,,,,,,
,,,,,,,,,
,,,,,,,,,
,,,,,,,,,
,,,,,,,,,
,,,,,,,,,
,,,,,,,,,
,,,,,,,,,
,,,,,,,,,
,,,,,,,,,
,,,,,,,,,
,,,,,,,,,
,,,,,,,,,
,,,,,,,,,
,,,,,,,,,
,,,,,,,,,
,,,,,,,,,
,,,,,,,,,
,,,,,,,,,
,,,,,,,,,
,,,,,,,,,
,,,,,,,,,
,,,,,,,,,
,,,,,,,,,
,,,,,,,,,
,,,,,,,,,
,,,,,,,,,
,,,,,,,,,
,,,,,,,,,
,,,,,,,,,
,,,,,,,,,
,,,,,,,,,
,,,,,,,,,
,,,,,,,,,
,,,,,,,,,
,,,,,,,,,
,,,,,,,,,
,,,,,,,,,
,,,,,,,,,
,,,,,,,,,
,,,,,,,,,
,,,,,,,,,
,,,,,,,,,
,,,,,,,,,
,,,,,,,,,
,,,,,,,,,
,,,,,,,,,
,,,,,,,,,
,,,,,,,,,
,,,,,,,,,
,,,,,,,,,
,,,,,,,,,
,,,,,,,,,
,,,,,,,,,
,,,,,,,,,
,,,,,,,,,
,,,,,,,,,
,,,,,,,,,
,,,,,,,,,
,,,,,,,,,
,,,,,,,,,
,,,,,,,,,
,,,,,,,,,
,,,,,,,,,
,,,,,,,,,
,,,,,,,,,
,,,,,,,,,
,,,,,,,,,
,,,,,,,,,
,,,,,,,,,
,,,,,,,,,
,,,,,,,,,
,,,,,,,,,
,,,,,,,,,
,,,,,,,,,
,,,,,,,,,
,,,,,,,,,
,,,,,,,,,
,,,,,,,,,
,,,,,,,,,
,,,,,,,,,
,,,,,,,,,
,,,,,,,,,
,,,,,,,,,
,,,,,,,,,
,,,,,,,,,
,,,,,,,,,
,,,,,,,,,
,,,,,,,,,
,,,,,,,,,
,,,,,,,,,
,,,,,,,,,
,,,,,,,,,
,,,,,,,,,
,,,,,,,,,
,,,,,,,,,
,,,,,,,,,
,,,,,,,,,
,,,,,,,,,
,,,,,,,,,
,,,,,,,,,
,,,,,,,,,
,,,,,,,,,
,,,,,,,,,
,,,,,,,,,
,,,,,,,,,
,,,,,,,,,
,,,,,,,,,
,,,,,,,,,
,,,,,,,,,
,,,,,,,,,
,,,,,,,,,
,,,,,,,,,
,,,,,,,,,
,,,,,,,,,
,,,,,,,,,
,,,,,,,,,
,,,,,,,,,
,,,,,,,,,
,,,,,,,,,
,,,,,,,,,
,,,,,,,,,
,,,,,,,,,
,,,,,,,,,
,,,,,,,,,
,,,,,,,,,
,,,,,,,,,
,,,,,,,,,
,,,,,,,,,
,,,,,,,,,
,,,,,,,,,
,,,,,,,,,
,,,,,,,,,
,,,,,,,,,
,,,,,,,,,
,,,,,,,,,
,,,,,,,,,
,,,,,,,,,
,,,,,,,,,
,,,,,,,,,
,,,,,,,,,
,,,,,,,,,
,,,,,,,,,
,,,,,,,,,
,,,,,,,,,
,,,,,,,,,
,,,,,,,,,
,,,,,,,,,
,,,,,,,,,
,,,,,,,,,
,,,,,,,,,
,,,,,,,,,
,,,,,,,,,
,,,,,,,,,
,,,,,,,,,
,,,,,,,,,
,,,,,,,,,
,,,,,,,,,
,,,,,,,,,
,,,,,,,,,
,,,,,,,,,
,,,,,,,,,
,,,,,,,,,
,,,,,,,,,
,,,,,,,,,
,,,,,,,,,
,,,,,,,,,
,,,,,,,,,
,,,,,,,,,
,,,,,,,,,
,,,,,,,,,
,,,,,,,,,
,,,,,,,,,
,,,,,,,,,
,,,,,,,,,
,,,,,,,,,
,,,,,,,,,
,,,,,,,,,
,,,,,,,,,
,,,,,,,,,
,,,,,,,,,
,,,,,,,,,
,,,,,,,,,
,,,,,,,,,
,,,,,,,,,
,,,,,,,,,
,,,,,,,,,
,,,,,,,,,
,,,,,,,,,
,,,,,,,,,
,,,,,,,,,
,,,,,,,,,
,,,,,,,,,
,,,,,,,,,
,,,,,,,,,
,,,,,,,,,
,,,,,,,,,
,,,,,,,,,
,,,,,,,,,
,,,,,,,,,
,,,,,,,,,
,,,,,,,,,
,,,,,,,,,
,,,,,,,,,
,,,,,,,,,
,,,,,,,,,
,,,,,,,,,
,,,,,,,,,
,,,,,,,,,
,,,,,,,,,
,,,,,,,,,
,,,,,,,,,
,,,,,,,,,
,,,,,,,,,
,,,,,,,,,
,,,,,,,,,
,,,,,,,,,
,,,,,,,,,
,,,,,,,,,
,,,,,,,,,
,,,,,,,,,
,,,,,,,,,
,,,,,,,,,
,,,,,,,,,
,,,,,,,,,
,,,,,,,,,
,,,,,,,,,
,,,,,,,,,
,,,,,,,,,
,,,,,,,,,
,,,,,,,,,
,,,,,,,,,
,,,,,,,,,
,,,,,,,,,
,,,,,,,,,
,,,,,,,,,
,,,,,,,,,
,,,,,,,,,
,,,,,,,,,
,,,,,,,,,
,,,,,,,,,
,,,,,,,,,
,,,,,,,,,
,,,,,,,,,
,,,,,,,,,
,,,,,,,,,
,,,,,,,,,
,,,,,,,,,
,,,,,,,,,
,,,,,,,,,
,,,,,,,,,
,,,,,,,,,
,,,,,,,,,
,,,,,,,,,
,,,,,,,,,
,,,,,,,,,
,,,,,,,,,
,,,,,,,,,
,,,,,,,,,
,,,,,,,,,
,,,,,,,,,
,,,,,,,,,
,,,,,,,,,
,,,,,,,,,
,,,,,,,,,
,,,,,,,,,
,,,,,,,,,
,,,,,,,,,
,,,,,,,,,
,,,,,,,,,
,,,,,,,,,
,,,,,,,,,
,,,,,,,,,
,,,,,,,,,
,,,,,,,,,
,,,,,,,,,
,,,,,,,,,
,,,,,,,,,
,,,,,,,,,
,,,,,,,,,
,,,,,,,,,
,,,,,,,,,
,,,,,,,,,
,,,,,,,,,
,,,,,,,,,
,,,,,,,,,
,,,,,,,,,
,,,,,,,,,
,,,,,,,,,
,,,,,,,,,
,,,,,,,,,
,,,,,,,,,
,,,,,,,,,
,,,,,,,,,
,,,,,,,,,
,,,,,,,,,
,,,,,,,,,
,,,,,,,,,
,,,,,,,,,
,,,,,,,,,
,,,,,,,,,
,,,,,,,,,
,,,,,,,,,
,,,,,,,,,
,,,,,,,,,
,,,,,,,,,
,,,,,,,,,
,,,,,,,,,
,,,,,,,,,
,,,,,,,,,
,,,,,,,,,
,,,,,,,,,
,,,,,,,,,
,,,,,,,,,
,,,,,,,,,
,,,,,,,,,
,,,,,,,,,
,,,,,,,,,
,,,,,,,,,
,,,,,,,,,
,,,,,,,,,
,,,,,,,,,
,,,,,,,,,
,,,,,,,,,
,,,,,,,,,
,,,,,,,,,
,,,,,,,,,
,,,,,,,,,
,,,,,,,,,
,,,,,,,,,
,,,,,,,,,
,,,,,,,,,
,,,,,,,,,
,,,,,,,,,
,,,,,,,,,
,,,,,,,,,
,,,,,,,,,
,,,,,,,,,
,,,,,,,,,
,,,,,,,,,
,,,,,,,,,
,,,,,,,,,
,,,,,,,,,
,,,,,,,,,
,,,,,,,,,
,,,,,,,,,
,,,,,,,,,
,,,,,,,,,
,,,,,,,,,
,,,,,,,,,
,,,,,,,,,
,,,,,,,,,
,,,,,,,,,
,,,,,,,,,
,,,,,,,,,
,,,,,,,,,
,,,,,,,,,
,,,,,,,,,
,,,,,,,,,
,,,,,,,,,
,,,,,,,,,
,,,,,,,,,
,,,,,,,,,
,,,,,,,,,
,,,,,,,,,
,,,,,,,,,
,,,,,,,,,
,,,,,,,,,
,,,,,,,,,
,,,,,,,,,
,,,,,,,,,
,,,,,,,,,
,,,,,,,,,
,,,,,,,,,
,,,,,,,,,
,,,,,,,,,
,,,,,,,,,
,,,,,,,,,
,,,,,,,,,
,,,,,,,,,
,,,,,,,,,
,,,,,,,,,
,,,,,,,,,
,,,,,,,,,
,,,,,,,,,
,,,,,,,,,
,,,,,,,,,
,,,,,,,,,
,,,,,,,,,
,,,,,,,,,
,,,,,,,,,
,,,,,,,,,
,,,,,,,,,
,,,,,,,,,
,,,,,,,,,
,,,,,,,,,
,,,,,,,,,
,,,,,,,,,
,,,,,,,,,
,,,,,,,,,
,,,,,,,,,
,,,,,,,,,
,,,,,,,,,
,,,,,,,,,
,,,,,,,,,
,,,,,,,,,
,,,,,,,,,
,,,,,,,,,
,,,,,,,,,
,,,,,,,,,
,,,,,,,,,
,,,,,,,,,
,,,,,,,,,
,,,,,,,,,
,,,,,,,,,
,,,,,,,,,
,,,,,,,,,
,,,,,,,,,
,,,,,,,,,
,,,,,,,,,
,,,,,,,,,
,,,,,,,,,
,,,,,,,,,
,,,,,,,,,
,,,,,,,,,
,,,,,,,,,
,,,,,,,,,
,,,,,,,,,
,,,,,,,,,
,,,,,,,,,
,,,,,,,,,
,,,,,,,,,
,,,,,,,,,
,,,,,,,,,
,,,,,,,,,
,,,,,,,,,
,,,,,,,,,
,,,,,,,,,
,,,,,,,,,
,,,,,,,,,
,,,,,,,,,
,,,,,,,,,
,,,,,,,,,
,,,,,,,,,
,,,,,,,,,
,,,,,,,,,
,,,,,,,,,
,,,,,,,,,
