entity_type,entity_id,request_path,new_request_path,target_path,redirect_type,store_id,description,is_autogenerated,metadata
custom,,product-category/medical-equipment/?add_to_wishlist=11243&_wpnonce=6bfe09af95,,professional-diagnostic-equipment.html,301,1,,,
custom,,product-category/medical-equipment/?add_to_wishlist=11243&_wpnonce=6bfe09af95,,professional-diagnostic-equipment.html,301,2,,,
custom,,product-category/medical-equipment/?add_to_wishlist=11243&_wpnonce=6bfe09af95,,professional-diagnostic-equipment.html,301,3,,,
custom,,product-category/medical-equipment/?add_to_wishlist=11243&_wpnonce=6bfe09af95,,professional-diagnostic-equipment.html,301,4,,,
custom,,product-category/medical-equipment/?add_to_wishlist=11243&_wpnonce=6bfe09af95,,professional-diagnostic-equipment.html,301,5,,,
custom,,product-category/medical-equipment/?add_to_wishlist=11243&_wpnonce=6bfe09af95,,professional-diagnostic-equipment.html,301,6,,,
custom,,product-category/medical-equipment/?add_to_wishlist=11243&_wpnonce=6bfe09af95,,professional-diagnostic-equipment.html,301,7,,,
custom,,product-category/medical-equipment/?add_to_wishlist=11247&_wpnonce=6bfe09af95,,professional-diagnostic-equipment.html,301,1,,,
custom,,product-category/medical-equipment/?add_to_wishlist=11247&_wpnonce=6bfe09af95,,professional-diagnostic-equipment.html,301,2,,,
custom,,product-category/medical-equipment/?add_to_wishlist=11247&_wpnonce=6bfe09af95,,professional-diagnostic-equipment.html,301,3,,,
custom,,product-category/medical-equipment/?add_to_wishlist=11247&_wpnonce=6bfe09af95,,professional-diagnostic-equipment.html,301,4,,,
custom,,product-category/medical-equipment/?add_to_wishlist=11247&_wpnonce=6bfe09af95,,professional-diagnostic-equipment.html,301,5,,,
custom,,product-category/medical-equipment/?add_to_wishlist=11247&_wpnonce=6bfe09af95,,professional-diagnostic-equipment.html,301,6,,,
custom,,product-category/medical-equipment/?add_to_wishlist=11247&_wpnonce=6bfe09af95,,professional-diagnostic-equipment.html,301,7,,,
custom,,product-category/medical-equipment/?add_to_wishlist=11249&_wpnonce=6bfe09af95,,professional-diagnostic-equipment.html,301,1,,,
custom,,product-category/medical-equipment/?add_to_wishlist=11249&_wpnonce=6bfe09af95,,professional-diagnostic-equipment.html,301,2,,,
custom,,product-category/medical-equipment/?add_to_wishlist=11249&_wpnonce=6bfe09af95,,professional-diagnostic-equipment.html,301,3,,,
custom,,product-category/medical-equipment/?add_to_wishlist=11249&_wpnonce=6bfe09af95,,professional-diagnostic-equipment.html,301,4,,,
custom,,product-category/medical-equipment/?add_to_wishlist=11249&_wpnonce=6bfe09af95,,professional-diagnostic-equipment.html,301,5,,,
custom,,product-category/medical-equipment/?add_to_wishlist=11249&_wpnonce=6bfe09af95,,professional-diagnostic-equipment.html,301,6,,,
custom,,product-category/medical-equipment/?add_to_wishlist=11249&_wpnonce=6bfe09af95,,professional-diagnostic-equipment.html,301,7,,,
custom,,product-category/medical-equipment/?add_to_wishlist=11253&_wpnonce=6bfe09af95,,professional-diagnostic-equipment.html,301,1,,,
custom,,product-category/medical-equipment/?add_to_wishlist=11253&_wpnonce=6bfe09af95,,professional-diagnostic-equipment.html,301,2,,,
custom,,product-category/medical-equipment/?add_to_wishlist=11253&_wpnonce=6bfe09af95,,professional-diagnostic-equipment.html,301,3,,,
custom,,product-category/medical-equipment/?add_to_wishlist=11253&_wpnonce=6bfe09af95,,professional-diagnostic-equipment.html,301,4,,,
custom,,product-category/medical-equipment/?add_to_wishlist=11253&_wpnonce=6bfe09af95,,professional-diagnostic-equipment.html,301,5,,,
custom,,product-category/medical-equipment/?add_to_wishlist=11253&_wpnonce=6bfe09af95,,professional-diagnostic-equipment.html,301,6,,,
custom,,product-category/medical-equipment/?add_to_wishlist=11253&_wpnonce=6bfe09af95,,professional-diagnostic-equipment.html,301,7,,,
custom,,product-category/medical-equipment/?add_to_wishlist=11260&_wpnonce=6bfe09af95,,professional-diagnostic-equipment.html,301,1,,,
custom,,product-category/medical-equipment/?add_to_wishlist=11260&_wpnonce=6bfe09af95,,professional-diagnostic-equipment.html,301,2,,,
custom,,product-category/medical-equipment/?add_to_wishlist=11260&_wpnonce=6bfe09af95,,professional-diagnostic-equipment.html,301,3,,,
custom,,product-category/medical-equipment/?add_to_wishlist=11260&_wpnonce=6bfe09af95,,professional-diagnostic-equipment.html,301,4,,,
custom,,product-category/medical-equipment/?add_to_wishlist=11260&_wpnonce=6bfe09af95,,professional-diagnostic-equipment.html,301,5,,,
custom,,product-category/medical-equipment/?add_to_wishlist=11260&_wpnonce=6bfe09af95,,professional-diagnostic-equipment.html,301,6,,,
custom,,product-category/medical-equipment/?add_to_wishlist=11260&_wpnonce=6bfe09af95,,professional-diagnostic-equipment.html,301,7,,,
custom,,product-category/medical-equipment/?add_to_wishlist=11262&_wpnonce=6bfe09af95,,professional-diagnostic-equipment.html,301,1,,,
custom,,product-category/medical-equipment/?add_to_wishlist=11262&_wpnonce=6bfe09af95,,professional-diagnostic-equipment.html,301,2,,,
custom,,product-category/medical-equipment/?add_to_wishlist=11262&_wpnonce=6bfe09af95,,professional-diagnostic-equipment.html,301,3,,,
custom,,product-category/medical-equipment/?add_to_wishlist=11262&_wpnonce=6bfe09af95,,professional-diagnostic-equipment.html,301,4,,,
custom,,product-category/medical-equipment/?add_to_wishlist=11262&_wpnonce=6bfe09af95,,professional-diagnostic-equipment.html,301,5,,,
custom,,product-category/medical-equipment/?add_to_wishlist=11262&_wpnonce=6bfe09af95,,professional-diagnostic-equipment.html,301,6,,,
custom,,product-category/medical-equipment/?add_to_wishlist=11262&_wpnonce=6bfe09af95,,professional-diagnostic-equipment.html,301,7,,,
custom,,product-category/medical-equipment/?add_to_wishlist=11264&_wpnonce=6bfe09af95,,professional-diagnostic-equipment.html,301,1,,,
custom,,product-category/medical-equipment/?add_to_wishlist=11264&_wpnonce=6bfe09af95,,professional-diagnostic-equipment.html,301,2,,,
custom,,product-category/medical-equipment/?add_to_wishlist=11264&_wpnonce=6bfe09af95,,professional-diagnostic-equipment.html,301,3,,,
custom,,product-category/medical-equipment/?add_to_wishlist=11264&_wpnonce=6bfe09af95,,professional-diagnostic-equipment.html,301,4,,,
custom,,product-category/medical-equipment/?add_to_wishlist=11264&_wpnonce=6bfe09af95,,professional-diagnostic-equipment.html,301,5,,,
custom,,product-category/medical-equipment/?add_to_wishlist=11264&_wpnonce=6bfe09af95,,professional-diagnostic-equipment.html,301,6,,,
custom,,product-category/medical-equipment/?add_to_wishlist=11264&_wpnonce=6bfe09af95,,professional-diagnostic-equipment.html,301,7,,,
custom,,product-category/medical-equipment/?add_to_wishlist=11267&_wpnonce=6bfe09af95,,professional-diagnostic-equipment.html,301,1,,,
custom,,product-category/medical-equipment/?add_to_wishlist=11267&_wpnonce=6bfe09af95,,professional-diagnostic-equipment.html,301,2,,,
custom,,product-category/medical-equipment/?add_to_wishlist=11267&_wpnonce=6bfe09af95,,professional-diagnostic-equipment.html,301,3,,,
custom,,product-category/medical-equipment/?add_to_wishlist=11267&_wpnonce=6bfe09af95,,professional-diagnostic-equipment.html,301,4,,,
custom,,product-category/medical-equipment/?add_to_wishlist=11267&_wpnonce=6bfe09af95,,professional-diagnostic-equipment.html,301,5,,,
custom,,product-category/medical-equipment/?add_to_wishlist=11267&_wpnonce=6bfe09af95,,professional-diagnostic-equipment.html,301,6,,,
custom,,product-category/medical-equipment/?add_to_wishlist=11267&_wpnonce=6bfe09af95,,professional-diagnostic-equipment.html,301,7,,,
custom,,product-category/medical-equipment/?add_to_wishlist=11269&_wpnonce=6bfe09af95,,professional-diagnostic-equipment.html,301,1,,,
custom,,product-category/medical-equipment/?add_to_wishlist=11269&_wpnonce=6bfe09af95,,professional-diagnostic-equipment.html,301,2,,,
custom,,product-category/medical-equipment/?add_to_wishlist=11269&_wpnonce=6bfe09af95,,professional-diagnostic-equipment.html,301,3,,,
custom,,product-category/medical-equipment/?add_to_wishlist=11269&_wpnonce=6bfe09af95,,professional-diagnostic-equipment.html,301,4,,,
custom,,product-category/medical-equipment/?add_to_wishlist=11269&_wpnonce=6bfe09af95,,professional-diagnostic-equipment.html,301,5,,,
custom,,product-category/medical-equipment/?add_to_wishlist=11269&_wpnonce=6bfe09af95,,professional-diagnostic-equipment.html,301,6,,,
custom,,product-category/medical-equipment/?add_to_wishlist=11269&_wpnonce=6bfe09af95,,professional-diagnostic-equipment.html,301,7,,,
custom,,product-category/medical-equipment/?add_to_wishlist=11275&_wpnonce=6bfe09af95,,professional-diagnostic-equipment.html,301,1,,,
custom,,product-category/medical-equipment/?add_to_wishlist=11275&_wpnonce=6bfe09af95,,professional-diagnostic-equipment.html,301,2,,,
custom,,product-category/medical-equipment/?add_to_wishlist=11275&_wpnonce=6bfe09af95,,professional-diagnostic-equipment.html,301,3,,,
custom,,product-category/medical-equipment/?add_to_wishlist=11275&_wpnonce=6bfe09af95,,professional-diagnostic-equipment.html,301,4,,,
custom,,product-category/medical-equipment/?add_to_wishlist=11275&_wpnonce=6bfe09af95,,professional-diagnostic-equipment.html,301,5,,,
custom,,product-category/medical-equipment/?add_to_wishlist=11275&_wpnonce=6bfe09af95,,professional-diagnostic-equipment.html,301,6,,,
custom,,product-category/medical-equipment/?add_to_wishlist=11275&_wpnonce=6bfe09af95,,professional-diagnostic-equipment.html,301,7,,,
custom,,product-category/medical-equipment/?add_to_wishlist=11277&_wpnonce=6bfe09af95,,professional-diagnostic-equipment.html,301,1,,,
custom,,product-category/medical-equipment/?add_to_wishlist=11277&_wpnonce=6bfe09af95,,professional-diagnostic-equipment.html,301,2,,,
custom,,product-category/medical-equipment/?add_to_wishlist=11277&_wpnonce=6bfe09af95,,professional-diagnostic-equipment.html,301,3,,,
custom,,product-category/medical-equipment/?add_to_wishlist=11277&_wpnonce=6bfe09af95,,professional-diagnostic-equipment.html,301,4,,,
custom,,product-category/medical-equipment/?add_to_wishlist=11277&_wpnonce=6bfe09af95,,professional-diagnostic-equipment.html,301,5,,,
custom,,product-category/medical-equipment/?add_to_wishlist=11277&_wpnonce=6bfe09af95,,professional-diagnostic-equipment.html,301,6,,,
custom,,product-category/medical-equipment/?add_to_wishlist=11277&_wpnonce=6bfe09af95,,professional-diagnostic-equipment.html,301,7,,,
custom,,product-category/medical-equipment/?add_to_wishlist=11282&_wpnonce=6bfe09af95,,professional-diagnostic-equipment.html,301,1,,,
custom,,product-category/medical-equipment/?add_to_wishlist=11282&_wpnonce=6bfe09af95,,professional-diagnostic-equipment.html,301,2,,,
custom,,product-category/medical-equipment/?add_to_wishlist=11282&_wpnonce=6bfe09af95,,professional-diagnostic-equipment.html,301,3,,,
custom,,product-category/medical-equipment/?add_to_wishlist=11282&_wpnonce=6bfe09af95,,professional-diagnostic-equipment.html,301,4,,,
custom,,product-category/medical-equipment/?add_to_wishlist=11282&_wpnonce=6bfe09af95,,professional-diagnostic-equipment.html,301,5,,,
custom,,product-category/medical-equipment/?add_to_wishlist=11282&_wpnonce=6bfe09af95,,professional-diagnostic-equipment.html,301,6,,,
custom,,product-category/medical-equipment/?add_to_wishlist=11282&_wpnonce=6bfe09af95,,professional-diagnostic-equipment.html,301,7,,,
custom,,product-category/medical-equipment/?add_to_wishlist=11288&_wpnonce=6bfe09af95,,professional-diagnostic-equipment.html,301,1,,,
custom,,product-category/medical-equipment/?add_to_wishlist=11288&_wpnonce=6bfe09af95,,professional-diagnostic-equipment.html,301,2,,,
custom,,product-category/medical-equipment/?add_to_wishlist=11288&_wpnonce=6bfe09af95,,professional-diagnostic-equipment.html,301,3,,,
custom,,product-category/medical-equipment/?add_to_wishlist=11288&_wpnonce=6bfe09af95,,professional-diagnostic-equipment.html,301,4,,,
custom,,product-category/medical-equipment/?add_to_wishlist=11288&_wpnonce=6bfe09af95,,professional-diagnostic-equipment.html,301,5,,,
custom,,product-category/medical-equipment/?add_to_wishlist=11288&_wpnonce=6bfe09af95,,professional-diagnostic-equipment.html,301,6,,,
custom,,product-category/medical-equipment/?add_to_wishlist=11288&_wpnonce=6bfe09af95,,professional-diagnostic-equipment.html,301,7,,,
custom,,product-category/medical-equipment/?add_to_wishlist=11290&_wpnonce=6bfe09af95,,professional-diagnostic-equipment.html,301,1,,,
custom,,product-category/medical-equipment/?add_to_wishlist=11290&_wpnonce=6bfe09af95,,professional-diagnostic-equipment.html,301,2,,,
custom,,product-category/medical-equipment/?add_to_wishlist=11290&_wpnonce=6bfe09af95,,professional-diagnostic-equipment.html,301,3,,,
custom,,product-category/medical-equipment/?add_to_wishlist=11290&_wpnonce=6bfe09af95,,professional-diagnostic-equipment.html,301,4,,,
custom,,product-category/medical-equipment/?add_to_wishlist=11290&_wpnonce=6bfe09af95,,professional-diagnostic-equipment.html,301,5,,,
custom,,product-category/medical-equipment/?add_to_wishlist=11290&_wpnonce=6bfe09af95,,professional-diagnostic-equipment.html,301,6,,,
custom,,product-category/medical-equipment/?add_to_wishlist=11290&_wpnonce=6bfe09af95,,professional-diagnostic-equipment.html,301,7,,,
custom,,product-category/medical-equipment/?add_to_wishlist=11607&_wpnonce=6bfe09af95,,professional-diagnostic-equipment.html,301,1,,,
custom,,product-category/medical-equipment/?add_to_wishlist=11607&_wpnonce=6bfe09af95,,professional-diagnostic-equipment.html,301,2,,,
custom,,product-category/medical-equipment/?add_to_wishlist=11607&_wpnonce=6bfe09af95,,professional-diagnostic-equipment.html,301,3,,,
custom,,product-category/medical-equipment/?add_to_wishlist=11607&_wpnonce=6bfe09af95,,professional-diagnostic-equipment.html,301,4,,,
custom,,product-category/medical-equipment/?add_to_wishlist=11607&_wpnonce=6bfe09af95,,professional-diagnostic-equipment.html,301,5,,,
custom,,product-category/medical-equipment/?add_to_wishlist=11607&_wpnonce=6bfe09af95,,professional-diagnostic-equipment.html,301,6,,,
custom,,product-category/medical-equipment/?add_to_wishlist=11607&_wpnonce=6bfe09af95,,professional-diagnostic-equipment.html,301,7,,,
custom,,product-category/medical-equipment/?add_to_wishlist=11632&_wpnonce=6bfe09af95,,professional-diagnostic-equipment.html,301,1,,,
custom,,product-category/medical-equipment/?add_to_wishlist=11632&_wpnonce=6bfe09af95,,professional-diagnostic-equipment.html,301,2,,,
custom,,product-category/medical-equipment/?add_to_wishlist=11632&_wpnonce=6bfe09af95,,professional-diagnostic-equipment.html,301,3,,,
custom,,product-category/medical-equipment/?add_to_wishlist=11632&_wpnonce=6bfe09af95,,professional-diagnostic-equipment.html,301,4,,,
custom,,product-category/medical-equipment/?add_to_wishlist=11632&_wpnonce=6bfe09af95,,professional-diagnostic-equipment.html,301,5,,,
custom,,product-category/medical-equipment/?add_to_wishlist=11632&_wpnonce=6bfe09af95,,professional-diagnostic-equipment.html,301,6,,,
custom,,product-category/medical-equipment/?add_to_wishlist=11632&_wpnonce=6bfe09af95,,professional-diagnostic-equipment.html,301,7,,,
custom,,product-category/medical-equipment/?add_to_wishlist=11736&_wpnonce=6bfe09af95,,professional-diagnostic-equipment.html,301,1,,,
custom,,product-category/medical-equipment/?add_to_wishlist=11736&_wpnonce=6bfe09af95,,professional-diagnostic-equipment.html,301,2,,,
custom,,product-category/medical-equipment/?add_to_wishlist=11736&_wpnonce=6bfe09af95,,professional-diagnostic-equipment.html,301,3,,,
custom,,product-category/medical-equipment/?add_to_wishlist=11736&_wpnonce=6bfe09af95,,professional-diagnostic-equipment.html,301,4,,,
custom,,product-category/medical-equipment/?add_to_wishlist=11736&_wpnonce=6bfe09af95,,professional-diagnostic-equipment.html,301,5,,,
custom,,product-category/medical-equipment/?add_to_wishlist=11736&_wpnonce=6bfe09af95,,professional-diagnostic-equipment.html,301,6,,,
custom,,product-category/medical-equipment/?add_to_wishlist=11736&_wpnonce=6bfe09af95,,professional-diagnostic-equipment.html,301,7,,,
custom,,product-category/medical-equipment/?add_to_wishlist=5433&_wpnonce=6bfe09af95,,professional-diagnostic-equipment.html,301,1,,,
custom,,product-category/medical-equipment/?add_to_wishlist=5433&_wpnonce=6bfe09af95,,professional-diagnostic-equipment.html,301,2,,,
custom,,product-category/medical-equipment/?add_to_wishlist=5433&_wpnonce=6bfe09af95,,professional-diagnostic-equipment.html,301,3,,,
custom,,product-category/medical-equipment/?add_to_wishlist=5433&_wpnonce=6bfe09af95,,professional-diagnostic-equipment.html,301,4,,,
custom,,product-category/medical-equipment/?add_to_wishlist=5433&_wpnonce=6bfe09af95,,professional-diagnostic-equipment.html,301,5,,,
custom,,product-category/medical-equipment/?add_to_wishlist=5433&_wpnonce=6bfe09af95,,professional-diagnostic-equipment.html,301,6,,,
custom,,product-category/medical-equipment/?add_to_wishlist=5433&_wpnonce=6bfe09af95,,professional-diagnostic-equipment.html,301,7,,,
custom,,product-category/medical-equipment/?add-to-cart=11202,,professional-diagnostic-equipment.html,301,1,,,
custom,,product-category/medical-equipment/?add-to-cart=11202,,professional-diagnostic-equipment.html,301,2,,,
custom,,product-category/medical-equipment/?add-to-cart=11202,,professional-diagnostic-equipment.html,301,3,,,
custom,,product-category/medical-equipment/?add-to-cart=11202,,professional-diagnostic-equipment.html,301,4,,,
custom,,product-category/medical-equipment/?add-to-cart=11202,,professional-diagnostic-equipment.html,301,5,,,
custom,,product-category/medical-equipment/?add-to-cart=11202,,professional-diagnostic-equipment.html,301,6,,,
custom,,product-category/medical-equipment/?add-to-cart=11202,,professional-diagnostic-equipment.html,301,7,,,
custom,,product-category/medical-equipment/?add-to-cart=11206,,professional-diagnostic-equipment.html,301,1,,,
custom,,product-category/medical-equipment/?add-to-cart=11206,,professional-diagnostic-equipment.html,301,2,,,
custom,,product-category/medical-equipment/?add-to-cart=11206,,professional-diagnostic-equipment.html,301,3,,,
custom,,product-category/medical-equipment/?add-to-cart=11206,,professional-diagnostic-equipment.html,301,4,,,
custom,,product-category/medical-equipment/?add-to-cart=11206,,professional-diagnostic-equipment.html,301,5,,,
custom,,product-category/medical-equipment/?add-to-cart=11206,,professional-diagnostic-equipment.html,301,6,,,
custom,,product-category/medical-equipment/?add-to-cart=11206,,professional-diagnostic-equipment.html,301,7,,,
custom,,product-category/medical-equipment/?add-to-cart=11212,,professional-diagnostic-equipment.html,301,1,,,
custom,,product-category/medical-equipment/?add-to-cart=11212,,professional-diagnostic-equipment.html,301,2,,,
custom,,product-category/medical-equipment/?add-to-cart=11212,,professional-diagnostic-equipment.html,301,3,,,
custom,,product-category/medical-equipment/?add-to-cart=11212,,professional-diagnostic-equipment.html,301,4,,,
custom,,product-category/medical-equipment/?add-to-cart=11212,,professional-diagnostic-equipment.html,301,5,,,
custom,,product-category/medical-equipment/?add-to-cart=11212,,professional-diagnostic-equipment.html,301,6,,,
custom,,product-category/medical-equipment/?add-to-cart=11212,,professional-diagnostic-equipment.html,301,7,,,
custom,,product-category/medical-equipment/?add-to-cart=11228,,professional-diagnostic-equipment.html,301,1,,,
custom,,product-category/medical-equipment/?add-to-cart=11228,,professional-diagnostic-equipment.html,301,2,,,
custom,,product-category/medical-equipment/?add-to-cart=11228,,professional-diagnostic-equipment.html,301,3,,,
custom,,product-category/medical-equipment/?add-to-cart=11228,,professional-diagnostic-equipment.html,301,4,,,
custom,,product-category/medical-equipment/?add-to-cart=11228,,professional-diagnostic-equipment.html,301,5,,,
custom,,product-category/medical-equipment/?add-to-cart=11228,,professional-diagnostic-equipment.html,301,6,,,
custom,,product-category/medical-equipment/?add-to-cart=11228,,professional-diagnostic-equipment.html,301,7,,,
custom,,product-category/medical-equipment/?add-to-cart=11240,,professional-diagnostic-equipment.html,301,1,,,
custom,,product-category/medical-equipment/?add-to-cart=11240,,professional-diagnostic-equipment.html,301,2,,,
custom,,product-category/medical-equipment/?add-to-cart=11240,,professional-diagnostic-equipment.html,301,3,,,
custom,,product-category/medical-equipment/?add-to-cart=11240,,professional-diagnostic-equipment.html,301,4,,,
custom,,product-category/medical-equipment/?add-to-cart=11240,,professional-diagnostic-equipment.html,301,5,,,
custom,,product-category/medical-equipment/?add-to-cart=11240,,professional-diagnostic-equipment.html,301,6,,,
custom,,product-category/medical-equipment/?add-to-cart=11240,,professional-diagnostic-equipment.html,301,7,,,
custom,,product-category/medical-equipment/?add-to-cart=11260,,professional-diagnostic-equipment.html,301,1,,,
custom,,product-category/medical-equipment/?add-to-cart=11260,,professional-diagnostic-equipment.html,301,2,,,
custom,,product-category/medical-equipment/?add-to-cart=11260,,professional-diagnostic-equipment.html,301,3,,,
custom,,product-category/medical-equipment/?add-to-cart=11260,,professional-diagnostic-equipment.html,301,4,,,
custom,,product-category/medical-equipment/?add-to-cart=11260,,professional-diagnostic-equipment.html,301,5,,,
custom,,product-category/medical-equipment/?add-to-cart=11260,,professional-diagnostic-equipment.html,301,6,,,
custom,,product-category/medical-equipment/?add-to-cart=11260,,professional-diagnostic-equipment.html,301,7,,,
custom,,product-category/medical-equipment/?add-to-cart=11288,,professional-diagnostic-equipment.html,301,1,,,
custom,,product-category/medical-equipment/?add-to-cart=11288,,professional-diagnostic-equipment.html,301,2,,,
custom,,product-category/medical-equipment/?add-to-cart=11288,,professional-diagnostic-equipment.html,301,3,,,
custom,,product-category/medical-equipment/?add-to-cart=11288,,professional-diagnostic-equipment.html,301,4,,,
custom,,product-category/medical-equipment/?add-to-cart=11288,,professional-diagnostic-equipment.html,301,5,,,
custom,,product-category/medical-equipment/?add-to-cart=11288,,professional-diagnostic-equipment.html,301,6,,,
custom,,product-category/medical-equipment/?add-to-cart=11288,,professional-diagnostic-equipment.html,301,7,,,
custom,,product-category/medical-equipment/?add-to-cart=11632,,professional-diagnostic-equipment.html,301,1,,,
custom,,product-category/medical-equipment/?add-to-cart=11632,,professional-diagnostic-equipment.html,301,2,,,
custom,,product-category/medical-equipment/?add-to-cart=11632,,professional-diagnostic-equipment.html,301,3,,,
custom,,product-category/medical-equipment/?add-to-cart=11632,,professional-diagnostic-equipment.html,301,4,,,
custom,,product-category/medical-equipment/?add-to-cart=11632,,professional-diagnostic-equipment.html,301,5,,,
custom,,product-category/medical-equipment/?add-to-cart=11632,,professional-diagnostic-equipment.html,301,6,,,
custom,,product-category/medical-equipment/?add-to-cart=11632,,professional-diagnostic-equipment.html,301,7,,,
custom,,product-category/medical-equipment/?filter_color=beige,,professional-diagnostic-equipment.html,301,1,,,
custom,,product-category/medical-equipment/?filter_color=beige,,professional-diagnostic-equipment.html,301,2,,,
custom,,product-category/medical-equipment/?filter_color=beige,,professional-diagnostic-equipment.html,301,3,,,
custom,,product-category/medical-equipment/?filter_color=beige,,professional-diagnostic-equipment.html,301,4,,,
custom,,product-category/medical-equipment/?filter_color=beige,,professional-diagnostic-equipment.html,301,5,,,
custom,,product-category/medical-equipment/?filter_color=beige,,professional-diagnostic-equipment.html,301,6,,,
custom,,product-category/medical-equipment/?filter_color=beige,,professional-diagnostic-equipment.html,301,7,,,
custom,,product-category/medtech/,,all-products.html,301,1,,,
custom,,product-category/medtech/,,all-products.html,301,2,,,
custom,,product-category/medtech/,,all-products.html,301,3,,,
custom,,product-category/medtech/,,all-products.html,301,4,,,
custom,,product-category/medtech/,,all-products.html,301,5,,,
custom,,product-category/medtech/,,all-products.html,301,6,,,
custom,,product-category/medtech/,,all-products.html,301,7,,,
custom,,product-category/microtonemsi/,,all-products.html,301,1,,,
custom,,product-category/microtonemsi/,,all-products.html,301,2,,,
custom,,product-category/microtonemsi/,,all-products.html,301,3,,,
custom,,product-category/microtonemsi/,,all-products.html,301,4,,,
custom,,product-category/microtonemsi/,,all-products.html,301,5,,,
custom,,product-category/microtonemsi/,,all-products.html,301,6,,,
custom,,product-category/microtonemsi/,,all-products.html,301,7,,,
custom,,product-category/nebulizer/,,home-healthcare-devices/allergy-sinus-asthma.html,301,1,,,
custom,,product-category/nebulizer/,,home-healthcare-devices/allergy-sinus-asthma.html,301,2,,,
custom,,product-category/nebulizer/,,home-healthcare-devices/allergy-sinus-asthma.html,301,3,,,
custom,,product-category/nebulizer/,,home-healthcare-devices/allergy-sinus-asthma.html,301,4,,,
custom,,product-category/nebulizer/,,home-healthcare-devices/allergy-sinus-asthma.html,301,5,,,
custom,,product-category/nebulizer/,,home-healthcare-devices/allergy-sinus-asthma.html,301,6,,,
custom,,product-category/nebulizer/,,home-healthcare-devices/allergy-sinus-asthma.html,301,7,,,
custom,,product-category/nebulizer-equipment/,,home-healthcare-devices/allergy-sinus-asthma.html,301,1,,,
custom,,product-category/nebulizer-equipment/,,home-healthcare-devices/allergy-sinus-asthma.html,301,2,,,
custom,,product-category/nebulizer-equipment/,,home-healthcare-devices/allergy-sinus-asthma.html,301,3,,,
custom,,product-category/nebulizer-equipment/,,home-healthcare-devices/allergy-sinus-asthma.html,301,4,,,
custom,,product-category/nebulizer-equipment/,,home-healthcare-devices/allergy-sinus-asthma.html,301,5,,,
custom,,product-category/nebulizer-equipment/,,home-healthcare-devices/allergy-sinus-asthma.html,301,6,,,
custom,,product-category/nebulizer-equipment/,,home-healthcare-devices/allergy-sinus-asthma.html,301,7,,,
custom,,product-category/omron/?add_to_wishlist=5850,,all-products.html,301,1,,,
custom,,product-category/omron/?add_to_wishlist=5850,,all-products.html,301,2,,,
custom,,product-category/omron/?add_to_wishlist=5850,,all-products.html,301,3,,,
custom,,product-category/omron/?add_to_wishlist=5850,,all-products.html,301,4,,,
custom,,product-category/omron/?add_to_wishlist=5850,,all-products.html,301,5,,,
custom,,product-category/omron/?add_to_wishlist=5850,,all-products.html,301,6,,,
custom,,product-category/omron/?add_to_wishlist=5850,,all-products.html,301,7,,,
custom,,product-category/omron/?add-to-cart=11112,,all-products.html,301,1,,,
custom,,product-category/omron/?add-to-cart=11112,,all-products.html,301,2,,,
custom,,product-category/omron/?add-to-cart=11112,,all-products.html,301,3,,,
custom,,product-category/omron/?add-to-cart=11112,,all-products.html,301,4,,,
custom,,product-category/omron/?add-to-cart=11112,,all-products.html,301,5,,,
custom,,product-category/omron/?add-to-cart=11112,,all-products.html,301,6,,,
custom,,product-category/omron/?add-to-cart=11112,,all-products.html,301,7,,,
custom,,product-category/omron/?add-to-cart=5850,,all-products.html,301,1,,,
custom,,product-category/omron/?add-to-cart=5850,,all-products.html,301,2,,,
custom,,product-category/omron/?add-to-cart=5850,,all-products.html,301,3,,,
custom,,product-category/omron/?add-to-cart=5850,,all-products.html,301,4,,,
custom,,product-category/omron/?add-to-cart=5850,,all-products.html,301,5,,,
custom,,product-category/omron/?add-to-cart=5850,,all-products.html,301,6,,,
custom,,product-category/omron/?add-to-cart=5850,,all-products.html,301,7,,,
custom,,product-category/orthotocs-products/,,all-products.html,301,1,,,
custom,,product-category/orthotocs-products/,,all-products.html,301,2,,,
custom,,product-category/orthotocs-products/,,all-products.html,301,3,,,
custom,,product-category/orthotocs-products/,,all-products.html,301,4,,,
custom,,product-category/orthotocs-products/,,all-products.html,301,5,,,
custom,,product-category/orthotocs-products/,,all-products.html,301,6,,,
custom,,product-category/orthotocs-products/,,all-products.html,301,7,,,
custom,,product-category/otica/,,all-products.html,301,1,,,
custom,,product-category/otica/,,all-products.html,301,2,,,
custom,,product-category/otica/,,all-products.html,301,3,,,
custom,,product-category/otica/,,all-products.html,301,4,,,
custom,,product-category/otica/,,all-products.html,301,5,,,
custom,,product-category/otica/,,all-products.html,301,6,,,
custom,,product-category/otica/,,all-products.html,301,7,,,
custom,,product-category/otica/?add-to-cart=11118,,all-products.html,301,1,,,
custom,,product-category/otica/?add-to-cart=11118,,all-products.html,301,2,,,
custom,,product-category/otica/?add-to-cart=11118,,all-products.html,301,3,,,
custom,,product-category/otica/?add-to-cart=11118,,all-products.html,301,4,,,
custom,,product-category/otica/?add-to-cart=11118,,all-products.html,301,5,,,
custom,,product-category/otica/?add-to-cart=11118,,all-products.html,301,6,,,
custom,,product-category/otica/?add-to-cart=11118,,all-products.html,301,7,,,
custom,,product-category/oxy-med/,,all-products.html,301,1,,,
custom,,product-category/oxy-med/,,all-products.html,301,2,,,
custom,,product-category/oxy-med/,,all-products.html,301,3,,,
custom,,product-category/oxy-med/,,all-products.html,301,4,,,
custom,,product-category/oxy-med/,,all-products.html,301,5,,,
custom,,product-category/oxy-med/,,all-products.html,301,6,,,
custom,,product-category/oxy-med/,,all-products.html,301,7,,,
custom,,product-category/oxy-med/?add_to_wishlist=9825&_wpnonce=ef95b38fda,,all-products.html,301,1,,,
custom,,product-category/oxy-med/?add_to_wishlist=9825&_wpnonce=ef95b38fda,,all-products.html,301,2,,,
custom,,product-category/oxy-med/?add_to_wishlist=9825&_wpnonce=ef95b38fda,,all-products.html,301,3,,,
custom,,product-category/oxy-med/?add_to_wishlist=9825&_wpnonce=ef95b38fda,,all-products.html,301,4,,,
custom,,product-category/oxy-med/?add_to_wishlist=9825&_wpnonce=ef95b38fda,,all-products.html,301,5,,,
custom,,product-category/oxy-med/?add_to_wishlist=9825&_wpnonce=ef95b38fda,,all-products.html,301,6,,,
custom,,product-category/oxy-med/?add_to_wishlist=9825&_wpnonce=ef95b38fda,,all-products.html,301,7,,,
custom,,product-category/oxy-med/?add-to-cart=10698,,all-products.html,301,1,,,
custom,,product-category/oxy-med/?add-to-cart=10698,,all-products.html,301,2,,,
custom,,product-category/oxy-med/?add-to-cart=10698,,all-products.html,301,3,,,
custom,,product-category/oxy-med/?add-to-cart=10698,,all-products.html,301,4,,,
custom,,product-category/oxy-med/?add-to-cart=10698,,all-products.html,301,5,,,
custom,,product-category/oxy-med/?add-to-cart=10698,,all-products.html,301,6,,,
custom,,product-category/oxy-med/?add-to-cart=10698,,all-products.html,301,7,,,
custom,,product-category/oxy-med/?add-to-cart=10713,,all-products.html,301,1,,,
custom,,product-category/oxy-med/?add-to-cart=10713,,all-products.html,301,2,,,
custom,,product-category/oxy-med/?add-to-cart=10713,,all-products.html,301,3,,,
custom,,product-category/oxy-med/?add-to-cart=10713,,all-products.html,301,4,,,
custom,,product-category/oxy-med/?add-to-cart=10713,,all-products.html,301,5,,,
custom,,product-category/oxy-med/?add-to-cart=10713,,all-products.html,301,6,,,
custom,,product-category/oxy-med/?add-to-cart=10713,,all-products.html,301,7,,,
custom,,product-category/philips-respironics/?add_to_wishlist=6737&_wpnonce=029211ffa5,,all-products.html,301,1,,,
custom,,product-category/philips-respironics/?add_to_wishlist=6737&_wpnonce=029211ffa5,,all-products.html,301,2,,,
custom,,product-category/philips-respironics/?add_to_wishlist=6737&_wpnonce=029211ffa5,,all-products.html,301,3,,,
custom,,product-category/philips-respironics/?add_to_wishlist=6737&_wpnonce=029211ffa5,,all-products.html,301,4,,,
custom,,product-category/philips-respironics/?add_to_wishlist=6737&_wpnonce=029211ffa5,,all-products.html,301,5,,,
custom,,product-category/philips-respironics/?add_to_wishlist=6737&_wpnonce=029211ffa5,,all-products.html,301,6,,,
custom,,product-category/philips-respironics/?add_to_wishlist=6737&_wpnonce=029211ffa5,,all-products.html,301,7,,,
custom,,product-category/philips-respironics/?add_to_wishlist=6737&_wpnonce=02f394fa05,,all-products.html,301,1,,,
custom,,product-category/philips-respironics/?add_to_wishlist=6737&_wpnonce=02f394fa05,,all-products.html,301,2,,,
custom,,product-category/philips-respironics/?add_to_wishlist=6737&_wpnonce=02f394fa05,,all-products.html,301,3,,,
custom,,product-category/philips-respironics/?add_to_wishlist=6737&_wpnonce=02f394fa05,,all-products.html,301,4,,,
custom,,product-category/philips-respironics/?add_to_wishlist=6737&_wpnonce=02f394fa05,,all-products.html,301,5,,,
custom,,product-category/philips-respironics/?add_to_wishlist=6737&_wpnonce=02f394fa05,,all-products.html,301,6,,,
custom,,product-category/philips-respironics/?add_to_wishlist=6737&_wpnonce=02f394fa05,,all-products.html,301,7,,,
custom,,product-category/philips-respironics/?add_to_wishlist=6737&_wpnonce=107763ebcd,,all-products.html,301,1,,,
custom,,product-category/philips-respironics/?add_to_wishlist=6737&_wpnonce=107763ebcd,,all-products.html,301,2,,,
custom,,product-category/philips-respironics/?add_to_wishlist=6737&_wpnonce=107763ebcd,,all-products.html,301,3,,,
custom,,product-category/philips-respironics/?add_to_wishlist=6737&_wpnonce=107763ebcd,,all-products.html,301,4,,,
custom,,product-category/philips-respironics/?add_to_wishlist=6737&_wpnonce=107763ebcd,,all-products.html,301,5,,,
custom,,product-category/philips-respironics/?add_to_wishlist=6737&_wpnonce=107763ebcd,,all-products.html,301,6,,,
custom,,product-category/philips-respironics/?add_to_wishlist=6737&_wpnonce=107763ebcd,,all-products.html,301,7,,,
custom,,product-category/philips-respironics/?add_to_wishlist=6737&_wpnonce=135c249d28,,all-products.html,301,1,,,
custom,,product-category/philips-respironics/?add_to_wishlist=6737&_wpnonce=135c249d28,,all-products.html,301,2,,,
custom,,product-category/philips-respironics/?add_to_wishlist=6737&_wpnonce=135c249d28,,all-products.html,301,3,,,
custom,,product-category/philips-respironics/?add_to_wishlist=6737&_wpnonce=135c249d28,,all-products.html,301,4,,,
custom,,product-category/philips-respironics/?add_to_wishlist=6737&_wpnonce=135c249d28,,all-products.html,301,5,,,
custom,,product-category/philips-respironics/?add_to_wishlist=6737&_wpnonce=135c249d28,,all-products.html,301,6,,,
custom,,product-category/philips-respironics/?add_to_wishlist=6737&_wpnonce=135c249d28,,all-products.html,301,7,,,
custom,,product-category/philips-respironics/?add_to_wishlist=6737&_wpnonce=19ddc6471f,,all-products.html,301,1,,,
custom,,product-category/philips-respironics/?add_to_wishlist=6737&_wpnonce=19ddc6471f,,all-products.html,301,2,,,
custom,,product-category/philips-respironics/?add_to_wishlist=6737&_wpnonce=19ddc6471f,,all-products.html,301,3,,,
custom,,product-category/philips-respironics/?add_to_wishlist=6737&_wpnonce=19ddc6471f,,all-products.html,301,4,,,
custom,,product-category/philips-respironics/?add_to_wishlist=6737&_wpnonce=19ddc6471f,,all-products.html,301,5,,,
custom,,product-category/philips-respironics/?add_to_wishlist=6737&_wpnonce=19ddc6471f,,all-products.html,301,6,,,
custom,,product-category/philips-respironics/?add_to_wishlist=6737&_wpnonce=19ddc6471f,,all-products.html,301,7,,,
custom,,product-category/philips-respironics/?add_to_wishlist=6737&_wpnonce=1c8316ff96,,all-products.html,301,1,,,
custom,,product-category/philips-respironics/?add_to_wishlist=6737&_wpnonce=1c8316ff96,,all-products.html,301,2,,,
custom,,product-category/philips-respironics/?add_to_wishlist=6737&_wpnonce=1c8316ff96,,all-products.html,301,3,,,
custom,,product-category/philips-respironics/?add_to_wishlist=6737&_wpnonce=1c8316ff96,,all-products.html,301,4,,,
custom,,product-category/philips-respironics/?add_to_wishlist=6737&_wpnonce=1c8316ff96,,all-products.html,301,5,,,
custom,,product-category/philips-respironics/?add_to_wishlist=6737&_wpnonce=1c8316ff96,,all-products.html,301,6,,,
custom,,product-category/philips-respironics/?add_to_wishlist=6737&_wpnonce=1c8316ff96,,all-products.html,301,7,,,
custom,,product-category/philips-respironics/?add_to_wishlist=6737&_wpnonce=1f167c6ad7,,all-products.html,301,1,,,
custom,,product-category/philips-respironics/?add_to_wishlist=6737&_wpnonce=1f167c6ad7,,all-products.html,301,2,,,
custom,,product-category/philips-respironics/?add_to_wishlist=6737&_wpnonce=1f167c6ad7,,all-products.html,301,3,,,
custom,,product-category/philips-respironics/?add_to_wishlist=6737&_wpnonce=1f167c6ad7,,all-products.html,301,4,,,
custom,,product-category/philips-respironics/?add_to_wishlist=6737&_wpnonce=1f167c6ad7,,all-products.html,301,5,,,
custom,,product-category/philips-respironics/?add_to_wishlist=6737&_wpnonce=1f167c6ad7,,all-products.html,301,6,,,
custom,,product-category/philips-respironics/?add_to_wishlist=6737&_wpnonce=1f167c6ad7,,all-products.html,301,7,,,
custom,,product-category/philips-respironics/?add_to_wishlist=6737&_wpnonce=24e4515fd6,,all-products.html,301,1,,,
custom,,product-category/philips-respironics/?add_to_wishlist=6737&_wpnonce=24e4515fd6,,all-products.html,301,2,,,
custom,,product-category/philips-respironics/?add_to_wishlist=6737&_wpnonce=24e4515fd6,,all-products.html,301,3,,,
custom,,product-category/philips-respironics/?add_to_wishlist=6737&_wpnonce=24e4515fd6,,all-products.html,301,4,,,
custom,,product-category/philips-respironics/?add_to_wishlist=6737&_wpnonce=24e4515fd6,,all-products.html,301,5,,,
custom,,product-category/philips-respironics/?add_to_wishlist=6737&_wpnonce=24e4515fd6,,all-products.html,301,6,,,
custom,,product-category/philips-respironics/?add_to_wishlist=6737&_wpnonce=24e4515fd6,,all-products.html,301,7,,,
custom,,product-category/philips-respironics/?add_to_wishlist=6737&_wpnonce=32714e3fdb,,all-products.html,301,1,,,
custom,,product-category/philips-respironics/?add_to_wishlist=6737&_wpnonce=32714e3fdb,,all-products.html,301,2,,,
custom,,product-category/philips-respironics/?add_to_wishlist=6737&_wpnonce=32714e3fdb,,all-products.html,301,3,,,
custom,,product-category/philips-respironics/?add_to_wishlist=6737&_wpnonce=32714e3fdb,,all-products.html,301,4,,,
custom,,product-category/philips-respironics/?add_to_wishlist=6737&_wpnonce=32714e3fdb,,all-products.html,301,5,,,
custom,,product-category/philips-respironics/?add_to_wishlist=6737&_wpnonce=32714e3fdb,,all-products.html,301,6,,,
custom,,product-category/philips-respironics/?add_to_wishlist=6737&_wpnonce=32714e3fdb,,all-products.html,301,7,,,
custom,,product-category/philips-respironics/?add_to_wishlist=6737&_wpnonce=3963c760ea,,all-products.html,301,1,,,
custom,,product-category/philips-respironics/?add_to_wishlist=6737&_wpnonce=3963c760ea,,all-products.html,301,2,,,
custom,,product-category/philips-respironics/?add_to_wishlist=6737&_wpnonce=3963c760ea,,all-products.html,301,3,,,
custom,,product-category/philips-respironics/?add_to_wishlist=6737&_wpnonce=3963c760ea,,all-products.html,301,4,,,
custom,,product-category/philips-respironics/?add_to_wishlist=6737&_wpnonce=3963c760ea,,all-products.html,301,5,,,
custom,,product-category/philips-respironics/?add_to_wishlist=6737&_wpnonce=3963c760ea,,all-products.html,301,6,,,
custom,,product-category/philips-respironics/?add_to_wishlist=6737&_wpnonce=3963c760ea,,all-products.html,301,7,,,
custom,,product-category/philips-respironics/?add_to_wishlist=6737&_wpnonce=4a590be38f,,all-products.html,301,1,,,
custom,,product-category/philips-respironics/?add_to_wishlist=6737&_wpnonce=4a590be38f,,all-products.html,301,2,,,
custom,,product-category/philips-respironics/?add_to_wishlist=6737&_wpnonce=4a590be38f,,all-products.html,301,3,,,
custom,,product-category/philips-respironics/?add_to_wishlist=6737&_wpnonce=4a590be38f,,all-products.html,301,4,,,
custom,,product-category/philips-respironics/?add_to_wishlist=6737&_wpnonce=4a590be38f,,all-products.html,301,5,,,
custom,,product-category/philips-respironics/?add_to_wishlist=6737&_wpnonce=4a590be38f,,all-products.html,301,6,,,
custom,,product-category/philips-respironics/?add_to_wishlist=6737&_wpnonce=4a590be38f,,all-products.html,301,7,,,
custom,,product-category/philips-respironics/?add_to_wishlist=6737&_wpnonce=4d2e6cb093,,all-products.html,301,1,,,
custom,,product-category/philips-respironics/?add_to_wishlist=6737&_wpnonce=4d2e6cb093,,all-products.html,301,2,,,
custom,,product-category/philips-respironics/?add_to_wishlist=6737&_wpnonce=4d2e6cb093,,all-products.html,301,3,,,
custom,,product-category/philips-respironics/?add_to_wishlist=6737&_wpnonce=4d2e6cb093,,all-products.html,301,4,,,
custom,,product-category/philips-respironics/?add_to_wishlist=6737&_wpnonce=4d2e6cb093,,all-products.html,301,5,,,
custom,,product-category/philips-respironics/?add_to_wishlist=6737&_wpnonce=4d2e6cb093,,all-products.html,301,6,,,
custom,,product-category/philips-respironics/?add_to_wishlist=6737&_wpnonce=4d2e6cb093,,all-products.html,301,7,,,
custom,,product-category/philips-respironics/?add_to_wishlist=6737&_wpnonce=4dc557e6fa,,all-products.html,301,1,,,
custom,,product-category/philips-respironics/?add_to_wishlist=6737&_wpnonce=4dc557e6fa,,all-products.html,301,2,,,
custom,,product-category/philips-respironics/?add_to_wishlist=6737&_wpnonce=4dc557e6fa,,all-products.html,301,3,,,
custom,,product-category/philips-respironics/?add_to_wishlist=6737&_wpnonce=4dc557e6fa,,all-products.html,301,4,,,
custom,,product-category/philips-respironics/?add_to_wishlist=6737&_wpnonce=4dc557e6fa,,all-products.html,301,5,,,
custom,,product-category/philips-respironics/?add_to_wishlist=6737&_wpnonce=4dc557e6fa,,all-products.html,301,6,,,
custom,,product-category/philips-respironics/?add_to_wishlist=6737&_wpnonce=4dc557e6fa,,all-products.html,301,7,,,
custom,,product-category/philips-respironics/?add_to_wishlist=6737&_wpnonce=5e88a8d1b8,,all-products.html,301,1,,,
custom,,product-category/philips-respironics/?add_to_wishlist=6737&_wpnonce=5e88a8d1b8,,all-products.html,301,2,,,
custom,,product-category/philips-respironics/?add_to_wishlist=6737&_wpnonce=5e88a8d1b8,,all-products.html,301,3,,,
custom,,product-category/philips-respironics/?add_to_wishlist=6737&_wpnonce=5e88a8d1b8,,all-products.html,301,4,,,
custom,,product-category/philips-respironics/?add_to_wishlist=6737&_wpnonce=5e88a8d1b8,,all-products.html,301,5,,,
custom,,product-category/philips-respironics/?add_to_wishlist=6737&_wpnonce=5e88a8d1b8,,all-products.html,301,6,,,
custom,,product-category/philips-respironics/?add_to_wishlist=6737&_wpnonce=5e88a8d1b8,,all-products.html,301,7,,,
custom,,product-category/philips-respironics/?add_to_wishlist=6780&_wpnonce=4dc557e6fa,,all-products.html,301,1,,,
custom,,product-category/philips-respironics/?add_to_wishlist=6780&_wpnonce=4dc557e6fa,,all-products.html,301,2,,,
custom,,product-category/philips-respironics/?add_to_wishlist=6780&_wpnonce=4dc557e6fa,,all-products.html,301,3,,,
custom,,product-category/philips-respironics/?add_to_wishlist=6780&_wpnonce=4dc557e6fa,,all-products.html,301,4,,,
custom,,product-category/philips-respironics/?add_to_wishlist=6780&_wpnonce=4dc557e6fa,,all-products.html,301,5,,,
custom,,product-category/philips-respironics/?add_to_wishlist=6780&_wpnonce=4dc557e6fa,,all-products.html,301,6,,,
custom,,product-category/philips-respironics/?add_to_wishlist=6780&_wpnonce=4dc557e6fa,,all-products.html,301,7,,,
custom,,product-category/philips-respironics/?add_to_wishlist=6789&_wpnonce=f6d1eff20e,,all-products.html,301,1,,,
custom,,product-category/philips-respironics/?add_to_wishlist=6789&_wpnonce=f6d1eff20e,,all-products.html,301,2,,,
custom,,product-category/philips-respironics/?add_to_wishlist=6789&_wpnonce=f6d1eff20e,,all-products.html,301,3,,,
custom,,product-category/philips-respironics/?add_to_wishlist=6789&_wpnonce=f6d1eff20e,,all-products.html,301,4,,,
custom,,product-category/philips-respironics/?add_to_wishlist=6789&_wpnonce=f6d1eff20e,,all-products.html,301,5,,,
custom,,product-category/philips-respironics/?add_to_wishlist=6789&_wpnonce=f6d1eff20e,,all-products.html,301,6,,,
custom,,product-category/philips-respironics/?add_to_wishlist=6789&_wpnonce=f6d1eff20e,,all-products.html,301,7,,,
custom,,product-category/pulse-oximeter/,,all-products.html,301,1,,,
custom,,product-category/pulse-oximeter/,,all-products.html,301,2,,,
custom,,product-category/pulse-oximeter/,,all-products.html,301,3,,,
custom,,product-category/pulse-oximeter/,,all-products.html,301,4,,,
custom,,product-category/pulse-oximeter/,,all-products.html,301,5,,,
custom,,product-category/pulse-oximeter/,,all-products.html,301,6,,,
custom,,product-category/pulse-oximeter/,,all-products.html,301,7,,,
custom,,product-category/rehabilitation-aids/,,all-products.html,301,1,,,
custom,,product-category/rehabilitation-aids/,,all-products.html,301,2,,,
custom,,product-category/rehabilitation-aids/,,all-products.html,301,3,,,
custom,,product-category/rehabilitation-aids/,,all-products.html,301,4,,,
custom,,product-category/rehabilitation-aids/,,all-products.html,301,5,,,
custom,,product-category/rehabilitation-aids/,,all-products.html,301,6,,,
custom,,product-category/rehabilitation-aids/,,all-products.html,301,7,,,
custom,,product-category/sterillium/,,all-products.html,301,1,,,
custom,,product-category/sterillium/,,all-products.html,301,2,,,
custom,,product-category/sterillium/,,all-products.html,301,3,,,
custom,,product-category/sterillium/,,all-products.html,301,4,,,
custom,,product-category/sterillium/,,all-products.html,301,5,,,
custom,,product-category/sterillium/,,all-products.html,301,6,,,
custom,,product-category/sterillium/,,all-products.html,301,7,,,
custom,,product-category/stretcher/,,all-products.html,301,1,,,
custom,,product-category/stretcher/,,all-products.html,301,2,,,
custom,,product-category/stretcher/,,all-products.html,301,3,,,
custom,,product-category/stretcher/,,all-products.html,301,4,,,
custom,,product-category/stretcher/,,all-products.html,301,5,,,
custom,,product-category/stretcher/,,all-products.html,301,6,,,
custom,,product-category/stretcher/,,all-products.html,301,7,,,
custom,,product-category/surgical-instrument/?add-to-cart=11109,,surgical-instrument.html,301,1,,,
custom,,product-category/surgical-instrument/?add-to-cart=11109,,surgical-instrument.html,301,2,,,
custom,,product-category/surgical-instrument/?add-to-cart=11109,,surgical-instrument.html,301,3,,,
custom,,product-category/surgical-instrument/?add-to-cart=11109,,surgical-instrument.html,301,4,,,
custom,,product-category/surgical-instrument/?add-to-cart=11109,,surgical-instrument.html,301,5,,,
custom,,product-category/surgical-instrument/?add-to-cart=11109,,surgical-instrument.html,301,6,,,
custom,,product-category/surgical-instrument/?add-to-cart=11109,,surgical-instrument.html,301,7,,,
custom,,product-category/surgical-instrument/?add-to-cart=11112,,surgical-instrument.html,301,1,,,
custom,,product-category/surgical-instrument/?add-to-cart=11112,,surgical-instrument.html,301,2,,,
custom,,product-category/surgical-instrument/?add-to-cart=11112,,surgical-instrument.html,301,3,,,
custom,,product-category/surgical-instrument/?add-to-cart=11112,,surgical-instrument.html,301,4,,,
custom,,product-category/surgical-instrument/?add-to-cart=11112,,surgical-instrument.html,301,5,,,
custom,,product-category/surgical-instrument/?add-to-cart=11112,,surgical-instrument.html,301,6,,,
custom,,product-category/surgical-instrument/?add-to-cart=11112,,surgical-instrument.html,301,7,,,
custom,,product-category/surgical-instrument/?add-to-cart=11127,,surgical-instrument.html,301,1,,,
custom,,product-category/surgical-instrument/?add-to-cart=11127,,surgical-instrument.html,301,2,,,
custom,,product-category/surgical-instrument/?add-to-cart=11127,,surgical-instrument.html,301,3,,,
custom,,product-category/surgical-instrument/?add-to-cart=11127,,surgical-instrument.html,301,4,,,
custom,,product-category/surgical-instrument/?add-to-cart=11127,,surgical-instrument.html,301,5,,,
custom,,product-category/surgical-instrument/?add-to-cart=11127,,surgical-instrument.html,301,6,,,
custom,,product-category/surgical-instrument/?add-to-cart=11127,,surgical-instrument.html,301,7,,,
custom,,product-category/surgical-instrument/?add-to-cart=11140,,surgical-instrument.html,301,1,,,
custom,,product-category/surgical-instrument/?add-to-cart=11140,,surgical-instrument.html,301,2,,,
custom,,product-category/surgical-instrument/?add-to-cart=11140,,surgical-instrument.html,301,3,,,
custom,,product-category/surgical-instrument/?add-to-cart=11140,,surgical-instrument.html,301,4,,,
custom,,product-category/surgical-instrument/?add-to-cart=11140,,surgical-instrument.html,301,5,,,
custom,,product-category/surgical-instrument/?add-to-cart=11140,,surgical-instrument.html,301,6,,,
custom,,product-category/surgical-instrument/?add-to-cart=11140,,surgical-instrument.html,301,7,,,
custom,,product-category/surgical-instrument/?add-to-cart=11150,,surgical-instrument.html,301,1,,,
custom,,product-category/surgical-instrument/?add-to-cart=11150,,surgical-instrument.html,301,2,,,
custom,,product-category/surgical-instrument/?add-to-cart=11150,,surgical-instrument.html,301,3,,,
custom,,product-category/surgical-instrument/?add-to-cart=11150,,surgical-instrument.html,301,4,,,
custom,,product-category/surgical-instrument/?add-to-cart=11150,,surgical-instrument.html,301,5,,,
custom,,product-category/surgical-instrument/?add-to-cart=11150,,surgical-instrument.html,301,6,,,
custom,,product-category/surgical-instrument/?add-to-cart=11150,,surgical-instrument.html,301,7,,,
custom,,product-category/uncategorized/,,all-products.html,301,1,,,
custom,,product-category/uncategorized/,,all-products.html,301,2,,,
custom,,product-category/uncategorized/,,all-products.html,301,3,,,
custom,,product-category/uncategorized/,,all-products.html,301,4,,,
custom,,product-category/uncategorized/,,all-products.html,301,5,,,
custom,,product-category/uncategorized/,,all-products.html,301,6,,,
custom,,product-category/uncategorized/,,all-products.html,301,7,,,
custom,,product-category/uncategorized/?add-to-cart=10287,,all-products.html,301,1,,,
custom,,product-category/uncategorized/?add-to-cart=10287,,all-products.html,301,2,,,
custom,,product-category/uncategorized/?add-to-cart=10287,,all-products.html,301,3,,,
custom,,product-category/uncategorized/?add-to-cart=10287,,all-products.html,301,4,,,
custom,,product-category/uncategorized/?add-to-cart=10287,,all-products.html,301,5,,,
custom,,product-category/uncategorized/?add-to-cart=10287,,all-products.html,301,6,,,
custom,,product-category/uncategorized/?add-to-cart=10287,,all-products.html,301,7,,,
custom,,product-category/veinhunter/,,all-products.html,301,1,,,
custom,,product-category/veinhunter/,,all-products.html,301,2,,,
custom,,product-category/veinhunter/,,all-products.html,301,3,,,
custom,,product-category/veinhunter/,,all-products.html,301,4,,,
custom,,product-category/veinhunter/,,all-products.html,301,5,,,
custom,,product-category/veinhunter/,,all-products.html,301,6,,,
custom,,product-category/veinhunter/,,all-products.html,301,7,,,
custom,,product-category/welch-allyn/,,all-products.html,301,1,,,
custom,,product-category/welch-allyn/,,all-products.html,301,2,,,
custom,,product-category/welch-allyn/,,all-products.html,301,3,,,
custom,,product-category/welch-allyn/,,all-products.html,301,4,,,
custom,,product-category/welch-allyn/,,all-products.html,301,5,,,
custom,,product-category/welch-allyn/,,all-products.html,301,6,,,
custom,,product-category/welch-allyn/,,all-products.html,301,7,,,
custom,,product-category/welch-allyn/?add-to-cart=5463,,all-products.html,301,1,,,
custom,,product-category/welch-allyn/?add-to-cart=5463,,all-products.html,301,2,,,
custom,,product-category/welch-allyn/?add-to-cart=5463,,all-products.html,301,3,,,
custom,,product-category/welch-allyn/?add-to-cart=5463,,all-products.html,301,4,,,
custom,,product-category/welch-allyn/?add-to-cart=5463,,all-products.html,301,5,,,
custom,,product-category/welch-allyn/?add-to-cart=5463,,all-products.html,301,6,,,
custom,,product-category/welch-allyn/?add-to-cart=5463,,all-products.html,301,7,,,
custom,,product-category/welch-allyn/?add-to-cart=5531,,all-products.html,301,1,,,
custom,,product-category/welch-allyn/?add-to-cart=5531,,all-products.html,301,2,,,
custom,,product-category/welch-allyn/?add-to-cart=5531,,all-products.html,301,3,,,
custom,,product-category/welch-allyn/?add-to-cart=5531,,all-products.html,301,4,,,
custom,,product-category/welch-allyn/?add-to-cart=5531,,all-products.html,301,5,,,
custom,,product-category/welch-allyn/?add-to-cart=5531,,all-products.html,301,6,,,
custom,,product-category/welch-allyn/?add-to-cart=5531,,all-products.html,301,7,,,
custom,,product-category/welch-allyn/?add-to-cart=5537,,all-products.html,301,1,,,
custom,,product-category/welch-allyn/?add-to-cart=5537,,all-products.html,301,2,,,
custom,,product-category/welch-allyn/?add-to-cart=5537,,all-products.html,301,3,,,
custom,,product-category/welch-allyn/?add-to-cart=5537,,all-products.html,301,4,,,
custom,,product-category/welch-allyn/?add-to-cart=5537,,all-products.html,301,5,,,
custom,,product-category/welch-allyn/?add-to-cart=5537,,all-products.html,301,6,,,
custom,,product-category/welch-allyn/?add-to-cart=5537,,all-products.html,301,7,,,
custom,,product-category/welch-allyn/?add-to-cart=5865,,all-products.html,301,1,,,
custom,,product-category/welch-allyn/?add-to-cart=5865,,all-products.html,301,2,,,
custom,,product-category/welch-allyn/?add-to-cart=5865,,all-products.html,301,3,,,
custom,,product-category/welch-allyn/?add-to-cart=5865,,all-products.html,301,4,,,
custom,,product-category/welch-allyn/?add-to-cart=5865,,all-products.html,301,5,,,
custom,,product-category/welch-allyn/?add-to-cart=5865,,all-products.html,301,6,,,
custom,,product-category/welch-allyn/?add-to-cart=5865,,all-products.html,301,7,,,
custom,,product-category/welch-allyn/?add-to-cart=6335,,all-products.html,301,1,,,
custom,,product-category/welch-allyn/?add-to-cart=6335,,all-products.html,301,2,,,
custom,,product-category/welch-allyn/?add-to-cart=6335,,all-products.html,301,3,,,
custom,,product-category/welch-allyn/?add-to-cart=6335,,all-products.html,301,4,,,
custom,,product-category/welch-allyn/?add-to-cart=6335,,all-products.html,301,5,,,
custom,,product-category/welch-allyn/?add-to-cart=6335,,all-products.html,301,6,,,
custom,,product-category/welch-allyn/?add-to-cart=6335,,all-products.html,301,7,,,
custom,,product-category/welch-allyn/page/1/,,all-products.html,301,1,,,
custom,,product-category/welch-allyn/page/1/,,all-products.html,301,2,,,
custom,,product-category/welch-allyn/page/1/,,all-products.html,301,3,,,
custom,,product-category/welch-allyn/page/1/,,all-products.html,301,4,,,
custom,,product-category/welch-allyn/page/1/,,all-products.html,301,5,,,
custom,,product-category/welch-allyn/page/1/,,all-products.html,301,6,,,
custom,,product-category/welch-allyn/page/1/,,all-products.html,301,7,,,
custom,,product-category/yuwell/,,all-products.html,301,1,,,
custom,,product-category/yuwell/,,all-products.html,301,2,,,
custom,,product-category/yuwell/,,all-products.html,301,3,,,
custom,,product-category/yuwell/,,all-products.html,301,4,,,
custom,,product-category/yuwell/,,all-products.html,301,5,,,
custom,,product-category/yuwell/,,all-products.html,301,6,,,
custom,,product-category/yuwell/,,all-products.html,301,7,,,
custom,,product-category/yuwell/?add-to-cart=10960,,all-products.html,301,1,,,
custom,,product-category/yuwell/?add-to-cart=10960,,all-products.html,301,2,,,
custom,,product-category/yuwell/?add-to-cart=10960,,all-products.html,301,3,,,
custom,,product-category/yuwell/?add-to-cart=10960,,all-products.html,301,4,,,
custom,,product-category/yuwell/?add-to-cart=10960,,all-products.html,301,5,,,
custom,,product-category/yuwell/?add-to-cart=10960,,all-products.html,301,6,,,
custom,,product-category/yuwell/?add-to-cart=10960,,all-products.html,301,7,,,
custom,,product-category/yuwell/?add-to-cart=11232,,all-products.html,301,1,,,
custom,,product-category/yuwell/?add-to-cart=11232,,all-products.html,301,2,,,
custom,,product-category/yuwell/?add-to-cart=11232,,all-products.html,301,3,,,
custom,,product-category/yuwell/?add-to-cart=11232,,all-products.html,301,4,,,
custom,,product-category/yuwell/?add-to-cart=11232,,all-products.html,301,5,,,
custom,,product-category/yuwell/?add-to-cart=11232,,all-products.html,301,6,,,
custom,,product-category/yuwell/?add-to-cart=11232,,all-products.html,301,7,,,
custom,,product-tag/12870/,,all-products.html,301,1,,,
custom,,product-tag/12870/,,all-products.html,301,2,,,
custom,,product-tag/12870/,,all-products.html,301,3,,,
custom,,product-tag/12870/,,all-products.html,301,4,,,
custom,,product-tag/12870/,,all-products.html,301,5,,,
custom,,product-tag/12870/,,all-products.html,301,6,,,
custom,,product-tag/12870/,,all-products.html,301,7,,,
custom,,product-tag/2097-filter-ni-1-theli-2-psc/,,all-products.html,301,1,,,
custom,,product-tag/2097-filter-ni-1-theli-2-psc/,,all-products.html,301,2,,,
custom,,product-tag/2097-filter-ni-1-theli-2-psc/,,all-products.html,301,3,,,
custom,,product-tag/2097-filter-ni-1-theli-2-psc/,,all-products.html,301,4,,,
custom,,product-tag/2097-filter-ni-1-theli-2-psc/,,all-products.html,301,5,,,
custom,,product-tag/2097-filter-ni-1-theli-2-psc/,,all-products.html,301,6,,,
custom,,product-tag/2097-filter-ni-1-theli-2-psc/,,all-products.html,301,7,,,
custom,,product-tag/24-inch-formalin-chamber/,,surgical-instrument/sterilization-tray/formalin-chamber.html,301,1,,,
custom,,product-tag/24-inch-formalin-chamber/,,surgical-instrument/sterilization-tray/formalin-chamber.html,301,2,,,
custom,,product-tag/24-inch-formalin-chamber/,,surgical-instrument/sterilization-tray/formalin-chamber.html,301,3,,,
custom,,product-tag/24-inch-formalin-chamber/,,surgical-instrument/sterilization-tray/formalin-chamber.html,301,4,,,
custom,,product-tag/24-inch-formalin-chamber/,,surgical-instrument/sterilization-tray/formalin-chamber.html,301,5,,,
custom,,product-tag/24-inch-formalin-chamber/,,surgical-instrument/sterilization-tray/formalin-chamber.html,301,6,,,
custom,,product-tag/24-inch-formalin-chamber/,,surgical-instrument/sterilization-tray/formalin-chamber.html,301,7,,,
custom,,product-tag/3-5-volt-welch-allyn-otoscope/,,professional-diagnostic-equipment/product/otoscopes.html,301,1,,,
custom,,product-tag/3-5-volt-welch-allyn-otoscope/,,professional-diagnostic-equipment/product/otoscopes.html,301,2,,,
custom,,product-tag/3-5-volt-welch-allyn-otoscope/,,professional-diagnostic-equipment/product/otoscopes.html,301,3,,,
custom,,product-tag/3-5-volt-welch-allyn-otoscope/,,professional-diagnostic-equipment/product/otoscopes.html,301,4,,,
custom,,product-tag/3-5-volt-welch-allyn-otoscope/,,professional-diagnostic-equipment/product/otoscopes.html,301,5,,,
custom,,product-tag/3-5-volt-welch-allyn-otoscope/,,professional-diagnostic-equipment/product/otoscopes.html,301,6,,,
custom,,product-tag/3-5-volt-welch-allyn-otoscope/,,professional-diagnostic-equipment/product/otoscopes.html,301,7,,,
custom,,product-tag/3m-plastic-6200-medium-half-face-piece-grey-with-2091-p100-filter-1-pair/,,all-products.html,301,1,,,
custom,,product-tag/3m-plastic-6200-medium-half-face-piece-grey-with-2091-p100-filter-1-pair/,,all-products.html,301,2,,,
custom,,product-tag/3m-plastic-6200-medium-half-face-piece-grey-with-2091-p100-filter-1-pair/,,all-products.html,301,3,,,
custom,,product-tag/3m-plastic-6200-medium-half-face-piece-grey-with-2091-p100-filter-1-pair/,,all-products.html,301,4,,,
custom,,product-tag/3m-plastic-6200-medium-half-face-piece-grey-with-2091-p100-filter-1-pair/,,all-products.html,301,5,,,
custom,,product-tag/3m-plastic-6200-medium-half-face-piece-grey-with-2091-p100-filter-1-pair/,,all-products.html,301,6,,,
custom,,product-tag/3m-plastic-6200-medium-half-face-piece-grey-with-2091-p100-filter-1-pair/,,all-products.html,301,7,,,
custom,,product-tag/500ml/,,all-products.html,301,1,,,
custom,,product-tag/500ml/,,all-products.html,301,2,,,
custom,,product-tag/500ml/,,all-products.html,301,3,,,
custom,,product-tag/500ml/,,all-products.html,301,4,,,
custom,,product-tag/500ml/,,all-products.html,301,5,,,
custom,,product-tag/500ml/,,all-products.html,301,6,,,
custom,,product-tag/500ml/,,all-products.html,301,7,,,
custom,,product-tag/5ltr-hand-sanitizer-alcohol-based/,,all-products.html,301,1,,,
custom,,product-tag/5ltr-hand-sanitizer-alcohol-based/,,all-products.html,301,2,,,
custom,,product-tag/5ltr-hand-sanitizer-alcohol-based/,,all-products.html,301,3,,,
custom,,product-tag/5ltr-hand-sanitizer-alcohol-based/,,all-products.html,301,4,,,
custom,,product-tag/5ltr-hand-sanitizer-alcohol-based/,,all-products.html,301,5,,,
custom,,product-tag/5ltr-hand-sanitizer-alcohol-based/,,all-products.html,301,6,,,
custom,,product-tag/5ltr-hand-sanitizer-alcohol-based/,,all-products.html,301,7,,,
custom,,product-tag/adult-nebulizer/,,all-products.html,301,1,,,
custom,,product-tag/adult-nebulizer/,,all-products.html,301,2,,,
custom,,product-tag/adult-nebulizer/,,all-products.html,301,3,,,
custom,,product-tag/adult-nebulizer/,,all-products.html,301,4,,,
custom,,product-tag/adult-nebulizer/,,all-products.html,301,5,,,
custom,,product-tag/adult-nebulizer/,,all-products.html,301,6,,,
custom,,product-tag/adult-nebulizer/,,all-products.html,301,7,,,
custom,,product-tag/air-bed-in-room/,,all-products.html,301,1,,,
custom,,product-tag/air-bed-in-room/,,all-products.html,301,2,,,
custom,,product-tag/air-bed-in-room/,,all-products.html,301,3,,,
custom,,product-tag/air-bed-in-room/,,all-products.html,301,4,,,
custom,,product-tag/air-bed-in-room/,,all-products.html,301,5,,,
custom,,product-tag/air-bed-in-room/,,all-products.html,301,6,,,
custom,,product-tag/air-bed-in-room/,,all-products.html,301,7,,,
custom,,product-tag/air-bed-intex-single/,,all-products.html,301,1,,,
custom,,product-tag/air-bed-intex-single/,,all-products.html,301,2,,,
custom,,product-tag/air-bed-intex-single/,,all-products.html,301,3,,,
custom,,product-tag/air-bed-intex-single/,,all-products.html,301,4,,,
custom,,product-tag/air-bed-intex-single/,,all-products.html,301,5,,,
custom,,product-tag/air-bed-intex-single/,,all-products.html,301,6,,,
custom,,product-tag/air-bed-intex-single/,,all-products.html,301,7,,,
custom,,product-tag/american-otoscope/,,professional-diagnostic-equipment/product/otoscopes.html,301,1,,,
custom,,product-tag/american-otoscope/,,professional-diagnostic-equipment/product/otoscopes.html,301,2,,,
custom,,product-tag/american-otoscope/,,professional-diagnostic-equipment/product/otoscopes.html,301,3,,,
custom,,product-tag/american-otoscope/,,professional-diagnostic-equipment/product/otoscopes.html,301,4,,,
custom,,product-tag/american-otoscope/,,professional-diagnostic-equipment/product/otoscopes.html,301,5,,,
custom,,product-tag/american-otoscope/,,professional-diagnostic-equipment/product/otoscopes.html,301,6,,,
custom,,product-tag/american-otoscope/,,professional-diagnostic-equipment/product/otoscopes.html,301,7,,,
custom,,product-tag/american-otoscope/?add-to-cart=5451,,professional-diagnostic-equipment/product/otoscopes.html,301,1,,,
custom,,product-tag/american-otoscope/?add-to-cart=5451,,professional-diagnostic-equipment/product/otoscopes.html,301,2,,,
custom,,product-tag/american-otoscope/?add-to-cart=5451,,professional-diagnostic-equipment/product/otoscopes.html,301,3,,,
custom,,product-tag/american-otoscope/?add-to-cart=5451,,professional-diagnostic-equipment/product/otoscopes.html,301,4,,,
custom,,product-tag/american-otoscope/?add-to-cart=5451,,professional-diagnostic-equipment/product/otoscopes.html,301,5,,,
custom,,product-tag/american-otoscope/?add-to-cart=5451,,professional-diagnostic-equipment/product/otoscopes.html,301,6,,,
custom,,product-tag/american-otoscope/?add-to-cart=5451,,professional-diagnostic-equipment/product/otoscopes.html,301,7,,,
custom,,product-tag/automatic-digital-blood-pressure-monitor-bp-machine/,,home-healthcare-devices/elderly-care/bp-monitor-cuff.html,301,1,,,
custom,,product-tag/automatic-digital-blood-pressure-monitor-bp-machine/,,home-healthcare-devices/elderly-care/bp-monitor-cuff.html,301,2,,,
custom,,product-tag/automatic-digital-blood-pressure-monitor-bp-machine/,,home-healthcare-devices/elderly-care/bp-monitor-cuff.html,301,3,,,
custom,,product-tag/automatic-digital-blood-pressure-monitor-bp-machine/,,home-healthcare-devices/elderly-care/bp-monitor-cuff.html,301,4,,,
custom,,product-tag/automatic-digital-blood-pressure-monitor-bp-machine/,,home-healthcare-devices/elderly-care/bp-monitor-cuff.html,301,5,,,
custom,,product-tag/automatic-digital-blood-pressure-monitor-bp-machine/,,home-healthcare-devices/elderly-care/bp-monitor-cuff.html,301,6,,,
custom,,product-tag/automatic-digital-blood-pressure-monitor-bp-machine/,,home-healthcare-devices/elderly-care/bp-monitor-cuff.html,301,7,,,
custom,,product-tag/baby-cloth-organizer-for-storage/,,all-products.html,301,1,,,
custom,,product-tag/baby-cloth-organizer-for-storage/,,all-products.html,301,2,,,
custom,,product-tag/baby-cloth-organizer-for-storage/,,all-products.html,301,3,,,
custom,,product-tag/baby-cloth-organizer-for-storage/,,all-products.html,301,4,,,
custom,,product-tag/baby-cloth-organizer-for-storage/,,all-products.html,301,5,,,
custom,,product-tag/baby-cloth-organizer-for-storage/,,all-products.html,301,6,,,
custom,,product-tag/baby-cloth-organizer-for-storage/,,all-products.html,301,7,,,
custom,,product-tag/battery-and-light/,,all-products.html,301,1,,,
custom,,product-tag/battery-and-light/,,all-products.html,301,2,,,
custom,,product-tag/battery-and-light/,,all-products.html,301,3,,,
custom,,product-tag/battery-and-light/,,all-products.html,301,4,,,
custom,,product-tag/battery-and-light/,,all-products.html,301,5,,,
custom,,product-tag/battery-and-light/,,all-products.html,301,6,,,
custom,,product-tag/battery-and-light/,,all-products.html,301,7,,,
custom,,product-tag/bed-hanging-stand/,,all-products.html,301,1,,,
custom,,product-tag/bed-hanging-stand/,,all-products.html,301,2,,,
custom,,product-tag/bed-hanging-stand/,,all-products.html,301,3,,,
custom,,product-tag/bed-hanging-stand/,,all-products.html,301,4,,,
custom,,product-tag/bed-hanging-stand/,,all-products.html,301,5,,,
custom,,product-tag/bed-hanging-stand/,,all-products.html,301,6,,,
custom,,product-tag/bed-hanging-stand/,,all-products.html,301,7,,,
custom,,product-tag/bipap-machine-philips-respironics/,,home-healthcare-devices/respiratory-mask/cpap-bipap-machine.html,301,1,,,
custom,,product-tag/bipap-machine-philips-respironics/,,home-healthcare-devices/respiratory-mask/cpap-bipap-machine.html,301,2,,,
custom,,product-tag/bipap-machine-philips-respironics/,,home-healthcare-devices/respiratory-mask/cpap-bipap-machine.html,301,3,,,
custom,,product-tag/bipap-machine-philips-respironics/,,home-healthcare-devices/respiratory-mask/cpap-bipap-machine.html,301,4,,,
custom,,product-tag/bipap-machine-philips-respironics/,,home-healthcare-devices/respiratory-mask/cpap-bipap-machine.html,301,5,,,
custom,,product-tag/bipap-machine-philips-respironics/,,home-healthcare-devices/respiratory-mask/cpap-bipap-machine.html,301,6,,,
custom,,product-tag/bipap-machine-philips-respironics/,,home-healthcare-devices/respiratory-mask/cpap-bipap-machine.html,301,7,,,
custom,,product-tag/blood-pressure-monitor-accucheck/,,home-healthcare-devices/elderly-care/bp-monitor-cuff.html,301,1,,,
custom,,product-tag/blood-pressure-monitor-accucheck/,,home-healthcare-devices/elderly-care/bp-monitor-cuff.html,301,2,,,
custom,,product-tag/blood-pressure-monitor-accucheck/,,home-healthcare-devices/elderly-care/bp-monitor-cuff.html,301,3,,,
custom,,product-tag/blood-pressure-monitor-accucheck/,,home-healthcare-devices/elderly-care/bp-monitor-cuff.html,301,4,,,
custom,,product-tag/blood-pressure-monitor-accucheck/,,home-healthcare-devices/elderly-care/bp-monitor-cuff.html,301,5,,,
custom,,product-tag/blood-pressure-monitor-accucheck/,,home-healthcare-devices/elderly-care/bp-monitor-cuff.html,301,6,,,
custom,,product-tag/blood-pressure-monitor-accucheck/,,home-healthcare-devices/elderly-care/bp-monitor-cuff.html,301,7,,,
custom,,product-tag/blood-pressure-monitor-adapter/,,home-healthcare-devices/elderly-care/bp-monitor-cuff.html,301,1,,,
custom,,product-tag/blood-pressure-monitor-adapter/,,home-healthcare-devices/elderly-care/bp-monitor-cuff.html,301,2,,,
custom,,product-tag/blood-pressure-monitor-adapter/,,home-healthcare-devices/elderly-care/bp-monitor-cuff.html,301,3,,,
custom,,product-tag/blood-pressure-monitor-adapter/,,home-healthcare-devices/elderly-care/bp-monitor-cuff.html,301,4,,,
custom,,product-tag/blood-pressure-monitor-adapter/,,home-healthcare-devices/elderly-care/bp-monitor-cuff.html,301,5,,,
custom,,product-tag/blood-pressure-monitor-adapter/,,home-healthcare-devices/elderly-care/bp-monitor-cuff.html,301,6,,,
custom,,product-tag/blood-pressure-monitor-adapter/,,home-healthcare-devices/elderly-care/bp-monitor-cuff.html,301,7,,,
custom,,product-tag/blood-pressure-monitor-analog/,,home-healthcare-devices/elderly-care/bp-monitor-cuff.html,301,1,,,
custom,,product-tag/blood-pressure-monitor-analog/,,home-healthcare-devices/elderly-care/bp-monitor-cuff.html,301,2,,,
custom,,product-tag/blood-pressure-monitor-analog/,,home-healthcare-devices/elderly-care/bp-monitor-cuff.html,301,3,,,
custom,,product-tag/blood-pressure-monitor-analog/,,home-healthcare-devices/elderly-care/bp-monitor-cuff.html,301,4,,,
custom,,product-tag/blood-pressure-monitor-analog/,,home-healthcare-devices/elderly-care/bp-monitor-cuff.html,301,5,,,
custom,,product-tag/blood-pressure-monitor-analog/,,home-healthcare-devices/elderly-care/bp-monitor-cuff.html,301,6,,,
custom,,product-tag/blood-pressure-monitor-analog/,,home-healthcare-devices/elderly-care/bp-monitor-cuff.html,301,7,,,
custom,,product-tag/blood-pressure-monitor-and-machine/,,home-healthcare-devices/elderly-care/bp-monitor-cuff.html,301,1,,,
custom,,product-tag/blood-pressure-monitor-and-machine/,,home-healthcare-devices/elderly-care/bp-monitor-cuff.html,301,2,,,
custom,,product-tag/blood-pressure-monitor-and-machine/,,home-healthcare-devices/elderly-care/bp-monitor-cuff.html,301,3,,,
custom,,product-tag/blood-pressure-monitor-and-machine/,,home-healthcare-devices/elderly-care/bp-monitor-cuff.html,301,4,,,
custom,,product-tag/blood-pressure-monitor-and-machine/,,home-healthcare-devices/elderly-care/bp-monitor-cuff.html,301,5,,,
custom,,product-tag/blood-pressure-monitor-and-machine/,,home-healthcare-devices/elderly-care/bp-monitor-cuff.html,301,6,,,
custom,,product-tag/blood-pressure-monitor-and-machine/,,home-healthcare-devices/elderly-care/bp-monitor-cuff.html,301,7,,,
custom,,product-tag/blood-pressure-monitor-bag/,,home-healthcare-devices/elderly-care/bp-monitor-cuff.html,301,1,,,
custom,,product-tag/blood-pressure-monitor-bag/,,home-healthcare-devices/elderly-care/bp-monitor-cuff.html,301,2,,,
custom,,product-tag/blood-pressure-monitor-bag/,,home-healthcare-devices/elderly-care/bp-monitor-cuff.html,301,3,,,
custom,,product-tag/blood-pressure-monitor-bag/,,home-healthcare-devices/elderly-care/bp-monitor-cuff.html,301,4,,,
custom,,product-tag/blood-pressure-monitor-bag/,,home-healthcare-devices/elderly-care/bp-monitor-cuff.html,301,5,,,
custom,,product-tag/blood-pressure-monitor-bag/,,home-healthcare-devices/elderly-care/bp-monitor-cuff.html,301,6,,,
custom,,product-tag/blood-pressure-monitor-bag/,,home-healthcare-devices/elderly-care/bp-monitor-cuff.html,301,7,,,
custom,,product-tag/blood-pressure-monitor-battery/,,home-healthcare-devices/elderly-care/bp-monitor-cuff.html,301,1,,,
custom,,product-tag/blood-pressure-monitor-battery/,,home-healthcare-devices/elderly-care/bp-monitor-cuff.html,301,2,,,
custom,,product-tag/blood-pressure-monitor-battery/,,home-healthcare-devices/elderly-care/bp-monitor-cuff.html,301,3,,,
custom,,product-tag/blood-pressure-monitor-battery/,,home-healthcare-devices/elderly-care/bp-monitor-cuff.html,301,4,,,
custom,,product-tag/blood-pressure-monitor-battery/,,home-healthcare-devices/elderly-care/bp-monitor-cuff.html,301,5,,,
custom,,product-tag/blood-pressure-monitor-battery/,,home-healthcare-devices/elderly-care/bp-monitor-cuff.html,301,6,,,
custom,,product-tag/blood-pressure-monitor-battery/,,home-healthcare-devices/elderly-care/bp-monitor-cuff.html,301,7,,,
custom,,product-tag/blood-pressure-monitor-best-seller/,,home-healthcare-devices/elderly-care/bp-monitor-cuff.html,301,1,,,
custom,,product-tag/blood-pressure-monitor-best-seller/,,home-healthcare-devices/elderly-care/bp-monitor-cuff.html,301,2,,,
custom,,product-tag/blood-pressure-monitor-best-seller/,,home-healthcare-devices/elderly-care/bp-monitor-cuff.html,301,3,,,
custom,,product-tag/blood-pressure-monitor-best-seller/,,home-healthcare-devices/elderly-care/bp-monitor-cuff.html,301,4,,,
custom,,product-tag/blood-pressure-monitor-best-seller/,,home-healthcare-devices/elderly-care/bp-monitor-cuff.html,301,5,,,
custom,,product-tag/blood-pressure-monitor-best-seller/,,home-healthcare-devices/elderly-care/bp-monitor-cuff.html,301,6,,,
custom,,product-tag/blood-pressure-monitor-best-seller/,,home-healthcare-devices/elderly-care/bp-monitor-cuff.html,301,7,,,
custom,,product-tag/blood-pressure-monitor-beurer/,,home-healthcare-devices/elderly-care/bp-monitor-cuff.html,301,1,,,
custom,,product-tag/blood-pressure-monitor-beurer/,,home-healthcare-devices/elderly-care/bp-monitor-cuff.html,301,2,,,
custom,,product-tag/blood-pressure-monitor-beurer/,,home-healthcare-devices/elderly-care/bp-monitor-cuff.html,301,3,,,
custom,,product-tag/blood-pressure-monitor-beurer/,,home-healthcare-devices/elderly-care/bp-monitor-cuff.html,301,4,,,
custom,,product-tag/blood-pressure-monitor-beurer/,,home-healthcare-devices/elderly-care/bp-monitor-cuff.html,301,5,,,
custom,,product-tag/blood-pressure-monitor-beurer/,,home-healthcare-devices/elderly-care/bp-monitor-cuff.html,301,6,,,
custom,,product-tag/blood-pressure-monitor-beurer/,,home-healthcare-devices/elderly-care/bp-monitor-cuff.html,301,7,,,
custom,,product-tag/blood-pressure-monitor-bpl/,,home-healthcare-devices/elderly-care/bp-monitor-cuff.html,301,1,,,
custom,,product-tag/blood-pressure-monitor-bpl/,,home-healthcare-devices/elderly-care/bp-monitor-cuff.html,301,2,,,
custom,,product-tag/blood-pressure-monitor-bpl/,,home-healthcare-devices/elderly-care/bp-monitor-cuff.html,301,3,,,
custom,,product-tag/blood-pressure-monitor-bpl/,,home-healthcare-devices/elderly-care/bp-monitor-cuff.html,301,4,,,
custom,,product-tag/blood-pressure-monitor-bpl/,,home-healthcare-devices/elderly-care/bp-monitor-cuff.html,301,5,,,
custom,,product-tag/blood-pressure-monitor-bpl/,,home-healthcare-devices/elderly-care/bp-monitor-cuff.html,301,6,,,
custom,,product-tag/blood-pressure-monitor-bpl/,,home-healthcare-devices/elderly-care/bp-monitor-cuff.html,301,7,,,
custom,,product-tag/blood-pressure-monitor-citizen-machine/,,home-healthcare-devices/elderly-care/bp-monitor-cuff.html,301,1,,,
custom,,product-tag/blood-pressure-monitor-citizen-machine/,,home-healthcare-devices/elderly-care/bp-monitor-cuff.html,301,2,,,
custom,,product-tag/blood-pressure-monitor-citizen-machine/,,home-healthcare-devices/elderly-care/bp-monitor-cuff.html,301,3,,,
custom,,product-tag/blood-pressure-monitor-citizen-machine/,,home-healthcare-devices/elderly-care/bp-monitor-cuff.html,301,4,,,
custom,,product-tag/blood-pressure-monitor-citizen-machine/,,home-healthcare-devices/elderly-care/bp-monitor-cuff.html,301,5,,,
custom,,product-tag/blood-pressure-monitor-citizen-machine/,,home-healthcare-devices/elderly-care/bp-monitor-cuff.html,301,6,,,
custom,,product-tag/blood-pressure-monitor-citizen-machine/,,home-healthcare-devices/elderly-care/bp-monitor-cuff.html,301,7,,,
custom,,product-tag/blood-pressure-monitor-combo-pack/,,home-healthcare-devices/elderly-care/bp-monitor-cuff.html,301,1,,,
custom,,product-tag/blood-pressure-monitor-combo-pack/,,home-healthcare-devices/elderly-care/bp-monitor-cuff.html,301,2,,,
custom,,product-tag/blood-pressure-monitor-combo-pack/,,home-healthcare-devices/elderly-care/bp-monitor-cuff.html,301,3,,,
custom,,product-tag/blood-pressure-monitor-combo-pack/,,home-healthcare-devices/elderly-care/bp-monitor-cuff.html,301,4,,,
custom,,product-tag/blood-pressure-monitor-combo-pack/,,home-healthcare-devices/elderly-care/bp-monitor-cuff.html,301,5,,,
custom,,product-tag/blood-pressure-monitor-combo-pack/,,home-healthcare-devices/elderly-care/bp-monitor-cuff.html,301,6,,,
custom,,product-tag/blood-pressure-monitor-combo-pack/,,home-healthcare-devices/elderly-care/bp-monitor-cuff.html,301,7,,,
custom,,product-tag/blood-pressure-monitor-device/,,home-healthcare-devices/elderly-care/bp-monitor-cuff.html,301,1,,,
custom,,product-tag/blood-pressure-monitor-device/,,home-healthcare-devices/elderly-care/bp-monitor-cuff.html,301,2,,,
custom,,product-tag/blood-pressure-monitor-device/,,home-healthcare-devices/elderly-care/bp-monitor-cuff.html,301,3,,,
custom,,product-tag/blood-pressure-monitor-device/,,home-healthcare-devices/elderly-care/bp-monitor-cuff.html,301,4,,,
custom,,product-tag/blood-pressure-monitor-device/,,home-healthcare-devices/elderly-care/bp-monitor-cuff.html,301,5,,,
custom,,product-tag/blood-pressure-monitor-device/,,home-healthcare-devices/elderly-care/bp-monitor-cuff.html,301,6,,,
custom,,product-tag/blood-pressure-monitor-device/,,home-healthcare-devices/elderly-care/bp-monitor-cuff.html,301,7,,,
custom,,product-tag/blood-pressure-monitor-diamond/,,home-healthcare-devices/elderly-care/bp-monitor-cuff.html,301,1,,,
custom,,product-tag/blood-pressure-monitor-diamond/,,home-healthcare-devices/elderly-care/bp-monitor-cuff.html,301,2,,,
custom,,product-tag/blood-pressure-monitor-diamond/,,home-healthcare-devices/elderly-care/bp-monitor-cuff.html,301,3,,,
custom,,product-tag/blood-pressure-monitor-diamond/,,home-healthcare-devices/elderly-care/bp-monitor-cuff.html,301,4,,,
custom,,product-tag/blood-pressure-monitor-diamond/,,home-healthcare-devices/elderly-care/bp-monitor-cuff.html,301,5,,,
custom,,product-tag/blood-pressure-monitor-diamond/,,home-healthcare-devices/elderly-care/bp-monitor-cuff.html,301,6,,,
custom,,product-tag/blood-pressure-monitor-diamond/,,home-healthcare-devices/elderly-care/bp-monitor-cuff.html,301,7,,,
custom,,product-tag/blood-pressure-monitor-electric/,,home-healthcare-devices/elderly-care/bp-monitor-cuff.html,301,1,,,
custom,,product-tag/blood-pressure-monitor-electric/,,home-healthcare-devices/elderly-care/bp-monitor-cuff.html,301,2,,,
custom,,product-tag/blood-pressure-monitor-electric/,,home-healthcare-devices/elderly-care/bp-monitor-cuff.html,301,3,,,
custom,,product-tag/blood-pressure-monitor-electric/,,home-healthcare-devices/elderly-care/bp-monitor-cuff.html,301,4,,,
custom,,product-tag/blood-pressure-monitor-electric/,,home-healthcare-devices/elderly-care/bp-monitor-cuff.html,301,5,,,
custom,,product-tag/blood-pressure-monitor-electric/,,home-healthcare-devices/elderly-care/bp-monitor-cuff.html,301,6,,,
custom,,product-tag/blood-pressure-monitor-electric/,,home-healthcare-devices/elderly-care/bp-monitor-cuff.html,301,7,,,
custom,,product-tag/blood-pressure-monitor-elko/,,home-healthcare-devices/elderly-care/bp-monitor-cuff.html,301,1,,,
custom,,product-tag/blood-pressure-monitor-elko/,,home-healthcare-devices/elderly-care/bp-monitor-cuff.html,301,2,,,
custom,,product-tag/blood-pressure-monitor-elko/,,home-healthcare-devices/elderly-care/bp-monitor-cuff.html,301,3,,,
custom,,product-tag/blood-pressure-monitor-elko/,,home-healthcare-devices/elderly-care/bp-monitor-cuff.html,301,4,,,
custom,,product-tag/blood-pressure-monitor-elko/,,home-healthcare-devices/elderly-care/bp-monitor-cuff.html,301,5,,,
custom,,product-tag/blood-pressure-monitor-elko/,,home-healthcare-devices/elderly-care/bp-monitor-cuff.html,301,6,,,
custom,,product-tag/blood-pressure-monitor-elko/,,home-healthcare-devices/elderly-care/bp-monitor-cuff.html,301,7,,,
custom,,product-tag/blood-pressure-monitor-fitness-band/,,home-healthcare-devices/elderly-care/bp-monitor-cuff.html,301,1,,,
custom,,product-tag/blood-pressure-monitor-fitness-band/,,home-healthcare-devices/elderly-care/bp-monitor-cuff.html,301,2,,,
custom,,product-tag/blood-pressure-monitor-fitness-band/,,home-healthcare-devices/elderly-care/bp-monitor-cuff.html,301,3,,,
custom,,product-tag/blood-pressure-monitor-fitness-band/,,home-healthcare-devices/elderly-care/bp-monitor-cuff.html,301,4,,,
custom,,product-tag/blood-pressure-monitor-fitness-band/,,home-healthcare-devices/elderly-care/bp-monitor-cuff.html,301,5,,,
custom,,product-tag/blood-pressure-monitor-fitness-band/,,home-healthcare-devices/elderly-care/bp-monitor-cuff.html,301,6,,,
custom,,product-tag/blood-pressure-monitor-fitness-band/,,home-healthcare-devices/elderly-care/bp-monitor-cuff.html,301,7,,,
custom,,product-tag/blood-pressure-monitor-for-home/,,home-healthcare-devices/elderly-care/bp-monitor-cuff.html,301,1,,,
custom,,product-tag/blood-pressure-monitor-for-home/,,home-healthcare-devices/elderly-care/bp-monitor-cuff.html,301,2,,,
custom,,product-tag/blood-pressure-monitor-for-home/,,home-healthcare-devices/elderly-care/bp-monitor-cuff.html,301,3,,,
custom,,product-tag/blood-pressure-monitor-for-home/,,home-healthcare-devices/elderly-care/bp-monitor-cuff.html,301,4,,,
custom,,product-tag/blood-pressure-monitor-for-home/,,home-healthcare-devices/elderly-care/bp-monitor-cuff.html,301,5,,,
custom,,product-tag/blood-pressure-monitor-for-home/,,home-healthcare-devices/elderly-care/bp-monitor-cuff.html,301,6,,,
custom,,product-tag/blood-pressure-monitor-for-home/,,home-healthcare-devices/elderly-care/bp-monitor-cuff.html,301,7,,,
custom,,product-tag/blood-pressure-monitor-for-hospital/,,home-healthcare-devices/elderly-care/bp-monitor-cuff.html,301,1,,,
custom,,product-tag/blood-pressure-monitor-for-hospital/,,home-healthcare-devices/elderly-care/bp-monitor-cuff.html,301,2,,,
custom,,product-tag/blood-pressure-monitor-for-hospital/,,home-healthcare-devices/elderly-care/bp-monitor-cuff.html,301,3,,,
custom,,product-tag/blood-pressure-monitor-for-hospital/,,home-healthcare-devices/elderly-care/bp-monitor-cuff.html,301,4,,,
custom,,product-tag/blood-pressure-monitor-for-hospital/,,home-healthcare-devices/elderly-care/bp-monitor-cuff.html,301,5,,,
custom,,product-tag/blood-pressure-monitor-for-hospital/,,home-healthcare-devices/elderly-care/bp-monitor-cuff.html,301,6,,,
custom,,product-tag/blood-pressure-monitor-for-hospital/,,home-healthcare-devices/elderly-care/bp-monitor-cuff.html,301,7,,,
custom,,product-tag/blood-pressure-monitor-ls810-transtek/,,home-healthcare-devices/elderly-care/bp-monitor-cuff.html,301,1,,,
custom,,product-tag/blood-pressure-monitor-ls810-transtek/,,home-healthcare-devices/elderly-care/bp-monitor-cuff.html,301,2,,,
custom,,product-tag/blood-pressure-monitor-ls810-transtek/,,home-healthcare-devices/elderly-care/bp-monitor-cuff.html,301,3,,,
custom,,product-tag/blood-pressure-monitor-ls810-transtek/,,home-healthcare-devices/elderly-care/bp-monitor-cuff.html,301,4,,,
custom,,product-tag/blood-pressure-monitor-ls810-transtek/,,home-healthcare-devices/elderly-care/bp-monitor-cuff.html,301,5,,,
custom,,product-tag/blood-pressure-monitor-ls810-transtek/,,home-healthcare-devices/elderly-care/bp-monitor-cuff.html,301,6,,,
custom,,product-tag/blood-pressure-monitor-ls810-transtek/,,home-healthcare-devices/elderly-care/bp-monitor-cuff.html,301,7,,,
custom,,product-tag/blood-pressure-monitor-machine-digital/,,home-healthcare-devices/elderly-care/bp-monitor-cuff.html,301,1,,,
custom,,product-tag/blood-pressure-monitor-machine-digital/,,home-healthcare-devices/elderly-care/bp-monitor-cuff.html,301,2,,,
custom,,product-tag/blood-pressure-monitor-machine-digital/,,home-healthcare-devices/elderly-care/bp-monitor-cuff.html,301,3,,,
custom,,product-tag/blood-pressure-monitor-machine-digital/,,home-healthcare-devices/elderly-care/bp-monitor-cuff.html,301,4,,,
custom,,product-tag/blood-pressure-monitor-machine-digital/,,home-healthcare-devices/elderly-care/bp-monitor-cuff.html,301,5,,,
custom,,product-tag/blood-pressure-monitor-machine-digital/,,home-healthcare-devices/elderly-care/bp-monitor-cuff.html,301,6,,,
custom,,product-tag/blood-pressure-monitor-machine-digital/,,home-healthcare-devices/elderly-care/bp-monitor-cuff.html,301,7,,,
custom,,product-tag/body-composition-monitor-fat-analyzer-weight-machine/,,all-products.html,301,1,,,
custom,,product-tag/body-composition-monitor-fat-analyzer-weight-machine/,,all-products.html,301,2,,,
custom,,product-tag/body-composition-monitor-fat-analyzer-weight-machine/,,all-products.html,301,3,,,
custom,,product-tag/body-composition-monitor-fat-analyzer-weight-machine/,,all-products.html,301,4,,,
custom,,product-tag/body-composition-monitor-fat-analyzer-weight-machine/,,all-products.html,301,5,,,
custom,,product-tag/body-composition-monitor-fat-analyzer-weight-machine/,,all-products.html,301,6,,,
custom,,product-tag/body-composition-monitor-fat-analyzer-weight-machine/,,all-products.html,301,7,,,
custom,,product-tag/body-composition-monitor-goqii/,,all-products.html,301,1,,,
custom,,product-tag/body-composition-monitor-goqii/,,all-products.html,301,2,,,
custom,,product-tag/body-composition-monitor-goqii/,,all-products.html,301,3,,,
custom,,product-tag/body-composition-monitor-goqii/,,all-products.html,301,4,,,
custom,,product-tag/body-composition-monitor-goqii/,,all-products.html,301,5,,,
custom,,product-tag/body-composition-monitor-goqii/,,all-products.html,301,6,,,
custom,,product-tag/body-composition-monitor-goqii/,,all-products.html,301,7,,,
custom,,product-tag/body-composition-monitor-omron/,,all-products.html,301,1,,,
custom,,product-tag/body-composition-monitor-omron/,,all-products.html,301,2,,,
custom,,product-tag/body-composition-monitor-omron/,,all-products.html,301,3,,,
custom,,product-tag/body-composition-monitor-omron/,,all-products.html,301,4,,,
custom,,product-tag/body-composition-monitor-omron/,,all-products.html,301,5,,,
custom,,product-tag/body-composition-monitor-omron/,,all-products.html,301,6,,,
custom,,product-tag/body-composition-monitor-omron/,,all-products.html,301,7,,,
custom,,product-tag/bottle-holder/,,all-products.html,301,1,,,
custom,,product-tag/bottle-holder/,,all-products.html,301,2,,,
custom,,product-tag/bottle-holder/,,all-products.html,301,3,,,
custom,,product-tag/bottle-holder/,,all-products.html,301,4,,,
custom,,product-tag/bottle-holder/,,all-products.html,301,5,,,
custom,,product-tag/bottle-holder/,,all-products.html,301,6,,,
custom,,product-tag/bottle-holder/,,all-products.html,301,7,,,
custom,,product-tag/bp-apparatus/,,all-products.html,301,1,,,
custom,,product-tag/bp-apparatus/,,all-products.html,301,2,,,
custom,,product-tag/bp-apparatus/,,all-products.html,301,3,,,
custom,,product-tag/bp-apparatus/,,all-products.html,301,4,,,
custom,,product-tag/bp-apparatus/,,all-products.html,301,5,,,
custom,,product-tag/bp-apparatus/,,all-products.html,301,6,,,
custom,,product-tag/bp-apparatus/,,all-products.html,301,7,,,
custom,,product-tag/bpl-oxygen-concentrator-10-litre/,,home-healthcare-devices/oxygen-concentrator.html,301,1,,,
custom,,product-tag/bpl-oxygen-concentrator-10-litre/,,home-healthcare-devices/oxygen-concentrator.html,301,2,,,
custom,,product-tag/bpl-oxygen-concentrator-10-litre/,,home-healthcare-devices/oxygen-concentrator.html,301,3,,,
custom,,product-tag/bpl-oxygen-concentrator-10-litre/,,home-healthcare-devices/oxygen-concentrator.html,301,4,,,
custom,,product-tag/bpl-oxygen-concentrator-10-litre/,,home-healthcare-devices/oxygen-concentrator.html,301,5,,,
custom,,product-tag/bpl-oxygen-concentrator-10-litre/,,home-healthcare-devices/oxygen-concentrator.html,301,6,,,
custom,,product-tag/bpl-oxygen-concentrator-10-litre/,,home-healthcare-devices/oxygen-concentrator.html,301,7,,,
custom,,product-tag/bpl-oxygen-concentrator-5-litre/,,home-healthcare-devices/oxygen-concentrator.html,301,1,,,
custom,,product-tag/bpl-oxygen-concentrator-5-litre/,,home-healthcare-devices/oxygen-concentrator.html,301,2,,,
custom,,product-tag/bpl-oxygen-concentrator-5-litre/,,home-healthcare-devices/oxygen-concentrator.html,301,3,,,
custom,,product-tag/bpl-oxygen-concentrator-5-litre/,,home-healthcare-devices/oxygen-concentrator.html,301,4,,,
custom,,product-tag/bpl-oxygen-concentrator-5-litre/,,home-healthcare-devices/oxygen-concentrator.html,301,5,,,
custom,,product-tag/bpl-oxygen-concentrator-5-litre/,,home-healthcare-devices/oxygen-concentrator.html,301,6,,,
custom,,product-tag/bpl-oxygen-concentrator-5-litre/,,home-healthcare-devices/oxygen-concentrator.html,301,7,,,
custom,,product-tag/charging-pin-connector/,,all-products.html,301,1,,,
custom,,product-tag/charging-pin-connector/,,all-products.html,301,2,,,
custom,,product-tag/charging-pin-connector/,,all-products.html,301,3,,,
custom,,product-tag/charging-pin-connector/,,all-products.html,301,4,,,
custom,,product-tag/charging-pin-connector/,,all-products.html,301,5,,,
custom,,product-tag/charging-pin-connector/,,all-products.html,301,6,,,
custom,,product-tag/charging-pin-connector/,,all-products.html,301,7,,,
custom,,product-tag/classic-ii-navy-unisex-flip-crocs/,,all-products.html,301,1,,,
custom,,product-tag/classic-ii-navy-unisex-flip-crocs/,,all-products.html,301,2,,,
custom,,product-tag/classic-ii-navy-unisex-flip-crocs/,,all-products.html,301,3,,,
custom,,product-tag/classic-ii-navy-unisex-flip-crocs/,,all-products.html,301,4,,,
custom,,product-tag/classic-ii-navy-unisex-flip-crocs/,,all-products.html,301,5,,,
custom,,product-tag/classic-ii-navy-unisex-flip-crocs/,,all-products.html,301,6,,,
custom,,product-tag/classic-ii-navy-unisex-flip-crocs/,,all-products.html,301,7,,,
custom,,product-tag/click-to-open-expanded-view-3m-littmann-stethoscope-spare-parts-kit/,,professional-diagnostic-equipment/product/stethoscope.html,301,1,,,
custom,,product-tag/click-to-open-expanded-view-3m-littmann-stethoscope-spare-parts-kit/,,professional-diagnostic-equipment/product/stethoscope.html,301,2,,,
custom,,product-tag/click-to-open-expanded-view-3m-littmann-stethoscope-spare-parts-kit/,,professional-diagnostic-equipment/product/stethoscope.html,301,3,,,
custom,,product-tag/click-to-open-expanded-view-3m-littmann-stethoscope-spare-parts-kit/,,professional-diagnostic-equipment/product/stethoscope.html,301,4,,,
custom,,product-tag/click-to-open-expanded-view-3m-littmann-stethoscope-spare-parts-kit/,,professional-diagnostic-equipment/product/stethoscope.html,301,5,,,
custom,,product-tag/click-to-open-expanded-view-3m-littmann-stethoscope-spare-parts-kit/,,professional-diagnostic-equipment/product/stethoscope.html,301,6,,,
custom,,product-tag/click-to-open-expanded-view-3m-littmann-stethoscope-spare-parts-kit/,,professional-diagnostic-equipment/product/stethoscope.html,301,7,,,
custom,,product-tag/composition-monitor/,,all-products.html,301,1,,,
custom,,product-tag/composition-monitor/,,all-products.html,301,2,,,
custom,,product-tag/composition-monitor/,,all-products.html,301,3,,,
custom,,product-tag/composition-monitor/,,all-products.html,301,4,,,
custom,,product-tag/composition-monitor/,,all-products.html,301,5,,,
custom,,product-tag/composition-monitor/,,all-products.html,301,6,,,
custom,,product-tag/composition-monitor/,,all-products.html,301,7,,,
custom,,product-tag/contec-infrared-non-contact-thermometer-for-fever-detection-tp500/,,home-healthcare-devices/mother-and-child-care/thermometer.html,301,1,,,
custom,,product-tag/contec-infrared-non-contact-thermometer-for-fever-detection-tp500/,,home-healthcare-devices/mother-and-child-care/thermometer.html,301,2,,,
custom,,product-tag/contec-infrared-non-contact-thermometer-for-fever-detection-tp500/,,home-healthcare-devices/mother-and-child-care/thermometer.html,301,3,,,
custom,,product-tag/contec-infrared-non-contact-thermometer-for-fever-detection-tp500/,,home-healthcare-devices/mother-and-child-care/thermometer.html,301,4,,,
custom,,product-tag/contec-infrared-non-contact-thermometer-for-fever-detection-tp500/,,home-healthcare-devices/mother-and-child-care/thermometer.html,301,5,,,
custom,,product-tag/contec-infrared-non-contact-thermometer-for-fever-detection-tp500/,,home-healthcare-devices/mother-and-child-care/thermometer.html,301,6,,,
custom,,product-tag/contec-infrared-non-contact-thermometer-for-fever-detection-tp500/,,home-healthcare-devices/mother-and-child-care/thermometer.html,301,7,,,
custom,,product-tag/contec-monitor-3-para-parts/,,all-products.html,301,1,,,
custom,,product-tag/contec-monitor-3-para-parts/,,all-products.html,301,2,,,
custom,,product-tag/contec-monitor-3-para-parts/,,all-products.html,301,3,,,
custom,,product-tag/contec-monitor-3-para-parts/,,all-products.html,301,4,,,
custom,,product-tag/contec-monitor-3-para-parts/,,all-products.html,301,5,,,
custom,,product-tag/contec-monitor-3-para-parts/,,all-products.html,301,6,,,
custom,,product-tag/contec-monitor-3-para-parts/,,all-products.html,301,7,,,
custom,,product-tag/corona-oxygen-meter/,,all-products.html,301,1,,,
custom,,product-tag/corona-oxygen-meter/,,all-products.html,301,2,,,
custom,,product-tag/corona-oxygen-meter/,,all-products.html,301,3,,,
custom,,product-tag/corona-oxygen-meter/,,all-products.html,301,4,,,
custom,,product-tag/corona-oxygen-meter/,,all-products.html,301,5,,,
custom,,product-tag/corona-oxygen-meter/,,all-products.html,301,6,,,
custom,,product-tag/corona-oxygen-meter/,,all-products.html,301,7,,,
custom,,product-tag/cpap-nasal-mask-resmed/,,home-healthcare-devices/respiratory-mask.html,301,1,,,
custom,,product-tag/cpap-nasal-mask-resmed/,,home-healthcare-devices/respiratory-mask.html,301,2,,,
custom,,product-tag/cpap-nasal-mask-resmed/,,home-healthcare-devices/respiratory-mask.html,301,3,,,
custom,,product-tag/cpap-nasal-mask-resmed/,,home-healthcare-devices/respiratory-mask.html,301,4,,,
custom,,product-tag/cpap-nasal-mask-resmed/,,home-healthcare-devices/respiratory-mask.html,301,5,,,
custom,,product-tag/cpap-nasal-mask-resmed/,,home-healthcare-devices/respiratory-mask.html,301,6,,,
custom,,product-tag/cpap-nasal-mask-resmed/,,home-healthcare-devices/respiratory-mask.html,301,7,,,
custom,,product-tag/cpap-nasal-mask-strap/,,home-healthcare-devices/respiratory-mask.html,301,1,,,
custom,,product-tag/cpap-nasal-mask-strap/,,home-healthcare-devices/respiratory-mask.html,301,2,,,
custom,,product-tag/cpap-nasal-mask-strap/,,home-healthcare-devices/respiratory-mask.html,301,3,,,
custom,,product-tag/cpap-nasal-mask-strap/,,home-healthcare-devices/respiratory-mask.html,301,4,,,
custom,,product-tag/cpap-nasal-mask-strap/,,home-healthcare-devices/respiratory-mask.html,301,5,,,
custom,,product-tag/cpap-nasal-mask-strap/,,home-healthcare-devices/respiratory-mask.html,301,6,,,
custom,,product-tag/cpap-nasal-mask-strap/,,home-healthcare-devices/respiratory-mask.html,301,7,,,
custom,,product-tag/dedakj-oxygen-concentrator-7lt/,,home-healthcare-devices/oxygen-concentrator.html,301,1,,,
custom,,product-tag/dedakj-oxygen-concentrator-7lt/,,home-healthcare-devices/oxygen-concentrator.html,301,2,,,
custom,,product-tag/dedakj-oxygen-concentrator-7lt/,,home-healthcare-devices/oxygen-concentrator.html,301,3,,,
custom,,product-tag/dedakj-oxygen-concentrator-7lt/,,home-healthcare-devices/oxygen-concentrator.html,301,4,,,
custom,,product-tag/dedakj-oxygen-concentrator-7lt/,,home-healthcare-devices/oxygen-concentrator.html,301,5,,,
custom,,product-tag/dedakj-oxygen-concentrator-7lt/,,home-healthcare-devices/oxygen-concentrator.html,301,6,,,
custom,,product-tag/dedakj-oxygen-concentrator-7lt/,,home-healthcare-devices/oxygen-concentrator.html,301,7,,,
custom,,product-tag/dedakj-oxygen-concentrator-9-ltr/,,home-healthcare-devices/oxygen-concentrator.html,301,1,,,
custom,,product-tag/dedakj-oxygen-concentrator-9-ltr/,,home-healthcare-devices/oxygen-concentrator.html,301,2,,,
custom,,product-tag/dedakj-oxygen-concentrator-9-ltr/,,home-healthcare-devices/oxygen-concentrator.html,301,3,,,
custom,,product-tag/dedakj-oxygen-concentrator-9-ltr/,,home-healthcare-devices/oxygen-concentrator.html,301,4,,,
custom,,product-tag/dedakj-oxygen-concentrator-9-ltr/,,home-healthcare-devices/oxygen-concentrator.html,301,5,,,
custom,,product-tag/dedakj-oxygen-concentrator-9-ltr/,,home-healthcare-devices/oxygen-concentrator.html,301,6,,,
custom,,product-tag/dedakj-oxygen-concentrator-9-ltr/,,home-healthcare-devices/oxygen-concentrator.html,301,7,,,
custom,,product-tag/dental-formalin-box/,,surgical-instrument/sterilization-tray/formalin-chamber.html,301,1,,,
custom,,product-tag/dental-formalin-box/,,surgical-instrument/sterilization-tray/formalin-chamber.html,301,2,,,
custom,,product-tag/dental-formalin-box/,,surgical-instrument/sterilization-tray/formalin-chamber.html,301,3,,,
custom,,product-tag/dental-formalin-box/,,surgical-instrument/sterilization-tray/formalin-chamber.html,301,4,,,
custom,,product-tag/dental-formalin-box/,,surgical-instrument/sterilization-tray/formalin-chamber.html,301,5,,,
custom,,product-tag/dental-formalin-box/,,surgical-instrument/sterilization-tray/formalin-chamber.html,301,6,,,
custom,,product-tag/dental-formalin-box/,,surgical-instrument/sterilization-tray/formalin-chamber.html,301,7,,,
custom,,product-tag/devilbiss-oxygen-concentrator-10-litre/,,home-healthcare-devices/oxygen-concentrator.html,301,1,,,
custom,,product-tag/devilbiss-oxygen-concentrator-10-litre/,,home-healthcare-devices/oxygen-concentrator.html,301,2,,,
custom,,product-tag/devilbiss-oxygen-concentrator-10-litre/,,home-healthcare-devices/oxygen-concentrator.html,301,3,,,
custom,,product-tag/devilbiss-oxygen-concentrator-10-litre/,,home-healthcare-devices/oxygen-concentrator.html,301,4,,,
custom,,product-tag/devilbiss-oxygen-concentrator-10-litre/,,home-healthcare-devices/oxygen-concentrator.html,301,5,,,
custom,,product-tag/devilbiss-oxygen-concentrator-10-litre/,,home-healthcare-devices/oxygen-concentrator.html,301,6,,,
custom,,product-tag/devilbiss-oxygen-concentrator-10-litre/,,home-healthcare-devices/oxygen-concentrator.html,301,7,,,
custom,,product-tag/digi-ecg-paper-pack-of-5-roll-50mm-x-20-mtr/,,medical-device/product/ecg-machine.html,301,1,,,
custom,,product-tag/digi-ecg-paper-pack-of-5-roll-50mm-x-20-mtr/,,medical-device/product/ecg-machine.html,301,2,,,
custom,,product-tag/digi-ecg-paper-pack-of-5-roll-50mm-x-20-mtr/,,medical-device/product/ecg-machine.html,301,3,,,
custom,,product-tag/digi-ecg-paper-pack-of-5-roll-50mm-x-20-mtr/,,medical-device/product/ecg-machine.html,301,4,,,
custom,,product-tag/digi-ecg-paper-pack-of-5-roll-50mm-x-20-mtr/,,medical-device/product/ecg-machine.html,301,5,,,
custom,,product-tag/digi-ecg-paper-pack-of-5-roll-50mm-x-20-mtr/,,medical-device/product/ecg-machine.html,301,6,,,
custom,,product-tag/digi-ecg-paper-pack-of-5-roll-50mm-x-20-mtr/,,medical-device/product/ecg-machine.html,301,7,,,
custom,,product-tag/digital-thermometer-and-oximeter/,,home-healthcare-devices/mother-and-child-care/thermometer.html,301,1,,,
custom,,product-tag/digital-thermometer-and-oximeter/,,home-healthcare-devices/mother-and-child-care/thermometer.html,301,2,,,
custom,,product-tag/digital-thermometer-and-oximeter/,,home-healthcare-devices/mother-and-child-care/thermometer.html,301,3,,,
custom,,product-tag/digital-thermometer-and-oximeter/,,home-healthcare-devices/mother-and-child-care/thermometer.html,301,4,,,
custom,,product-tag/digital-thermometer-and-oximeter/,,home-healthcare-devices/mother-and-child-care/thermometer.html,301,5,,,
custom,,product-tag/digital-thermometer-and-oximeter/,,home-healthcare-devices/mother-and-child-care/thermometer.html,301,6,,,
custom,,product-tag/digital-thermometer-and-oximeter/,,home-healthcare-devices/mother-and-child-care/thermometer.html,301,7,,,
custom,,product-tag/digital-thermometer-for-home/,,home-healthcare-devices/mother-and-child-care/thermometer.html,301,1,,,
custom,,product-tag/digital-thermometer-for-home/,,home-healthcare-devices/mother-and-child-care/thermometer.html,301,2,,,
custom,,product-tag/digital-thermometer-for-home/,,home-healthcare-devices/mother-and-child-care/thermometer.html,301,3,,,
custom,,product-tag/digital-thermometer-for-home/,,home-healthcare-devices/mother-and-child-care/thermometer.html,301,4,,,
custom,,product-tag/digital-thermometer-for-home/,,home-healthcare-devices/mother-and-child-care/thermometer.html,301,5,,,
custom,,product-tag/digital-thermometer-for-home/,,home-healthcare-devices/mother-and-child-care/thermometer.html,301,6,,,
custom,,product-tag/digital-thermometer-for-home/,,home-healthcare-devices/mother-and-child-care/thermometer.html,301,7,,,
custom,,product-tag/disposable-specula/,,all-products.html,301,1,,,
custom,,product-tag/disposable-specula/,,all-products.html,301,2,,,
custom,,product-tag/disposable-specula/,,all-products.html,301,3,,,
custom,,product-tag/disposable-specula/,,all-products.html,301,4,,,
custom,,product-tag/disposable-specula/,,all-products.html,301,5,,,
custom,,product-tag/disposable-specula/,,all-products.html,301,6,,,
custom,,product-tag/disposable-specula/,,all-products.html,301,7,,,
custom,,product-tag/ear-otoscope/,,professional-diagnostic-equipment/product/otoscopes.html,301,1,,,
custom,,product-tag/ear-otoscope/,,professional-diagnostic-equipment/product/otoscopes.html,301,2,,,
custom,,product-tag/ear-otoscope/,,professional-diagnostic-equipment/product/otoscopes.html,301,3,,,
custom,,product-tag/ear-otoscope/,,professional-diagnostic-equipment/product/otoscopes.html,301,4,,,
custom,,product-tag/ear-otoscope/,,professional-diagnostic-equipment/product/otoscopes.html,301,5,,,
custom,,product-tag/ear-otoscope/,,professional-diagnostic-equipment/product/otoscopes.html,301,6,,,
custom,,product-tag/ear-otoscope/,,professional-diagnostic-equipment/product/otoscopes.html,301,7,,,
custom,,product-tag/ecg-clamp/,,medical-device/product/ecg-machine.html,301,1,,,
custom,,product-tag/ecg-clamp/,,medical-device/product/ecg-machine.html,301,2,,,
custom,,product-tag/ecg-clamp/,,medical-device/product/ecg-machine.html,301,3,,,
custom,,product-tag/ecg-clamp/,,medical-device/product/ecg-machine.html,301,4,,,
custom,,product-tag/ecg-clamp/,,medical-device/product/ecg-machine.html,301,5,,,
custom,,product-tag/ecg-clamp/,,medical-device/product/ecg-machine.html,301,6,,,
custom,,product-tag/ecg-clamp/,,medical-device/product/ecg-machine.html,301,7,,,
custom,,product-tag/ecg-electrodes-wire/,,medical-device/product/ecg-machine.html,301,1,,,
custom,,product-tag/ecg-electrodes-wire/,,medical-device/product/ecg-machine.html,301,2,,,
custom,,product-tag/ecg-electrodes-wire/,,medical-device/product/ecg-machine.html,301,3,,,
custom,,product-tag/ecg-electrodes-wire/,,medical-device/product/ecg-machine.html,301,4,,,
custom,,product-tag/ecg-electrodes-wire/,,medical-device/product/ecg-machine.html,301,5,,,
custom,,product-tag/ecg-electrodes-wire/,,medical-device/product/ecg-machine.html,301,6,,,
